{
"type": "FeatureCollection",
"name": "centr_grille_10000_3857_data",
"crs": { "type": "name", "properties": { "name": "urn:ogc:def:crs:EPSG::3857" } },
"bbox": [ 382667.827415349, 6015703.13076458, 915655.436227974, 6469492.31339413 ],                                                
"features": [
{ "type": "Feature", "properties": { "id": 16, "cdep": "51", "dep": "Marne", "nb": 0, "nbobserver": 0, "nbesp": 0, "nbrar": 0, "nbesprar": 0 }, "bbox": [ 383172.548575466673356, 6255671.441351530142128, 383172.548575466673356, 6255671.441351530142128 ], "geometry": { "type": "Point", "coordinates": [ 383172.548575466673356, 6255671.441351530142128 ] } },
{ "type": "Feature", "properties": { "id": 17, "cdep": "51", "dep": "Marne", "nb": 0, "nbobserver": 0, "nbesp": 0, "nbrar": 0, "nbesprar": 0 }, "bbox": [ 383087.703271513280924, 6240460.12995386030525, 383087.703271513280924, 6240460.12995386030525 ], "geometry": { "type": "Point", "coordinates": [ 383087.703271513280924, 6240460.12995386030525 ] } },
{ "type": "Feature", "properties": { "id": 18, "cdep": "51", "dep": "Marne", "nb": 0, "nbobserver": 0, "nbesp": 0, "nbrar": 0, "nbesprar": 0 }, "bbox": [ 383003.150008467317093, 6225274.860525605268776, 383003.150008467317093, 6225274.860525605268776 ], "geometry": { "type": "Point", "coordinates": [ 383003.150008467317093, 6225274.860525605268776 ] } },
{ "type": "Feature", "properties": { "id": 19, "cdep": "51", "dep": "Marne", "nb": 0, "nbobserver": 0, "nbesp": 0, "nbrar": 0, "nbesprar": 0 }, "bbox": [ 382918.887281109811738, 6210115.543433791957796, 382918.887281109811738, 6210115.543433791957796 ], "geometry": { "type": "Point", "coordinates": [ 382918.887281109811738, 6210115.543433791957796 ] } },
{ "type": "Feature", "properties": { "id": 20, "cdep": "10", "dep": "Aube", "nb": 198, "nbobserver": 7, "nbesp": 35, "nbrar": 0, "nbesprar": 0 }, "bbox": [ 382834.913594548532274, 6194982.089508952572942, 382834.913594548532274, 6194982.089508952572942 ], "geometry": { "type": "Point", "coordinates": [ 382834.913594548532274, 6194982.089508952572942 ] } },
{ "type": "Feature", "properties": { "id": 21, "cdep": "10", "dep": "Aube", "nb": 22, "nbobserver": 2, "nbesp": 10, "nbrar": 0, "nbesprar": 0 }, "bbox": [ 382751.227464129333384, 6179874.410041933879256, 382751.227464129333384, 6179874.410041933879256 ], "geometry": { "type": "Point", "coordinates": [ 382751.227464129333384, 6179874.410041933879256 ] } },
{ "type": "Feature", "properties": { "id": 22, "cdep": "10", "dep": "Aube", "nb": 0, "nbobserver": 0, "nbesp": 0, "nbrar": 0, "nbesprar": 0 }, "bbox": [ 382667.827415348787326, 6164792.416780759580433, 382667.827415348787326, 6164792.416780759580433 ], "geometry": { "type": "Point", "coordinates": [ 382667.827415348787326, 6164792.416780759580433 ] } },
{ "type": "Feature", "properties": { "id": 43, "cdep": "51", "dep": "Marne", "nb": 0, "nbobserver": 0, "nbesp": 0, "nbrar": 0, "nbesprar": 0 }, "bbox": [ 398913.378636205277871, 6332021.696979844011366, 398913.378636205277871, 6332021.696979844011366 ], "geometry": { "type": "Point", "coordinates": [ 398913.378636205277871, 6332021.696979844011366 ] } },
{ "type": "Feature", "properties": { "id": 45, "cdep": "51", "dep": "Marne", "nb": 165, "nbobserver": 1, "nbesp": 22, "nbrar": 0, "nbesprar": 0 }, "bbox": [ 398687.861736127466429, 6301363.121601144783199, 398687.861736127466429, 6301363.121601144783199 ], "geometry": { "type": "Point", "coordinates": [ 398687.861736127466429, 6301363.121601144783199 ] } },
{ "type": "Feature", "properties": { "id": 46, "cdep": "51", "dep": "Marne", "nb": 53, "nbobserver": 5, "nbesp": 23, "nbrar": 0, "nbesprar": 0 }, "bbox": [ 398575.689486886316445, 6286073.485020005144179, 398575.689486886316445, 6286073.485020005144179 ], "geometry": { "type": "Point", "coordinates": [ 398575.689486886316445, 6286073.485020005144179 ] } },
{ "type": "Feature", "properties": { "id": 47, "cdep": "51", "dep": "Marne", "nb": 0, "nbobserver": 0, "nbesp": 0, "nbrar": 0, "nbesprar": 0 }, "bbox": [ 398463.905334022769239, 6270810.160341955721378, 398463.905334022769239, 6270810.160341955721378 ], "geometry": { "type": "Point", "coordinates": [ 398463.905334022769239, 6270810.160341955721378 ] } },
{ "type": "Feature", "properties": { "id": 48, "cdep": "51", "dep": "Marne", "nb": 322, "nbobserver": 7, "nbesp": 35, "nbrar": 1, "nbesprar": 1 }, "bbox": [ 398352.507266932574566, 6255573.056536497548223, 398352.507266932574566, 6255573.056536497548223 ], "geometry": { "type": "Point", "coordinates": [ 398352.507266932574566, 6255573.056536497548223 ] } },
{ "type": "Feature", "properties": { "id": 49, "cdep": "51", "dep": "Marne", "nb": 64, "nbobserver": 3, "nbesp": 23, "nbrar": 0, "nbesprar": 0 }, "bbox": [ 398241.493288875790313, 6240362.083046206273139, 398241.493288875790313, 6240362.083046206273139 ], "geometry": { "type": "Point", "coordinates": [ 398241.493288875790313, 6240362.083046206273139 ] } },
{ "type": "Feature", "properties": { "id": 50, "cdep": "51", "dep": "Marne", "nb": 1292, "nbobserver": 3, "nbesp": 34, "nbrar": 0, "nbesprar": 0 }, "bbox": [ 398130.861416857107542, 6225177.149783491156995, 398130.861416857107542, 6225177.149783491156995 ], "geometry": { "type": "Point", "coordinates": [ 398130.861416857107542, 6225177.149783491156995 ] } },
{ "type": "Feature", "properties": { "id": 51, "cdep": "51", "dep": "Marne", "nb": 42, "nbobserver": 4, "nbesp": 21, "nbrar": 0, "nbesprar": 0 }, "bbox": [ 398020.609681508911308, 6210018.167127348482609, 398020.609681508911308, 6210018.167127348482609 ], "geometry": { "type": "Point", "coordinates": [ 398020.609681508911308, 6210018.167127348482609 ] } },
{ "type": "Feature", "properties": { "id": 52, "cdep": "10", "dep": "Aube", "nb": 111, "nbobserver": 6, "nbesp": 23, "nbrar": 0, "nbesprar": 0 }, "bbox": [ 397910.736126971896738, 6194885.045920174568892, 397910.736126971896738, 6194885.045920174568892 ], "geometry": { "type": "Point", "coordinates": [ 397910.736126971896738, 6194885.045920174568892 ] } },
{ "type": "Feature", "properties": { "id": 53, "cdep": "10", "dep": "Aube", "nb": 178, "nbobserver": 7, "nbesp": 34, "nbrar": 1, "nbesprar": 1 }, "bbox": [ 397801.238810783135705, 6179777.697464582510293, 397801.238810783135705, 6179777.697464582510293 ], "geometry": { "type": "Point", "coordinates": [ 397801.238810783135705, 6179777.697464582510293 ] } },
{ "type": "Feature", "properties": { "id": 54, "cdep": "10", "dep": "Aube", "nb": 5555, "nbobserver": 4, "nbesp": 44, "nbrar": 2, "nbesprar": 1 }, "bbox": [ 397692.11580375750782, 6164696.03352025616914, 397692.11580375750782, 6164696.03352025616914 ], "geometry": { "type": "Point", "coordinates": [ 397692.11580375750782, 6164696.03352025616914 ] } },
{ "type": "Feature", "properties": { "id": 55, "cdep": "10", "dep": "Aube", "nb": 0, "nbobserver": 0, "nbesp": 0, "nbrar": 0, "nbesprar": 0 }, "bbox": [ 397583.365189878677484, 6149639.966300830245018, 397583.365189878677484, 6149639.966300830245018 ], "geometry": { "type": "Point", "coordinates": [ 397583.365189878677484, 6149639.966300830245018 ] } },
{ "type": "Feature", "properties": { "id": 56, "cdep": "10", "dep": "Aube", "nb": 4, "nbobserver": 1, "nbesp": 4, "nbrar": 0, "nbesprar": 0 }, "bbox": [ 397474.98506618331885, 6134609.408470801077783, 397474.98506618331885, 6134609.408470801077783 ], "geometry": { "type": "Point", "coordinates": [ 397474.98506618331885, 6134609.408470801077783 ] } },
{ "type": "Feature", "properties": { "id": 75, "cdep": "51", "dep": "Marne", "nb": 597, "nbobserver": 14, "nbesp": 34, "nbrar": 0, "nbesprar": 0 }, "bbox": [ 414225.15393654932268, 6331894.848261988721788, 414225.15393654932268, 6331894.848261988721788 ], "geometry": { "type": "Point", "coordinates": [ 414225.15393654932268, 6331894.848261988721788 ] } },
{ "type": "Feature", "properties": { "id": 76, "cdep": "51", "dep": "Marne", "nb": 292, "nbobserver": 8, "nbesp": 30, "nbrar": 0, "nbesprar": 0 }, "bbox": [ 414085.575384204625152, 6316552.752330678515136, 414085.575384204625152, 6316552.752330678515136 ], "geometry": { "type": "Point", "coordinates": [ 414085.575384204625152, 6316552.752330678515136 ] } },
{ "type": "Feature", "properties": { "id": 77, "cdep": "51", "dep": "Marne", "nb": 69, "nbobserver": 4, "nbesp": 20, "nbrar": 0, "nbesprar": 0 }, "bbox": [ 413946.481411902292166, 6301237.149510910734534, 413946.481411902292166, 6301237.149510910734534 ], "geometry": { "type": "Point", "coordinates": [ 413946.481411902292166, 6301237.149510910734534 ] } },
{ "type": "Feature", "properties": { "id": 78, "cdep": "51", "dep": "Marne", "nb": 628, "nbobserver": 8, "nbesp": 42, "nbrar": 2, "nbesprar": 2 }, "bbox": [ 413807.869500582979526, 6285947.947831974364817, 413807.869500582979526, 6285947.947831974364817 ], "geometry": { "type": "Point", "coordinates": [ 413807.869500582979526, 6285947.947831974364817 ] } },
{ "type": "Feature", "properties": { "id": 79, "cdep": "51", "dep": "Marne", "nb": 101, "nbobserver": 4, "nbesp": 24, "nbrar": 0, "nbesprar": 0 }, "bbox": [ 413669.737148615648039, 6270685.055802701041102, 413669.737148615648039, 6270685.055802701041102 ], "geometry": { "type": "Point", "coordinates": [ 413669.737148615648039, 6270685.055802701041102 ] } },
{ "type": "Feature", "properties": { "id": 80, "cdep": "51", "dep": "Marne", "nb": 12, "nbobserver": 1, "nbesp": 12, "nbrar": 0, "nbesprar": 0 }, "bbox": [ 413532.081871650356334, 6255448.382408149540424, 413532.081871650356334, 6255448.382408149540424 ], "geometry": { "type": "Point", "coordinates": [ 413532.081871650356334, 6255448.382408149540424 ] } },
{ "type": "Feature", "properties": { "id": 81, "cdep": "51", "dep": "Marne", "nb": 162, "nbobserver": 5, "nbesp": 25, "nbrar": 0, "nbesprar": 0 }, "bbox": [ 413394.901202465640381, 6240237.837106328457594, 413394.901202465640381, 6240237.837106328457594 ], "geometry": { "type": "Point", "coordinates": [ 413394.901202465640381, 6240237.837106328457594 ] } },
{ "type": "Feature", "properties": { "id": 82, "cdep": "51", "dep": "Marne", "nb": 220, "nbobserver": 7, "nbesp": 24, "nbrar": 0, "nbesprar": 0 }, "bbox": [ 413258.192690823751036, 6225053.329824943095446, 413258.192690823751036, 6225053.329824943095446 ], "geometry": { "type": "Point", "coordinates": [ 413258.192690823751036, 6225053.329824943095446 ] } },
{ "type": "Feature", "properties": { "id": 83, "cdep": "51", "dep": "Marne", "nb": 0, "nbobserver": 0, "nbesp": 0, "nbrar": 0, "nbesprar": 0 }, "bbox": [ 413121.95390332286479, 6209894.770958150736988, 413121.95390332286479, 6209894.770958150736988 ], "geometry": { "type": "Point", "coordinates": [ 413121.95390332286479, 6209894.770958150736988 ] } },
{ "type": "Feature", "properties": { "id": 84, "cdep": "10", "dep": "Aube", "nb": 4894, "nbobserver": 23, "nbesp": 47, "nbrar": 3, "nbesprar": 3 }, "bbox": [ 412986.18242325540632, 6194762.071363382041454, 412986.18242325540632, 6194762.071363382041454 ], "geometry": { "type": "Point", "coordinates": [ 412986.18242325540632, 6194762.071363382041454 ] } },
{ "type": "Feature", "properties": { "id": 85, "cdep": "10", "dep": "Aube", "nb": 5042, "nbobserver": 12, "nbesp": 49, "nbrar": 25, "nbesprar": 3 }, "bbox": [ 412850.875850461190566, 6179655.142358158715069, 412850.875850461190566, 6179655.142358158715069 ], "geometry": { "type": "Point", "coordinates": [ 412850.875850461190566, 6179655.142358158715069 ] } },
{ "type": "Feature", "properties": { "id": 86, "cdep": "10", "dep": "Aube", "nb": 63, "nbobserver": 4, "nbesp": 27, "nbrar": 0, "nbesprar": 0 }, "bbox": [ 412716.031801190634724, 6164573.895716936327517, 412716.031801190634724, 6164573.895716936327517 ], "geometry": { "type": "Point", "coordinates": [ 412716.031801190634724, 6164573.895716936327517 ] } },
{ "type": "Feature", "properties": { "id": 87, "cdep": "10", "dep": "Aube", "nb": 126, "nbobserver": 7, "nbesp": 26, "nbrar": 0, "nbesprar": 0 }, "bbox": [ 412581.647907959879376, 6149518.243668011389673, 412581.647907959879376, 6149518.243668011389673 ], "geometry": { "type": "Point", "coordinates": [ 412581.647907959879376, 6149518.243668011389673 ] } },
{ "type": "Feature", "properties": { "id": 88, "cdep": "10", "dep": "Aube", "nb": 542, "nbobserver": 5, "nbesp": 40, "nbrar": 1, "nbesprar": 1 }, "bbox": [ 412447.721819417492952, 6134488.098890401422977, 412447.721819417492952, 6134488.098890401422977 ], "geometry": { "type": "Point", "coordinates": [ 412447.721819417492952, 6134488.098890401422977 ] } },
{ "type": "Feature", "properties": { "id": 106, "cdep": "51", "dep": "Marne", "nb": 0, "nbobserver": 0, "nbesp": 0, "nbrar": 0, "nbesprar": 0 }, "bbox": [ 429703.22216440574266, 6347109.400648129172623, 429703.22216440574266, 6347109.400648129172623 ], "geometry": { "type": "Point", "coordinates": [ 429703.22216440574266, 6347109.400648129172623 ] } },
{ "type": "Feature", "properties": { "id": 107, "cdep": "51", "dep": "Marne", "nb": 4078, "nbobserver": 17, "nbesp": 41, "nbrar": 1, "nbesprar": 1 }, "bbox": [ 429536.44212315796176, 6331741.254034409299493, 429536.44212315796176, 6331741.254034409299493 ], "geometry": { "type": "Point", "coordinates": [ 429536.44212315796176, 6331741.254034409299493 ] } },
{ "type": "Feature", "properties": { "id": 108, "cdep": "51", "dep": "Marne", "nb": 284, "nbobserver": 15, "nbesp": 33, "nbrar": 0, "nbesprar": 0 }, "bbox": [ 429370.24208495527273, 6316399.690199966542423, 429370.24208495527273, 6316399.690199966542423 ], "geometry": { "type": "Point", "coordinates": [ 429370.24208495527273, 6316399.690199966542423 ] } },
{ "type": "Feature", "properties": { "id": 109, "cdep": "51", "dep": "Marne", "nb": 1098, "nbobserver": 16, "nbesp": 39, "nbrar": 1, "nbesprar": 1 }, "bbox": [ 429204.61902959283907, 6301084.616710537113249, 429204.61902959283907, 6301084.616710537113249 ], "geometry": { "type": "Point", "coordinates": [ 429204.61902959283907, 6301084.616710537113249 ] } },
{ "type": "Feature", "properties": { "id": 110, "cdep": "51", "dep": "Marne", "nb": 94, "nbobserver": 5, "nbesp": 29, "nbrar": 0, "nbesprar": 0 }, "bbox": [ 429039.569957799569238, 6285795.941614578478038, 429039.569957799569238, 6285795.941614578478038 ], "geometry": { "type": "Point", "coordinates": [ 429039.569957799569238, 6285795.941614578478038 ] } },
{ "type": "Feature", "properties": { "id": 111, "cdep": "51", "dep": "Marne", "nb": 197, "nbobserver": 6, "nbesp": 30, "nbrar": 0, "nbesprar": 0 }, "bbox": [ 428875.091891055344604, 6270533.573439927771688, 428875.091891055344604, 6270533.573439927771688 ], "geometry": { "type": "Point", "coordinates": [ 428875.091891055344604, 6270533.573439927771688 ] } },
{ "type": "Feature", "properties": { "id": 112, "cdep": "51", "dep": "Marne", "nb": 125, "nbobserver": 5, "nbesp": 27, "nbrar": 0, "nbesprar": 0 }, "bbox": [ 428711.181871410866734, 6255297.421190488152206, 428711.181871410866734, 6255297.421190488152206 ], "geometry": { "type": "Point", "coordinates": [ 428711.181871410866734, 6255297.421190488152206 ] } },
{ "type": "Feature", "properties": { "id": 113, "cdep": "51", "dep": "Marne", "nb": 12, "nbobserver": 1, "nbesp": 12, "nbrar": 0, "nbesprar": 0 }, "bbox": [ 428547.836961312161293, 6240087.394342944025993, 428547.836961312161293, 6240087.394342944025993 ], "geometry": { "type": "Point", "coordinates": [ 428547.836961312161293, 6240087.394342944025993 ] } },
{ "type": "Feature", "properties": { "id": 114, "cdep": "51", "dep": "Marne", "nb": 19, "nbobserver": 1, "nbesp": 9, "nbrar": 0, "nbesprar": 0 }, "bbox": [ 428385.05424342356855, 6224903.402843517251313, 428385.05424342356855, 6224903.402843517251313 ], "geometry": { "type": "Point", "coordinates": [ 428385.05424342356855, 6224903.402843517251313 ] } },
{ "type": "Feature", "properties": { "id": 115, "cdep": "51", "dep": "Marne", "nb": 139, "nbobserver": 3, "nbesp": 27, "nbrar": 0, "nbesprar": 0 }, "bbox": [ 428222.83082045550691, 6209745.357104727067053, 428222.83082045550691, 6209745.357104727067053 ], "geometry": { "type": "Point", "coordinates": [ 428222.83082045550691, 6209745.357104727067053 ] } },
{ "type": "Feature", "properties": { "id": 116, "cdep": "10", "dep": "Aube", "nb": 350, "nbobserver": 10, "nbesp": 40, "nbrar": 1, "nbesprar": 1 }, "bbox": [ 428061.163814992527477, 6194613.16800220683217, 428061.163814992527477, 6194613.16800220683217 ], "geometry": { "type": "Point", "coordinates": [ 428061.163814992527477, 6194613.16800220683217 ] } },
{ "type": "Feature", "properties": { "id": 117, "cdep": "10", "dep": "Aube", "nb": 16, "nbobserver": 1, "nbesp": 16, "nbrar": 0, "nbesprar": 0 }, "bbox": [ 427900.050369321368635, 6179506.746871518902481, 427900.050369321368635, 6179506.746871518902481 ], "geometry": { "type": "Point", "coordinates": [ 427900.050369321368635, 6179506.746871518902481 ] } },
{ "type": "Feature", "properties": { "id": 118, "cdep": "10", "dep": "Aube", "nb": 56, "nbobserver": 2, "nbesp": 15, "nbrar": 0, "nbesprar": 0 }, "bbox": [ 427739.48764526413288, 6164426.005505020730197, 427739.48764526413288, 6164426.005505020730197 ], "geometry": { "type": "Point", "coordinates": [ 427739.48764526413288, 6164426.005505020730197 ] } },
{ "type": "Feature", "properties": { "id": 119, "cdep": "10", "dep": "Aube", "nb": 265, "nbobserver": 13, "nbesp": 38, "nbrar": 1, "nbesprar": 1 }, "bbox": [ 427579.472824012569617, 6149370.856148740276694, 427579.472824012569617, 6149370.856148740276694 ], "geometry": { "type": "Point", "coordinates": [ 427579.472824012569617, 6149370.856148740276694 ] } },
{ "type": "Feature", "properties": { "id": 120, "cdep": "10", "dep": "Aube", "nb": 2976, "nbobserver": 8, "nbesp": 43, "nbrar": 2, "nbesprar": 1 }, "bbox": [ 427420.003105960029643, 6134341.211499284021556, 427420.003105960029643, 6134341.211499284021556 ], "geometry": { "type": "Point", "coordinates": [ 427420.003105960029643, 6134341.211499284021556 ] } },
{ "type": "Feature", "properties": { "id": 121, "cdep": "10", "dep": "Aube", "nb": 25, "nbobserver": 2, "nbesp": 20, "nbrar": 0, "nbesprar": 0 }, "bbox": [ 427261.075710541801527, 6119336.984700788743794, 427261.075710541801527, 6119336.984700788743794 ], "geometry": { "type": "Point", "coordinates": [ 427261.075710541801527, 6119336.984700788743794 ] } },
{ "type": "Feature", "properties": { "id": 122, "cdep": "10", "dep": "Aube", "nb": 9, "nbobserver": 1, "nbesp": 9, "nbrar": 0, "nbesprar": 0 }, "bbox": [ 427102.68787607178092, 6104358.089341855607927, 427102.68787607178092, 6104358.089341855607927 ], "geometry": { "type": "Point", "coordinates": [ 427102.68787607178092, 6104358.089341855607927 ] } },
{ "type": "Feature", "properties": { "id": 123, "cdep": "10", "dep": "Aube", "nb": 0, "nbobserver": 0, "nbesp": 0, "nbrar": 0, "nbesprar": 0 }, "bbox": [ 426944.836859580711462, 6089404.439452559687197, 426944.836859580711462, 6089404.439452559687197 ], "geometry": { "type": "Point", "coordinates": [ 426944.836859580711462, 6089404.439452559687197 ] } },
{ "type": "Feature", "properties": { "id": 136, "cdep": "08", "dep": "Ardennes", "nb": 0, "nbobserver": 0, "nbesp": 0, "nbrar": 0, "nbesprar": 0 }, "bbox": [ 445429.657168655539863, 6377743.583564713597298, 445429.657168655539863, 6377743.583564713597298 ], "geometry": { "type": "Point", "coordinates": [ 445429.657168655539863, 6377743.583564713597298 ] } },
{ "type": "Feature", "properties": { "id": 137, "cdep": "08", "dep": "Ardennes", "nb": 0, "nbobserver": 0, "nbesp": 0, "nbrar": 0, "nbesprar": 0 }, "bbox": [ 445234.809450959379319, 6362322.62674083840102, 445234.809450959379319, 6362322.62674083840102 ], "geometry": { "type": "Point", "coordinates": [ 445234.809450959379319, 6362322.62674083840102 ] } },
{ "type": "Feature", "properties": { "id": 138, "cdep": "08", "dep": "Ardennes", "nb": 97, "nbobserver": 2, "nbesp": 19, "nbrar": 0, "nbesprar": 0 }, "bbox": [ 445040.641682413581293, 6346928.435709785670042, 445040.641682413581293, 6346928.435709785670042 ], "geometry": { "type": "Point", "coordinates": [ 445040.641682413581293, 6346928.435709785670042 ] } },
{ "type": "Feature", "properties": { "id": 139, "cdep": "51", "dep": "Marne", "nb": 885, "nbobserver": 16, "nbesp": 40, "nbrar": 5, "nbesprar": 2 }, "bbox": [ 444847.15031023370102, 6331560.917084816843271, 444847.15031023370102, 6331560.917084816843271 ], "geometry": { "type": "Point", "coordinates": [ 444847.15031023370102, 6331560.917084816843271 ] } },
{ "type": "Feature", "properties": { "id": 140, "cdep": "51", "dep": "Marne", "nb": 4551, "nbobserver": 164, "nbesp": 50, "nbrar": 11, "nbesprar": 4 }, "bbox": [ 444654.33180634456221, 6316219.97796848975122, 444654.33180634456221, 6316219.97796848975122 ], "geometry": { "type": "Point", "coordinates": [ 444654.33180634456221, 6316219.97796848975122 ] } },
{ "type": "Feature", "properties": { "id": 141, "cdep": "51", "dep": "Marne", "nb": 1858, "nbobserver": 18, "nbesp": 43, "nbrar": 4, "nbesprar": 1 }, "bbox": [ 444462.182667163840961, 6300905.525949246250093, 444462.182667163840961, 6300905.525949246250093 ], "geometry": { "type": "Point", "coordinates": [ 444462.182667163840961, 6300905.525949246250093 ] } },
{ "type": "Feature", "properties": { "id": 142, "cdep": "51", "dep": "Marne", "nb": 1947, "nbobserver": 42, "nbesp": 43, "nbrar": 1, "nbesprar": 1 }, "bbox": [ 444270.699413388152607, 6285617.469098045490682, 444270.699413388152607, 6285617.469098045490682 ], "geometry": { "type": "Point", "coordinates": [ 444270.699413388152607, 6285617.469098045490682 ] } },
{ "type": "Feature", "properties": { "id": 143, "cdep": "51", "dep": "Marne", "nb": 1760, "nbobserver": 7, "nbesp": 38, "nbrar": 9, "nbesprar": 2 }, "bbox": [ 444079.878589785890654, 6270355.715965035371482, 444079.878589785890654, 6270355.715965035371482 ], "geometry": { "type": "Point", "coordinates": [ 444079.878589785890654, 6270355.715965035371482 ] } },
{ "type": "Feature", "properties": { "id": 144, "cdep": "51", "dep": "Marne", "nb": 1186, "nbobserver": 5, "nbesp": 43, "nbrar": 1, "nbesprar": 1 }, "bbox": [ 443889.716764987213537, 6255120.175576237030327, 443889.716764987213537, 6255120.175576237030327 ], "geometry": { "type": "Point", "coordinates": [ 443889.716764987213537, 6255120.175576237030327 ] } },
{ "type": "Feature", "properties": { "id": 145, "cdep": "51", "dep": "Marne", "nb": 103, "nbobserver": 1, "nbesp": 15, "nbrar": 0, "nbesprar": 0 }, "bbox": [ 443700.210531280201394, 6239910.757430264726281, 443700.210531280201394, 6239910.757430264726281 ], "geometry": { "type": "Point", "coordinates": [ 443700.210531280201394, 6239910.757430264726281 ] } },
{ "type": "Feature", "properties": { "id": 146, "cdep": "51", "dep": "Marne", "nb": 11, "nbobserver": 2, "nbesp": 10, "nbrar": 0, "nbesprar": 0 }, "bbox": [ 443511.356504406954627, 6224727.371495077386498, 443511.356504406954627, 6224727.371495077386498 ], "geometry": { "type": "Point", "coordinates": [ 443511.356504406954627, 6224727.371495077386498 ] } },
{ "type": "Feature", "properties": { "id": 147, "cdep": "10", "dep": "Aube", "nb": 21, "nbobserver": 3, "nbesp": 17, "nbrar": 0, "nbesprar": 0 }, "bbox": [ 443323.151323359692469, 6209569.92820475064218, 443323.151323359692469, 6209569.92820475064218 ], "geometry": { "type": "Point", "coordinates": [ 443323.151323359692469, 6209569.92820475064218 ] } },
{ "type": "Feature", "properties": { "id": 148, "cdep": "10", "dep": "Aube", "nb": 9, "nbobserver": 1, "nbesp": 9, "nbrar": 0, "nbesprar": 0 }, "bbox": [ 443135.591650185873732, 6194438.338456283323467, 443135.591650185873732, 6194438.338456283323467 ], "geometry": { "type": "Point", "coordinates": [ 443135.591650185873732, 6194438.338456283323467 ] } },
{ "type": "Feature", "properties": { "id": 149, "cdep": "10", "dep": "Aube", "nb": 110, "nbobserver": 7, "nbesp": 34, "nbrar": 1, "nbesprar": 1 }, "bbox": [ 442948.674169786914717, 6179332.513606423512101, 442948.674169786914717, 6179332.513606423512101 ], "geometry": { "type": "Point", "coordinates": [ 442948.674169786914717, 6179332.513606423512101 ] } },
{ "type": "Feature", "properties": { "id": 150, "cdep": "10", "dep": "Aube", "nb": 4984, "nbobserver": 18, "nbesp": 35, "nbrar": 1, "nbesprar": 1 }, "bbox": [ 442762.395589725754689, 6164252.365468533709645, 442762.395589725754689, 6164252.365468533709645 ], "geometry": { "type": "Point", "coordinates": [ 442762.395589725754689, 6164252.365468533709645 ] } },
{ "type": "Feature", "properties": { "id": 151, "cdep": "10", "dep": "Aube", "nb": 1087, "nbobserver": 26, "nbesp": 46, "nbrar": 2, "nbesprar": 2 }, "bbox": [ 442576.752640030346811, 6149197.806309461593628, 442576.752640030346811, 6149197.806309461593628 ], "geometry": { "type": "Point", "coordinates": [ 442576.752640030346811, 6149197.806309461593628 ] } },
{ "type": "Feature", "properties": { "id": 152, "cdep": "10", "dep": "Aube", "nb": 1519, "nbobserver": 14, "nbesp": 47, "nbrar": 6, "nbesprar": 3 }, "bbox": [ 442391.74207300710259, 6134168.748846470378339, 442391.74207300710259, 6134168.748846470378339 ], "geometry": { "type": "Point", "coordinates": [ 442391.74207300710259, 6134168.748846470378339 ] } },
{ "type": "Feature", "properties": { "id": 153, "cdep": "10", "dep": "Aube", "nb": 133, "nbobserver": 3, "nbesp": 29, "nbrar": 1, "nbesprar": 1 }, "bbox": [ 442207.36066304607084, 6119165.106244160793722, 442207.36066304607084, 6119165.106244160793722 ], "geometry": { "type": "Point", "coordinates": [ 442207.36066304607084, 6119165.106244160793722 ] } },
{ "type": "Feature", "properties": { "id": 154, "cdep": "10", "dep": "Aube", "nb": 444, "nbobserver": 4, "nbesp": 36, "nbrar": 2, "nbesprar": 1 }, "bbox": [ 442023.605206437641755, 6104186.792111438699067, 442023.605206437641755, 6104186.792111438699067 ], "geometry": { "type": "Point", "coordinates": [ 442023.605206437641755, 6104186.792111438699067 ] } },
{ "type": "Feature", "properties": { "id": 155, "cdep": "10", "dep": "Aube", "nb": 0, "nbobserver": 0, "nbesp": 0, "nbrar": 0, "nbesprar": 0 }, "bbox": [ 441840.472521185758524, 6089233.720498505048454, 441840.472521185758524, 6089233.720498505048454 ], "geometry": { "type": "Point", "coordinates": [ 441840.472521185758524, 6089233.720498505048454 ] } },
{ "type": "Feature", "properties": { "id": 166, "cdep": "08", "dep": "Ardennes", "nb": 0, "nbobserver": 0, "nbesp": 0, "nbrar": 0, "nbesprar": 0 }, "bbox": [ 461265.919314434053376, 6408455.450765322893858, 461265.919314434053376, 6408455.450765322893858 ], "geometry": { "type": "Point", "coordinates": [ 461265.919314434053376, 6408455.450765322893858 ] } },
{ "type": "Feature", "properties": { "id": 167, "cdep": "08", "dep": "Ardennes", "nb": 86, "nbobserver": 2, "nbesp": 26, "nbrar": 2, "nbesprar": 2 }, "bbox": [ 461042.61687464028364, 6392981.416579244658351, 461042.61687464028364, 6392981.416579244658351 ], "geometry": { "type": "Point", "coordinates": [ 461042.61687464028364, 6392981.416579244658351 ] } },
{ "type": "Feature", "properties": { "id": 168, "cdep": "08", "dep": "Ardennes", "nb": 12, "nbobserver": 1, "nbesp": 12, "nbrar": 0, "nbesprar": 0 }, "bbox": [ 460820.096372026833706, 6377534.332579270936549, 460820.096372026833706, 6377534.332579270936549 ], "geometry": { "type": "Point", "coordinates": [ 460820.096372026833706, 6377534.332579270936549 ] } },
{ "type": "Feature", "properties": { "id": 169, "cdep": "08", "dep": "Ardennes", "nb": 118, "nbobserver": 6, "nbesp": 24, "nbrar": 0, "nbesprar": 0 }, "bbox": [ 460598.353706897236407, 6362114.104416783899069, 460598.353706897236407, 6362114.104416783899069 ], "geometry": { "type": "Point", "coordinates": [ 460598.353706897236407, 6362114.104416783899069 ] } },
{ "type": "Feature", "properties": { "id": 170, "cdep": "08", "dep": "Ardennes", "nb": 784, "nbobserver": 9, "nbesp": 43, "nbrar": 2, "nbesprar": 2 }, "bbox": [ 460377.384808161470573, 6346720.638239098712802, 460377.384808161470573, 6346720.638239098712802 ], "geometry": { "type": "Point", "coordinates": [ 460377.384808161470573, 6346720.638239098712802 ] } },
{ "type": "Feature", "properties": { "id": 171, "cdep": "51", "dep": "Marne", "nb": 321, "nbobserver": 16, "nbesp": 34, "nbrar": 1, "nbesprar": 1 }, "bbox": [ 460157.185633089859039, 6331353.84068600833416, 460157.185633089859039, 6331353.84068600833416 ], "geometry": { "type": "Point", "coordinates": [ 460157.185633089859039, 6331353.84068600833416 ] } },
{ "type": "Feature", "properties": { "id": 172, "cdep": "51", "dep": "Marne", "nb": 8160, "nbobserver": 21, "nbesp": 47, "nbrar": 10, "nbesprar": 2 }, "bbox": [ 459937.752167063474189, 6316013.618886358104646, 459937.752167063474189, 6316013.618886358104646 ], "geometry": { "type": "Point", "coordinates": [ 459937.752167063474189, 6316013.618886358104646 ] } },
{ "type": "Feature", "properties": { "id": 173, "cdep": "51", "dep": "Marne", "nb": 339, "nbobserver": 15, "nbesp": 27, "nbrar": 0, "nbesprar": 0 }, "bbox": [ 459719.080423331761267, 6300699.880454649217427, 459719.080423331761267, 6300699.880454649217427 ], "geometry": { "type": "Point", "coordinates": [ 459719.080423331761267, 6300699.880454649217427 ] } },
{ "type": "Feature", "properties": { "id": 174, "cdep": "51", "dep": "Marne", "nb": 875, "nbobserver": 13, "nbesp": 40, "nbrar": 3, "nbesprar": 1 }, "bbox": [ 459501.166442770685535, 6285412.533487685024738, 459501.166442770685535, 6285412.533487685024738 ], "geometry": { "type": "Point", "coordinates": [ 459501.166442770685535, 6285412.533487685024738 ] } },
{ "type": "Feature", "properties": { "id": 175, "cdep": "51", "dep": "Marne", "nb": 252, "nbobserver": 6, "nbesp": 31, "nbrar": 0, "nbesprar": 0 }, "bbox": [ 459284.006293645477854, 6270151.486561227589846, 459284.006293645477854, 6270151.486561227589846 ], "geometry": { "type": "Point", "coordinates": [ 459284.006293645477854, 6270151.486561227589846 ] } },
{ "type": "Feature", "properties": { "id": 176, "cdep": "51", "dep": "Marne", "nb": 105, "nbobserver": 3, "nbesp": 25, "nbrar": 0, "nbesprar": 0 }, "bbox": [ 459067.596071371401194, 6254916.648726687766612, 459067.596071371401194, 6254916.648726687766612 ], "geometry": { "type": "Point", "coordinates": [ 459067.596071371401194, 6254916.648726687766612 ] } },
{ "type": "Feature", "properties": { "id": 177, "cdep": "51", "dep": "Marne", "nb": 0, "nbobserver": 0, "nbesp": 0, "nbrar": 0, "nbesprar": 0 }, "bbox": [ 458851.931898281676695, 6239707.929507857188582, 458851.931898281676695, 6239707.929507857188582 ], "geometry": { "type": "Point", "coordinates": [ 458851.931898281676695, 6239707.929507857188582 ] } },
{ "type": "Feature", "properties": { "id": 178, "cdep": "51", "dep": "Marne", "nb": 0, "nbobserver": 0, "nbesp": 0, "nbrar": 0, "nbesprar": 0 }, "bbox": [ 458637.009923395584337, 6224525.238897651433945, 458637.009923395584337, 6224525.238897651433945 ], "geometry": { "type": "Point", "coordinates": [ 458637.009923395584337, 6224525.238897651433945 ] } },
{ "type": "Feature", "properties": { "id": 179, "cdep": "10", "dep": "Aube", "nb": 76, "nbobserver": 3, "nbesp": 23, "nbrar": 0, "nbesprar": 0 }, "bbox": [ 458422.826322190696374, 6209368.487354891374707, 458422.826322190696374, 6209368.487354891374707 ], "geometry": { "type": "Point", "coordinates": [ 458422.826322190696374, 6209368.487354891374707 ] } },
{ "type": "Feature", "properties": { "id": 180, "cdep": "10", "dep": "Aube", "nb": 539, "nbobserver": 10, "nbesp": 30, "nbrar": 0, "nbesprar": 0 }, "bbox": [ 458209.377296371094417, 6194237.585801106877625, 458209.377296371094417, 6194237.585801106877625 ], "geometry": { "type": "Point", "coordinates": [ 458209.377296371094417, 6194237.585801106877625 ] } },
{ "type": "Feature", "properties": { "id": 181, "cdep": "10", "dep": "Aube", "nb": 20, "nbobserver": 3, "nbesp": 9, "nbrar": 0, "nbesprar": 0 }, "bbox": [ 457996.659073651069775, 6179132.445617370307446, 457996.659073651069775, 6179132.445617370307446 ], "geometry": { "type": "Point", "coordinates": [ 457996.659073651069775, 6179132.445617370307446 ] } },
{ "type": "Feature", "properties": { "id": 182, "cdep": "10", "dep": "Aube", "nb": 2526, "nbobserver": 49, "nbesp": 49, "nbrar": 10, "nbesprar": 3 }, "bbox": [ 457784.667907523631584, 6164052.978641154244542, 457784.667907523631584, 6164052.978641154244542 ], "geometry": { "type": "Point", "coordinates": [ 457784.667907523631584, 6164052.978641154244542 ] } },
{ "type": "Feature", "properties": { "id": 183, "cdep": "10", "dep": "Aube", "nb": 6892, "nbobserver": 109, "nbesp": 48, "nbrar": 4, "nbesprar": 3 }, "bbox": [ 457573.400077049387619, 6148999.097163224592805, 457573.400077049387619, 6148999.097163224592805 ], "geometry": { "type": "Point", "coordinates": [ 457573.400077049387619, 6148999.097163224592805 ] } },
{ "type": "Feature", "properties": { "id": 184, "cdep": "10", "dep": "Aube", "nb": 10160, "nbobserver": 14, "nbesp": 48, "nbrar": 20, "nbesprar": 3 }, "bbox": [ 457362.851886631629895, 6133970.713924541138113, 457362.851886631629895, 6133970.713924541138113 ], "geometry": { "type": "Point", "coordinates": [ 457362.851886631629895, 6133970.713924541138113 ] } },
{ "type": "Feature", "properties": { "id": 185, "cdep": "10", "dep": "Aube", "nb": 72, "nbobserver": 2, "nbesp": 21, "nbrar": 0, "nbesprar": 0 }, "bbox": [ 457153.019665807194542, 6118967.742113213054836, 457153.019665807194542, 6118967.742113213054836 ], "geometry": { "type": "Point", "coordinates": [ 457153.019665807194542, 6118967.742113213054836 ] } },
{ "type": "Feature", "properties": { "id": 186, "cdep": "10", "dep": "Aube", "nb": 54, "nbobserver": 3, "nbesp": 24, "nbrar": 1, "nbesprar": 1 }, "bbox": [ 456943.899769027077127, 6103990.095361447893083, 456943.899769027077127, 6103990.095361447893083 ], "geometry": { "type": "Point", "coordinates": [ 456943.899769027077127, 6103990.095361447893083 ] } },
{ "type": "Feature", "properties": { "id": 187, "cdep": "10", "dep": "Aube", "nb": 0, "nbobserver": 0, "nbesp": 0, "nbrar": 0, "nbesprar": 0 }, "bbox": [ 456735.488575450610369, 6089037.687742558307946, 456735.488575450610369, 6089037.687742558307946 ], "geometry": { "type": "Point", "coordinates": [ 456735.488575450610369, 6089037.687742558307946 ] } },
{ "type": "Feature", "properties": { "id": 196, "cdep": "08", "dep": "Ardennes", "nb": 137, "nbobserver": 3, "nbesp": 26, "nbrar": 0, "nbesprar": 0 }, "bbox": [ 477213.059228749014437, 6439245.147888612002134, 477213.059228749014437, 6439245.147888612002134 ], "geometry": { "type": "Point", "coordinates": [ 477213.059228749014437, 6439245.147888612002134 ] } },
{ "type": "Feature", "properties": { "id": 197, "cdep": "08", "dep": "Ardennes", "nb": 674, "nbobserver": 1, "nbesp": 26, "nbrar": 0, "nbesprar": 0 }, "bbox": [ 476960.909501765621826, 6423717.768481764942408, 476960.909501765621826, 6423717.768481764942408 ], "geometry": { "type": "Point", "coordinates": [ 476960.909501765621826, 6423717.768481764942408 ] } },
{ "type": "Feature", "properties": { "id": 198, "cdep": "08", "dep": "Ardennes", "nb": 41, "nbobserver": 5, "nbesp": 22, "nbrar": 0, "nbesprar": 0 }, "bbox": [ 476709.645780507184099, 6408217.525038428604603, 476709.645780507184099, 6408217.525038428604603 ], "geometry": { "type": "Point", "coordinates": [ 476709.645780507184099, 6408217.525038428604603 ] } },
{ "type": "Feature", "properties": { "id": 199, "cdep": "08", "dep": "Ardennes", "nb": 53, "nbobserver": 3, "nbesp": 27, "nbrar": 0, "nbesprar": 0 }, "bbox": [ 476459.263403690361883, 6392744.322238652966917, 476459.263403690361883, 6392744.322238652966917 ], "geometry": { "type": "Point", "coordinates": [ 476459.263403690361883, 6392744.322238652966917 ] } },
{ "type": "Feature", "properties": { "id": 200, "cdep": "08", "dep": "Ardennes", "nb": 179, "nbobserver": 3, "nbesp": 30, "nbrar": 0, "nbesprar": 0 }, "bbox": [ 476209.757742670888547, 6377298.065265148878098, 476209.757742670888547, 6377298.065265148878098 ], "geometry": { "type": "Point", "coordinates": [ 476209.757742670888547, 6377298.065265148878098 ] } },
{ "type": "Feature", "properties": { "id": 201, "cdep": "08", "dep": "Ardennes", "nb": 253, "nbobserver": 10, "nbesp": 34, "nbrar": 1, "nbesprar": 1 }, "bbox": [ 475961.124201155093033, 6361878.659799767658114, 475961.124201155093033, 6361878.659799767658114 ], "geometry": { "type": "Point", "coordinates": [ 475961.124201155093033, 6361878.659799767658114 ] } },
{ "type": "Feature", "properties": { "id": 202, "cdep": "08", "dep": "Ardennes", "nb": 1626, "nbobserver": 11, "nbesp": 39, "nbrar": 5, "nbesprar": 1 }, "bbox": [ 475713.358214920561295, 6346486.012020030990243, 475713.358214920561295, 6346486.012020030990243 ], "geometry": { "type": "Point", "coordinates": [ 475713.358214920561295, 6346486.012020030990243 ] } },
{ "type": "Feature", "properties": { "id": 203, "cdep": "51", "dep": "Marne", "nb": 675, "nbobserver": 17, "nbesp": 37, "nbrar": 1, "nbesprar": 1 }, "bbox": [ 475466.455251534702256, 6331120.028595667332411, 475466.455251534702256, 6331120.028595667332411 ], "geometry": { "type": "Point", "coordinates": [ 475466.455251534702256, 6331120.028595667332411 ] } },
{ "type": "Feature", "properties": { "id": 204, "cdep": "51", "dep": "Marne", "nb": 233, "nbobserver": 5, "nbesp": 26, "nbrar": 0, "nbesprar": 0 }, "bbox": [ 475220.410810080822557, 6315780.616685200482607, 475220.410810080822557, 6315780.616685200482607 ], "geometry": { "type": "Point", "coordinates": [ 475220.410810080822557, 6315780.616685200482607 ] } },
{ "type": "Feature", "properties": { "id": 205, "cdep": "51", "dep": "Marne", "nb": 1095, "nbobserver": 16, "nbesp": 44, "nbrar": 2, "nbesprar": 2 }, "bbox": [ 474975.220420881523751, 6300467.683932560496032, 474975.220420881523751, 6300467.683932560496032 ], "geometry": { "type": "Point", "coordinates": [ 474975.220420881523751, 6300467.683932560496032 ] } },
{ "type": "Feature", "properties": { "id": 206, "cdep": "51", "dep": "Marne", "nb": 277, "nbobserver": 8, "nbesp": 32, "nbrar": 1, "nbesprar": 1 }, "bbox": [ 474730.879645232693292, 6285181.13846371229738, 474730.879645232693292, 6285181.13846371229738 ], "geometry": { "type": "Point", "coordinates": [ 474730.879645232693292, 6285181.13846371229738 ] } },
{ "type": "Feature", "properties": { "id": 207, "cdep": "51", "dep": "Marne", "nb": 1942, "nbobserver": 15, "nbesp": 40, "nbrar": 1, "nbesprar": 1 }, "bbox": [ 474487.384075129171833, 6269920.888883334584534, 474487.384075129171833, 6269920.888883334584534 ], "geometry": { "type": "Point", "coordinates": [ 474487.384075129171833, 6269920.888883334584534 ] } },
{ "type": "Feature", "properties": { "id": 208, "cdep": "51", "dep": "Marne", "nb": 285, "nbobserver": 2, "nbesp": 29, "nbrar": 3, "nbesprar": 1 }, "bbox": [ 474244.729333007358946, 6254686.844271508045495, 474244.729333007358946, 6254686.844271508045495 ], "geometry": { "type": "Point", "coordinates": [ 474244.729333007358946, 6254686.844271508045495 ] } },
{ "type": "Feature", "properties": { "id": 209, "cdep": "51", "dep": "Marne", "nb": 162, "nbobserver": 1, "nbesp": 16, "nbrar": 0, "nbesprar": 0 }, "bbox": [ 474002.911071477516089, 6239478.914180441759527, 474002.911071477516089, 6239478.914180441759527 ], "geometry": { "type": "Point", "coordinates": [ 474002.911071477516089, 6239478.914180441759527 ] } },
{ "type": "Feature", "properties": { "id": 210, "cdep": "10", "dep": "Aube", "nb": 48, "nbobserver": 2, "nbesp": 19, "nbrar": 0, "nbesprar": 0 }, "bbox": [ 473761.924973066081293, 6224297.00863122753799, 473761.924973066081293, 6224297.00863122753799 ], "geometry": { "type": "Point", "coordinates": [ 473761.924973066081293, 6224297.00863122753799 ] } },
{ "type": "Feature", "properties": { "id": 211, "cdep": "10", "dep": "Aube", "nb": 272, "nbobserver": 3, "nbesp": 37, "nbrar": 0, "nbesprar": 0 }, "bbox": [ 473521.766749957867432, 6209141.03811061847955, 473521.766749957867432, 6209141.03811061847955 ], "geometry": { "type": "Point", "coordinates": [ 473521.766749957867432, 6209141.03811061847955 ] } },
{ "type": "Feature", "properties": { "id": 212, "cdep": "10", "dep": "Aube", "nb": 55, "nbobserver": 3, "nbesp": 26, "nbrar": 0, "nbesprar": 0 }, "bbox": [ 473282.432143745245412, 6194010.913567839190364, 473282.432143745245412, 6194010.913567839190364 ], "geometry": { "type": "Point", "coordinates": [ 473282.432143745245412, 6194010.913567839190364 ] } },
{ "type": "Feature", "properties": { "id": 213, "cdep": "10", "dep": "Aube", "nb": 26, "nbobserver": 4, "nbesp": 20, "nbrar": 1, "nbesprar": 1 }, "bbox": [ 473043.916925170167815, 6178906.546411417424679, 473043.916925170167815, 6178906.546411417424679 ], "geometry": { "type": "Point", "coordinates": [ 473043.916925170167815, 6178906.546411417424679 ] } },
{ "type": "Feature", "properties": { "id": 214, "cdep": "10", "dep": "Aube", "nb": 581, "nbobserver": 13, "nbesp": 41, "nbrar": 1, "nbesprar": 1 }, "bbox": [ 472806.216893883072771, 6163827.848506052047014, 472806.216893883072771, 6163827.848506052047014 ], "geometry": { "type": "Point", "coordinates": [ 472806.216893883072771, 6163827.848506052047014 ] } },
{ "type": "Feature", "properties": { "id": 215, "cdep": "10", "dep": "Aube", "nb": 823, "nbobserver": 19, "nbesp": 40, "nbrar": 0, "nbesprar": 0 }, "bbox": [ 472569.327878188400064, 6148774.732169495895505, 472569.327878188400064, 6148774.732169495895505 ], "geometry": { "type": "Point", "coordinates": [ 472569.327878188400064, 6148774.732169495895505 ] } },
{ "type": "Feature", "properties": { "id": 216, "cdep": "10", "dep": "Aube", "nb": 218, "nbobserver": 9, "nbesp": 31, "nbrar": 0, "nbesprar": 0 }, "bbox": [ 472333.245734807103872, 6133747.110169476829469, 472333.245734807103872, 6133747.110169476829469 ], "geometry": { "type": "Point", "coordinates": [ 472333.245734807103872, 6133747.110169476829469 ] } },
{ "type": "Feature", "properties": { "id": 217, "cdep": "10", "dep": "Aube", "nb": 0, "nbobserver": 0, "nbesp": 0, "nbrar": 0, "nbesprar": 0 }, "bbox": [ 472097.966348630783614, 6118744.895720628090203, 472097.966348630783614, 6118744.895720628090203 ], "geometry": { "type": "Point", "coordinates": [ 472097.966348630783614, 6118744.895720628090203 ] } },
{ "type": "Feature", "properties": { "id": 218, "cdep": "10", "dep": "Aube", "nb": 16, "nbobserver": 2, "nbesp": 12, "nbrar": 0, "nbesprar": 0 }, "bbox": [ 471863.485632485477254, 6103768.002481474541128, 471863.485632485477254, 6103768.002481474541128 ], "geometry": { "type": "Point", "coordinates": [ 471863.485632485477254, 6103768.002481474541128 ] } },
{ "type": "Feature", "properties": { "id": 219, "cdep": "10", "dep": "Aube", "nb": 0, "nbobserver": 0, "nbesp": 0, "nbrar": 0, "nbesprar": 0 }, "bbox": [ 471629.799526893766597, 6088816.344551409594715, 471629.799526893766597, 6088816.344551409594715 ], "geometry": { "type": "Point", "coordinates": [ 471629.799526893766597, 6088816.344551409594715 ] } },
{ "type": "Feature", "properties": { "id": 228, "cdep": "08", "dep": "Ardennes", "nb": 206, "nbobserver": 2, "nbesp": 35, "nbrar": 2, "nbesprar": 2 }, "bbox": [ 492710.341214186744764, 6438978.153189495205879, 492710.341214186744764, 6438978.153189495205879 ], "geometry": { "type": "Point", "coordinates": [ 492710.341214186744764, 6438978.153189495205879 ] } },
{ "type": "Feature", "properties": { "id": 229, "cdep": "08", "dep": "Ardennes", "nb": 2024, "nbobserver": 5, "nbesp": 40, "nbrar": 1, "nbesprar": 1 }, "bbox": [ 492430.925183317274787, 6423451.7099849274382, 492430.925183317274787, 6423451.7099849274382 ], "geometry": { "type": "Point", "coordinates": [ 492430.925183317274787, 6423451.7099849274382 ] } },
{ "type": "Feature", "properties": { "id": 230, "cdep": "08", "dep": "Ardennes", "nb": 229, "nbobserver": 5, "nbesp": 33, "nbrar": 0, "nbesprar": 0 }, "bbox": [ 492152.490907564817462, 6407952.397817440330982, 492152.490907564817462, 6407952.397817440330982 ], "geometry": { "type": "Point", "coordinates": [ 492152.490907564817462, 6407952.397817440330982 ] } },
{ "type": "Feature", "properties": { "id": 231, "cdep": "08", "dep": "Ardennes", "nb": 442, "nbobserver": 5, "nbesp": 39, "nbrar": 0, "nbesprar": 0 }, "bbox": [ 491875.033222323283553, 6392480.121401637792587, 491875.033222323283553, 6392480.121401637792587 ], "geometry": { "type": "Point", "coordinates": [ 491875.033222323283553, 6392480.121401637792587 ] } },
{ "type": "Feature", "properties": { "id": 232, "cdep": "08", "dep": "Ardennes", "nb": 338, "nbobserver": 4, "nbesp": 39, "nbrar": 2, "nbesprar": 2 }, "bbox": [ 491598.546999143087305, 6377034.785954469814897, 491598.546999143087305, 6377034.785954469814897 ], "geometry": { "type": "Point", "coordinates": [ 491598.546999143087305, 6377034.785954469814897 ] } },
{ "type": "Feature", "properties": { "id": 233, "cdep": "08", "dep": "Ardennes", "nb": 2058, "nbobserver": 15, "nbesp": 47, "nbrar": 26, "nbesprar": 3 }, "bbox": [ 491323.027145417639986, 6361616.297191730700433, 491323.027145417639986, 6361616.297191730700433 ], "geometry": { "type": "Point", "coordinates": [ 491323.027145417639986, 6361616.297191730700433 ] } },
{ "type": "Feature", "properties": { "id": 234, "cdep": "08", "dep": "Ardennes", "nb": 41, "nbobserver": 2, "nbesp": 15, "nbrar": 0, "nbesprar": 0 }, "bbox": [ 491048.468604069727007, 6346224.561324592679739, 491048.468604069727007, 6346224.561324592679739 ], "geometry": { "type": "Point", "coordinates": [ 491048.468604069727007, 6346224.561324592679739 ] } },
{ "type": "Feature", "properties": { "id": 235, "cdep": "08", "dep": "Ardennes", "nb": 402, "nbobserver": 8, "nbesp": 34, "nbrar": 0, "nbesprar": 0 }, "bbox": [ 490774.866353242425248, 6330859.485056139528751, 490774.866353242425248, 6330859.485056139528751 ], "geometry": { "type": "Point", "coordinates": [ 490774.866353242425248, 6330859.485056139528751 ] } },
{ "type": "Feature", "properties": { "id": 236, "cdep": "51", "dep": "Marne", "nb": 0, "nbobserver": 0, "nbesp": 0, "nbrar": 0, "nbesprar": 0 }, "bbox": [ 490502.215405991941225, 6315520.975577957928181, 490502.215405991941225, 6315520.975577957928181 ], "geometry": { "type": "Point", "coordinates": [ 490502.215405991941225, 6315520.975577957928181 ] } },
{ "type": "Feature", "properties": { "id": 237, "cdep": "51", "dep": "Marne", "nb": 421, "nbobserver": 14, "nbesp": 38, "nbrar": 0, "nbesprar": 0 }, "bbox": [ 490230.51080998708494, 6300208.940566760487854, 490230.51080998708494, 6300208.940566760487854 ], "geometry": { "type": "Point", "coordinates": [ 490230.51080998708494, 6300208.940566760487854 ] } },
{ "type": "Feature", "properties": { "id": 238, "cdep": "51", "dep": "Marne", "nb": 68, "nbobserver": 6, "nbesp": 21, "nbrar": 1, "nbesprar": 1 }, "bbox": [ 489959.747647207987029, 6284923.288181005977094, 489959.747647207987029, 6284923.288181005977094 ], "geometry": { "type": "Point", "coordinates": [ 489959.747647207987029, 6284923.288181005977094 ] } },
{ "type": "Feature", "properties": { "id": 239, "cdep": "51", "dep": "Marne", "nb": 2964, "nbobserver": 62, "nbesp": 47, "nbrar": 10, "nbesprar": 2 }, "bbox": [ 489689.92103364871582, 6269663.92705758754164, 489689.92103364871582, 6269663.92705758754164 ], "geometry": { "type": "Point", "coordinates": [ 489689.92103364871582, 6269663.92705758754164 ] } },
{ "type": "Feature", "properties": { "id": 240, "cdep": "51", "dep": "Marne", "nb": 741, "nbobserver": 20, "nbesp": 39, "nbrar": 2, "nbesprar": 1 }, "bbox": [ 489421.026119025598746, 6254430.766308524645865, 489421.026119025598746, 6254430.766308524645865 ], "geometry": { "type": "Point", "coordinates": [ 489421.026119025598746, 6254430.766308524645865 ] } },
{ "type": "Feature", "properties": { "id": 241, "cdep": "51", "dep": "Marne", "nb": 0, "nbobserver": 0, "nbesp": 0, "nbrar": 0, "nbesprar": 0 }, "bbox": [ 489153.058086486009415, 6239223.715517687611282, 489153.058086486009415, 6239223.715517687611282 ], "geometry": { "type": "Point", "coordinates": [ 489153.058086486009415, 6239223.715517687611282 ] } },
{ "type": "Feature", "properties": { "id": 242, "cdep": "51", "dep": "Marne", "nb": 132, "nbobserver": 2, "nbesp": 22, "nbrar": 0, "nbesprar": 0 }, "bbox": [ 488886.012152320472524, 6224042.684737553820014, 488886.012152320472524, 6224042.684737553820014 ], "geometry": { "type": "Point", "coordinates": [ 488886.012152320472524, 6224042.684737553820014 ] } },
{ "type": "Feature", "properties": { "id": 243, "cdep": "51", "dep": "Marne", "nb": 553, "nbobserver": 1, "nbesp": 41, "nbrar": 0, "nbesprar": 0 }, "bbox": [ 488619.883565677795559, 6208887.584486000239849, 488619.883565677795559, 6208887.584486000239849 ], "geometry": { "type": "Point", "coordinates": [ 488619.883565677795559, 6208887.584486000239849 ] } },
{ "type": "Feature", "properties": { "id": 244, "cdep": "10", "dep": "Aube", "nb": 69, "nbobserver": 2, "nbesp": 25, "nbrar": 0, "nbesprar": 0 }, "bbox": [ 488354.667608285555616, 6193758.325743105262518, 488354.667608285555616, 6193758.325743105262518 ], "geometry": { "type": "Point", "coordinates": [ 488354.667608285555616, 6193758.325743105262518 ] } },
{ "type": "Feature", "properties": { "id": 245, "cdep": "10", "dep": "Aube", "nb": 57, "nbobserver": 2, "nbesp": 22, "nbrar": 0, "nbesprar": 0 }, "bbox": [ 488090.359594167908654, 6178654.819947985932231, 488090.359594167908654, 6178654.819947985932231 ], "geometry": { "type": "Point", "coordinates": [ 488090.359594167908654, 6178654.819947985932231 ] } },
{ "type": "Feature", "properties": { "id": 246, "cdep": "10", "dep": "Aube", "nb": 295, "nbobserver": 7, "nbesp": 34, "nbrar": 0, "nbesprar": 0 }, "bbox": [ 487826.954869373177644, 6163576.978995668701828, 487826.954869373177644, 6163576.978995668701828 ], "geometry": { "type": "Point", "coordinates": [ 487826.954869373177644, 6163576.978995668701828 ] } },
{ "type": "Feature", "properties": { "id": 247, "cdep": "10", "dep": "Aube", "nb": 208, "nbobserver": 8, "nbesp": 35, "nbrar": 1, "nbesprar": 1 }, "bbox": [ 487564.44881169864675, 6148524.715233974158764, 487564.44881169864675, 6148524.715233974158764 ], "geometry": { "type": "Point", "coordinates": [ 487564.44881169864675, 6148524.715233974158764 ] } },
{ "type": "Feature", "properties": { "id": 248, "cdep": "10", "dep": "Aube", "nb": 143, "nbobserver": 4, "nbesp": 30, "nbrar": 0, "nbesprar": 0 }, "bbox": [ 487302.836830420303158, 6133497.941460450179875, 487302.836830420303158, 6133497.941460450179875 ], "geometry": { "type": "Point", "coordinates": [ 487302.836830420303158, 6133497.941460450179875 ] } },
{ "type": "Feature", "properties": { "id": 249, "cdep": "10", "dep": "Aube", "nb": 289, "nbobserver": 5, "nbesp": 35, "nbrar": 0, "nbesprar": 0 }, "bbox": [ 487042.114366027642973, 6118496.570919289253652, 487042.114366027642973, 6118496.570919289253652 ], "geometry": { "type": "Point", "coordinates": [ 487042.114366027642973, 6118496.570919289253652 ] } },
{ "type": "Feature", "properties": { "id": 250, "cdep": "10", "dep": "Aube", "nb": 74, "nbobserver": 3, "nbesp": 27, "nbrar": 1, "nbesprar": 1 }, "bbox": [ 486782.276889956381638, 6103520.517298324964941, 486782.276889956381638, 6103520.517298324964941 ], "geometry": { "type": "Point", "coordinates": [ 486782.276889956381638, 6103520.517298324964941 ] } },
{ "type": "Feature", "properties": { "id": 260, "cdep": "08", "dep": "Ardennes", "nb": 167, "nbobserver": 5, "nbesp": 35, "nbrar": 0, "nbesprar": 0 }, "bbox": [ 508206.63624954217812, 6438683.770457756705582, 508206.63624954217812, 6438683.770457756705582 ], "geometry": { "type": "Point", "coordinates": [ 508206.63624954217812, 6438683.770457756705582 ] } },
{ "type": "Feature", "properties": { "id": 261, "cdep": "08", "dep": "Ardennes", "nb": 732, "nbobserver": 11, "nbesp": 39, "nbrar": 0, "nbesprar": 0 }, "bbox": [ 507899.959115816629492, 6423158.359424457885325, 507899.959115816629492, 6423158.359424457885325 ], "geometry": { "type": "Point", "coordinates": [ 507899.959115816629492, 6423158.359424457885325 ] } },
{ "type": "Feature", "properties": { "id": 262, "cdep": "08", "dep": "Ardennes", "nb": 876, "nbobserver": 11, "nbesp": 36, "nbrar": 1, "nbesprar": 1 }, "bbox": [ 507594.359450124029536, 6407660.073997276835144, 507594.359450124029536, 6407660.073997276835144 ], "geometry": { "type": "Point", "coordinates": [ 507594.359450124029536, 6407660.073997276835144 ] } },
{ "type": "Feature", "properties": { "id": 263, "cdep": "08", "dep": "Ardennes", "nb": 255, "nbobserver": 11, "nbesp": 37, "nbrar": 0, "nbesprar": 0 }, "bbox": [ 507289.831584853236564, 6392188.818928888998926, 507289.831584853236564, 6392188.818928888998926 ], "geometry": { "type": "Point", "coordinates": [ 507289.831584853236564, 6392188.818928888998926 ] } },
{ "type": "Feature", "properties": { "id": 264, "cdep": "08", "dep": "Ardennes", "nb": 70, "nbobserver": 4, "nbesp": 18, "nbrar": 0, "nbesprar": 0 }, "bbox": [ 506986.369892067508772, 6376744.499473995529115, 506986.369892067508772, 6376744.499473995529115 ], "geometry": { "type": "Point", "coordinates": [ 506986.369892067508772, 6376744.499473995529115 ] } },
{ "type": "Feature", "properties": { "id": 265, "cdep": "08", "dep": "Ardennes", "nb": 430, "nbobserver": 13, "nbesp": 43, "nbrar": 3, "nbesprar": 2 }, "bbox": [ 506683.968783158576116, 6361327.021385805681348, 506683.968783158576116, 6361327.021385805681348 ], "geometry": { "type": "Point", "coordinates": [ 506683.968783158576116, 6361327.021385805681348 ] } },
{ "type": "Feature", "properties": { "id": 266, "cdep": "08", "dep": "Ardennes", "nb": 157, "nbobserver": 3, "nbesp": 25, "nbrar": 0, "nbesprar": 0 }, "bbox": [ 506382.622708503680769, 6345936.290912580676377, 506382.622708503680769, 6345936.290912580676377 ], "geometry": { "type": "Point", "coordinates": [ 506382.622708503680769, 6345936.290912580676377 ] } },
{ "type": "Feature", "properties": { "id": 267, "cdep": "08", "dep": "Ardennes", "nb": 19, "nbobserver": 1, "nbesp": 11, "nbrar": 0, "nbesprar": 0 }, "bbox": [ 506082.326157126808539, 6330572.214794171974063, 506082.326157126808539, 6330572.214794171974063 ], "geometry": { "type": "Point", "coordinates": [ 506082.326157126808539, 6330572.214794171974063 ] } },
{ "type": "Feature", "properties": { "id": 268, "cdep": "51", "dep": "Marne", "nb": 12, "nbobserver": 1, "nbesp": 12, "nbrar": 0, "nbesprar": 0 }, "bbox": [ 505783.073656362190377, 6315234.700258616358042, 505783.073656362190377, 6315234.700258616358042 ], "geometry": { "type": "Point", "coordinates": [ 505783.073656362190377, 6315234.700258616358042 ] } },
{ "type": "Feature", "properties": { "id": 269, "cdep": "51", "dep": "Marne", "nb": 205, "nbobserver": 5, "nbesp": 42, "nbrar": 7, "nbesprar": 2 }, "bbox": [ 505484.859771522751544, 6299923.655018760822713, 505484.859771522751544, 6299923.655018760822713 ], "geometry": { "type": "Point", "coordinates": [ 505484.859771522751544, 6299923.655018760822713 ] } },
{ "type": "Feature", "properties": { "id": 270, "cdep": "51", "dep": "Marne", "nb": 46, "nbobserver": 5, "nbesp": 19, "nbrar": 0, "nbesprar": 0 }, "bbox": [ 505187.679105569550302, 6284638.987268882803619, 505187.679105569550302, 6284638.987268882803619 ], "geometry": { "type": "Point", "coordinates": [ 505187.679105569550302, 6284638.987268882803619 ] } },
{ "type": "Feature", "properties": { "id": 271, "cdep": "51", "dep": "Marne", "nb": 500, "nbobserver": 10, "nbesp": 42, "nbrar": 3, "nbesprar": 2 }, "bbox": [ 504891.526298789540306, 6269380.605681383982301, 504891.526298789540306, 6269380.605681383982301 ], "geometry": { "type": "Point", "coordinates": [ 504891.526298789540306, 6269380.605681383982301 ] } },
{ "type": "Feature", "properties": { "id": 272, "cdep": "51", "dep": "Marne", "nb": 237, "nbobserver": 7, "nbesp": 30, "nbrar": 0, "nbesprar": 0 }, "bbox": [ 504596.396028470888268, 6254148.419403485953808, 504596.396028470888268, 6254148.419403485953808 ], "geometry": { "type": "Point", "coordinates": [ 504596.396028470888268, 6254148.419403485953808 ] } },
{ "type": "Feature", "properties": { "id": 273, "cdep": "51", "dep": "Marne", "nb": 481, "nbobserver": 11, "nbesp": 42, "nbrar": 2, "nbesprar": 1 }, "bbox": [ 504302.283008583937772, 6238942.338053964078426, 504302.283008583937772, 6238942.338053964078426 ], "geometry": { "type": "Point", "coordinates": [ 504302.283008583937772, 6238942.338053964078426 ] } },
{ "type": "Feature", "properties": { "id": 274, "cdep": "51", "dep": "Marne", "nb": 613, "nbobserver": 22, "nbesp": 40, "nbrar": 0, "nbesprar": 0 }, "bbox": [ 504009.181989467528183, 6223762.27171989902854, 504009.181989467528183, 6223762.27171989902854 ], "geometry": { "type": "Point", "coordinates": [ 504009.181989467528183, 6223762.27171989902854 ] } },
{ "type": "Feature", "properties": { "id": 275, "cdep": "51", "dep": "Marne", "nb": 18, "nbobserver": 2, "nbesp": 10, "nbrar": 0, "nbesprar": 0 }, "bbox": [ 503717.087757518340368, 6208608.130953469313681, 503717.087757518340368, 6208608.130953469313681 ], "geometry": { "type": "Point", "coordinates": [ 503717.087757518340368, 6208608.130953469313681 ] } },
{ "type": "Feature", "properties": { "id": 276, "cdep": "10", "dep": "Aube", "nb": 223, "nbobserver": 3, "nbesp": 33, "nbrar": 2, "nbesprar": 2 }, "bbox": [ 503425.995134874829091, 6193479.826768762432039, 503425.995134874829091, 6193479.826768762432039 ], "geometry": { "type": "Point", "coordinates": [ 503425.995134874829091, 6193479.826768762432039 ] } },
{ "type": "Feature", "properties": { "id": 277, "cdep": "10", "dep": "Aube", "nb": 267, "nbobserver": 8, "nbesp": 31, "nbrar": 1, "nbesprar": 1 }, "bbox": [ 503135.898979120829608, 6178377.270638616755605, 503135.898979120829608, 6178377.270638616755605 ], "geometry": { "type": "Point", "coordinates": [ 503135.898979120829608, 6178377.270638616755605 ] } },
{ "type": "Feature", "properties": { "id": 278, "cdep": "10", "dep": "Aube", "nb": 2885, "nbobserver": 7, "nbesp": 41, "nbrar": 2, "nbesprar": 1 }, "bbox": [ 502846.79418297635857, 6163300.374491490423679, 502846.79418297635857, 6163300.374491490423679 ], "geometry": { "type": "Point", "coordinates": [ 502846.79418297635857, 6163300.374491490423679 ] } },
{ "type": "Feature", "properties": { "id": 279, "cdep": "10", "dep": "Aube", "nb": 49, "nbobserver": 3, "nbesp": 16, "nbrar": 0, "nbesprar": 0 }, "bbox": [ 502558.675674000172876, 6148249.050708351656795, 502558.675674000172876, 6148249.050708351656795 ], "geometry": { "type": "Point", "coordinates": [ 502558.675674000172876, 6148249.050708351656795 ] } },
{ "type": "Feature", "properties": { "id": 280, "cdep": "10", "dep": "Aube", "nb": 35, "nbobserver": 3, "nbesp": 19, "nbrar": 0, "nbesprar": 0 }, "bbox": [ 502271.538414293667302, 6133223.212119608186185, 502271.538414293667302, 6133223.212119608186185 ], "geometry": { "type": "Point", "coordinates": [ 502271.538414293667302, 6133223.212119608186185 ] } },
{ "type": "Feature", "properties": { "id": 281, "cdep": "10", "dep": "Aube", "nb": 94, "nbobserver": 5, "nbesp": 30, "nbrar": 0, "nbesprar": 0 }, "bbox": [ 501985.377400205121376, 6118222.772002045996487, 501985.377400205121376, 6118222.772002045996487 ], "geometry": { "type": "Point", "coordinates": [ 501985.377400205121376, 6118222.772002045996487 ] } },
{ "type": "Feature", "properties": { "id": 282, "cdep": "10", "dep": "Aube", "nb": 33, "nbobserver": 3, "nbesp": 20, "nbrar": 0, "nbesprar": 0 }, "bbox": [ 501700.187662043434102, 6103247.644075803458691, 501700.187662043434102, 6103247.644075803458691 ], "geometry": { "type": "Point", "coordinates": [ 501700.187662043434102, 6103247.644075803458691 ] } },
{ "type": "Feature", "properties": { "id": 290, "cdep": "08", "dep": "Ardennes", "nb": 0, "nbobserver": 0, "nbesp": 0, "nbrar": 0, "nbesprar": 0 }, "bbox": [ 524373.257496026228182, 6469492.31339412741363, 524373.257496026228182, 6469492.31339412741363 ], "geometry": { "type": "Point", "coordinates": [ 524373.257496026228182, 6469492.31339412741363 ] } },
{ "type": "Feature", "properties": { "id": 291, "cdep": "08", "dep": "Ardennes", "nb": 4800, "nbobserver": 10, "nbesp": 43, "nbrar": 1, "nbesprar": 1 }, "bbox": [ 524036.959999706770759, 6453913.503479355946183, 524036.959999706770759, 6453913.503479355946183 ], "geometry": { "type": "Point", "coordinates": [ 524036.959999706770759, 6453913.503479355946183 ] } },
{ "type": "Feature", "properties": { "id": 292, "cdep": "08", "dep": "Ardennes", "nb": 72, "nbobserver": 2, "nbesp": 14, "nbrar": 0, "nbesprar": 0 }, "bbox": [ 523701.848115941567812, 6438362.005166084505618, 523701.848115941567812, 6438362.005166084505618 ], "geometry": { "type": "Point", "coordinates": [ 523701.848115941567812, 6438362.005166084505618 ] } },
{ "type": "Feature", "properties": { "id": 293, "cdep": "08", "dep": "Ardennes", "nb": 499, "nbobserver": 16, "nbesp": 39, "nbrar": 1, "nbesprar": 1 }, "bbox": [ 523367.915586937277112, 6422837.7222346579656, 523367.915586937277112, 6422837.7222346579656 ], "geometry": { "type": "Point", "coordinates": [ 523367.915586937277112, 6422837.7222346579656 ] } },
{ "type": "Feature", "properties": { "id": 294, "cdep": "08", "dep": "Ardennes", "nb": 5489, "nbobserver": 80, "nbesp": 48, "nbrar": 4, "nbesprar": 2 }, "bbox": [ 523035.156198858050629, 6407340.558974172919989, 523035.156198858050629, 6407340.558974172919989 ], "geometry": { "type": "Point", "coordinates": [ 523035.156198858050629, 6407340.558974172919989 ] } },
{ "type": "Feature", "properties": { "id": 295, "cdep": "08", "dep": "Ardennes", "nb": 319, "nbobserver": 10, "nbesp": 35, "nbrar": 0, "nbesprar": 0 }, "bbox": [ 522703.563781437522266, 6391870.420178920030594, 522703.563781437522266, 6391870.420178920030594 ], "geometry": { "type": "Point", "coordinates": [ 522703.563781437522266, 6391870.420178920030594 ] } },
{ "type": "Feature", "properties": { "id": 296, "cdep": "08", "dep": "Ardennes", "nb": 162, "nbobserver": 9, "nbesp": 34, "nbrar": 1, "nbesprar": 1 }, "bbox": [ 522373.132207597547676, 6376427.211144840344787, 522373.132207597547676, 6376427.211144840344787 ], "geometry": { "type": "Point", "coordinates": [ 522373.132207597547676, 6376427.211144840344787 ] } },
{ "type": "Feature", "properties": { "id": 297, "cdep": "08", "dep": "Ardennes", "nb": 202, "nbobserver": 4, "nbesp": 25, "nbrar": 0, "nbesprar": 0 }, "bbox": [ 522043.855393070844002, 6361010.837666031904519, 522043.855393070844002, 6361010.837666031904519 ], "geometry": { "type": "Point", "coordinates": [ 522043.855393070844002, 6361010.837666031904519 ] } },
{ "type": "Feature", "properties": { "id": 298, "cdep": "08", "dep": "Ardennes", "nb": 568, "nbobserver": 9, "nbesp": 43, "nbrar": 5, "nbesprar": 1 }, "bbox": [ 521715.727296029333957, 6345621.206031284295022, 521715.727296029333957, 6345621.206031284295022 ], "geometry": { "type": "Point", "coordinates": [ 521715.727296029333957, 6345621.206031284295022 ] } },
{ "type": "Feature", "properties": { "id": 299, "cdep": "08", "dep": "Ardennes", "nb": 144, "nbobserver": 4, "nbesp": 26, "nbrar": 0, "nbesprar": 0 }, "bbox": [ 521388.741916713421233, 6330258.223020627163351, 521388.741916713421233, 6330258.223020627163351 ], "geometry": { "type": "Point", "coordinates": [ 521388.741916713421233, 6330258.223020627163351 ] } },
{ "type": "Feature", "properties": { "id": 300, "cdep": "51", "dep": "Marne", "nb": 3, "nbobserver": 1, "nbesp": 3, "nbrar": 0, "nbesprar": 0 }, "bbox": [ 521062.893297067319509, 6314921.795901929028332, 521062.893297067319509, 6314921.795901929028332 ], "geometry": { "type": "Point", "coordinates": [ 521062.893297067319509, 6314921.795901929028332 ] } },
{ "type": "Feature", "properties": { "id": 301, "cdep": "51", "dep": "Marne", "nb": 7, "nbobserver": 2, "nbesp": 6, "nbrar": 0, "nbesprar": 0 }, "bbox": [ 520738.17552037659334, 6299611.83242751006037, 520738.17552037659334, 6299611.83242751006037 ], "geometry": { "type": "Point", "coordinates": [ 520738.17552037659334, 6299611.83242751006037 ] } },
{ "type": "Feature", "properties": { "id": 302, "cdep": "51", "dep": "Marne", "nb": 320, "nbobserver": 5, "nbesp": 41, "nbrar": 10, "nbesprar": 2 }, "bbox": [ 520414.582710910530295, 6284328.240830793976784, 520414.582710910530295, 6284328.240830793976784 ], "geometry": { "type": "Point", "coordinates": [ 520414.582710910530295, 6284328.240830793976784 ] } },
{ "type": "Feature", "properties": { "id": 303, "cdep": "51", "dep": "Marne", "nb": 0, "nbobserver": 0, "nbesp": 0, "nbrar": 0, "nbesprar": 0 }, "bbox": [ 520092.109033568936866, 6269070.929822988808155, 520092.109033568936866, 6269070.929822988808155 ], "geometry": { "type": "Point", "coordinates": [ 520092.109033568936866, 6269070.929822988808155 ] } },
{ "type": "Feature", "properties": { "id": 304, "cdep": "51", "dep": "Marne", "nb": 0, "nbobserver": 0, "nbesp": 0, "nbrar": 0, "nbesprar": 0 }, "bbox": [ 519770.748693530040327, 6253839.80858978163451, 519770.748693530040327, 6253839.80858978163451 ], "geometry": { "type": "Point", "coordinates": [ 519770.748693530040327, 6253839.80858978163451 ] } },
{ "type": "Feature", "properties": { "id": 305, "cdep": "51", "dep": "Marne", "nb": 276, "nbobserver": 8, "nbesp": 37, "nbrar": 2, "nbesprar": 2 }, "bbox": [ 519450.495935904502403, 6238634.786788083612919, 519450.495935904502403, 6238634.786788083612919 ], "geometry": { "type": "Point", "coordinates": [ 519450.495935904502403, 6238634.786788083612919 ] } },
{ "type": "Feature", "properties": { "id": 306, "cdep": "51", "dep": "Marne", "nb": 75, "nbobserver": 6, "nbesp": 21, "nbrar": 0, "nbesprar": 0 }, "bbox": [ 519131.345045392750762, 6223455.774542787112296, 519131.345045392750762, 6223455.774542787112296 ], "geometry": { "type": "Point", "coordinates": [ 519131.345045392750762, 6223455.774542787112296 ] } },
{ "type": "Feature", "properties": { "id": 307, "cdep": "51", "dep": "Marne", "nb": 448, "nbobserver": 6, "nbesp": 40, "nbrar": 4, "nbesprar": 2 }, "bbox": [ 518813.290345942310523, 6208302.682443553581834, 518813.290345942310523, 6208302.682443553581834 ], "geometry": { "type": "Point", "coordinates": [ 518813.290345942310523, 6208302.682443553581834 ] } },
{ "type": "Feature", "properties": { "id": 308, "cdep": "10", "dep": "Aube", "nb": 796, "nbobserver": 4, "nbesp": 44, "nbrar": 5, "nbesprar": 2 }, "bbox": [ 518496.326200416660868, 6193175.421541637741029, 518496.326200416660868, 6193175.421541637741029 ], "geometry": { "type": "Point", "coordinates": [ 518496.326200416660868, 6193175.421541637741029 ] } },
{ "type": "Feature", "properties": { "id": 309, "cdep": "10", "dep": "Aube", "nb": 184, "nbobserver": 8, "nbesp": 32, "nbrar": 0, "nbesprar": 0 }, "bbox": [ 518180.447010256699286, 6178073.903346723876894, 518180.447010256699286, 6178073.903346723876894 ], "geometry": { "type": "Point", "coordinates": [ 518180.447010256699286, 6178073.903346723876894 ] } },
{ "type": "Feature", "properties": { "id": 310, "cdep": "10", "dep": "Aube", "nb": 142, "nbobserver": 3, "nbesp": 26, "nbrar": 0, "nbesprar": 0 }, "bbox": [ 517865.647215154313017, 6162998.039823800325394, 517865.647215154313017, 6162998.039823800325394 ], "geometry": { "type": "Point", "coordinates": [ 517865.647215154313017, 6162998.039823800325394 ] } },
{ "type": "Feature", "properties": { "id": 311, "cdep": "10", "dep": "Aube", "nb": 639, "nbobserver": 11, "nbesp": 43, "nbrar": 1, "nbesprar": 1 }, "bbox": [ 517551.921292727056425, 6147947.743390060029924, 517551.921292727056425, 6147947.743390060029924 ], "geometry": { "type": "Point", "coordinates": [ 517551.921292727056425, 6147947.743390060029924 ] } },
{ "type": "Feature", "properties": { "id": 312, "cdep": "10", "dep": "Aube", "nb": 119, "nbobserver": 2, "nbesp": 23, "nbrar": 0, "nbesprar": 0 }, "bbox": [ 517239.263758192770183, 6132922.926911816932261, 517239.263758192770183, 6132922.926911816932261 ], "geometry": { "type": "Point", "coordinates": [ 517239.263758192770183, 6132922.926911816932261 ] } },
{ "type": "Feature", "properties": { "id": 313, "cdep": "10", "dep": "Aube", "nb": 56, "nbobserver": 3, "nbesp": 19, "nbrar": 0, "nbesprar": 0 }, "bbox": [ 516927.669164054153953, 6117923.503701470792294, 516927.669164054153953, 6117923.503701470792294 ], "geometry": { "type": "Point", "coordinates": [ 516927.669164054153953, 6117923.503701470792294 ] } },
{ "type": "Feature", "properties": { "id": 314, "cdep": "10", "dep": "Aube", "nb": 0, "nbobserver": 0, "nbesp": 0, "nbrar": 0, "nbesprar": 0 }, "bbox": [ 516617.132099776528776, 6102949.387514461763203, 516617.132099776528776, 6102949.387514461763203 ], "geometry": { "type": "Point", "coordinates": [ 516617.132099776528776, 6102949.387514461763203 ] } },
{ "type": "Feature", "properties": { "id": 322, "cdep": "08", "dep": "Ardennes", "nb": 594, "nbobserver": 10, "nbesp": 28, "nbrar": 0, "nbesprar": 0 }, "bbox": [ 539922.077292779460549, 6469140.704042676836252, 539922.077292779460549, 6469140.704042676836252 ], "geometry": { "type": "Point", "coordinates": [ 539922.077292779460549, 6469140.704042676836252 ] } },
{ "type": "Feature", "properties": { "id": 323, "cdep": "08", "dep": "Ardennes", "nb": 0, "nbobserver": 0, "nbesp": 0, "nbrar": 0, "nbesprar": 0 }, "bbox": [ 539558.337835295707919, 6453563.131133455783129, 539558.337835295707919, 6453563.131133455783129 ], "geometry": { "type": "Point", "coordinates": [ 539558.337835295707919, 6453563.131133455783129 ] } },
{ "type": "Feature", "properties": { "id": 324, "cdep": "08", "dep": "Ardennes", "nb": 48, "nbobserver": 2, "nbesp": 23, "nbrar": 0, "nbesprar": 0 }, "bbox": [ 539195.880634886794724, 6438012.863295247778296, 539195.880634886794724, 6438012.863295247778296 ], "geometry": { "type": "Point", "coordinates": [ 539195.880634886794724, 6438012.863295247778296 ] } },
{ "type": "Feature", "properties": { "id": 325, "cdep": "08", "dep": "Ardennes", "nb": 283, "nbobserver": 8, "nbesp": 32, "nbrar": 1, "nbesprar": 1 }, "bbox": [ 538834.698924376396462, 6422489.804354334250093, 538834.698924376396462, 6422489.804354334250093 ], "geometry": { "type": "Point", "coordinates": [ 538834.698924376396462, 6422489.804354334250093 ] } },
{ "type": "Feature", "properties": { "id": 326, "cdep": "08", "dep": "Ardennes", "nb": 669, "nbobserver": 16, "nbesp": 43, "nbrar": 1, "nbesprar": 1 }, "bbox": [ 538474.785984114627354, 6406993.858645354397595, 538474.785984114627354, 6406993.858645354397595 ], "geometry": { "type": "Point", "coordinates": [ 538474.785984114627354, 6406993.858645354397595 ] } },
{ "type": "Feature", "properties": { "id": 327, "cdep": "08", "dep": "Ardennes", "nb": 151, "nbobserver": 10, "nbesp": 31, "nbrar": 0, "nbesprar": 0 }, "bbox": [ 538116.135141559643671, 6391524.931007729843259, 538116.135141559643671, 6391524.931007729843259 ], "geometry": { "type": "Point", "coordinates": [ 538116.135141559643671, 6391524.931007729843259 ] } },
{ "type": "Feature", "properties": { "id": 328, "cdep": "08", "dep": "Ardennes", "nb": 171, "nbobserver": 5, "nbesp": 27, "nbrar": 1, "nbesprar": 1 }, "bbox": [ 537758.739770869375207, 6376082.926782140508294, 537758.739770869375207, 6376082.926782140508294 ], "geometry": { "type": "Point", "coordinates": [ 537758.739770869375207, 6376082.926782140508294 ] } },
{ "type": "Feature", "properties": { "id": 329, "cdep": "08", "dep": "Ardennes", "nb": 107, "nbobserver": 8, "nbesp": 25, "nbrar": 0, "nbesprar": 0 }, "bbox": [ 537402.593292492092587, 6360667.751807039603591, 537402.593292492092587, 6360667.751807039603591 ], "geometry": { "type": "Point", "coordinates": [ 537402.593292492092587, 6360667.751807039603591 ] } },
{ "type": "Feature", "properties": { "id": 330, "cdep": "08", "dep": "Ardennes", "nb": 371, "nbobserver": 11, "nbesp": 36, "nbrar": 1, "nbesprar": 1 }, "bbox": [ 537047.689172763144597, 6345279.312415181659162, 537047.689172763144597, 6345279.312415181659162 ], "geometry": { "type": "Point", "coordinates": [ 537047.689172763144597, 6345279.312415181659162 ] } },
{ "type": "Feature", "properties": { "id": 331, "cdep": "08", "dep": "Ardennes", "nb": 163, "nbobserver": 3, "nbesp": 34, "nbrar": 0, "nbesprar": 0 }, "bbox": [ 536694.020923504256643, 6329917.515430174767971, 536694.020923504256643, 6329917.515430174767971 ], "geometry": { "type": "Point", "coordinates": [ 536694.020923504256643, 6329917.515430174767971 ] } },
{ "type": "Feature", "properties": { "id": 332, "cdep": "51", "dep": "Marne", "nb": 0, "nbobserver": 0, "nbesp": 0, "nbrar": 0, "nbesprar": 0 }, "bbox": [ 536341.582101631676778, 6314582.268163095228374, 536341.582101631676778, 6314582.268163095228374 ], "geometry": { "type": "Point", "coordinates": [ 536341.582101631676778, 6314582.268163095228374 ] } },
{ "type": "Feature", "properties": { "id": 333, "cdep": "51", "dep": "Marne", "nb": 76, "nbobserver": 5, "nbesp": 23, "nbrar": 0, "nbesprar": 0 }, "bbox": [ 535990.366308760247193, 6299273.47840909101069, 535990.366308760247193, 6299273.47840909101069 ], "geometry": { "type": "Point", "coordinates": [ 535990.366308760247193, 6299273.47840909101069 ] } },
{ "type": "Feature", "properties": { "id": 334, "cdep": "51", "dep": "Marne", "nb": 271, "nbobserver": 2, "nbesp": 33, "nbrar": 1, "nbesprar": 1 }, "bbox": [ 535640.367190824006684, 6283991.054444045759737, 535640.367190824006684, 6283991.054444045759737 ], "geometry": { "type": "Point", "coordinates": [ 535640.367190824006684, 6283991.054444045759737 ] } },
{ "type": "Feature", "properties": { "id": 335, "cdep": "51", "dep": "Marne", "nb": 4, "nbobserver": 1, "nbesp": 4, "nbrar": 0, "nbesprar": 0 }, "bbox": [ 535291.578437684336677, 6268734.905021257698536, 535291.578437684336677, 6268734.905021257698536 ], "geometry": { "type": "Point", "coordinates": [ 535291.578437684336677, 6268734.905021257698536 ] } },
{ "type": "Feature", "properties": { "id": 336, "cdep": "51", "dep": "Marne", "nb": 0, "nbobserver": 0, "nbesp": 0, "nbrar": 0, "nbesprar": 0 }, "bbox": [ 534943.9937827574322, 6253504.939368144609034, 534943.9937827574322, 6253504.939368144609034 ], "geometry": { "type": "Point", "coordinates": [ 534943.9937827574322, 6253504.939368144609034 ] } },
{ "type": "Feature", "properties": { "id": 337, "cdep": "51", "dep": "Marne", "nb": 90, "nbobserver": 4, "nbesp": 26, "nbrar": 0, "nbesprar": 0 }, "bbox": [ 534597.6070026375819, 6238301.067182986065745, 534597.6070026375819, 6238301.067182986065745 ], "geometry": { "type": "Point", "coordinates": [ 534597.6070026375819, 6238301.067182986065745 ] } },
{ "type": "Feature", "properties": { "id": 338, "cdep": "51", "dep": "Marne", "nb": 47, "nbobserver": 2, "nbesp": 15, "nbrar": 0, "nbesprar": 0 }, "bbox": [ 534252.411916724406183, 6223123.198631691746414, 534252.411916724406183, 6223123.198631691746414 ], "geometry": { "type": "Point", "coordinates": [ 534252.411916724406183, 6223123.198631691746414 ] } },
{ "type": "Feature", "properties": { "id": 339, "cdep": "51", "dep": "Marne", "nb": 661, "nbobserver": 6, "nbesp": 41, "nbrar": 0, "nbesprar": 0 }, "bbox": [ 533908.402386857778765, 6207971.244344587437809, 533908.402386857778765, 6207971.244344587437809 ], "geometry": { "type": "Point", "coordinates": [ 533908.402386857778765, 6207971.244344587437809 ] } },
{ "type": "Feature", "properties": { "id": 340, "cdep": "52", "dep": "Haute-Marne", "nb": 885, "nbobserver": 14, "nbesp": 46, "nbrar": 2, "nbesprar": 1 }, "bbox": [ 533565.572316952049732, 6192845.115413238294423, 533565.572316952049732, 6192845.115413238294423 ], "geometry": { "type": "Point", "coordinates": [ 533565.572316952049732, 6192845.115413238294423 ] } },
{ "type": "Feature", "properties": { "id": 341, "cdep": "52", "dep": "Haute-Marne", "nb": 151, "nbobserver": 5, "nbesp": 27, "nbrar": 0, "nbesprar": 0 }, "bbox": [ 533223.915652638766915, 6177744.72338730096817, 533223.915652638766915, 6177744.72338730096817 ], "geometry": { "type": "Point", "coordinates": [ 533223.915652638766915, 6177744.72338730096817 ] } },
{ "type": "Feature", "properties": { "id": 342, "cdep": "10", "dep": "Aube", "nb": 165, "nbobserver": 3, "nbesp": 27, "nbrar": 0, "nbesprar": 0 }, "bbox": [ 532883.426380908233114, 6162669.980271391570568, 532883.426380908233114, 6162669.980271391570568 ], "geometry": { "type": "Point", "coordinates": [ 532883.426380908233114, 6162669.980271391570568 ] } },
{ "type": "Feature", "properties": { "id": 343, "cdep": "10", "dep": "Aube", "nb": 57, "nbobserver": 3, "nbesp": 16, "nbrar": 0, "nbesprar": 0 }, "bbox": [ 532544.098529758048244, 6147620.798521997407079, 532544.098529758048244, 6147620.798521997407079 ], "geometry": { "type": "Point", "coordinates": [ 532544.098529758048244, 6147620.798521997407079 ] } },
{ "type": "Feature", "properties": { "id": 344, "cdep": "10", "dep": "Aube", "nb": 53, "nbobserver": 2, "nbesp": 20, "nbrar": 1, "nbesprar": 1 }, "bbox": [ 532205.926167844212614, 6132597.091044385917485, 532205.926167844212614, 6132597.091044385917485 ], "geometry": { "type": "Point", "coordinates": [ 532205.926167844212614, 6132597.091044385917485 ] } },
{ "type": "Feature", "properties": { "id": 345, "cdep": "52", "dep": "Haute-Marne", "nb": 65, "nbobserver": 2, "nbesp": 20, "nbrar": 0, "nbesprar": 0 }, "bbox": [ 531868.903404134674929, 6117598.77118958439678, 531868.903404134674929, 6117598.77118958439678 ], "geometry": { "type": "Point", "coordinates": [ 531868.903404134674929, 6117598.77118958439678 ] } },
{ "type": "Feature", "properties": { "id": 346, "cdep": "52", "dep": "Haute-Marne", "nb": 0, "nbobserver": 0, "nbesp": 0, "nbrar": 0, "nbesprar": 0 }, "bbox": [ 531533.024387569050305, 6102625.752751333639026, 531533.024387569050305, 6102625.752751333639026 ], "geometry": { "type": "Point", "coordinates": [ 531533.024387569050305, 6102625.752751333639026 ] } },
{ "type": "Feature", "properties": { "id": 347, "cdep": "52", "dep": "Haute-Marne", "nb": 0, "nbobserver": 0, "nbesp": 0, "nbrar": 0, "nbesprar": 0 }, "bbox": [ 531198.283306721132249, 6087677.949963106773794, 531198.283306721132249, 6087677.949963106773794 ], "geometry": { "type": "Point", "coordinates": [ 531198.283306721132249, 6087677.949963106773794 ] } },
{ "type": "Feature", "properties": { "id": 358, "cdep": "08", "dep": "Ardennes", "nb": 329, "nbobserver": 7, "nbesp": 36, "nbrar": 0, "nbesprar": 0 }, "bbox": [ 553913.153679427923635, 6406619.979408673942089, 553913.153679427923635, 6406619.979408673942089 ], "geometry": { "type": "Point", "coordinates": [ 553913.153679427923635, 6406619.979408673942089 ] } },
{ "type": "Feature", "properties": { "id": 359, "cdep": "08", "dep": "Ardennes", "nb": 1231, "nbobserver": 28, "nbesp": 44, "nbrar": 0, "nbesprar": 0 }, "bbox": [ 553527.451037513208576, 6391152.357768449932337, 553527.451037513208576, 6391152.357768449932337 ], "geometry": { "type": "Point", "coordinates": [ 553527.451037513208576, 6391152.357768449932337 ] } },
{ "type": "Feature", "properties": { "id": 360, "cdep": "08", "dep": "Ardennes", "nb": 196, "nbobserver": 10, "nbesp": 34, "nbrar": 0, "nbesprar": 0 }, "bbox": [ 553143.098449457669631, 6375711.65269470307976, 553143.098449457669631, 6375711.65269470307976 ], "geometry": { "type": "Point", "coordinates": [ 553143.098449457669631, 6375711.65269470307976 ] } },
{ "type": "Feature", "properties": { "id": 361, "cdep": "08", "dep": "Ardennes", "nb": 2772, "nbobserver": 2, "nbesp": 35, "nbrar": 0, "nbesprar": 0 }, "bbox": [ 552760.088840829092078, 6360297.770073694176972, 552760.088840829092078, 6360297.770073694176972 ], "geometry": { "type": "Point", "coordinates": [ 552760.088840829092078, 6360297.770073694176972 ] } },
{ "type": "Feature", "properties": { "id": 362, "cdep": "08", "dep": "Ardennes", "nb": 41, "nbobserver": 3, "nbesp": 16, "nbrar": 1, "nbesprar": 1 }, "bbox": [ 552378.415186523576267, 6344910.616285572759807, 552378.415186523576267, 6344910.616285572759807 ], "geometry": { "type": "Point", "coordinates": [ 552378.415186523576267, 6344910.616285572759807 ] } },
{ "type": "Feature", "properties": { "id": 363, "cdep": "08", "dep": "Ardennes", "nb": 11, "nbobserver": 1, "nbesp": 11, "nbrar": 0, "nbesprar": 0 }, "bbox": [ 551998.070510341553017, 6329550.098200937733054, 551998.070510341553017, 6329550.098200937733054 ], "geometry": { "type": "Point", "coordinates": [ 551998.070510341553017, 6329550.098200937733054 ] } },
{ "type": "Feature", "properties": { "id": 364, "cdep": "51", "dep": "Marne", "nb": 45, "nbobserver": 3, "nbesp": 17, "nbrar": 0, "nbesprar": 0 }, "bbox": [ 551619.047884559957311, 6314216.1231774315238, 551619.047884559957311, 6314216.1231774315238 ], "geometry": { "type": "Point", "coordinates": [ 551619.047884559957311, 6314216.1231774315238 ] } },
{ "type": "Feature", "properties": { "id": 365, "cdep": "51", "dep": "Marne", "nb": 307, "nbobserver": 7, "nbesp": 36, "nbrar": 1, "nbesprar": 1 }, "bbox": [ 551241.340429515228607, 6298908.599056381732225, 551241.340429515228607, 6298908.599056381732225 ], "geometry": { "type": "Point", "coordinates": [ 551241.340429515228607, 6298908.599056381732225 ] } },
{ "type": "Feature", "properties": { "id": 366, "cdep": "51", "dep": "Marne", "nb": 249, "nbobserver": 5, "nbesp": 36, "nbrar": 0, "nbesprar": 0 }, "bbox": [ 550864.941313181188889, 6283627.434159441851079, 550864.941313181188889, 6283627.434159441851079 ], "geometry": { "type": "Point", "coordinates": [ 550864.941313181188889, 6283627.434159441851079 ] } },
{ "type": "Feature", "properties": { "id": 367, "cdep": "51", "dep": "Marne", "nb": 442, "nbobserver": 6, "nbesp": 41, "nbrar": 7, "nbesprar": 3 }, "bbox": [ 550489.843750765081495, 6268372.537285286933184, 550489.843750765081495, 6268372.537285286933184 ], "geometry": { "type": "Point", "coordinates": [ 550489.843750765081495, 6268372.537285286933184 ] } },
{ "type": "Feature", "properties": { "id": 368, "cdep": "55", "dep": "Meuse", "nb": 38, "nbobserver": 3, "nbesp": 23, "nbrar": 0, "nbesprar": 0 }, "bbox": [ 550116.041004295228049, 6253143.817706326022744, 550116.041004295228049, 6253143.817706326022744 ], "geometry": { "type": "Point", "coordinates": [ 550116.041004295228049, 6253143.817706326022744 ] } },
{ "type": "Feature", "properties": { "id": 369, "cdep": "55", "dep": "Meuse", "nb": 752, "nbobserver": 14, "nbesp": 43, "nbrar": 1, "nbesprar": 1 }, "bbox": [ 549743.526382219628431, 6237941.185165433213115, 549743.526382219628431, 6237941.185165433213115 ], "geometry": { "type": "Point", "coordinates": [ 549743.526382219628431, 6237941.185165433213115 ] } },
{ "type": "Feature", "properties": { "id": 370, "cdep": "51", "dep": "Marne", "nb": 860, "nbobserver": 12, "nbesp": 44, "nbrar": 1, "nbesprar": 1 }, "bbox": [ 549372.293239005142823, 6222764.549872734583914, 549372.293239005142823, 6222764.549872734583914 ], "geometry": { "type": "Point", "coordinates": [ 549372.293239005142823, 6222764.549872734583914 ] } },
{ "type": "Feature", "properties": { "id": 371, "cdep": "52", "dep": "Haute-Marne", "nb": 1251, "nbobserver": 30, "nbesp": 45, "nbrar": 1, "nbesprar": 1 }, "bbox": [ 549002.334974746336229, 6207613.822502394206822, 549002.334974746336229, 6207613.822502394206822 ], "geometry": { "type": "Point", "coordinates": [ 549002.334974746336229, 6207613.822502394206822 ] } },
{ "type": "Feature", "properties": { "id": 372, "cdep": "52", "dep": "Haute-Marne", "nb": 154, "nbobserver": 7, "nbesp": 36, "nbrar": 0, "nbesprar": 0 }, "bbox": [ 548633.645034771761857, 6192488.914189441129565, 548633.645034771761857, 6192488.914189441129565 ], "geometry": { "type": "Point", "coordinates": [ 548633.645034771761857, 6192488.914189441129565 ] } },
{ "type": "Feature", "properties": { "id": 373, "cdep": "52", "dep": "Haute-Marne", "nb": 392, "nbobserver": 4, "nbesp": 35, "nbrar": 0, "nbesprar": 0 }, "bbox": [ 548266.216909255948849, 6177389.73652661498636, 548266.216909255948849, 6177389.73652661498636 ], "geometry": { "type": "Point", "coordinates": [ 548266.216909255948849, 6177389.73652661498636 ] } },
{ "type": "Feature", "properties": { "id": 374, "cdep": "52", "dep": "Haute-Marne", "nb": 272, "nbobserver": 5, "nbesp": 42, "nbrar": 0, "nbesprar": 0 }, "bbox": [ 547900.044132841518149, 6162316.201561261899769, 547900.044132841518149, 6162316.201561261899769 ], "geometry": { "type": "Point", "coordinates": [ 547900.044132841518149, 6162316.201561261899769 ] } },
{ "type": "Feature", "properties": { "id": 375, "cdep": "52", "dep": "Haute-Marne", "nb": 1874, "nbobserver": 5, "nbesp": 46, "nbrar": 1, "nbesprar": 1 }, "bbox": [ 547535.120284255128354, 6147268.221792222931981, 547535.120284255128354, 6147268.221792222931981 ], "geometry": { "type": "Point", "coordinates": [ 547535.120284255128354, 6147268.221792222931981 ] } },
{ "type": "Feature", "properties": { "id": 376, "cdep": "52", "dep": "Haute-Marne", "nb": 72, "nbobserver": 3, "nbesp": 26, "nbrar": 1, "nbesprar": 1 }, "bbox": [ 547171.438985935179517, 6132245.710166769102216, 547171.438985935179517, 6132245.710166769102216 ], "geometry": { "type": "Point", "coordinates": [ 547171.438985935179517, 6132245.710166769102216 ] } },
{ "type": "Feature", "properties": { "id": 377, "cdep": "52", "dep": "Haute-Marne", "nb": 787, "nbobserver": 7, "nbesp": 35, "nbrar": 4, "nbesprar": 1 }, "bbox": [ 546808.993903659516945, 6117248.580077563412488, 546808.993903659516945, 6117248.580077563412488 ], "geometry": { "type": "Point", "coordinates": [ 546808.993903659516945, 6117248.580077563412488 ] } },
{ "type": "Feature", "properties": { "id": 378, "cdep": "52", "dep": "Haute-Marne", "nb": 26, "nbobserver": 2, "nbesp": 15, "nbrar": 1, "nbesprar": 1 }, "bbox": [ 546447.778746179305017, 6102276.74535963870585, 546447.778746179305017, 6102276.74535963870585 ], "geometry": { "type": "Point", "coordinates": [ 546447.778746179305017, 6102276.74535963870585 ] } },
{ "type": "Feature", "properties": { "id": 379, "cdep": "52", "dep": "Haute-Marne", "nb": 0, "nbobserver": 0, "nbesp": 0, "nbrar": 0, "nbesprar": 0 }, "bbox": [ 546087.787264852668159, 6087330.120287409983575, 546087.787264852668159, 6087330.120287409983575 ], "geometry": { "type": "Point", "coordinates": [ 546087.787264852668159, 6087330.120287409983575 ] } },
{ "type": "Feature", "properties": { "id": 380, "cdep": "52", "dep": "Haute-Marne", "nb": 7, "nbobserver": 1, "nbesp": 7, "nbrar": 0, "nbesprar": 0 }, "bbox": [ 545729.013253288227133, 6072408.619571702554822, 545729.013253288227133, 6072408.619571702554822 ], "geometry": { "type": "Point", "coordinates": [ 545729.013253288227133, 6072408.619571702554822 ] } },
{ "type": "Feature", "properties": { "id": 381, "cdep": "52", "dep": "Haute-Marne", "nb": 0, "nbobserver": 0, "nbesp": 0, "nbrar": 0, "nbesprar": 0 }, "bbox": [ 545371.450546985375695, 6057512.158356815576553, 545371.450546985375695, 6057512.158356815576553 ], "geometry": { "type": "Point", "coordinates": [ 545371.450546985375695, 6057512.158356815576553 ] } },
{ "type": "Feature", "properties": { "id": 390, "cdep": "08", "dep": "Ardennes", "nb": 0, "nbobserver": 0, "nbesp": 0, "nbrar": 0, "nbesprar": 0 }, "bbox": [ 569350.164205030538142, 6406218.928162205964327, 569350.164205030538142, 6406218.928162205964327 ], "geometry": { "type": "Point", "coordinates": [ 569350.164205030538142, 6406218.928162205964327 ] } },
{ "type": "Feature", "properties": { "id": 391, "cdep": "08", "dep": "Ardennes", "nb": 316, "nbobserver": 5, "nbesp": 30, "nbrar": 1, "nbesprar": 1 }, "bbox": [ 568937.416887880768627, 6390752.707310952246189, 568937.416887880768627, 6390752.707310952246189 ], "geometry": { "type": "Point", "coordinates": [ 568937.416887880768627, 6390752.707310952246189 ] } },
{ "type": "Feature", "properties": { "id": 392, "cdep": "08", "dep": "Ardennes", "nb": 125, "nbobserver": 3, "nbesp": 25, "nbrar": 0, "nbesprar": 0 }, "bbox": [ 568526.114156823256053, 6375313.395684610120952, 568526.114156823256053, 6375313.395684610120952 ], "geometry": { "type": "Point", "coordinates": [ 568526.114156823256053, 6375313.395684610120952 ] } },
{ "type": "Feature", "properties": { "id": 393, "cdep": "55", "dep": "Meuse", "nb": 388, "nbobserver": 6, "nbesp": 37, "nbrar": 0, "nbesprar": 0 }, "bbox": [ 568116.248442972544581, 6359900.899220708757639, 568116.248442972544581, 6359900.899220708757639 ], "geometry": { "type": "Point", "coordinates": [ 568116.248442972544581, 6359900.899220708757639 ] } },
{ "type": "Feature", "properties": { "id": 394, "cdep": "55", "dep": "Meuse", "nb": 132, "nbobserver": 3, "nbesp": 21, "nbrar": 1, "nbesprar": 1 }, "bbox": [ 567707.812230220646597, 6344515.124350218102336, 567707.812230220646597, 6344515.124350218102336 ], "geometry": { "type": "Point", "coordinates": [ 567707.812230220646597, 6344515.124350218102336 ] } },
{ "type": "Feature", "properties": { "id": 395, "cdep": "55", "dep": "Meuse", "nb": 0, "nbobserver": 0, "nbesp": 0, "nbrar": 0, "nbesprar": 0 }, "bbox": [ 567300.798054767539725, 6329155.97799411509186, 567300.798054767539725, 6329155.97799411509186 ], "geometry": { "type": "Point", "coordinates": [ 567300.798054767539725, 6329155.97799411509186 ] } },
{ "type": "Feature", "properties": { "id": 396, "cdep": "55", "dep": "Meuse", "nb": 162, "nbobserver": 3, "nbesp": 29, "nbrar": 0, "nbesprar": 0 }, "bbox": [ 566895.198504674830474, 6313823.367559994570911, 566895.198504674830474, 6313823.367559994570911 ], "geometry": { "type": "Point", "coordinates": [ 566895.198504674830474, 6313823.367559994570911 ] } },
{ "type": "Feature", "properties": { "id": 397, "cdep": "55", "dep": "Meuse", "nb": 633, "nbobserver": 2, "nbesp": 37, "nbrar": 4, "nbesprar": 1 }, "bbox": [ 566491.006219409755431, 6298517.200938689522445, 566491.006219409755431, 6298517.200938689522445 ], "geometry": { "type": "Point", "coordinates": [ 566491.006219409755431, 6298517.200938689522445 ] } },
{ "type": "Feature", "properties": { "id": 398, "cdep": "55", "dep": "Meuse", "nb": 42, "nbobserver": 4, "nbesp": 13, "nbrar": 0, "nbesprar": 0 }, "bbox": [ 566088.213889404898509, 6283237.386500936001539, 566088.213889404898509, 6283237.386500936001539 ], "geometry": { "type": "Point", "coordinates": [ 566088.213889404898509, 6283237.386500936001539 ] } },
{ "type": "Feature", "properties": { "id": 399, "cdep": "55", "dep": "Meuse", "nb": 1680, "nbobserver": 1, "nbesp": 43, "nbrar": 2, "nbesprar": 1 }, "bbox": [ 565686.814255617791787, 6267983.833094070665538, 565686.814255617791787, 6267983.833094070665538 ], "geometry": { "type": "Point", "coordinates": [ 565686.814255617791787, 6267983.833094070665538 ] } },
{ "type": "Feature", "properties": { "id": 400, "cdep": "55", "dep": "Meuse", "nb": 1177, "nbobserver": 6, "nbesp": 38, "nbrar": 0, "nbesprar": 0 }, "bbox": [ 565286.800109090632759, 6252756.450038740411401, 565286.800109090632759, 6252756.450038740411401 ], "geometry": { "type": "Point", "coordinates": [ 565286.800109090632759, 6252756.450038740411401 ] } },
{ "type": "Feature", "properties": { "id": 401, "cdep": "55", "dep": "Meuse", "nb": 4793, "nbobserver": 13, "nbesp": 47, "nbrar": 6, "nbesprar": 2 }, "bbox": [ 564888.164290524553508, 6237555.147125644609332, 564888.164290524553508, 6237555.147125644609332 ], "geometry": { "type": "Point", "coordinates": [ 564888.164290524553508, 6237555.147125644609332 ] } },
{ "type": "Feature", "properties": { "id": 402, "cdep": "55", "dep": "Meuse", "nb": 197, "nbobserver": 10, "nbesp": 32, "nbrar": 1, "nbesprar": 1 }, "bbox": [ 564490.8996898510959, 6222379.834612322039902, 564490.8996898510959, 6222379.834612322039902 ], "geometry": { "type": "Point", "coordinates": [ 564490.8996898510959, 6222379.834612322039902 ] } },
{ "type": "Feature", "properties": { "id": 403, "cdep": "52", "dep": "Haute-Marne", "nb": 382, "nbobserver": 13, "nbesp": 37, "nbrar": 0, "nbesprar": 0 }, "bbox": [ 564094.999245808226988, 6207230.423219943419099, 564094.999245808226988, 6207230.423219943419099 ], "geometry": { "type": "Point", "coordinates": [ 564094.999245808226988, 6207230.423219943419099 ] } },
{ "type": "Feature", "properties": { "id": 404, "cdep": "52", "dep": "Haute-Marne", "nb": 11031, "nbobserver": 17, "nbesp": 51, "nbrar": 34, "nbesprar": 4 }, "bbox": [ 563700.455945523572154, 6192106.824130140244961, 563700.455945523572154, 6192106.824130140244961 ], "geometry": { "type": "Point", "coordinates": [ 563700.455945523572154, 6192106.824130140244961 ] } },
{ "type": "Feature", "properties": { "id": 405, "cdep": "52", "dep": "Haute-Marne", "nb": 79, "nbobserver": 2, "nbesp": 19, "nbrar": 0, "nbesprar": 0 }, "bbox": [ 563307.262824101606384, 6177008.948981867171824, 563307.262824101606384, 6177008.948981867171824 ], "geometry": { "type": "Point", "coordinates": [ 563307.262824101606384, 6177008.948981867171824 ] } },
{ "type": "Feature", "properties": { "id": 406, "cdep": "52", "dep": "Haute-Marne", "nb": 24, "nbobserver": 1, "nbesp": 16, "nbrar": 1, "nbesprar": 1 }, "bbox": [ 562915.412964213523082, 6161936.709868275560439, 562915.412964213523082, 6161936.709868275560439 ], "geometry": { "type": "Point", "coordinates": [ 562915.412964213523082, 6161936.709868275560439 ] } },
{ "type": "Feature", "properties": { "id": 407, "cdep": "52", "dep": "Haute-Marne", "nb": 121, "nbobserver": 5, "nbesp": 33, "nbrar": 0, "nbesprar": 0 }, "bbox": [ 562524.899495690944605, 6146890.019333627074957, 562524.899495690944605, 6146890.019333627074957 ], "geometry": { "type": "Point", "coordinates": [ 562524.899495690944605, 6146890.019333627074957 ] } },
{ "type": "Feature", "properties": { "id": 408, "cdep": "52", "dep": "Haute-Marne", "nb": 57, "nbobserver": 2, "nbesp": 17, "nbrar": 0, "nbesprar": 0 }, "bbox": [ 562135.715595125569962, 6131868.79037023242563, 562135.715595125569962, 6131868.79037023242563 ], "geometry": { "type": "Point", "coordinates": [ 562135.715595125569962, 6131868.79037023242563 ] } },
{ "type": "Feature", "properties": { "id": 409, "cdep": "52", "dep": "Haute-Marne", "nb": 65, "nbobserver": 3, "nbesp": 20, "nbrar": 0, "nbesprar": 0 }, "bbox": [ 561747.854485473246314, 6116872.936415407806635, 561747.854485473246314, 6116872.936415407806635 ], "geometry": { "type": "Point", "coordinates": [ 561747.854485473246314, 6116872.936415407806635 ] } },
{ "type": "Feature", "properties": { "id": 410, "cdep": "52", "dep": "Haute-Marne", "nb": 25, "nbobserver": 3, "nbesp": 16, "nbrar": 0, "nbesprar": 0 }, "bbox": [ 561361.309435657924041, 6101902.371348460204899, 561361.309435657924041, 6101902.371348460204899 ], "geometry": { "type": "Point", "coordinates": [ 561361.309435657924041, 6101902.371348460204899 ] } },
{ "type": "Feature", "properties": { "id": 411, "cdep": "52", "dep": "Haute-Marne", "nb": 6, "nbobserver": 1, "nbesp": 6, "nbrar": 0, "nbesprar": 0 }, "bbox": [ 560976.073760187020525, 6086957.009487705305219, 560976.073760187020525, 6086957.009487705305219 ], "geometry": { "type": "Point", "coordinates": [ 560976.073760187020525, 6086957.009487705305219 ] } },
{ "type": "Feature", "properties": { "id": 412, "cdep": "52", "dep": "Haute-Marne", "nb": 68, "nbobserver": 5, "nbesp": 23, "nbrar": 1, "nbesprar": 1 }, "bbox": [ 560592.140818761312403, 6072036.765587499365211, 560592.140818761312403, 6072036.765587499365211 ], "geometry": { "type": "Point", "coordinates": [ 560592.140818761312403, 6072036.765587499365211 ] } },
{ "type": "Feature", "properties": { "id": 413, "cdep": "52", "dep": "Haute-Marne", "nb": 48, "nbobserver": 2, "nbesp": 23, "nbrar": 0, "nbesprar": 0 }, "bbox": [ 560209.504015898215584, 6057141.554835305549204, 560209.504015898215584, 6057141.554835305549204 ], "geometry": { "type": "Point", "coordinates": [ 560209.504015898215584, 6057141.554835305549204 ] } },
{ "type": "Feature", "properties": { "id": 423, "cdep": "08", "dep": "Ardennes", "nb": 0, "nbobserver": 0, "nbesp": 0, "nbrar": 0, "nbesprar": 0 }, "bbox": [ 584345.938161010621116, 6390325.986981432884932, 584345.938161010621116, 6390325.986981432884932 ], "geometry": { "type": "Point", "coordinates": [ 584345.938161010621116, 6390325.986981432884932 ] } },
{ "type": "Feature", "properties": { "id": 424, "cdep": "08", "dep": "Ardennes", "nb": 124, "nbobserver": 6, "nbesp": 30, "nbrar": 0, "nbesprar": 0 }, "bbox": [ 583907.692855753120966, 6374888.16304681263864, 583907.692855753120966, 6374888.16304681263864 ], "geometry": { "type": "Point", "coordinates": [ 583907.692855753120966, 6374888.16304681263864 ] } },
{ "type": "Feature", "properties": { "id": 425, "cdep": "55", "dep": "Meuse", "nb": 296, "nbobserver": 11, "nbesp": 35, "nbrar": 0, "nbesprar": 0 }, "bbox": [ 583470.978552716318518, 6359477.146492234431207, 583470.978552716318518, 6359477.146492234431207 ], "geometry": { "type": "Point", "coordinates": [ 583470.978552716318518, 6359477.146492234431207 ] } },
{ "type": "Feature", "properties": { "id": 426, "cdep": "55", "dep": "Meuse", "nb": 749, "nbobserver": 5, "nbesp": 39, "nbrar": 2, "nbesprar": 1 }, "bbox": [ 583035.787245239596814, 6344092.843802909366786, 583035.787245239596814, 6344092.843802909366786 ], "geometry": { "type": "Point", "coordinates": [ 583035.787245239596814, 6344092.843802909366786 ] } },
{ "type": "Feature", "properties": { "id": 427, "cdep": "55", "dep": "Meuse", "nb": 21, "nbobserver": 2, "nbesp": 12, "nbrar": 1, "nbesprar": 1 }, "bbox": [ 582602.110982381738722, 6328735.161953591741621, 582602.110982381738722, 6328735.161953591741621 ], "geometry": { "type": "Point", "coordinates": [ 582602.110982381738722, 6328735.161953591741621 ] } },
{ "type": "Feature", "properties": { "id": 428, "cdep": "55", "dep": "Meuse", "nb": 0, "nbobserver": 0, "nbesp": 0, "nbrar": 0, "nbesprar": 0 }, "bbox": [ 582169.941868433961645, 6313404.008405182510614, 582169.941868433961645, 6313404.008405182510614 ], "geometry": { "type": "Point", "coordinates": [ 582169.941868433961645, 6313404.008405182510614 ] } },
{ "type": "Feature", "properties": { "id": 429, "cdep": "55", "dep": "Meuse", "nb": 249, "nbobserver": 4, "nbesp": 35, "nbrar": 0, "nbesprar": 0 }, "bbox": [ 581739.27206244377885, 6298099.291101354174316, 581739.27206244377885, 6298099.291101354174316 ], "geometry": { "type": "Point", "coordinates": [ 581739.27206244377885, 6298099.291101354174316 ] } },
{ "type": "Feature", "properties": { "id": 430, "cdep": "55", "dep": "Meuse", "nb": 117, "nbobserver": 1, "nbesp": 32, "nbrar": 0, "nbesprar": 0 }, "bbox": [ 581310.093777740490623, 6282820.91846523899585, 581310.093777740490623, 6282820.91846523899585 ], "geometry": { "type": "Point", "coordinates": [ 581310.093777740490623, 6282820.91846523899585 ] } },
{ "type": "Feature", "properties": { "id": 431, "cdep": "55", "dep": "Meuse", "nb": 0, "nbobserver": 0, "nbesp": 0, "nbrar": 0, "nbesprar": 0 }, "bbox": [ 580882.399281465448439, 6267568.799396106041968, 580882.399281465448439, 6267568.799396106041968 ], "geometry": { "type": "Point", "coordinates": [ 580882.399281465448439, 6267568.799396106041968 ] } },
{ "type": "Feature", "properties": { "id": 432, "cdep": "55", "dep": "Meuse", "nb": 48, "nbobserver": 5, "nbesp": 18, "nbrar": 0, "nbesprar": 0 }, "bbox": [ 580456.180894109304063, 6252342.843266082927585, 580456.180894109304063, 6252342.843266082927585 ], "geometry": { "type": "Point", "coordinates": [ 580456.180894109304063, 6252342.843266082927585 ] } },
{ "type": "Feature", "properties": { "id": 433, "cdep": "55", "dep": "Meuse", "nb": 1581, "nbobserver": 31, "nbesp": 42, "nbrar": 0, "nbesprar": 0 }, "bbox": [ 580031.430989052751102, 6237142.959916926920414, 580031.430989052751102, 6237142.959916926920414 ], "geometry": { "type": "Point", "coordinates": [ 580031.430989052751102, 6237142.959916926920414 ] } },
{ "type": "Feature", "properties": { "id": 434, "cdep": "55", "dep": "Meuse", "nb": 67, "nbobserver": 4, "nbesp": 21, "nbrar": 0, "nbesprar": 0 }, "bbox": [ 579608.141992111457512, 6221969.05965677741915, 579608.141992111457512, 6221969.05965677741915 ], "geometry": { "type": "Point", "coordinates": [ 579608.141992111457512, 6221969.05965677741915 ] } },
{ "type": "Feature", "properties": { "id": 435, "cdep": "55", "dep": "Meuse", "nb": 331, "nbobserver": 4, "nbesp": 32, "nbrar": 0, "nbesprar": 0 }, "bbox": [ 579186.306381086935289, 6206821.05325697734952, 579186.306381086935289, 6206821.05325697734952 ], "geometry": { "type": "Point", "coordinates": [ 579186.306381086935289, 6206821.05325697734952 ] } },
{ "type": "Feature", "properties": { "id": 436, "cdep": "52", "dep": "Haute-Marne", "nb": 154, "nbobserver": 5, "nbesp": 24, "nbrar": 0, "nbesprar": 0 }, "bbox": [ 578765.91668532055337, 6191698.85194890294224, 578765.91668532055337, 6191698.85194890294224 ], "geometry": { "type": "Point", "coordinates": [ 578765.91668532055337, 6191698.85194890294224 ] } },
{ "type": "Feature", "properties": { "id": 437, "cdep": "52", "dep": "Haute-Marne", "nb": 8437, "nbobserver": 14, "nbesp": 49, "nbrar": 3, "nbesprar": 3 }, "bbox": [ 578346.965485254768282, 6176602.367420827969909, 578346.965485254768282, 6176602.367420827969909 ], "geometry": { "type": "Point", "coordinates": [ 578346.965485254768282, 6176602.367420827969909 ] } },
{ "type": "Feature", "properties": { "id": 438, "cdep": "52", "dep": "Haute-Marne", "nb": 2078, "nbobserver": 9, "nbesp": 42, "nbrar": 0, "nbesprar": 0 }, "bbox": [ 577929.445411994121969, 6161531.511814803816378, 577929.445411994121969, 6161531.511814803816378 ], "geometry": { "type": "Point", "coordinates": [ 577929.445411994121969, 6161531.511814803816378 ] } },
{ "type": "Feature", "properties": { "id": 439, "cdep": "52", "dep": "Haute-Marne", "nb": 151, "nbobserver": 8, "nbesp": 30, "nbrar": 0, "nbesprar": 0 }, "bbox": [ 577513.349146877182648, 6146486.1977235712111, 577513.349146877182648, 6146486.1977235712111 ], "geometry": { "type": "Point", "coordinates": [ 577513.349146877182648, 6146486.1977235712111 ] } },
{ "type": "Feature", "properties": { "id": 440, "cdep": "52", "dep": "Haute-Marne", "nb": 621, "nbobserver": 27, "nbesp": 41, "nbrar": 1, "nbesprar": 1 }, "bbox": [ 577098.669421046040952, 6131466.338187509216368, 577098.669421046040952, 6131466.338187509216368 ], "geometry": { "type": "Point", "coordinates": [ 577098.669421046040952, 6131466.338187509216368 ] } },
{ "type": "Feature", "properties": { "id": 441, "cdep": "52", "dep": "Haute-Marne", "nb": 2339, "nbobserver": 42, "nbesp": 43, "nbrar": 3, "nbesprar": 2 }, "bbox": [ 576685.399015026749112, 6116471.846691598184407, 576685.399015026749112, 6116471.846691598184407 ], "geometry": { "type": "Point", "coordinates": [ 576685.399015026749112, 6116471.846691598184407 ] } },
{ "type": "Feature", "properties": { "id": 442, "cdep": "52", "dep": "Haute-Marne", "nb": 23, "nbobserver": 1, "nbesp": 12, "nbrar": 0, "nbesprar": 0 }, "bbox": [ 576273.530758306966163, 6101502.637162400409579, 576273.530758306966163, 6101502.637162400409579 ], "geometry": { "type": "Point", "coordinates": [ 576273.530758306966163, 6101502.637162400409579 ] } },
{ "type": "Feature", "properties": { "id": 443, "cdep": "52", "dep": "Haute-Marne", "nb": 69, "nbobserver": 2, "nbesp": 25, "nbrar": 0, "nbesprar": 0 }, "bbox": [ 575863.057528925477527, 6086558.623965092003345, 575863.057528925477527, 6086558.623965092003345 ], "geometry": { "type": "Point", "coordinates": [ 575863.057528925477527, 6086558.623965092003345 ] } },
{ "type": "Feature", "properties": { "id": 444, "cdep": "52", "dep": "Haute-Marne", "nb": 14, "nbobserver": 3, "nbesp": 12, "nbrar": 0, "nbesprar": 0 }, "bbox": [ 575453.972253059502691, 6071639.72190048918128, 575453.972253059502691, 6071639.72190048918128 ], "geometry": { "type": "Point", "coordinates": [ 575453.972253059502691, 6071639.72190048918128 ] } },
{ "type": "Feature", "properties": { "id": 445, "cdep": "52", "dep": "Haute-Marne", "nb": 20, "nbobserver": 3, "nbesp": 10, "nbrar": 0, "nbesprar": 0 }, "bbox": [ 575046.267904619802721, 6056745.846202130429447, 575046.267904619802721, 6056745.846202130429447 ], "geometry": { "type": "Point", "coordinates": [ 575046.267904619802721, 6056745.846202130429447 ] } },
{ "type": "Feature", "properties": { "id": 446, "cdep": "52", "dep": "Haute-Marne", "nb": 0, "nbobserver": 0, "nbesp": 0, "nbrar": 0, "nbesprar": 0 }, "bbox": [ 574639.937504848232493, 6041876.912533345632255, 574639.937504848232493, 6041876.912533345632255 ], "geometry": { "type": "Point", "coordinates": [ 574639.937504848232493, 6041876.912533345632255 ] } },
{ "type": "Feature", "properties": { "id": 455, "cdep": "08", "dep": "Ardennes", "nb": 0, "nbobserver": 0, "nbesp": 0, "nbrar": 0, "nbesprar": 0 }, "bbox": [ 599752.920378480339423, 6389872.20462194737047, 599752.920378480339423, 6389872.20462194737047 ], "geometry": { "type": "Point", "coordinates": [ 599752.920378480339423, 6389872.20462194737047 ] } },
{ "type": "Feature", "properties": { "id": 456, "cdep": "55", "dep": "Meuse", "nb": 42, "nbobserver": 2, "nbesp": 19, "nbrar": 0, "nbesprar": 0 }, "bbox": [ 599287.740561808575876, 6374435.962568679824471, 599287.740561808575876, 6374435.962568679824471 ], "geometry": { "type": "Point", "coordinates": [ 599287.740561808575876, 6374435.962568679824471 ] } },
{ "type": "Feature", "properties": { "id": 457, "cdep": "55", "dep": "Meuse", "nb": 2015, "nbobserver": 8, "nbesp": 47, "nbrar": 5, "nbesprar": 3 }, "bbox": [ 598824.18567616364453, 6359026.519621423445642, 598824.18567616364453, 6359026.519621423445642 ], "geometry": { "type": "Point", "coordinates": [ 598824.18567616364453, 6359026.519621423445642 ] } },
{ "type": "Feature", "properties": { "id": 458, "cdep": "55", "dep": "Meuse", "nb": 90, "nbobserver": 2, "nbesp": 24, "nbrar": 0, "nbesprar": 0 }, "bbox": [ 598362.247224823920988, 6343643.782323059625924, 598362.247224823920988, 6343643.782323059625924 ], "geometry": { "type": "Point", "coordinates": [ 598362.247224823920988, 6343643.782323059625924 ] } },
{ "type": "Feature", "properties": { "id": 459, "cdep": "55", "dep": "Meuse", "nb": 140, "nbobserver": 3, "nbesp": 25, "nbrar": 0, "nbesprar": 0 }, "bbox": [ 597901.916770189069211, 6328287.657705498859286, 597901.916770189069211, 6328287.657705498859286 ], "geometry": { "type": "Point", "coordinates": [ 597901.916770189069211, 6328287.657705498859286 ] } },
{ "type": "Feature", "properties": { "id": 460, "cdep": "55", "dep": "Meuse", "nb": 335, "nbobserver": 12, "nbesp": 36, "nbrar": 1, "nbesprar": 1 }, "bbox": [ 597443.185933260712773, 6312958.053286304697394, 597443.185933260712773, 6312958.053286304697394 ], "geometry": { "type": "Point", "coordinates": [ 597443.185933260712773, 6312958.053286304697394 ] } },
{ "type": "Feature", "properties": { "id": 461, "cdep": "55", "dep": "Meuse", "nb": 3112, "nbobserver": 33, "nbesp": 43, "nbrar": 0, "nbesprar": 0 }, "bbox": [ 596986.046393138240092, 6297654.877065328881145, 596986.046393138240092, 6297654.877065328881145 ], "geometry": { "type": "Point", "coordinates": [ 596986.046393138240092, 6297654.877065328881145 ] } },
{ "type": "Feature", "properties": { "id": 462, "cdep": "55", "dep": "Meuse", "nb": 69, "nbobserver": 2, "nbesp": 20, "nbrar": 0, "nbesprar": 0 }, "bbox": [ 596530.489886517054401, 6282378.037521390244365, 596530.489886517054401, 6282378.037521390244365 ], "geometry": { "type": "Point", "coordinates": [ 596530.489886517054401, 6282378.037521390244365 ] } },
{ "type": "Feature", "properties": { "id": 463, "cdep": "55", "dep": "Meuse", "nb": 65, "nbobserver": 3, "nbesp": 22, "nbrar": 0, "nbesprar": 0 }, "bbox": [ 596076.508207186940126, 6267127.443608964793384, 596076.508207186940126, 6267127.443608964793384 ], "geometry": { "type": "Point", "coordinates": [ 596076.508207186940126, 6267127.443608964793384 ] } },
{ "type": "Feature", "properties": { "id": 464, "cdep": "55", "dep": "Meuse", "nb": 16, "nbobserver": 3, "nbesp": 11, "nbrar": 0, "nbesprar": 0 }, "bbox": [ 595624.093205545796081, 6251903.004754916764796, 595624.093205545796081, 6251903.004754916764796 ], "geometry": { "type": "Point", "coordinates": [ 595624.093205545796081, 6251903.004754916764796 ] } },
{ "type": "Feature", "properties": { "id": 465, "cdep": "55", "dep": "Meuse", "nb": 26, "nbobserver": 2, "nbesp": 13, "nbrar": 0, "nbesprar": 0 }, "bbox": [ 595173.236788108129986, 6236704.630855260416865, 595173.236788108129986, 6236704.630855260416865 ], "geometry": { "type": "Point", "coordinates": [ 595173.236788108129986, 6236704.630855260416865 ] } },
{ "type": "Feature", "properties": { "id": 466, "cdep": "55", "dep": "Meuse", "nb": 826, "nbobserver": 13, "nbesp": 35, "nbrar": 0, "nbesprar": 0 }, "bbox": [ 594723.930917024146765, 6221532.232271932065487, 594723.930917024146765, 6221532.232271932065487 ], "geometry": { "type": "Point", "coordinates": [ 594723.930917024146765, 6221532.232271932065487 ] } },
{ "type": "Feature", "properties": { "id": 467, "cdep": "55", "dep": "Meuse", "nb": 22, "nbobserver": 2, "nbesp": 12, "nbrar": 0, "nbesprar": 0 }, "bbox": [ 594276.167609602445737, 6206385.719829612411559, 594276.167609602445737, 6206385.719829612411559 ], "geometry": { "type": "Point", "coordinates": [ 594276.167609602445737, 6206385.719829612411559 ] } },
{ "type": "Feature", "properties": { "id": 468, "cdep": "55", "dep": "Meuse", "nb": 7, "nbobserver": 1, "nbesp": 7, "nbrar": 0, "nbesprar": 0 }, "bbox": [ 593829.938937840866856, 6191265.004812552593648, 593829.938937840866856, 6191265.004812552593648 ], "geometry": { "type": "Point", "coordinates": [ 593829.938937840866856, 6191265.004812552593648 ] } },
{ "type": "Feature", "properties": { "id": 469, "cdep": "52", "dep": "Haute-Marne", "nb": 46, "nbobserver": 1, "nbesp": 22, "nbrar": 0, "nbesprar": 0 }, "bbox": [ 593385.23702795279678, 6176169.998961452394724, 593385.23702795279678, 6176169.998961452394724 ], "geometry": { "type": "Point", "coordinates": [ 593385.23702795279678, 6176169.998961452394724 ] } },
{ "type": "Feature", "properties": { "id": 470, "cdep": "52", "dep": "Haute-Marne", "nb": 0, "nbobserver": 0, "nbesp": 0, "nbrar": 0, "nbesprar": 0 }, "bbox": [ 592942.054059911402874, 6161100.614470344036818, 592942.054059911402874, 6161100.614470344036818 ], "geometry": { "type": "Point", "coordinates": [ 592942.054059911402874, 6161100.614470344036818 ] } },
{ "type": "Feature", "properties": { "id": 471, "cdep": "52", "dep": "Haute-Marne", "nb": 3, "nbobserver": 1, "nbesp": 2, "nbrar": 0, "nbesprar": 0 }, "bbox": [ 592500.382266986300237, 6146056.76398350391537, 592500.382266986300237, 6146056.76398350391537 ], "geometry": { "type": "Point", "coordinates": [ 592500.382266986300237, 6146056.76398350391537 ] } },
{ "type": "Feature", "properties": { "id": 472, "cdep": "52", "dep": "Haute-Marne", "nb": 81, "nbobserver": 5, "nbesp": 25, "nbrar": 1, "nbesprar": 1 }, "bbox": [ 592060.213935295469128, 6131038.360592414624989, 592060.213935295469128, 6131038.360592414624989 ], "geometry": { "type": "Point", "coordinates": [ 592060.213935295469128, 6131038.360592414624989 ] } },
{ "type": "Feature", "properties": { "id": 473, "cdep": "52", "dep": "Haute-Marne", "nb": 166, "nbobserver": 8, "nbesp": 26, "nbrar": 0, "nbesprar": 0 }, "bbox": [ 591621.541403351002373, 6116045.3178327139467, 591621.541403351002373, 6116045.3178327139467 ], "geometry": { "type": "Point", "coordinates": [ 591621.541403351002373, 6116045.3178327139467 ] } },
{ "type": "Feature", "properties": { "id": 474, "cdep": "52", "dep": "Haute-Marne", "nb": 1285, "nbobserver": 7, "nbesp": 46, "nbrar": 4, "nbesprar": 3 }, "bbox": [ 591184.357061620918103, 6101077.549681207165122, 591184.357061620918103, 6101077.549681207165122 ], "geometry": { "type": "Point", "coordinates": [ 591184.357061620918103, 6101077.549681207165122 ] } },
{ "type": "Feature", "properties": { "id": 475, "cdep": "52", "dep": "Haute-Marne", "nb": 1022, "nbobserver": 27, "nbesp": 46, "nbrar": 1, "nbesprar": 1 }, "bbox": [ 590748.653352084103972, 6086134.970552876591682, 590748.653352084103972, 6086134.970552876591682 ], "geometry": { "type": "Point", "coordinates": [ 590748.653352084103972, 6086134.970552876591682 ] } },
{ "type": "Feature", "properties": { "id": 476, "cdep": "52", "dep": "Haute-Marne", "nb": 461, "nbobserver": 13, "nbesp": 32, "nbrar": 0, "nbesprar": 0 }, "bbox": [ 590314.422767800046131, 6071217.495297934859991, 590314.422767800046131, 6071217.495297934859991 ], "geometry": { "type": "Point", "coordinates": [ 590314.422767800046131, 6071217.495297934859991 ] } },
{ "type": "Feature", "properties": { "id": 477, "cdep": "52", "dep": "Haute-Marne", "nb": 554, "nbobserver": 7, "nbesp": 32, "nbrar": 0, "nbesprar": 0 }, "bbox": [ 589881.657852475298569, 6056325.039198888465762, 589881.657852475298569, 6056325.039198888465762 ], "geometry": { "type": "Point", "coordinates": [ 589881.657852475298569, 6056325.039198888465762 ] } },
{ "type": "Feature", "properties": { "id": 478, "cdep": "52", "dep": "Haute-Marne", "nb": 17, "nbobserver": 2, "nbesp": 16, "nbrar": 0, "nbesprar": 0 }, "bbox": [ 589450.351200037403032, 6041457.517967635765672, 589450.351200037403032, 6041457.517967635765672 ], "geometry": { "type": "Point", "coordinates": [ 589450.351200037403032, 6041457.517967635765672 ] } },
{ "type": "Feature", "properties": { "id": 488, "cdep": "55", "dep": "Meuse", "nb": 0, "nbobserver": 0, "nbesp": 0, "nbrar": 0, "nbesprar": 0 }, "bbox": [ 614666.163346753339283, 6373956.802529520355165, 614666.163346753339283, 6373956.802529520355165 ], "geometry": { "type": "Point", "coordinates": [ 614666.163346753339283, 6373956.802529520355165 ] } },
{ "type": "Feature", "properties": { "id": 489, "cdep": "54", "dep": "Meurthe-et-Moselle", "nb": 208, "nbobserver": 4, "nbesp": 21, "nbrar": 0, "nbesprar": 0 }, "bbox": [ 614175.77637513296213, 6358549.026829958893359, 614175.77637513296213, 6358549.026829958893359 ], "geometry": { "type": "Point", "coordinates": [ 614175.77637513296213, 6358549.026829958893359 ] } },
{ "type": "Feature", "properties": { "id": 490, "cdep": "55", "dep": "Meuse", "nb": 22, "nbobserver": 2, "nbesp": 20, "nbrar": 0, "nbesprar": 0 }, "bbox": [ 613687.099217448499985, 6343167.948075214400887, 613687.099217448499985, 6343167.948075214400887 ], "geometry": { "type": "Point", "coordinates": [ 613687.099217448499985, 6343167.948075214400887 ] } },
{ "type": "Feature", "properties": { "id": 491, "cdep": "55", "dep": "Meuse", "nb": 10, "nbobserver": 1, "nbesp": 10, "nbrar": 0, "nbesprar": 0 }, "bbox": [ 613200.122949949000031, 6327813.473357745446265, 613200.122949949000031, 6327813.473357745446265 ], "geometry": { "type": "Point", "coordinates": [ 613200.122949949000031, 6327813.473357745446265 ] } },
{ "type": "Feature", "properties": { "id": 492, "cdep": "55", "dep": "Meuse", "nb": 25, "nbobserver": 3, "nbesp": 16, "nbrar": 0, "nbesprar": 0 }, "bbox": [ 612714.838710856623948, 6312485.510255130007863, 612714.838710856623948, 6312485.510255130007863 ], "geometry": { "type": "Point", "coordinates": [ 612714.838710856623948, 6312485.510255130007863 ] } },
{ "type": "Feature", "properties": { "id": 493, "cdep": "55", "dep": "Meuse", "nb": 243, "nbobserver": 5, "nbesp": 41, "nbrar": 1, "nbesprar": 1 }, "bbox": [ 612231.237699825200252, 6297183.966826722025871, 612231.237699825200252, 6297183.966826722025871 ], "geometry": { "type": "Point", "coordinates": [ 612231.237699825200252, 6297183.966826722025871 ] } },
{ "type": "Feature", "properties": { "id": 494, "cdep": "55", "dep": "Meuse", "nb": 290, "nbobserver": 8, "nbesp": 35, "nbrar": 1, "nbesprar": 1 }, "bbox": [ 611749.311177412047982, 6281908.751610320992768, 611749.311177412047982, 6281908.751610320992768 ], "geometry": { "type": "Point", "coordinates": [ 611749.311177412047982, 6281908.751610320992768 ] } },
{ "type": "Feature", "properties": { "id": 495, "cdep": "55", "dep": "Meuse", "nb": 102, "nbobserver": 4, "nbesp": 22, "nbrar": 0, "nbesprar": 0 }, "bbox": [ 611269.050464550498873, 6266659.773618879728019, 611269.050464550498873, 6266659.773618879728019 ], "geometry": { "type": "Point", "coordinates": [ 611269.050464550498873, 6266659.773618879728019 ] } },
{ "type": "Feature", "properties": { "id": 496, "cdep": "55", "dep": "Meuse", "nb": 594, "nbobserver": 9, "nbesp": 37, "nbrar": 2, "nbesprar": 1 }, "bbox": [ 610790.446942029404454, 6251436.942337236367166, 610790.446942029404454, 6251436.942337236367166 ], "geometry": { "type": "Point", "coordinates": [ 610790.446942029404454, 6251436.942337236367166 ] } },
{ "type": "Feature", "properties": { "id": 497, "cdep": "55", "dep": "Meuse", "nb": 19, "nbobserver": 2, "nbesp": 14, "nbrar": 0, "nbesprar": 0 }, "bbox": [ 610313.492049980326556, 6236240.167718873359263, 610313.492049980326556, 6236240.167718873359263 ], "geometry": { "type": "Point", "coordinates": [ 610313.492049980326556, 6236240.167718873359263 ] } },
{ "type": "Feature", "properties": { "id": 498, "cdep": "55", "dep": "Meuse", "nb": 242, "nbobserver": 3, "nbesp": 30, "nbrar": 0, "nbesprar": 0 }, "bbox": [ 609838.177287365309894, 6221069.360182711854577, 609838.177287365309894, 6221069.360182711854577 ], "geometry": { "type": "Point", "coordinates": [ 609838.177287365309894, 6221069.360182711854577 ] } },
{ "type": "Feature", "properties": { "id": 499, "cdep": "55", "dep": "Meuse", "nb": 0, "nbobserver": 0, "nbesp": 0, "nbrar": 0, "nbesprar": 0 }, "bbox": [ 609364.49421147396788, 6205924.43060991819948, 609364.49421147396788, 6205924.43060991819948 ], "geometry": { "type": "Point", "coordinates": [ 609364.49421147396788, 6205924.43060991819948 ] } },
{ "type": "Feature", "properties": { "id": 500, "cdep": "55", "dep": "Meuse", "nb": 47, "nbobserver": 2, "nbesp": 12, "nbrar": 0, "nbesprar": 0 }, "bbox": [ 608892.434437423478812, 6190805.290340760722756, 608892.434437423478812, 6190805.290340760722756 ], "geometry": { "type": "Point", "coordinates": [ 608892.434437423478812, 6190805.290340760722756 ] } },
{ "type": "Feature", "properties": { "id": 501, "cdep": "88", "dep": "Vosges", "nb": 30, "nbobserver": 1, "nbesp": 13, "nbrar": 0, "nbesprar": 0 }, "bbox": [ 608421.989637665799819, 6175711.851171459071338, 608421.989637665799819, 6175711.851171459071338 ], "geometry": { "type": "Point", "coordinates": [ 608421.989637665799819, 6175711.851171459071338 ] } },
{ "type": "Feature", "properties": { "id": 502, "cdep": "52", "dep": "Haute-Marne", "nb": 66, "nbobserver": 1, "nbesp": 20, "nbrar": 0, "nbesprar": 0 }, "bbox": [ 607953.151541496859863, 6160644.025351105257869, 607953.151541496859863, 6160644.025351105257869 ], "geometry": { "type": "Point", "coordinates": [ 607953.151541496859863, 6160644.025351105257869 ] } },
{ "type": "Feature", "properties": { "id": 503, "cdep": "52", "dep": "Haute-Marne", "nb": 62, "nbobserver": 2, "nbesp": 18, "nbrar": 0, "nbesprar": 0 }, "bbox": [ 607485.911934573785402, 6145601.72557856887579, 607485.911934573785402, 6145601.72557856887579 ], "geometry": { "type": "Point", "coordinates": [ 607485.911934573785402, 6145601.72557856887579 ] } },
{ "type": "Feature", "properties": { "id": 504, "cdep": "52", "dep": "Haute-Marne", "nb": 31, "nbobserver": 1, "nbesp": 16, "nbrar": 0, "nbesprar": 0 }, "bbox": [ 607020.262658434687182, 6130584.864999447017908, 607020.262658434687182, 6130584.864999447017908 ], "geometry": { "type": "Point", "coordinates": [ 607020.262658434687182, 6130584.864999447017908 ] } },
{ "type": "Feature", "properties": { "id": 505, "cdep": "52", "dep": "Haute-Marne", "nb": 13, "nbobserver": 2, "nbesp": 10, "nbrar": 0, "nbesprar": 0 }, "bbox": [ 606556.195610026246868, 6115593.357203046791255, 606556.195610026246868, 6115593.357203046791255 ], "geometry": { "type": "Point", "coordinates": [ 606556.195610026246868, 6115593.357203046791255 ] } },
{ "type": "Feature", "properties": { "id": 506, "cdep": "52", "dep": "Haute-Marne", "nb": 322, "nbobserver": 5, "nbesp": 27, "nbrar": 1, "nbesprar": 1 }, "bbox": [ 606093.702741232118569, 6100627.116219385527074, 606093.702741232118569, 6100627.116219385527074 ], "geometry": { "type": "Point", "coordinates": [ 606093.702741232118569, 6100627.116219385527074 ] } },
{ "type": "Feature", "properties": { "id": 507, "cdep": "52", "dep": "Haute-Marne", "nb": 74, "nbobserver": 2, "nbesp": 22, "nbrar": 0, "nbesprar": 0 }, "bbox": [ 605632.776058410177939, 6085686.056516202166677, 605632.776058410177939, 6085686.056516202166677 ], "geometry": { "type": "Point", "coordinates": [ 605632.776058410177939, 6085686.056516202166677 ] } },
{ "type": "Feature", "properties": { "id": 508, "cdep": "52", "dep": "Haute-Marne", "nb": 288, "nbobserver": 15, "nbesp": 34, "nbrar": 1, "nbesprar": 1 }, "bbox": [ 605173.407621930120513, 6070770.092996024526656, 605173.407621930120513, 6070770.092996024526656 ], "geometry": { "type": "Point", "coordinates": [ 605173.407621930120513, 6070770.092996024526656 ] } },
{ "type": "Feature", "properties": { "id": 509, "cdep": "52", "dep": "Haute-Marne", "nb": 266, "nbobserver": 5, "nbesp": 30, "nbrar": 1, "nbesprar": 1 }, "bbox": [ 604715.58954572188668, 6055879.1409932365641, 604715.58954572188668, 6055879.1409932365641 ], "geometry": { "type": "Point", "coordinates": [ 604715.58954572188668, 6055879.1409932365641 ] } },
{ "type": "Feature", "properties": { "id": 510, "cdep": "52", "dep": "Haute-Marne", "nb": 0, "nbobserver": 0, "nbesp": 0, "nbrar": 0, "nbesprar": 0 }, "bbox": [ 604259.313996820710599, 6041013.116271172650158, 604259.313996820710599, 6041013.116271172650158 ], "geometry": { "type": "Point", "coordinates": [ 604259.313996820710599, 6041013.116271172650158 ] } },
{ "type": "Feature", "properties": { "id": 520, "cdep": "54", "dep": "Meurthe-et-Moselle", "nb": 44, "nbobserver": 5, "nbesp": 17, "nbrar": 0, "nbesprar": 0 }, "bbox": [ 630042.86734198522754, 6373450.691700089722872, 630042.86734198522754, 6373450.691700089722872 ], "geometry": { "type": "Point", "coordinates": [ 630042.86734198522754, 6373450.691700089722872 ] } },
{ "type": "Feature", "properties": { "id": 521, "cdep": "54", "dep": "Meurthe-et-Moselle", "nb": 592, "nbobserver": 8, "nbesp": 33, "nbrar": 13, "nbesprar": 1 }, "bbox": [ 629525.65727056202013, 6358044.676827548071742, 629525.65727056202013, 6358044.676827548071742 ], "geometry": { "type": "Point", "coordinates": [ 629525.65727056202013, 6358044.676827548071742 ] } },
{ "type": "Feature", "properties": { "id": 522, "cdep": "55", "dep": "Meuse", "nb": 124, "nbobserver": 5, "nbesp": 38, "nbrar": 0, "nbesprar": 0 }, "bbox": [ 629010.250330190407112, 6342665.34970857296139, 629010.250330190407112, 6342665.34970857296139 ], "geometry": { "type": "Point", "coordinates": [ 629010.250330190407112, 6342665.34970857296139 ] } },
{ "type": "Feature", "properties": { "id": 523, "cdep": "55", "dep": "Meuse", "nb": 60, "nbobserver": 2, "nbesp": 23, "nbrar": 0, "nbesprar": 0 }, "bbox": [ 628496.637111516552977, 6327312.617499542422593, 628496.637111516552977, 6327312.617499542422593 ], "geometry": { "type": "Point", "coordinates": [ 628496.637111516552977, 6327312.617499542422593 ] } },
{ "type": "Feature", "properties": { "id": 524, "cdep": "55", "dep": "Meuse", "nb": 189, "nbobserver": 10, "nbesp": 34, "nbrar": 0, "nbesprar": 0 }, "bbox": [ 627984.808270516805351, 6311986.387841401621699, 627984.808270516805351, 6311986.387841401621699 ], "geometry": { "type": "Point", "coordinates": [ 627984.808270516805351, 6311986.387841401621699 ] } },
{ "type": "Feature", "properties": { "id": 525, "cdep": "55", "dep": "Meuse", "nb": 32, "nbobserver": 2, "nbesp": 13, "nbrar": 0, "nbesprar": 0 }, "bbox": [ 627474.754527932265773, 6296686.568856322206557, 627474.754527932265773, 6296686.568856322206557 ], "geometry": { "type": "Point", "coordinates": [ 627474.754527932265773, 6296686.568856322206557 ] } },
{ "type": "Feature", "properties": { "id": 526, "cdep": "55", "dep": "Meuse", "nb": 70, "nbobserver": 7, "nbesp": 23, "nbrar": 0, "nbesprar": 0 }, "bbox": [ 626966.466668707551435, 6281413.069144375622272, 626966.466668707551435, 6281413.069144375622272 ], "geometry": { "type": "Point", "coordinates": [ 626966.466668707551435, 6281413.069144375622272 ] } },
{ "type": "Feature", "properties": { "id": 527, "cdep": "55", "dep": "Meuse", "nb": 473, "nbobserver": 2, "nbesp": 37, "nbrar": 4, "nbesprar": 1 }, "bbox": [ 626459.935541438520886, 6266165.797780252993107, 626459.935541438520886, 6266165.797780252993107 ], "geometry": { "type": "Point", "coordinates": [ 626459.935541438520886, 6266165.797780252993107 ] } },
{ "type": "Feature", "properties": { "id": 528, "cdep": "55", "dep": "Meuse", "nb": 0, "nbobserver": 0, "nbesp": 0, "nbrar": 0, "nbesprar": 0 }, "bbox": [ 625955.152057822328061, 6250944.664309998974204, 625955.152057822328061, 6250944.664309998974204 ], "geometry": { "type": "Point", "coordinates": [ 625955.152057822328061, 6250944.664309998974204 ] } },
{ "type": "Feature", "properties": { "id": 529, "cdep": "55", "dep": "Meuse", "nb": 227, "nbobserver": 3, "nbesp": 26, "nbrar": 0, "nbesprar": 0 }, "bbox": [ 625452.107192115858197, 6235749.578747775405645, 625452.107192115858197, 6235749.578747775405645 ], "geometry": { "type": "Point", "coordinates": [ 625452.107192115858197, 6235749.578747775405645 ] } },
{ "type": "Feature", "properties": { "id": 530, "cdep": "55", "dep": "Meuse", "nb": 245, "nbobserver": 7, "nbesp": 35, "nbrar": 0, "nbesprar": 0 }, "bbox": [ 624950.791980597074144, 6220580.451572662219405, 624950.791980597074144, 6220580.451572662219405 ], "geometry": { "type": "Point", "coordinates": [ 624950.791980597074144, 6220580.451572662219405 ] } },
{ "type": "Feature", "properties": { "id": 531, "cdep": "55", "dep": "Meuse", "nb": 183, "nbobserver": 2, "nbesp": 37, "nbrar": 1, "nbesprar": 1 }, "bbox": [ 624451.197521035792306, 6205437.193725468590856, 624451.197521035792306, 6205437.193725468590856 ], "geometry": { "type": "Point", "coordinates": [ 624451.197521035792306, 6205437.193725468590856 ] } },
{ "type": "Feature", "properties": { "id": 532, "cdep": "55", "dep": "Meuse", "nb": 14, "nbobserver": 2, "nbesp": 10, "nbrar": 0, "nbesprar": 0 }, "bbox": [ 623953.31497216434218, 6190319.716605592519045, 623953.31497216434218, 6190319.716605592519045 ], "geometry": { "type": "Point", "coordinates": [ 623953.31497216434218, 6190319.716605592519045 ] } },
{ "type": "Feature", "properties": { "id": 533, "cdep": "88", "dep": "Vosges", "nb": 32, "nbobserver": 1, "nbesp": 14, "nbrar": 0, "nbesprar": 0 }, "bbox": [ 623457.135553160216659, 6175227.932067889720201, 623457.135553160216659, 6175227.932067889720201 ], "geometry": { "type": "Point", "coordinates": [ 623457.135553160216659, 6175227.932067889720201 ] } },
{ "type": "Feature", "properties": { "id": 534, "cdep": "88", "dep": "Vosges", "nb": 22, "nbobserver": 2, "nbesp": 12, "nbrar": 0, "nbesprar": 0 }, "bbox": [ 622962.650543126976117, 6160161.752419574186206, 622962.650543126976117, 6160161.752419574186206 ], "geometry": { "type": "Point", "coordinates": [ 622962.650543126976117, 6160161.752419574186206 ] } },
{ "type": "Feature", "properties": { "id": 535, "cdep": "52", "dep": "Haute-Marne", "nb": 286, "nbobserver": 4, "nbesp": 40, "nbrar": 0, "nbesprar": 0 }, "bbox": [ 622469.851280587958172, 6145121.090417148545384, 622469.851280587958172, 6145121.090417148545384 ], "geometry": { "type": "Point", "coordinates": [ 622469.851280587958172, 6145121.090417148545384 ] } },
{ "type": "Feature", "properties": { "id": 536, "cdep": "52", "dep": "Haute-Marne", "nb": 134, "nbobserver": 3, "nbesp": 25, "nbrar": 0, "nbesprar": 0 }, "bbox": [ 621978.729162976727821, 6130105.859263355843723, 621978.729162976727821, 6130105.859263355843723 ], "geometry": { "type": "Point", "coordinates": [ 621978.729162976727821, 6130105.859263355843723 ] } },
{ "type": "Feature", "properties": { "id": 537, "cdep": "52", "dep": "Haute-Marne", "nb": 21, "nbobserver": 2, "nbesp": 13, "nbrar": 0, "nbesprar": 0 }, "bbox": [ 621489.275646142894402, 6115115.972604165785015, 621489.275646142894402, 6115115.972604165785015 ], "geometry": { "type": "Point", "coordinates": [ 621489.275646142894402, 6115115.972604165785015 ] } },
{ "type": "Feature", "properties": { "id": 538, "cdep": "52", "dep": "Haute-Marne", "nb": 5827, "nbobserver": 8, "nbesp": 49, "nbrar": 26, "nbesprar": 3 }, "bbox": [ 621001.482243851642124, 6100151.34452576842159, 621001.482243851642124, 6100151.34452576842159 ], "geometry": { "type": "Point", "coordinates": [ 621001.482243851642124, 6100151.34452576842159 ] } },
{ "type": "Feature", "properties": { "id": 539, "cdep": "52", "dep": "Haute-Marne", "nb": 108, "nbobserver": 6, "nbesp": 33, "nbrar": 0, "nbesprar": 0 }, "bbox": [ 620515.340527296881191, 6085211.889551614411175, 620515.340527296881191, 6085211.889551614411175 ], "geometry": { "type": "Point", "coordinates": [ 620515.340527296881191, 6085211.889551614411175 ] } },
{ "type": "Feature", "properties": { "id": 540, "cdep": "52", "dep": "Haute-Marne", "nb": 42, "nbobserver": 4, "nbesp": 25, "nbrar": 2, "nbesprar": 2 }, "bbox": [ 620030.842124618357047, 6070297.522639461793005, 620030.842124618357047, 6070297.522639461793005 ], "geometry": { "type": "Point", "coordinates": [ 620030.842124618357047, 6070297.522639461793005 ] } },
{ "type": "Feature", "properties": { "id": 541, "cdep": "52", "dep": "Haute-Marne", "nb": 72, "nbobserver": 2, "nbesp": 22, "nbrar": 0, "nbesprar": 0 }, "bbox": [ 619547.978720415499993, 6055408.159178462810814, 619547.978720415499993, 6055408.159178462810814 ], "geometry": { "type": "Point", "coordinates": [ 619547.978720415499993, 6055408.159178462810814 ] } },
{ "type": "Feature", "properties": { "id": 552, "cdep": "54", "dep": "Meurthe-et-Moselle", "nb": 52, "nbobserver": 6, "nbesp": 20, "nbrar": 1, "nbesprar": 1 }, "bbox": [ 645417.758741963305511, 6372917.639342031441629, 645417.758741963305511, 6372917.639342031441629 ], "geometry": { "type": "Point", "coordinates": [ 645417.758741963305511, 6372917.639342031441629 ] } },
{ "type": "Feature", "properties": { "id": 553, "cdep": "54", "dep": "Meurthe-et-Moselle", "nb": 1120, "nbobserver": 18, "nbesp": 43, "nbrar": 0, "nbesprar": 0 }, "bbox": [ 644873.735045895795338, 6357513.478811391629279, 644873.735045895795338, 6357513.478811391629279 ], "geometry": { "type": "Point", "coordinates": [ 644873.735045895795338, 6357513.478811391629279 ] } },
{ "type": "Feature", "properties": { "id": 554, "cdep": "54", "dep": "Meurthe-et-Moselle", "nb": 174, "nbobserver": 10, "nbesp": 31, "nbrar": 0, "nbesprar": 0 }, "bbox": [ 644331.607732096221298, 6342135.996356450021267, 644331.607732096221298, 6342135.996356450021267 ], "geometry": { "type": "Point", "coordinates": [ 644331.607732096221298, 6342135.996356450021267 ] } },
{ "type": "Feature", "properties": { "id": 555, "cdep": "54", "dep": "Meurthe-et-Moselle", "nb": 40, "nbobserver": 3, "nbesp": 27, "nbrar": 0, "nbesprar": 0 }, "bbox": [ 643791.366906177485362, 6326785.099200873635709, 643791.366906177485362, 6326785.099200873635709 ], "geometry": { "type": "Point", "coordinates": [ 643791.366906177485362, 6326785.099200873635709 ] } },
{ "type": "Feature", "properties": { "id": 556, "cdep": "54", "dep": "Meurthe-et-Moselle", "nb": 68, "nbobserver": 3, "nbesp": 24, "nbrar": 0, "nbesprar": 0 }, "bbox": [ 643253.002742436947301, 6311460.69505232013762, 643253.002742436947301, 6311460.69505232013762 ], "geometry": { "type": "Point", "coordinates": [ 643253.002742436947301, 6311460.69505232013762 ] } },
{ "type": "Feature", "properties": { "id": 557, "cdep": "55", "dep": "Meuse", "nb": 21, "nbobserver": 3, "nbesp": 8, "nbrar": 0, "nbesprar": 0 }, "bbox": [ 642716.50548326165881, 6296162.692099085077643, 642716.50548326165881, 6296162.692099085077643 ], "geometry": { "type": "Point", "coordinates": [ 642716.50548326165881, 6296162.692099085077643 ] } },
{ "type": "Feature", "properties": { "id": 558, "cdep": "55", "dep": "Meuse", "nb": 24, "nbobserver": 3, "nbesp": 13, "nbrar": 1, "nbesprar": 1 }, "bbox": [ 642181.865438538952731, 6280890.99900680501014, 642181.865438538952731, 6280890.99900680501014 ], "geometry": { "type": "Point", "coordinates": [ 642181.865438538952731, 6280890.99900680501014 ] } },
{ "type": "Feature", "properties": { "id": 559, "cdep": "55", "dep": "Meuse", "nb": 611, "nbobserver": 5, "nbesp": 39, "nbrar": 0, "nbesprar": 0 }, "bbox": [ 641649.072985074482858, 6265645.524915164336562, 641649.072985074482858, 6265645.524915164336562 ], "geometry": { "type": "Point", "coordinates": [ 641649.072985074482858, 6265645.524915164336562 ] } },
{ "type": "Feature", "properties": { "id": 560, "cdep": "55", "dep": "Meuse", "nb": 16, "nbobserver": 1, "nbesp": 12, "nbrar": 0, "nbesprar": 0 }, "bbox": [ 641118.118566016899422, 6250426.179434640333056, 641118.118566016899422, 6250426.179434640333056 ], "geometry": { "type": "Point", "coordinates": [ 641118.118566016899422, 6250426.179434640333056 ] } },
{ "type": "Feature", "properties": { "id": 561, "cdep": "54", "dep": "Meurthe-et-Moselle", "nb": 23, "nbobserver": 1, "nbesp": 12, "nbrar": 0, "nbesprar": 0 }, "bbox": [ 640588.992690286017023, 6235232.872643275186419, 640588.992690286017023, 6235232.872643275186419 ], "geometry": { "type": "Point", "coordinates": [ 640588.992690286017023, 6235232.872643275186419 ] } },
{ "type": "Feature", "properties": { "id": 562, "cdep": "55", "dep": "Meuse", "nb": 372, "nbobserver": 10, "nbesp": 38, "nbrar": 1, "nbesprar": 1 }, "bbox": [ 640061.685932007734664, 6220065.515083476901054, 640061.685932007734664, 6220065.515083476901054 ], "geometry": { "type": "Point", "coordinates": [ 640061.685932007734664, 6220065.515083476901054 ] } },
{ "type": "Feature", "properties": { "id": 563, "cdep": "55", "dep": "Meuse", "nb": 648, "nbobserver": 5, "nbesp": 27, "nbrar": 0, "nbesprar": 0 }, "bbox": [ 639536.188929955940694, 6204924.017758851870894, 639536.188929955940694, 6204924.017758851870894 ], "geometry": { "type": "Point", "coordinates": [ 639536.188929955940694, 6204924.017758851870894 ] } },
{ "type": "Feature", "properties": { "id": 564, "cdep": "55", "dep": "Meuse", "nb": 309, "nbobserver": 4, "nbesp": 36, "nbrar": 0, "nbesprar": 0 }, "bbox": [ 639012.492387001635507, 6189808.292131047695875, 639012.492387001635507, 6189808.292131047695875 ], "geometry": { "type": "Point", "coordinates": [ 639012.492387001635507, 6189808.292131047695875 ] } },
{ "type": "Feature", "properties": { "id": 565, "cdep": "88", "dep": "Vosges", "nb": 258, "nbobserver": 9, "nbesp": 38, "nbrar": 0, "nbesprar": 0 }, "bbox": [ 638490.587069561472163, 6174718.250116638839245, 638490.587069561472163, 6174718.250116638839245 ], "geometry": { "type": "Point", "coordinates": [ 638490.587069561472163, 6174718.250116638839245 ] } },
{ "type": "Feature", "properties": { "id": 566, "cdep": "88", "dep": "Vosges", "nb": 214, "nbobserver": 6, "nbesp": 34, "nbrar": 0, "nbesprar": 0 }, "bbox": [ 637970.463807057822123, 6159653.804084038361907, 637970.463807057822123, 6159653.804084038361907 ], "geometry": { "type": "Point", "coordinates": [ 637970.463807057822123, 6159653.804084038361907 ] } },
{ "type": "Feature", "properties": { "id": 567, "cdep": "88", "dep": "Vosges", "nb": 40, "nbobserver": 3, "nbesp": 20, "nbrar": 0, "nbesprar": 0 }, "bbox": [ 637452.113491384196095, 6144614.866850419901311, 637452.113491384196095, 6144614.866850419901311 ], "geometry": { "type": "Point", "coordinates": [ 637452.113491384196095, 6144614.866850419901311 ] } },
{ "type": "Feature", "properties": { "id": 568, "cdep": "88", "dep": "Vosges", "nb": 1369, "nbobserver": 3, "nbesp": 38, "nbrar": 1, "nbesprar": 1 }, "bbox": [ 636935.527076371363364, 6129601.351678690873086, 636935.527076371363364, 6129601.351678690873086 ], "geometry": { "type": "Point", "coordinates": [ 636935.527076371363364, 6129601.351678690873086 ] } },
{ "type": "Feature", "properties": { "id": 569, "cdep": "52", "dep": "Haute-Marne", "nb": 0, "nbobserver": 0, "nbesp": 0, "nbrar": 0, "nbesprar": 0 }, "bbox": [ 636420.695577264181338, 6114613.172274466603994, 636420.695577264181338, 6114613.172274466603994 ], "geometry": { "type": "Point", "coordinates": [ 636420.695577264181338, 6114613.172274466603994 ] } },
{ "type": "Feature", "properties": { "id": 570, "cdep": "52", "dep": "Haute-Marne", "nb": 329, "nbobserver": 5, "nbesp": 30, "nbrar": 2, "nbesprar": 2 }, "bbox": [ 635907.610070200054906, 6099650.242783079855144, 635907.610070200054906, 6099650.242783079855144 ], "geometry": { "type": "Point", "coordinates": [ 635907.610070200054906, 6099650.242783079855144 ] } },
{ "type": "Feature", "properties": { "id": 571, "cdep": "52", "dep": "Haute-Marne", "nb": 17, "nbobserver": 1, "nbesp": 12, "nbrar": 0, "nbesprar": 0 }, "bbox": [ 635396.261691696126945, 6084712.477786627598107, 635396.261691696126945, 6084712.477786627598107 ], "geometry": { "type": "Point", "coordinates": [ 635396.261691696126945, 6084712.477786627598107 ] } },
{ "type": "Feature", "properties": { "id": 572, "cdep": "52", "dep": "Haute-Marne", "nb": 4, "nbobserver": 1, "nbesp": 4, "nbrar": 0, "nbesprar": 0 }, "bbox": [ 634886.641638136235997, 6069799.792301020585001, 634886.641638136235997, 6069799.792301020585001 ], "geometry": { "type": "Point", "coordinates": [ 634886.641638136235997, 6069799.792301020585001 ] } },
{ "type": "Feature", "properties": { "id": 573, "cdep": "52", "dep": "Haute-Marne", "nb": 205, "nbobserver": 2, "nbesp": 32, "nbrar": 0, "nbesprar": 0 }, "bbox": [ 634378.741165271843784, 6054912.101773065514863, 634378.741165271843784, 6054912.101773065514863 ], "geometry": { "type": "Point", "coordinates": [ 634378.741165271843784, 6054912.101773065514863 ] } },
{ "type": "Feature", "properties": { "id": 585, "cdep": "54", "dep": "Meurthe-et-Moselle", "nb": 880, "nbobserver": 10, "nbesp": 38, "nbrar": 0, "nbesprar": 0 }, "bbox": [ 660219.916450481745414, 6356955.442465632222593, 660219.916450481745414, 6356955.442465632222593 ], "geometry": { "type": "Point", "coordinates": [ 660219.916450481745414, 6356955.442465632222593 ] } },
{ "type": "Feature", "properties": { "id": 586, "cdep": "54", "dep": "Meurthe-et-Moselle", "nb": 12952, "nbobserver": 13, "nbesp": 45, "nbrar": 4, "nbesprar": 2 }, "bbox": [ 659651.078657540609129, 6341579.897635728120804, 659651.078657540609129, 6341579.897635728120804 ], "geometry": { "type": "Point", "coordinates": [ 659651.078657540609129, 6341579.897635728120804 ] } },
{ "type": "Feature", "properties": { "id": 587, "cdep": "54", "dep": "Meurthe-et-Moselle", "nb": 269, "nbobserver": 9, "nbesp": 30, "nbrar": 2, "nbesprar": 2 }, "bbox": [ 659084.220049980795011, 6326230.928011951968074, 659084.220049980795011, 6326230.928011951968074 ], "geometry": { "type": "Point", "coordinates": [ 659084.220049980795011, 6326230.928011951968074 ] } },
{ "type": "Feature", "properties": { "id": 588, "cdep": "54", "dep": "Meurthe-et-Moselle", "nb": 404, "nbobserver": 19, "nbesp": 35, "nbrar": 2, "nbesprar": 1 }, "bbox": [ 658519.330321015091613, 6310908.441371999680996, 658519.330321015091613, 6310908.441371999680996 ], "geometry": { "type": "Point", "coordinates": [ 658519.330321015091613, 6310908.441371999680996 ] } },
{ "type": "Feature", "properties": { "id": 589, "cdep": "54", "dep": "Meurthe-et-Moselle", "nb": 986, "nbobserver": 19, "nbesp": 37, "nbrar": 0, "nbesprar": 0 }, "bbox": [ 657956.399235264048912, 6295612.345973605290055, 657956.399235264048912, 6295612.345973605290055 ], "geometry": { "type": "Point", "coordinates": [ 657956.399235264048912, 6295612.345973605290055 ] } },
{ "type": "Feature", "properties": { "id": 590, "cdep": "54", "dep": "Meurthe-et-Moselle", "nb": 483, "nbobserver": 7, "nbesp": 35, "nbrar": 0, "nbesprar": 0 }, "bbox": [ 657395.416628141188994, 6280342.550551244057715, 657395.416628141188994, 6280342.550551244057715 ], "geometry": { "type": "Point", "coordinates": [ 657395.416628141188994, 6280342.550551244057715 ] } },
{ "type": "Feature", "properties": { "id": 591, "cdep": "54", "dep": "Meurthe-et-Moselle", "nb": 484, "nbobserver": 7, "nbesp": 41, "nbrar": 3, "nbesprar": 2 }, "bbox": [ 656836.372405238915235, 6265098.964312843978405, 656836.372405238915235, 6265098.964312843978405 ], "geometry": { "type": "Point", "coordinates": [ 656836.372405238915235, 6265098.964312843978405 ] } },
{ "type": "Feature", "properties": { "id": 592, "cdep": "54", "dep": "Meurthe-et-Moselle", "nb": 197, "nbobserver": 8, "nbesp": 27, "nbrar": 0, "nbesprar": 0 }, "bbox": [ 656279.256541726877913, 6249881.496936541050673, 656279.256541726877913, 6249881.496936541050673 ], "geometry": { "type": "Point", "coordinates": [ 656279.256541726877913, 6249881.496936541050673 ] } },
{ "type": "Feature", "properties": { "id": 593, "cdep": "54", "dep": "Meurthe-et-Moselle", "nb": 160, "nbobserver": 11, "nbesp": 27, "nbrar": 0, "nbesprar": 0 }, "bbox": [ 655724.059081751503982, 6234690.058567451313138, 655724.059081751503982, 6234690.058567451313138 ], "geometry": { "type": "Point", "coordinates": [ 655724.059081751503982, 6234690.058567451313138 ] } },
{ "type": "Feature", "properties": { "id": 594, "cdep": "54", "dep": "Meurthe-et-Moselle", "nb": 3846, "nbobserver": 24, "nbesp": 43, "nbrar": 2, "nbesprar": 2 }, "bbox": [ 655170.770137846120633, 6219524.559814486652613, 655170.770137846120633, 6219524.559814486652613 ], "geometry": { "type": "Point", "coordinates": [ 655170.770137846120633, 6219524.559814486652613 ] } },
{ "type": "Feature", "properties": { "id": 595, "cdep": "54", "dep": "Meurthe-et-Moselle", "nb": 196, "nbobserver": 8, "nbesp": 25, "nbrar": 0, "nbesprar": 0 }, "bbox": [ 654619.379890344687738, 6204384.911747177131474, 654619.379890344687738, 6204384.911747177131474 ], "geometry": { "type": "Point", "coordinates": [ 654619.379890344687738, 6204384.911747177131474 ] } },
{ "type": "Feature", "properties": { "id": 596, "cdep": "54", "dep": "Meurthe-et-Moselle", "nb": 21, "nbobserver": 2, "nbesp": 12, "nbrar": 0, "nbesprar": 0 }, "bbox": [ 654069.878586799837649, 6189271.025892544537783, 654069.878586799837649, 6189271.025892544537783 ], "geometry": { "type": "Point", "coordinates": [ 654069.878586799837649, 6189271.025892544537783 ] } },
{ "type": "Feature", "properties": { "id": 597, "cdep": "88", "dep": "Vosges", "nb": 14, "nbobserver": 2, "nbesp": 13, "nbrar": 0, "nbesprar": 0 }, "bbox": [ 653522.256541410461068, 6174182.814231966622174, 653522.256541410461068, 6174182.814231966622174 ], "geometry": { "type": "Point", "coordinates": [ 653522.256541410461068, 6174182.814231966622174 ] } },
{ "type": "Feature", "properties": { "id": 598, "cdep": "88", "dep": "Vosges", "nb": 54, "nbobserver": 4, "nbesp": 22, "nbrar": 0, "nbesprar": 0 }, "bbox": [ 652976.504134456510656, 6159120.189198114909232, 652976.504134456510656, 6159120.189198114909232 ], "geometry": { "type": "Point", "coordinates": [ 652976.504134456510656, 6159120.189198114909232 ] } },
{ "type": "Feature", "properties": { "id": 599, "cdep": "88", "dep": "Vosges", "nb": 91, "nbobserver": 6, "nbesp": 25, "nbrar": 1, "nbesprar": 1 }, "bbox": [ 652432.611811729613692, 6144083.063671874813735, 652432.611811729613692, 6144083.063671874813735 ], "geometry": { "type": "Point", "coordinates": [ 652432.611811729613692, 6144083.063671874813735 ] } },
{ "type": "Feature", "properties": { "id": 600, "cdep": "88", "dep": "Vosges", "nb": 115, "nbobserver": 4, "nbesp": 28, "nbrar": 0, "nbesprar": 0 }, "bbox": [ 651890.570083983708173, 6129071.350979322567582, 651890.570083983708173, 6129071.350979322567582 ], "geometry": { "type": "Point", "coordinates": [ 651890.570083983708173, 6129071.350979322567582 ] } },
{ "type": "Feature", "properties": { "id": 601, "cdep": "88", "dep": "Vosges", "nb": 0, "nbobserver": 0, "nbesp": 0, "nbrar": 0, "nbesprar": 0 }, "bbox": [ 651350.369526379276067, 6114084.964888704009354, 651350.369526379276067, 6114084.964888704009354 ], "geometry": { "type": "Point", "coordinates": [ 651350.369526379276067, 6114084.964888704009354 ] } },
{ "type": "Feature", "properties": { "id": 602, "cdep": "88", "dep": "Vosges", "nb": 77, "nbobserver": 3, "nbesp": 25, "nbrar": 0, "nbesprar": 0 }, "bbox": [ 650812.000777941779234, 6099123.819607461802661, 650812.000777941779234, 6099123.819607461802661 ], "geometry": { "type": "Point", "coordinates": [ 650812.000777941779234, 6099123.819607461802661 ] } },
{ "type": "Feature", "properties": { "id": 603, "cdep": "52", "dep": "Haute-Marne", "nb": 89, "nbobserver": 2, "nbesp": 23, "nbrar": 3, "nbesprar": 1 }, "bbox": [ 650275.454541018581949, 6084187.829779269173741, 650275.454541018581949, 6084187.829779269173741 ], "geometry": { "type": "Point", "coordinates": [ 650275.454541018581949, 6084187.829779269173741 ] } },
{ "type": "Feature", "properties": { "id": 617, "cdep": "57", "dep": "Moselle", "nb": 55, "nbobserver": 5, "nbesp": 24, "nbrar": 0, "nbesprar": 0 }, "bbox": [ 675564.108302948530763, 6356370.577960753813386, 675564.108302948530763, 6356370.577960753813386 ], "geometry": { "type": "Point", "coordinates": [ 675564.108302948530763, 6356370.577960753813386 ] } },
{ "type": "Feature", "properties": { "id": 618, "cdep": "57", "dep": "Moselle", "nb": 1483, "nbobserver": 30, "nbesp": 40, "nbrar": 3, "nbesprar": 1 }, "bbox": [ 674968.570409580599517, 6340997.063646281138062, 674968.570409580599517, 6340997.063646281138062 ], "geometry": { "type": "Point", "coordinates": [ 674968.570409580599517, 6340997.063646281138062 ] } },
{ "type": "Feature", "properties": { "id": 619, "cdep": "57", "dep": "Moselle", "nb": 1626, "nbobserver": 31, "nbesp": 45, "nbrar": 1, "nbesprar": 1 }, "bbox": [ 674375.104327062610537, 6325650.113962638191879, 674375.104327062610537, 6325650.113962638191879 ], "geometry": { "type": "Point", "coordinates": [ 674375.104327062610537, 6325650.113962638191879 ] } },
{ "type": "Feature", "properties": { "id": 620, "cdep": "57", "dep": "Moselle", "nb": 6884, "nbobserver": 41, "nbesp": 46, "nbrar": 3, "nbesprar": 2 }, "bbox": [ 673783.699268147116527, 6310329.636760898865759, 673783.699268147116527, 6310329.636760898865759 ], "geometry": { "type": "Point", "coordinates": [ 673783.699268147116527, 6310329.636760898865759 ] } },
{ "type": "Feature", "properties": { "id": 621, "cdep": "57", "dep": "Moselle", "nb": 815, "nbobserver": 33, "nbesp": 46, "nbrar": 4, "nbesprar": 3 }, "bbox": [ 673194.344520307378843, 6295035.540371537208557, 673194.344520307378843, 6295035.540371537208557 ], "geometry": { "type": "Point", "coordinates": [ 673194.344520307378843, 6295035.540371537208557 ] } },
{ "type": "Feature", "properties": { "id": 622, "cdep": "57", "dep": "Moselle", "nb": 2441, "nbobserver": 29, "nbesp": 47, "nbrar": 1, "nbesprar": 1 }, "bbox": [ 672607.029445090098307, 6279767.733601140789688, 672607.029445090098307, 6279767.733601140789688 ], "geometry": { "type": "Point", "coordinates": [ 672607.029445090098307, 6279767.733601140789688 ] } },
{ "type": "Feature", "properties": { "id": 623, "cdep": "54", "dep": "Meurthe-et-Moselle", "nb": 1975, "nbobserver": 35, "nbesp": 50, "nbrar": 4, "nbesprar": 3 }, "bbox": [ 672021.743477481533773, 6264526.125729122199118, 672021.743477481533773, 6264526.125729122199118 ], "geometry": { "type": "Point", "coordinates": [ 672021.743477481533773, 6264526.125729122199118 ] } },
{ "type": "Feature", "properties": { "id": 624, "cdep": "54", "dep": "Meurthe-et-Moselle", "nb": 397, "nbobserver": 15, "nbesp": 37, "nbrar": 3, "nbesprar": 1 }, "bbox": [ 671438.476125268731266, 6249310.626504492014647, 671438.476125268731266, 6249310.626504492014647 ], "geometry": { "type": "Point", "coordinates": [ 671438.476125268731266, 6249310.626504492014647 ] } },
{ "type": "Feature", "properties": { "id": 625, "cdep": "54", "dep": "Meurthe-et-Moselle", "nb": 1174, "nbobserver": 23, "nbesp": 43, "nbrar": 1, "nbesprar": 1 }, "bbox": [ 670857.216968418797478, 6234121.14614263176918, 670857.216968418797478, 6234121.14614263176918 ], "geometry": { "type": "Point", "coordinates": [ 670857.216968418797478, 6234121.14614263176918 ] } },
{ "type": "Feature", "properties": { "id": 626, "cdep": "54", "dep": "Meurthe-et-Moselle", "nb": 229, "nbobserver": 11, "nbesp": 37, "nbrar": 1, "nbesprar": 1 }, "bbox": [ 670277.955658457824029, 6218957.595322116278112, 670277.955658457824029, 6218957.595322116278112 ], "geometry": { "type": "Point", "coordinates": [ 670277.955658457824029, 6218957.595322116278112 ] } },
{ "type": "Feature", "properties": { "id": 627, "cdep": "54", "dep": "Meurthe-et-Moselle", "nb": 459, "nbobserver": 13, "nbesp": 30, "nbrar": 0, "nbesprar": 0 }, "bbox": [ 669700.681917856330983, 6203819.885181539691985, 669700.681917856330983, 6203819.885181539691985 ], "geometry": { "type": "Point", "coordinates": [ 669700.681917856330983, 6203819.885181539691985 ] } },
{ "type": "Feature", "properties": { "id": 628, "cdep": "54", "dep": "Meurthe-et-Moselle", "nb": 129, "nbobserver": 7, "nbesp": 25, "nbrar": 0, "nbesprar": 0 }, "bbox": [ 669125.385539426933974, 6188707.927316398359835, 669125.385539426933974, 6188707.927316398359835 ], "geometry": { "type": "Point", "coordinates": [ 669125.385539426933974, 6188707.927316398359835 ] } },
{ "type": "Feature", "properties": { "id": 629, "cdep": "54", "dep": "Meurthe-et-Moselle", "nb": 132, "nbobserver": 7, "nbesp": 27, "nbrar": 1, "nbesprar": 1 }, "bbox": [ 668552.056385718518868, 6173621.633775964379311, 668552.056385718518868, 6173621.633775964379311 ], "geometry": { "type": "Point", "coordinates": [ 668552.056385718518868, 6173621.633775964379311 ] } },
{ "type": "Feature", "properties": { "id": 630, "cdep": "88", "dep": "Vosges", "nb": 37, "nbobserver": 2, "nbesp": 16, "nbrar": 0, "nbesprar": 0 }, "bbox": [ 667980.684388426481746, 6158560.917060222476721, 667980.684388426481746, 6158560.917060222476721 ], "geometry": { "type": "Point", "coordinates": [ 667980.684388426481746, 6158560.917060222476721 ] } },
{ "type": "Feature", "properties": { "id": 631, "cdep": "88", "dep": "Vosges", "nb": 597, "nbobserver": 11, "nbesp": 40, "nbrar": 1, "nbesprar": 1 }, "bbox": [ 667411.259547802153975, 6143525.690116794779897, 667411.259547802153975, 6143525.690116794779897 ], "geometry": { "type": "Point", "coordinates": [ 667411.259547802153975, 6143525.690116794779897 ] } },
{ "type": "Feature", "properties": { "id": 632, "cdep": "88", "dep": "Vosges", "nb": 210, "nbobserver": 2, "nbesp": 27, "nbrar": 1, "nbesprar": 1 }, "bbox": [ 666843.771932070492767, 6128515.866337930783629, 666843.771932070492767, 6128515.866337930783629 ], "geometry": { "type": "Point", "coordinates": [ 666843.771932070492767, 6128515.866337930783629 ] } },
{ "type": "Feature", "properties": { "id": 633, "cdep": "88", "dep": "Vosges", "nb": 29, "nbobserver": 1, "nbesp": 13, "nbrar": 0, "nbesprar": 0 }, "bbox": [ 666278.211676855455153, 6113531.359557495452464, 666278.211676855455153, 6113531.359557495452464 ], "geometry": { "type": "Point", "coordinates": [ 666278.211676855455153, 6113531.359557495452464 ] } },
{ "type": "Feature", "properties": { "id": 634, "cdep": "88", "dep": "Vosges", "nb": 12, "nbobserver": 2, "nbesp": 9, "nbrar": 0, "nbesprar": 0 }, "bbox": [ 665714.568984607816674, 6098572.084047981537879, 665714.568984607816674, 6098572.084047981537879 ], "geometry": { "type": "Point", "coordinates": [ 665714.568984607816674, 6098572.084047981537879 ] } },
{ "type": "Feature", "properties": { "id": 649, "cdep": "57", "dep": "Moselle", "nb": 299, "nbobserver": 14, "nbesp": 37, "nbrar": 0, "nbesprar": 0 }, "bbox": [ 690906.217494586715475, 6355758.895952980965376, 690906.217494586715475, 6355758.895952980965376 ], "geometry": { "type": "Point", "coordinates": [ 690906.217494586715475, 6355758.895952980965376 ] } },
{ "type": "Feature", "properties": { "id": 650, "cdep": "57", "dep": "Moselle", "nb": 2516, "nbobserver": 60, "nbesp": 48, "nbrar": 7, "nbesprar": 2 }, "bbox": [ 690283.990363302291371, 6340387.504970348440111, 690283.990363302291371, 6340387.504970348440111 ], "geometry": { "type": "Point", "coordinates": [ 690283.990363302291371, 6340387.504970348440111 ] } },
{ "type": "Feature", "properties": { "id": 651, "cdep": "57", "dep": "Moselle", "nb": 1346, "nbobserver": 34, "nbesp": 43, "nbrar": 1, "nbesprar": 1 }, "bbox": [ 689663.927592964842916, 6325042.667561841197312, 689663.927592964842916, 6325042.667561841197312 ], "geometry": { "type": "Point", "coordinates": [ 689663.927592964842916, 6325042.667561841197312 ] } },
{ "type": "Feature", "properties": { "id": 652, "cdep": "57", "dep": "Moselle", "nb": 1319, "nbobserver": 44, "nbesp": 43, "nbrar": 4, "nbesprar": 2 }, "bbox": [ 689046.017916519893333, 6309724.291655228473246, 689046.017916519893333, 6309724.291655228473246 ], "geometry": { "type": "Point", "coordinates": [ 689046.017916519893333, 6309724.291655228473246 ] } },
{ "type": "Feature", "properties": { "id": 653, "cdep": "57", "dep": "Moselle", "nb": 10415, "nbobserver": 153, "nbesp": 51, "nbrar": 66, "nbesprar": 5 }, "bbox": [ 688430.250144935678691, 6294432.285657023079693, 688430.250144935678691, 6294432.285657023079693 ], "geometry": { "type": "Point", "coordinates": [ 688430.250144935678691, 6294432.285657023079693 ] } },
{ "type": "Feature", "properties": { "id": 654, "cdep": "57", "dep": "Moselle", "nb": 2025, "nbobserver": 32, "nbesp": 44, "nbrar": 2, "nbesprar": 2 }, "bbox": [ 687816.613166536204517, 6279166.55844917986542, 687816.613166536204517, 6279166.55844917986542 ], "geometry": { "type": "Point", "coordinates": [ 687816.613166536204517, 6279166.55844917986542 ] } },
{ "type": "Feature", "properties": { "id": 655, "cdep": "54", "dep": "Meurthe-et-Moselle", "nb": 69, "nbobserver": 9, "nbesp": 17, "nbrar": 0, "nbesprar": 0 }, "bbox": [ 687205.095946327783167, 6263927.019385845400393, 687205.095946327783167, 6263927.019385845400393 ], "geometry": { "type": "Point", "coordinates": [ 687205.095946327783167, 6263927.019385845400393 ] } },
{ "type": "Feature", "properties": { "id": 656, "cdep": "54", "dep": "Meurthe-et-Moselle", "nb": 101, "nbobserver": 6, "nbesp": 26, "nbrar": 0, "nbesprar": 0 }, "bbox": [ 686595.687525345245376, 6248713.578290113247931, 686595.687525345245376, 6248713.578290113247931 ], "geometry": { "type": "Point", "coordinates": [ 686595.687525345245376, 6248713.578290113247931 ] } },
{ "type": "Feature", "properties": { "id": 657, "cdep": "54", "dep": "Meurthe-et-Moselle", "nb": 3207, "nbobserver": 74, "nbesp": 48, "nbrar": 38, "nbesprar": 3 }, "bbox": [ 685988.377019993262365, 6233526.145450810901821, 685988.377019993262365, 6233526.145450810901821 ], "geometry": { "type": "Point", "coordinates": [ 685988.377019993262365, 6233526.145450810901821 ] } },
{ "type": "Feature", "properties": { "id": 658, "cdep": "54", "dep": "Meurthe-et-Moselle", "nb": 10871, "nbobserver": 278, "nbesp": 49, "nbrar": 270, "nbesprar": 3 }, "bbox": [ 685383.153621402918361, 6218364.631619329564273, 685383.153621402918361, 6218364.631619329564273 ], "geometry": { "type": "Point", "coordinates": [ 685383.153621402918361, 6218364.631619329564273 ] } },
{ "type": "Feature", "properties": { "id": 659, "cdep": "54", "dep": "Meurthe-et-Moselle", "nb": 4096, "nbobserver": 45, "nbesp": 46, "nbrar": 8, "nbesprar": 2 }, "bbox": [ 684780.006594791309908, 6203228.948006466031075, 684780.006594791309908, 6203228.948006466031075 ], "geometry": { "type": "Point", "coordinates": [ 684780.006594791309908, 6203228.948006466031075 ] } },
{ "type": "Feature", "properties": { "id": 660, "cdep": "54", "dep": "Meurthe-et-Moselle", "nb": 146, "nbobserver": 8, "nbesp": 34, "nbrar": 0, "nbesprar": 0 }, "bbox": [ 684178.925278827897273, 6188119.006279283203185, 684178.925278827897273, 6188119.006279283203185 ], "geometry": { "type": "Point", "coordinates": [ 684178.925278827897273, 6188119.006279283203185 ] } },
{ "type": "Feature", "properties": { "id": 661, "cdep": "54", "dep": "Meurthe-et-Moselle", "nb": 1209, "nbobserver": 10, "nbesp": 40, "nbrar": 0, "nbesprar": 0 }, "bbox": [ 683579.899085007142276, 6173034.718558031134307, 683579.899085007142276, 6173034.718558031134307 ], "geometry": { "type": "Point", "coordinates": [ 683579.899085007142276, 6173034.718558031134307 ] } },
{ "type": "Feature", "properties": { "id": 662, "cdep": "88", "dep": "Vosges", "nb": 1118, "nbobserver": 14, "nbesp": 37, "nbrar": 0, "nbesprar": 0 }, "bbox": [ 682982.917497029644437, 6157975.997413047589362, 682982.917497029644437, 6157975.997413047589362 ], "geometry": { "type": "Point", "coordinates": [ 682982.917497029644437, 6157975.997413047589362 ] } },
{ "type": "Feature", "properties": { "id": 663, "cdep": "88", "dep": "Vosges", "nb": 435, "nbobserver": 5, "nbesp": 34, "nbrar": 1, "nbesprar": 1 }, "bbox": [ 682387.970070186187513, 6142942.755861726589501, 682387.970070186187513, 6142942.755861726589501 ], "geometry": { "type": "Point", "coordinates": [ 682387.970070186187513, 6142942.755861726589501 ] } },
{ "type": "Feature", "properties": { "id": 664, "cdep": "88", "dep": "Vosges", "nb": 123, "nbobserver": 3, "nbesp": 28, "nbrar": 0, "nbesprar": 0 }, "bbox": [ 681795.046430751332082, 6127934.907365487888455, 681795.046430751332082, 6127934.907365487888455 ], "geometry": { "type": "Point", "coordinates": [ 681795.046430751332082, 6127934.907365487888455 ] } },
{ "type": "Feature", "properties": { "id": 665, "cdep": "88", "dep": "Vosges", "nb": 276, "nbobserver": 2, "nbesp": 29, "nbrar": 0, "nbesprar": 0 }, "bbox": [ 681204.136275380733423, 6112952.365826781839132, 681204.136275380733423, 6112952.365826781839132 ], "geometry": { "type": "Point", "coordinates": [ 681204.136275380733423, 6112952.365826781839132 ] } },
{ "type": "Feature", "properties": { "id": 666, "cdep": "88", "dep": "Vosges", "nb": 0, "nbobserver": 0, "nbesp": 0, "nbrar": 0, "nbesprar": 0 }, "bbox": [ 680615.229370515909977, 6097995.0455861100927, 680615.229370515909977, 6097995.0455861100927 ], "geometry": { "type": "Point", "coordinates": [ 680615.229370515909977, 6097995.0455861100927 ] } },
{ "type": "Feature", "properties": { "id": 681, "cdep": "57", "dep": "Moselle", "nb": 279, "nbobserver": 12, "nbesp": 32, "nbrar": 0, "nbesprar": 0 }, "bbox": [ 706246.150992713752203, 6355120.407583609223366, 706246.150992713752203, 6355120.407583609223366 ], "geometry": { "type": "Point", "coordinates": [ 706246.150992713752203, 6355120.407583609223366 ] } },
{ "type": "Feature", "properties": { "id": 682, "cdep": "57", "dep": "Moselle", "nb": 1889, "nbobserver": 8, "nbesp": 42, "nbrar": 21, "nbesprar": 2 }, "bbox": [ 705597.24596916208975, 6339751.232671900652349, 705597.24596916208975, 6339751.232671900652349 ], "geometry": { "type": "Point", "coordinates": [ 705597.24596916208975, 6339751.232671900652349 ] } },
{ "type": "Feature", "properties": { "id": 683, "cdep": "57", "dep": "Moselle", "nb": 595, "nbobserver": 19, "nbesp": 40, "nbrar": 3, "nbesprar": 1 }, "bbox": [ 704950.597777948947623, 6324408.599796876311302, 704950.597777948947623, 6324408.599796876311302 ], "geometry": { "type": "Point", "coordinates": [ 704950.597777948947623, 6324408.599796876311302 ] } },
{ "type": "Feature", "properties": { "id": 684, "cdep": "57", "dep": "Moselle", "nb": 117, "nbobserver": 8, "nbesp": 24, "nbrar": 1, "nbesprar": 1 }, "bbox": [ 704306.19467289163731, 6309092.416966313496232, 704306.19467289163731, 6309092.416966313496232 ], "geometry": { "type": "Point", "coordinates": [ 704306.19467289163731, 6309092.416966313496232 ] } },
{ "type": "Feature", "properties": { "id": 685, "cdep": "57", "dep": "Moselle", "nb": 1217, "nbobserver": 31, "nbesp": 41, "nbrar": 1, "nbesprar": 1 }, "bbox": [ 703664.024989130557515, 6293802.592666042968631, 703664.024989130557515, 6293802.592666042968631 ], "geometry": { "type": "Point", "coordinates": [ 703664.024989130557515, 6293802.592666042968631 ] } },
{ "type": "Feature", "properties": { "id": 686, "cdep": "57", "dep": "Moselle", "nb": 2084, "nbobserver": 22, "nbesp": 41, "nbrar": 1, "nbesprar": 1 }, "bbox": [ 703024.077142429538071, 6278539.03585666231811, 703024.077142429538071, 6278539.03585666231811 ], "geometry": { "type": "Point", "coordinates": [ 703024.077142429538071, 6278539.03585666231811 ] } },
{ "type": "Feature", "properties": { "id": 687, "cdep": "57", "dep": "Moselle", "nb": 162, "nbobserver": 4, "nbesp": 27, "nbrar": 0, "nbesprar": 0 }, "bbox": [ 702386.339628480724059, 6263301.655970270745456, 702386.339628480724059, 6263301.655970270745456 ], "geometry": { "type": "Point", "coordinates": [ 702386.339628480724059, 6263301.655970270745456 ] } },
{ "type": "Feature", "properties": { "id": 688, "cdep": "54", "dep": "Meurthe-et-Moselle", "nb": 34, "nbobserver": 5, "nbesp": 16, "nbrar": 0, "nbesprar": 0 }, "bbox": [ 701750.801022214232944, 6248090.362907248549163, 701750.801022214232944, 6248090.362907248549163 ], "geometry": { "type": "Point", "coordinates": [ 701750.801022214232944, 6248090.362907248549163 ] } },
{ "type": "Feature", "properties": { "id": 689, "cdep": "54", "dep": "Meurthe-et-Moselle", "nb": 2574, "nbobserver": 28, "nbesp": 48, "nbrar": 4, "nbesprar": 3 }, "bbox": [ 701117.449977122596465, 6232905.067033054307103, 701117.449977122596465, 6232905.067033054307103 ], "geometry": { "type": "Point", "coordinates": [ 701117.449977122596465, 6232905.067033054307103 ] } },
{ "type": "Feature", "properties": { "id": 690, "cdep": "54", "dep": "Meurthe-et-Moselle", "nb": 4547, "nbobserver": 66, "nbesp": 50, "nbrar": 14, "nbesprar": 5 }, "bbox": [ 700486.275224581127986, 6217745.679175041615963, 700486.275224581127986, 6217745.679175041615963 ], "geometry": { "type": "Point", "coordinates": [ 700486.275224581127986, 6217745.679175041615963 ] } },
{ "type": "Feature", "properties": { "id": 691, "cdep": "54", "dep": "Meurthe-et-Moselle", "nb": 2657, "nbobserver": 14, "nbesp": 39, "nbrar": 0, "nbesprar": 0 }, "bbox": [ 699857.265573185752146, 6202612.110619323328137, 699857.265573185752146, 6202612.110619323328137 ], "geometry": { "type": "Point", "coordinates": [ 699857.265573185752146, 6202612.110619323328137 ] } },
{ "type": "Feature", "properties": { "id": 692, "cdep": "54", "dep": "Meurthe-et-Moselle", "nb": 88, "nbobserver": 7, "nbesp": 22, "nbrar": 0, "nbesprar": 0 }, "bbox": [ 699230.409908090252429, 6187504.27310763951391, 699230.409908090252429, 6187504.27310763951391 ], "geometry": { "type": "Point", "coordinates": [ 699230.409908090252429, 6187504.27310763951391 ] } },
{ "type": "Feature", "properties": { "id": 693, "cdep": "88", "dep": "Vosges", "nb": 1583, "nbobserver": 12, "nbesp": 46, "nbrar": 2, "nbesprar": 2 }, "bbox": [ 698605.697190355160274, 6172422.078834276646376, 698605.697190355160274, 6172422.078834276646376 ], "geometry": { "type": "Point", "coordinates": [ 698605.697190355160274, 6172422.078834276646376 ] } },
{ "type": "Feature", "properties": { "id": 694, "cdep": "88", "dep": "Vosges", "nb": 9985, "nbobserver": 4, "nbesp": 49, "nbrar": 9, "nbesprar": 4 }, "bbox": [ 697983.116456299670972, 6157365.440442980267107, 697983.116456299670972, 6157365.440442980267107 ], "geometry": { "type": "Point", "coordinates": [ 697983.116456299670972, 6157365.440442980267107 ] } },
{ "type": "Feature", "properties": { "id": 695, "cdep": "88", "dep": "Vosges", "nb": 11623, "nbobserver": 7, "nbesp": 46, "nbrar": 21, "nbesprar": 2 }, "bbox": [ 697362.656816862872802, 6142334.271023923531175, 697362.656816862872802, 6142334.271023923531175 ], "geometry": { "type": "Point", "coordinates": [ 697362.656816862872802, 6142334.271023923531175 ] } },
{ "type": "Feature", "properties": { "id": 696, "cdep": "88", "dep": "Vosges", "nb": 34, "nbobserver": 5, "nbesp": 19, "nbrar": 0, "nbesprar": 0 }, "bbox": [ 696744.307456969283521, 6127328.484110694378614, 696744.307456969283521, 6127328.484110694378614 ], "geometry": { "type": "Point", "coordinates": [ 696744.307456969283521, 6127328.484110694378614 ] } },
{ "type": "Feature", "properties": { "id": 697, "cdep": "88", "dep": "Vosges", "nb": 74, "nbobserver": 5, "nbesp": 22, "nbrar": 0, "nbesprar": 0 }, "bbox": [ 696128.057634902768768, 6112347.993677292950451, 696128.057634902768768, 6112347.993677292950451 ], "geometry": { "type": "Point", "coordinates": [ 696128.057634902768768, 6112347.993677292950451 ] } },
{ "type": "Feature", "properties": { "id": 698, "cdep": "88", "dep": "Vosges", "nb": 105, "nbobserver": 3, "nbesp": 29, "nbrar": 1, "nbesprar": 1 }, "bbox": [ 695513.896681686863303, 6097392.714135174639523, 695513.896681686863303, 6097392.714135174639523 ], "geometry": { "type": "Point", "coordinates": [ 695513.896681686863303, 6097392.714135174639523 ] } },
{ "type": "Feature", "properties": { "id": 713, "cdep": "57", "dep": "Moselle", "nb": 4, "nbobserver": 1, "nbesp": 4, "nbrar": 0, "nbesprar": 0 }, "bbox": [ 721583.815844042343087, 6354455.124478342011571, 721583.815844042343087, 6354455.124478342011571 ], "geometry": { "type": "Point", "coordinates": [ 721583.815844042343087, 6354455.124478342011571 ] } },
{ "type": "Feature", "properties": { "id": 714, "cdep": "57", "dep": "Moselle", "nb": 114, "nbobserver": 6, "nbesp": 29, "nbrar": 1, "nbesprar": 1 }, "bbox": [ 720908.244756321539171, 6339088.258295978419483, 720908.244756321539171, 6339088.258295978419483 ], "geometry": { "type": "Point", "coordinates": [ 720908.244756321539171, 6339088.258295978419483 ] } },
{ "type": "Feature", "properties": { "id": 715, "cdep": "57", "dep": "Moselle", "nb": 647, "nbobserver": 12, "nbesp": 40, "nbrar": 3, "nbesprar": 2 }, "bbox": [ 720235.022890298860148, 6323747.922132809646428, 720235.022890298860148, 6323747.922132809646428 ], "geometry": { "type": "Point", "coordinates": [ 720235.022890298860148, 6323747.922132809646428 ] } },
{ "type": "Feature", "properties": { "id": 716, "cdep": "57", "dep": "Moselle", "nb": 421, "nbobserver": 21, "nbesp": 38, "nbrar": 3, "nbesprar": 1 }, "bbox": [ 719564.138021371210925, 6308434.024079938419163, 719564.138021371210925, 6308434.024079938419163 ], "geometry": { "type": "Point", "coordinates": [ 719564.138021371210925, 6308434.024079938419163 ] } },
{ "type": "Feature", "properties": { "id": 717, "cdep": "57", "dep": "Moselle", "nb": 426, "nbobserver": 11, "nbesp": 41, "nbrar": 2, "nbesprar": 2 }, "bbox": [ 718895.578009553486481, 6293146.472705793567002, 718895.578009553486481, 6293146.472705793567002 ], "geometry": { "type": "Point", "coordinates": [ 718895.578009553486481, 6293146.472705793567002 ] } },
{ "type": "Feature", "properties": { "id": 718, "cdep": "57", "dep": "Moselle", "nb": 62, "nbobserver": 9, "nbesp": 22, "nbrar": 0, "nbesprar": 0 }, "bbox": [ 718229.33079874550458, 6277885.177052858285606, 718229.33079874550458, 6277885.177052858285606 ], "geometry": { "type": "Point", "coordinates": [ 718229.33079874550458, 6277885.177052858285606 ] } },
{ "type": "Feature", "properties": { "id": 719, "cdep": "57", "dep": "Moselle", "nb": 1915, "nbobserver": 10, "nbesp": 44, "nbrar": 5, "nbesprar": 2 }, "bbox": [ 717565.384416010580026, 6262650.046634420752525, 717565.384416010580026, 6262650.046634420752525 ], "geometry": { "type": "Point", "coordinates": [ 717565.384416010580026, 6262650.046634420752525 ] } },
{ "type": "Feature", "properties": { "id": 720, "cdep": "57", "dep": "Moselle", "nb": 53, "nbobserver": 5, "nbesp": 20, "nbrar": 0, "nbesprar": 0 }, "bbox": [ 716903.726970858639106, 6247440.991431345231831, 716903.726970858639106, 6247440.991431345231831 ], "geometry": { "type": "Point", "coordinates": [ 716903.726970858639106, 6247440.991431345231831 ] } },
{ "type": "Feature", "properties": { "id": 721, "cdep": "54", "dep": "Meurthe-et-Moselle", "nb": 123, "nbobserver": 5, "nbesp": 33, "nbrar": 0, "nbesprar": 0 }, "bbox": [ 716244.34665453969501, 6232257.921888878569007, 716244.34665453969501, 6232257.921888878569007 ], "geometry": { "type": "Point", "coordinates": [ 716244.34665453969501, 6232257.921888878569007 ] } },
{ "type": "Feature", "properties": { "id": 722, "cdep": "54", "dep": "Meurthe-et-Moselle", "nb": 1503, "nbobserver": 22, "nbesp": 43, "nbrar": 1, "nbesprar": 1 }, "bbox": [ 715587.231739341747016, 6217100.748913486488163, 715587.231739341747016, 6217100.748913486488163 ], "geometry": { "type": "Point", "coordinates": [ 715587.231739341747016, 6217100.748913486488163 ] } },
{ "type": "Feature", "properties": { "id": 723, "cdep": "54", "dep": "Meurthe-et-Moselle", "nb": 1293, "nbobserver": 35, "nbesp": 48, "nbrar": 3, "nbesprar": 3 }, "bbox": [ 714932.37057789915707, 6201969.383869715034962, 714932.37057789915707, 6201969.383869715034962 ], "geometry": { "type": "Point", "coordinates": [ 714932.37057789915707, 6201969.383869715034962 ] } },
{ "type": "Feature", "properties": { "id": 724, "cdep": "54", "dep": "Meurthe-et-Moselle", "nb": 42, "nbobserver": 8, "nbesp": 19, "nbrar": 0, "nbesprar": 0 }, "bbox": [ 714279.751602504285984, 6186863.738577075302601, 714279.751602504285984, 6186863.738577075302601 ], "geometry": { "type": "Point", "coordinates": [ 714279.751602504285984, 6186863.738577075302601 ] } },
{ "type": "Feature", "properties": { "id": 725, "cdep": "88", "dep": "Vosges", "nb": 65, "nbobserver": 4, "nbesp": 25, "nbrar": 0, "nbesprar": 0 }, "bbox": [ 713629.363324429024942, 6171783.725306941196322, 713629.363324429024942, 6171783.725306941196322 ], "geometry": { "type": "Point", "coordinates": [ 713629.363324429024942, 6171783.725306941196322 ] } },
{ "type": "Feature", "properties": { "id": 726, "cdep": "88", "dep": "Vosges", "nb": 403, "nbobserver": 18, "nbesp": 43, "nbrar": 1, "nbesprar": 1 }, "bbox": [ 712981.194333251449279, 6156729.256779509596527, 712981.194333251449279, 6156729.256779509596527 ], "geometry": { "type": "Point", "coordinates": [ 712981.194333251449279, 6156729.256779509596527 ] } },
{ "type": "Feature", "properties": { "id": 727, "cdep": "88", "dep": "Vosges", "nb": 1718, "nbobserver": 44, "nbesp": 45, "nbrar": 1, "nbesprar": 1 }, "bbox": [ 712335.233296191785485, 6141700.246160749346018, 712335.233296191785485, 6141700.246160749346018 ], "geometry": { "type": "Point", "coordinates": [ 712335.233296191785485, 6141700.246160749346018 ] } },
{ "type": "Feature", "properties": { "id": 728, "cdep": "88", "dep": "Vosges", "nb": 439, "nbobserver": 19, "nbesp": 40, "nbrar": 0, "nbesprar": 0 }, "bbox": [ 711691.468957452918403, 6126696.607059395872056, 711691.468957452918403, 6126696.607059395872056 ], "geometry": { "type": "Point", "coordinates": [ 711691.468957452918403, 6126696.607059395872056 ] } },
{ "type": "Feature", "properties": { "id": 729, "cdep": "88", "dep": "Vosges", "nb": 247, "nbobserver": 6, "nbesp": 42, "nbrar": 1, "nbesprar": 1 }, "bbox": [ 711049.890137566486374, 6111718.25352397095412, 711049.890137566486374, 6111718.25352397095412 ], "geometry": { "type": "Point", "coordinates": [ 711049.890137566486374, 6111718.25352397095412 ] } },
{ "type": "Feature", "properties": { "id": 730, "cdep": "88", "dep": "Vosges", "nb": 9, "nbobserver": 1, "nbesp": 9, "nbrar": 0, "nbesprar": 0 }, "bbox": [ 710410.485732749570161, 6096765.100039806216955, 710410.485732749570161, 6096765.100039806216955 ], "geometry": { "type": "Point", "coordinates": [ 710410.485732749570161, 6096765.100039806216955 ] } },
{ "type": "Feature", "properties": { "id": 745, "cdep": "57", "dep": "Moselle", "nb": 0, "nbobserver": 0, "nbesp": 0, "nbrar": 0, "nbesprar": 0 }, "bbox": [ 736919.119178033084609, 6353763.058746587485075, 736919.119178033084609, 6353763.058746587485075 ], "geometry": { "type": "Point", "coordinates": [ 736919.119178033084609, 6353763.058746587485075 ] } },
{ "type": "Feature", "properties": { "id": 746, "cdep": "57", "dep": "Moselle", "nb": 0, "nbobserver": 0, "nbesp": 0, "nbrar": 0, "nbesprar": 0 }, "bbox": [ 736216.894335975637659, 6338398.593867979943752, 736216.894335975637659, 6338398.593867979943752 ], "geometry": { "type": "Point", "coordinates": [ 736216.894335975637659, 6338398.593867979943752 ] } },
{ "type": "Feature", "properties": { "id": 747, "cdep": "57", "dep": "Moselle", "nb": 653, "nbobserver": 10, "nbesp": 39, "nbrar": 0, "nbesprar": 0 }, "bbox": [ 735517.11101962113753, 6323060.646511767990887, 735517.11101962113753, 6323060.646511767990887 ], "geometry": { "type": "Point", "coordinates": [ 735517.11101962113753, 6323060.646511767990887 ] } },
{ "type": "Feature", "properties": { "id": 748, "cdep": "57", "dep": "Moselle", "nb": 8031, "nbobserver": 22, "nbesp": 50, "nbrar": 5, "nbesprar": 3 }, "bbox": [ 734819.756526687764563, 6307749.124855671077967, 734819.756526687764563, 6307749.124855671077967 ], "geometry": { "type": "Point", "coordinates": [ 734819.756526687764563, 6307749.124855671077967 ] } },
{ "type": "Feature", "properties": { "id": 749, "cdep": "57", "dep": "Moselle", "nb": 251, "nbobserver": 12, "nbesp": 34, "nbrar": 2, "nbesprar": 1 }, "bbox": [ 734124.818242792971432, 6292463.937553996220231, 734124.818242792971432, 6292463.937553996220231 ], "geometry": { "type": "Point", "coordinates": [ 734124.818242792971432, 6292463.937553996220231 ] } },
{ "type": "Feature", "properties": { "id": 750, "cdep": "57", "dep": "Moselle", "nb": 374, "nbobserver": 16, "nbesp": 36, "nbrar": 0, "nbesprar": 0 }, "bbox": [ 733432.283640696550719, 6277204.993734356947243, 733432.283640696550719, 6277204.993734356947243 ], "geometry": { "type": "Point", "coordinates": [ 733432.283640696550719, 6277204.993734356947243 ] } },
{ "type": "Feature", "properties": { "id": 751, "cdep": "57", "dep": "Moselle", "nb": 126, "nbobserver": 3, "nbesp": 24, "nbrar": 1, "nbesprar": 1 }, "bbox": [ 732742.140279547660612, 6261972.202994441613555, 732742.140279547660612, 6261972.202994441613555 ], "geometry": { "type": "Point", "coordinates": [ 732742.140279547660612, 6261972.202994441613555 ] } },
{ "type": "Feature", "properties": { "id": 752, "cdep": "57", "dep": "Moselle", "nb": 579, "nbobserver": 6, "nbesp": 41, "nbrar": 1, "nbesprar": 1 }, "bbox": [ 732054.37580414279364, 6246765.475398785434663, 732054.37580414279364, 6246765.475398785434663 ], "geometry": { "type": "Point", "coordinates": [ 732054.37580414279364, 6246765.475398785434663 ] } },
{ "type": "Feature", "properties": { "id": 753, "cdep": "57", "dep": "Moselle", "nb": 66, "nbobserver": 2, "nbesp": 18, "nbrar": 1, "nbesprar": 1 }, "bbox": [ 731368.977944192476571, 6231584.721475600264966, 731368.977944192476571, 6231584.721475600264966 ], "geometry": { "type": "Point", "coordinates": [ 731368.977944192476571, 6231584.721475600264966 ] } },
{ "type": "Feature", "properties": { "id": 754, "cdep": "54", "dep": "Meurthe-et-Moselle", "nb": 59, "nbobserver": 5, "nbesp": 16, "nbrar": 0, "nbesprar": 0 }, "bbox": [ 730685.934513590531424, 6216429.852213592268527, 730685.934513590531424, 6216429.852213592268527 ], "geometry": { "type": "Point", "coordinates": [ 730685.934513590531424, 6216429.852213592268527 ] } },
{ "type": "Feature", "properties": { "id": 755, "cdep": "54", "dep": "Meurthe-et-Moselle", "nb": 1347, "nbobserver": 29, "nbesp": 45, "nbrar": 3, "nbesprar": 3 }, "bbox": [ 730005.233409695909359, 6201300.77905885130167, 730005.233409695909359, 6201300.77905885130167 ], "geometry": { "type": "Point", "coordinates": [ 730005.233409695909359, 6201300.77905885130167 ] } },
{ "type": "Feature", "properties": { "id": 756, "cdep": "54", "dep": "Meurthe-et-Moselle", "nb": 92, "nbobserver": 5, "nbesp": 22, "nbrar": 0, "nbesprar": 0 }, "bbox": [ 729326.862612617551349, 6186197.413911729119718, 729326.862612617551349, 6186197.413911729119718 ], "geometry": { "type": "Point", "coordinates": [ 729326.862612617551349, 6186197.413911729119718 ] } },
{ "type": "Feature", "properties": { "id": 757, "cdep": "88", "dep": "Vosges", "nb": 36, "nbobserver": 2, "nbesp": 20, "nbrar": 0, "nbesprar": 0 }, "bbox": [ 728650.810184512170963, 6171119.669123764149845, 728650.810184512170963, 6171119.669123764149845 ], "geometry": { "type": "Point", "coordinates": [ 728650.810184512170963, 6171119.669123764149845 ] } },
{ "type": "Feature", "properties": { "id": 758, "cdep": "88", "dep": "Vosges", "nb": 76, "nbobserver": 4, "nbesp": 20, "nbrar": 0, "nbesprar": 0 }, "bbox": [ 727977.064268883434124, 6156067.457494622096419, 727977.064268883434124, 6156067.457494622096419 ], "geometry": { "type": "Point", "coordinates": [ 727977.064268883434124, 6156067.457494622096419 ] } },
{ "type": "Feature", "properties": { "id": 759, "cdep": "88", "dep": "Vosges", "nb": 419, "nbobserver": 19, "nbesp": 41, "nbrar": 0, "nbesprar": 0 }, "bbox": [ 727305.613089890568517, 6141040.692269075661898, 727305.613089890568517, 6141040.692269075661898 ], "geometry": { "type": "Point", "coordinates": [ 727305.613089890568517, 6141040.692269075661898 ] } },
{ "type": "Feature", "properties": { "id": 760, "cdep": "88", "dep": "Vosges", "nb": 422, "nbobserver": 21, "nbesp": 39, "nbrar": 4, "nbesprar": 1 }, "bbox": [ 726636.444951665587723, 6126039.28713399078697, 726636.444951665587723, 6126039.28713399078697 ], "geometry": { "type": "Point", "coordinates": [ 726636.444951665587723, 6126039.28713399078697 ] } },
{ "type": "Feature", "properties": { "id": 761, "cdep": "88", "dep": "Vosges", "nb": 232, "nbobserver": 12, "nbesp": 35, "nbrar": 0, "nbesprar": 0 }, "bbox": [ 725969.548237635637634, 6111063.156215358525515, 725969.548237635637634, 6111063.156215358525515 ], "geometry": { "type": "Point", "coordinates": [ 725969.548237635637634, 6111063.156215358525515 ] } },
{ "type": "Feature", "properties": { "id": 762, "cdep": "88", "dep": "Vosges", "nb": 218, "nbobserver": 8, "nbesp": 34, "nbrar": 1, "nbesprar": 1 }, "bbox": [ 725304.911409851280041, 6096112.214075329713523, 725304.911409851280041, 6096112.214075329713523 ], "geometry": { "type": "Point", "coordinates": [ 725304.911409851280041, 6096112.214075329713523 ] } },
{ "type": "Feature", "properties": { "id": 763, "cdep": "88", "dep": "Vosges", "nb": 0, "nbobserver": 0, "nbesp": 0, "nbrar": 0, "nbesprar": 0 }, "bbox": [ 724642.523008324322291, 6081186.375709294341505, 724642.523008324322291, 6081186.375709294341505 ], "geometry": { "type": "Point", "coordinates": [ 724642.523008324322291, 6081186.375709294341505 ] } },
{ "type": "Feature", "properties": { "id": 779, "cdep": "57", "dep": "Moselle", "nb": 0, "nbobserver": 0, "nbesp": 0, "nbrar": 0, "nbesprar": 0 }, "bbox": [ 750796.770340136950836, 6322346.785352208651602, 750796.770340136950836, 6322346.785352208651602 ], "geometry": { "type": "Point", "coordinates": [ 750796.770340136950836, 6322346.785352208651602 ] } },
{ "type": "Feature", "properties": { "id": 780, "cdep": "57", "dep": "Moselle", "nb": 7450, "nbobserver": 27, "nbesp": 47, "nbrar": 4, "nbesprar": 2 }, "bbox": [ 750072.95883745350875, 6307037.7316261427477, 750072.95883745350875, 6307037.7316261427477 ], "geometry": { "type": "Point", "coordinates": [ 750072.95883745350875, 6307037.7316261427477 ] } },
{ "type": "Feature", "properties": { "id": 781, "cdep": "57", "dep": "Moselle", "nb": 1248, "nbobserver": 31, "nbesp": 47, "nbrar": 3, "nbesprar": 2 }, "bbox": [ 749351.654808598337695, 6291754.999458191916347, 749351.654808598337695, 6291754.999458191916347 ], "geometry": { "type": "Point", "coordinates": [ 749351.654808598337695, 6291754.999458191916347 ] } },
{ "type": "Feature", "properties": { "id": 782, "cdep": "57", "dep": "Moselle", "nb": 154, "nbobserver": 8, "nbesp": 26, "nbrar": 0, "nbesprar": 0 }, "bbox": [ 748632.845255939522758, 6276498.498064342886209, 748632.845255939522758, 6276498.498064342886209 ], "geometry": { "type": "Point", "coordinates": [ 748632.845255939522758, 6276498.498064342886209 ] } },
{ "type": "Feature", "properties": { "id": 783, "cdep": "57", "dep": "Moselle", "nb": 0, "nbobserver": 0, "nbesp": 0, "nbrar": 0, "nbesprar": 0 }, "bbox": [ 747916.517271456425078, 6261268.137129887007177, 747916.517271456425078, 6261268.137129887007177 ], "geometry": { "type": "Point", "coordinates": [ 747916.517271456425078, 6261268.137129887007177 ] } },
{ "type": "Feature", "properties": { "id": 784, "cdep": "57", "dep": "Moselle", "nb": 371, "nbobserver": 7, "nbesp": 36, "nbrar": 0, "nbesprar": 0 }, "bbox": [ 747202.658035969361663, 6246063.826806222088635, 747202.658035969361663, 6246063.826806222088635 ], "geometry": { "type": "Point", "coordinates": [ 747202.658035969361663, 6246063.826806222088635 ] } },
{ "type": "Feature", "properties": { "id": 785, "cdep": "57", "dep": "Moselle", "nb": 28, "nbobserver": 2, "nbesp": 11, "nbrar": 0, "nbesprar": 0 }, "bbox": [ 746491.254818374058232, 6230885.477707666344941, 746491.254818374058232, 6230885.477707666344941 ], "geometry": { "type": "Point", "coordinates": [ 746491.254818374058232, 6230885.477707666344941 ] } },
{ "type": "Feature", "properties": { "id": 786, "cdep": "54", "dep": "Meurthe-et-Moselle", "nb": 51, "nbobserver": 2, "nbesp": 16, "nbrar": 0, "nbesprar": 0 }, "bbox": [ 745782.294974890421145, 6215733.000908304937184, 745782.294974890421145, 6215733.000908304937184 ], "geometry": { "type": "Point", "coordinates": [ 745782.294974890421145, 6215733.000908304937184 ] } },
{ "type": "Feature", "properties": { "id": 787, "cdep": "54", "dep": "Meurthe-et-Moselle", "nb": 92, "nbobserver": 7, "nbesp": 26, "nbrar": 0, "nbesprar": 0 }, "bbox": [ 745075.765948315616697, 6200606.307938868179917, 745075.765948315616697, 6200606.307938868179917 ], "geometry": { "type": "Point", "coordinates": [ 745075.765948315616697, 6200606.307938868179917 ] } },
{ "type": "Feature", "properties": { "id": 788, "cdep": "54", "dep": "Meurthe-et-Moselle", "nb": 166, "nbobserver": 6, "nbesp": 26, "nbrar": 0, "nbesprar": 0 }, "bbox": [ 744371.655267282039858, 6185505.310783630236983, 744371.655267282039858, 6185505.310783630236983 ], "geometry": { "type": "Point", "coordinates": [ 744371.655267282039858, 6185505.310783630236983 ] } },
{ "type": "Feature", "properties": { "id": 789, "cdep": "88", "dep": "Vosges", "nb": 437, "nbobserver": 8, "nbesp": 38, "nbrar": 1, "nbesprar": 1 }, "bbox": [ 743669.950545528554358, 6170429.92187733668834, 743669.950545528554358, 6170429.92187733668834 ], "geometry": { "type": "Point", "coordinates": [ 743669.950545528554358, 6170429.92187733668834 ] } },
{ "type": "Feature", "properties": { "id": 790, "cdep": "88", "dep": "Vosges", "nb": 27, "nbobserver": 1, "nbesp": 14, "nbrar": 0, "nbesprar": 0 }, "bbox": [ 742970.639481174293905, 6155380.054102153517306, 742970.639481174293905, 6155380.054102153517306 ], "geometry": { "type": "Point", "coordinates": [ 742970.639481174293905, 6155380.054102153517306 ] } },
{ "type": "Feature", "properties": { "id": 791, "cdep": "88", "dep": "Vosges", "nb": 220, "nbobserver": 7, "nbesp": 31, "nbrar": 0, "nbesprar": 0 }, "bbox": [ 742273.709856003755704, 6140355.620784649625421, 742273.709856003755704, 6140355.620784649625421 ], "geometry": { "type": "Point", "coordinates": [ 742273.709856003755704, 6140355.620784649625421 ] } },
{ "type": "Feature", "properties": { "id": 792, "cdep": "88", "dep": "Vosges", "nb": 127, "nbobserver": 6, "nbesp": 28, "nbrar": 1, "nbesprar": 1 }, "bbox": [ 741579.149534755153582, 6125356.535692795179784, 741579.149534755153582, 6125356.535692795179784 ], "geometry": { "type": "Point", "coordinates": [ 741579.149534755153582, 6125356.535692795179784 ] } },
{ "type": "Feature", "properties": { "id": 793, "cdep": "88", "dep": "Vosges", "nb": 624, "nbobserver": 23, "nbesp": 40, "nbrar": 1, "nbesprar": 1 }, "bbox": [ 740886.946464420179836, 6110382.713033001869917, 740886.946464420179836, 6110382.713033001869917 ], "geometry": { "type": "Point", "coordinates": [ 740886.946464420179836, 6110382.713033001869917 ] } },
{ "type": "Feature", "properties": { "id": 794, "cdep": "88", "dep": "Vosges", "nb": 16, "nbobserver": 3, "nbesp": 11, "nbrar": 0, "nbesprar": 0 }, "bbox": [ 740197.088673546677455, 6095434.067447156645358, 740197.088673546677455, 6095434.067447156645358 ], "geometry": { "type": "Point", "coordinates": [ 740197.088673546677455, 6095434.067447156645358 ] } },
{ "type": "Feature", "properties": { "id": 795, "cdep": "88", "dep": "Vosges", "nb": 0, "nbobserver": 0, "nbesp": 0, "nbrar": 0, "nbesprar": 0 }, "bbox": [ 739509.564271552837454, 6080510.514009717851877, 739509.564271552837454, 6080510.514009717851877 ], "geometry": { "type": "Point", "coordinates": [ 739509.564271552837454, 6080510.514009717851877 ] } },
{ "type": "Feature", "properties": { "id": 812, "cdep": "57", "dep": "Moselle", "nb": 631, "nbobserver": 20, "nbesp": 43, "nbrar": 4, "nbesprar": 1 }, "bbox": [ 765323.65368941926863, 6306299.857196312397718, 765323.65368941926863, 6306299.857196312397718 ], "geometry": { "type": "Point", "coordinates": [ 765323.65368941926863, 6306299.857196312397718 ] } },
{ "type": "Feature", "properties": { "id": 813, "cdep": "57", "dep": "Moselle", "nb": 561, "nbobserver": 27, "nbesp": 42, "nbrar": 0, "nbesprar": 0 }, "bbox": [ 764575.996913104783744, 6291019.671135020442307, 764575.996913104783744, 6291019.671135020442307 ], "geometry": { "type": "Point", "coordinates": [ 764575.996913104783744, 6291019.671135020442307 ] } },
{ "type": "Feature", "properties": { "id": 814, "cdep": "57", "dep": "Moselle", "nb": 218, "nbobserver": 9, "nbesp": 24, "nbrar": 0, "nbesprar": 0 }, "bbox": [ 763830.925317776971497, 6275765.70267188642174, 763830.925317776971497, 6275765.70267188642174 ], "geometry": { "type": "Point", "coordinates": [ 763830.925317776971497, 6275765.70267188642174 ] } },
{ "type": "Feature", "properties": { "id": 815, "cdep": "57", "dep": "Moselle", "nb": 105, "nbobserver": 6, "nbesp": 25, "nbrar": 0, "nbesprar": 0 }, "bbox": [ 763088.425529014202766, 6260537.861583017744124, 763088.425529014202766, 6260537.861583017744124 ], "geometry": { "type": "Point", "coordinates": [ 763088.425529014202766, 6260537.861583017744124 ] } },
{ "type": "Feature", "properties": { "id": 816, "cdep": "57", "dep": "Moselle", "nb": 787, "nbobserver": 2, "nbesp": 40, "nbrar": 0, "nbesprar": 0 }, "bbox": [ 762348.484264421276748, 6245336.058109845034778, 762348.484264421276748, 6245336.058109845034778 ], "geometry": { "type": "Point", "coordinates": [ 762348.484264421276748, 6245336.058109845034778 ] } },
{ "type": "Feature", "properties": { "id": 817, "cdep": "57", "dep": "Moselle", "nb": 146, "nbobserver": 4, "nbesp": 21, "nbrar": 0, "nbesprar": 0 }, "bbox": [ 761611.088332836632617, 6230160.202955939806998, 761611.088332836632617, 6230160.202955939806998 ], "geometry": { "type": "Point", "coordinates": [ 761611.088332836632617, 6230160.202955939806998 ] } },
{ "type": "Feature", "properties": { "id": 818, "cdep": "57", "dep": "Moselle", "nb": 55, "nbobserver": 4, "nbesp": 24, "nbrar": 0, "nbesprar": 0 }, "bbox": [ 760876.224633553181775, 6215010.207283886149526, 760876.224633553181775, 6215010.207283886149526 ], "geometry": { "type": "Point", "coordinates": [ 760876.224633553181775, 6215010.207283886149526 ] } },
{ "type": "Feature", "properties": { "id": 819, "cdep": "54", "dep": "Meurthe-et-Moselle", "nb": 37, "nbobserver": 6, "nbesp": 20, "nbrar": 0, "nbesprar": 0 }, "bbox": [ 760143.880155543098226, 6199885.982712154276669, 760143.880155543098226, 6199885.982712154276669 ], "geometry": { "type": "Point", "coordinates": [ 760143.880155543098226, 6199885.982712154276669 ] } },
{ "type": "Feature", "properties": { "id": 820, "cdep": "54", "dep": "Meurthe-et-Moselle", "nb": 67, "nbobserver": 6, "nbesp": 28, "nbrar": 0, "nbesprar": 0 }, "bbox": [ 759414.041976695065387, 6184787.441312003880739, 759414.041976695065387, 6184787.441312003880739 ], "geometry": { "type": "Point", "coordinates": [ 759414.041976695065387, 6184787.441312003880739 ] } },
{ "type": "Feature", "properties": { "id": 821, "cdep": "88", "dep": "Vosges", "nb": 261, "nbobserver": 12, "nbesp": 33, "nbrar": 0, "nbesprar": 0 }, "bbox": [ 758686.697263054200448, 6169714.495604431256652, 758686.697263054200448, 6169714.495604431256652 ], "geometry": { "type": "Point", "coordinates": [ 758686.697263054200448, 6169714.495604431256652 ] } },
{ "type": "Feature", "properties": { "id": 822, "cdep": "88", "dep": "Vosges", "nb": 196, "nbobserver": 4, "nbesp": 31, "nbrar": 0, "nbesprar": 0 }, "bbox": [ 757961.833268073154613, 6154667.058557118289173, 757961.833268073154613, 6154667.058557118289173 ], "geometry": { "type": "Point", "coordinates": [ 757961.833268073154613, 6154667.058557118289173 ] } },
{ "type": "Feature", "properties": { "id": 823, "cdep": "88", "dep": "Vosges", "nb": 288, "nbobserver": 10, "nbesp": 32, "nbrar": 0, "nbesprar": 0 }, "bbox": [ 757239.437331868917681, 6139645.043581422418356, 757239.437331868917681, 6139645.043581422418356 ], "geometry": { "type": "Point", "coordinates": [ 757239.437331868917681, 6139645.043581422418356 ] } },
{ "type": "Feature", "properties": { "id": 824, "cdep": "88", "dep": "Vosges", "nb": 499, "nbobserver": 15, "nbesp": 40, "nbrar": 2, "nbesprar": 1 }, "bbox": [ 756519.496880489750765, 6124648.364529385231435, 756519.496880489750765, 6124648.364529385231435 ], "geometry": { "type": "Point", "coordinates": [ 756519.496880489750765, 6124648.364529385231435 ] } },
{ "type": "Feature", "properties": { "id": 825, "cdep": "88", "dep": "Vosges", "nb": 278, "nbobserver": 14, "nbesp": 29, "nbrar": 0, "nbesprar": 0 }, "bbox": [ 755801.999425186659209, 6109676.935690776444972, 755801.999425186659209, 6109676.935690776444972 ], "geometry": { "type": "Point", "coordinates": [ 755801.999425186659209, 6109676.935690776444972 ] } },
{ "type": "Feature", "properties": { "id": 826, "cdep": "88", "dep": "Vosges", "nb": 294, "nbobserver": 12, "nbesp": 34, "nbrar": 0, "nbesprar": 0 }, "bbox": [ 755086.932561693480238, 6094730.671790140680969, 755086.932561693480238, 6094730.671790140680969 ], "geometry": { "type": "Point", "coordinates": [ 755086.932561693480238, 6094730.671790140680969 ] } },
{ "type": "Feature", "properties": { "id": 827, "cdep": "88", "dep": "Vosges", "nb": 725, "nbobserver": 4, "nbesp": 33, "nbrar": 1, "nbesprar": 1 }, "bbox": [ 754374.283969515003264, 6079809.487983895465732, 754374.283969515003264, 6079809.487983895465732 ], "geometry": { "type": "Point", "coordinates": [ 754374.283969515003264, 6079809.487983895465732 ] } },
{ "type": "Feature", "properties": { "id": 844, "cdep": "57", "dep": "Moselle", "nb": 212, "nbobserver": 13, "nbesp": 33, "nbrar": 0, "nbesprar": 0 }, "bbox": [ 780571.7499087221222, 6305535.514842696487904, 780571.7499087221222, 6305535.514842696487904 ], "geometry": { "type": "Point", "coordinates": [ 780571.7499087221222, 6305535.514842696487904 ] } },
{ "type": "Feature", "properties": { "id": 845, "cdep": "57", "dep": "Moselle", "nb": 2117, "nbobserver": 31, "nbesp": 48, "nbrar": 9, "nbesprar": 2 }, "bbox": [ 779797.753852057270706, 6290257.965769441798329, 779797.753852057270706, 6290257.965769441798329 ], "geometry": { "type": "Point", "coordinates": [ 779797.753852057270706, 6290257.965769441798329 ] } },
{ "type": "Feature", "properties": { "id": 846, "cdep": "57", "dep": "Moselle", "nb": 2180, "nbobserver": 17, "nbesp": 41, "nbrar": 2, "nbesprar": 1 }, "bbox": [ 779026.433588348329067, 6275006.620651191100478, 779026.433588348329067, 6275006.620651191100478 ], "geometry": { "type": "Point", "coordinates": [ 779026.433588348329067, 6275006.620651191100478 ] } },
{ "type": "Feature", "properties": { "id": 847, "cdep": "67", "dep": "Bas-Rhin", "nb": 93, "nbobserver": 5, "nbesp": 24, "nbrar": 0, "nbesprar": 0 }, "bbox": [ 778257.775277571287006, 6259781.389358054846525, 778257.775277571287006, 6259781.389358054846525 ], "geometry": { "type": "Point", "coordinates": [ 778257.775277571287006, 6259781.389358054846525 ] } },
{ "type": "Feature", "properties": { "id": 848, "cdep": "57", "dep": "Moselle", "nb": 92, "nbobserver": 7, "nbesp": 27, "nbrar": 0, "nbesprar": 0 }, "bbox": [ 777491.765174903441221, 6244582.182224662043154, 777491.765174903441221, 6244582.182224662043154 ], "geometry": { "type": "Point", "coordinates": [ 777491.765174903441221, 6244582.182224662043154 ] } },
{ "type": "Feature", "properties": { "id": 849, "cdep": "57", "dep": "Moselle", "nb": 283, "nbobserver": 6, "nbesp": 26, "nbrar": 1, "nbesprar": 1 }, "bbox": [ 776728.389629908022471, 6229408.910046983510256, 776728.389629908022471, 6229408.910046983510256 ], "geometry": { "type": "Point", "coordinates": [ 776728.389629908022471, 6229408.910046983510256 ] } },
{ "type": "Feature", "properties": { "id": 850, "cdep": "57", "dep": "Moselle", "nb": 147, "nbobserver": 7, "nbesp": 26, "nbrar": 0, "nbesprar": 0 }, "bbox": [ 775967.635085723479278, 6214261.484079207293689, 775967.635085723479278, 6214261.484079207293689 ], "geometry": { "type": "Point", "coordinates": [ 775967.635085723479278, 6214261.484079207293689 ] } },
{ "type": "Feature", "properties": { "id": 851, "cdep": "54", "dep": "Meurthe-et-Moselle", "nb": 703, "nbobserver": 6, "nbesp": 38, "nbrar": 0, "nbesprar": 0 }, "bbox": [ 775209.488078265101649, 6199139.816030629910529, 775209.488078265101649, 6199139.816030629910529 ], "geometry": { "type": "Point", "coordinates": [ 775209.488078265101649, 6199139.816030629910529 ] } },
{ "type": "Feature", "properties": { "id": 852, "cdep": "54", "dep": "Meurthe-et-Moselle", "nb": 82, "nbobserver": 6, "nbesp": 23, "nbrar": 1, "nbesprar": 1 }, "bbox": [ 774453.935235432698391, 6184043.818062568083405, 774453.935235432698391, 6184043.818062568083405 ], "geometry": { "type": "Point", "coordinates": [ 774453.935235432698391, 6184043.818062568083405 ] } },
{ "type": "Feature", "properties": { "id": 853, "cdep": "88", "dep": "Vosges", "nb": 355, "nbobserver": 13, "nbesp": 34, "nbrar": 0, "nbesprar": 0 }, "bbox": [ 773700.963276328868233, 6168973.402785295620561, 773700.963276328868233, 6168973.402785295620561 ], "geometry": { "type": "Point", "coordinates": [ 773700.963276328868233, 6168973.402785295620561 ] } },
{ "type": "Feature", "properties": { "id": 854, "cdep": "88", "dep": "Vosges", "nb": 6630, "nbobserver": 36, "nbesp": 49, "nbrar": 8, "nbesprar": 3 }, "bbox": [ 772950.559010480646975, 6153928.483255018480122, 772950.559010480646975, 6153928.483255018480122 ], "geometry": { "type": "Point", "coordinates": [ 772950.559010480646975, 6153928.483255018480122 ] } },
{ "type": "Feature", "properties": { "id": 855, "cdep": "88", "dep": "Vosges", "nb": 2115, "nbobserver": 18, "nbesp": 47, "nbrar": 3, "nbesprar": 2 }, "bbox": [ 772202.709337074076757, 6138908.972970868460834, 772202.709337074076757, 6138908.972970868460834 ], "geometry": { "type": "Point", "coordinates": [ 772202.709337074076757, 6138908.972970868460834 ] } },
{ "type": "Feature", "properties": { "id": 856, "cdep": "88", "dep": "Vosges", "nb": 717, "nbobserver": 16, "nbesp": 45, "nbrar": 2, "nbesprar": 2 }, "bbox": [ 771457.401244193781167, 6123914.785871921107173, 771457.401244193781167, 6123914.785871921107173 ], "geometry": { "type": "Point", "coordinates": [ 771457.401244193781167, 6123914.785871921107173 ] } },
{ "type": "Feature", "properties": { "id": 857, "cdep": "88", "dep": "Vosges", "nb": 218, "nbobserver": 4, "nbesp": 22, "nbrar": 0, "nbesprar": 0 }, "bbox": [ 770714.621808069641702, 6108945.836334232240915, 770714.621808069641702, 6108945.836334232240915 ], "geometry": { "type": "Point", "coordinates": [ 770714.621808069641702, 6108945.836334232240915 ] } },
{ "type": "Feature", "properties": { "id": 858, "cdep": "88", "dep": "Vosges", "nb": 592, "nbobserver": 8, "nbesp": 42, "nbrar": 1, "nbesprar": 1 }, "bbox": [ 769974.3581923347665, 6094002.039167917333543, 769974.3581923347665, 6094002.039167917333543 ], "geometry": { "type": "Point", "coordinates": [ 769974.3581923347665, 6094002.039167917333543 ] } },
{ "type": "Feature", "properties": { "id": 859, "cdep": "68", "dep": "Haut-Rhin", "nb": 7, "nbobserver": 2, "nbesp": 6, "nbrar": 0, "nbesprar": 0 }, "bbox": [ 769236.597647285787389, 6079083.309614235535264, 769236.597647285787389, 6079083.309614235535264 ], "geometry": { "type": "Point", "coordinates": [ 769236.597647285787389, 6079083.309614235535264 ] } },
{ "type": "Feature", "properties": { "id": 860, "cdep": "68", "dep": "Haut-Rhin", "nb": 13, "nbobserver": 1, "nbesp": 13, "nbrar": 0, "nbesprar": 0 }, "bbox": [ 768501.327509154565632, 6064189.563342707231641, 768501.327509154565632, 6064189.563342707231641 ], "geometry": { "type": "Point", "coordinates": [ 768501.327509154565632, 6064189.563342707231641 ] } },
{ "type": "Feature", "properties": { "id": 876, "cdep": "57", "dep": "Moselle", "nb": 0, "nbobserver": 0, "nbesp": 0, "nbrar": 0, "nbesprar": 0 }, "bbox": [ 795817.156415124307387, 6304744.718312576413155, 795817.156415124307387, 6304744.718312576413155 ], "geometry": { "type": "Point", "coordinates": [ 795817.156415124307387, 6304744.718312576413155 ] } },
{ "type": "Feature", "properties": { "id": 877, "cdep": "57", "dep": "Moselle", "nb": 1063, "nbobserver": 27, "nbesp": 44, "nbrar": 3, "nbesprar": 1 }, "bbox": [ 795016.835014020325616, 6289469.897013968788087, 795016.835014020325616, 6289469.897013968788087 ], "geometry": { "type": "Point", "coordinates": [ 795016.835014020325616, 6289469.897013968788087 ] } },
{ "type": "Feature", "properties": { "id": 878, "cdep": "67", "dep": "Bas-Rhin", "nb": 244, "nbobserver": 8, "nbesp": 37, "nbrar": 3, "nbesprar": 1 }, "bbox": [ 794219.279921815381385, 6274221.265560811385512, 794219.279921815381385, 6274221.265560811385512 ], "geometry": { "type": "Point", "coordinates": [ 794219.279921815381385, 6274221.265560811385512 ] } },
{ "type": "Feature", "properties": { "id": 879, "cdep": "67", "dep": "Bas-Rhin", "nb": 252, "nbobserver": 7, "nbesp": 31, "nbrar": 0, "nbesprar": 0 }, "bbox": [ 793424.476833709632047, 6258998.733920404687524, 793424.476833709632047, 6258998.733920404687524 ], "geometry": { "type": "Point", "coordinates": [ 793424.476833709632047, 6258998.733920404687524 ] } },
{ "type": "Feature", "properties": { "id": 880, "cdep": "57", "dep": "Moselle", "nb": 468, "nbobserver": 8, "nbesp": 32, "nbrar": 0, "nbesprar": 0 }, "bbox": [ 792632.411543271853589, 6243802.212523728609085, 792632.411543271853589, 6243802.212523728609085 ], "geometry": { "type": "Point", "coordinates": [ 792632.411543271853589, 6243802.212523728609085 ] } },
{ "type": "Feature", "properties": { "id": 881, "cdep": "57", "dep": "Moselle", "nb": 2274, "nbobserver": 26, "nbesp": 47, "nbrar": 6, "nbesprar": 3 }, "bbox": [ 791843.069941593450494, 6228631.612262288108468, 791843.069941593450494, 6228631.612262288108468 ], "geometry": { "type": "Point", "coordinates": [ 791843.069941593450494, 6228631.612262288108468 ] } },
{ "type": "Feature", "properties": { "id": 882, "cdep": "57", "dep": "Moselle", "nb": 102, "nbobserver": 9, "nbesp": 30, "nbrar": 0, "nbesprar": 0 }, "bbox": [ 791056.438016460626386, 6213486.844484983943403, 791056.438016460626386, 6213486.844484983943403 ], "geometry": { "type": "Point", "coordinates": [ 791056.438016460626386, 6213486.844484983943403 ] } },
{ "type": "Feature", "properties": { "id": 883, "cdep": "57", "dep": "Moselle", "nb": 7, "nbobserver": 1, "nbesp": 7, "nbrar": 0, "nbesprar": 0 }, "bbox": [ 790272.501851522712968, 6198367.820995018817484, 790272.501851522712968, 6198367.820995018817484 ], "geometry": { "type": "Point", "coordinates": [ 790272.501851522712968, 6198367.820995018817484 ] } },
{ "type": "Feature", "properties": { "id": 884, "cdep": "88", "dep": "Vosges", "nb": 200, "nbobserver": 7, "nbesp": 36, "nbrar": 0, "nbesprar": 0 }, "bbox": [ 789491.247625475749373, 6183274.45404680352658, 789491.247625475749373, 6183274.45404680352658 ], "geometry": { "type": "Point", "coordinates": [ 789491.247625475749373, 6183274.45404680352658 ] } },
{ "type": "Feature", "properties": { "id": 885, "cdep": "88", "dep": "Vosges", "nb": 271, "nbobserver": 7, "nbesp": 37, "nbrar": 0, "nbesprar": 0 }, "bbox": [ 788712.661611253162846, 6168206.656342931091785, 788712.661611253162846, 6168206.656342931091785 ], "geometry": { "type": "Point", "coordinates": [ 788712.661611253162846, 6168206.656342931091785 ] } },
{ "type": "Feature", "properties": { "id": 886, "cdep": "88", "dep": "Vosges", "nb": 341, "nbobserver": 14, "nbesp": 35, "nbrar": 0, "nbesprar": 0 }, "bbox": [ 787936.730175225413404, 6153164.341031128540635, 787936.730175225413404, 6153164.341031128540635 ], "geometry": { "type": "Point", "coordinates": [ 787936.730175225413404, 6153164.341031128540635 ] } },
{ "type": "Feature", "properties": { "id": 887, "cdep": "88", "dep": "Vosges", "nb": 3362, "nbobserver": 6, "nbesp": 43, "nbrar": 3, "nbesprar": 2 }, "bbox": [ 787163.4397764072055, 6138147.421701280400157, 787163.4397764072055, 6138147.421701280400157 ], "geometry": { "type": "Point", "coordinates": [ 787163.4397764072055, 6138147.421701280400157 ] } },
{ "type": "Feature", "properties": { "id": 888, "cdep": "68", "dep": "Haut-Rhin", "nb": 6140, "nbobserver": 9, "nbesp": 40, "nbrar": 0, "nbesprar": 0 }, "bbox": [ 786392.776965671218932, 6123155.812382441014051, 786392.776965671218932, 6123155.812382441014051 ], "geometry": { "type": "Point", "coordinates": [ 786392.776965671218932, 6123155.812382441014051 ] } },
{ "type": "Feature", "properties": { "id": 889, "cdep": "68", "dep": "Haut-Rhin", "nb": 721, "nbobserver": 17, "nbesp": 42, "nbrar": 0, "nbesprar": 0 }, "bbox": [ 785624.728384971618652, 6108189.427539891563356, 785624.728384971618652, 6108189.427539891563356 ], "geometry": { "type": "Point", "coordinates": [ 785624.728384971618652, 6108189.427539891563356 ] } },
{ "type": "Feature", "properties": { "id": 890, "cdep": "68", "dep": "Haut-Rhin", "nb": 475, "nbobserver": 15, "nbesp": 33, "nbrar": 1, "nbesprar": 1 }, "bbox": [ 784859.280766576877795, 6093248.182072206400335, 784859.280766576877795, 6093248.182072206400335 ], "geometry": { "type": "Point", "coordinates": [ 784859.280766576877795, 6093248.182072206400335 ] } },
{ "type": "Feature", "properties": { "id": 891, "cdep": "68", "dep": "Haut-Rhin", "nb": 6936, "nbobserver": 25, "nbesp": 46, "nbrar": 5, "nbesprar": 2 }, "bbox": [ 784096.420932304929011, 6078331.991308372467756, 784096.420932304929011, 6078331.991308372467756 ], "geometry": { "type": "Point", "coordinates": [ 784096.420932304929011, 6078331.991308372467756 ] } },
{ "type": "Feature", "properties": { "id": 892, "cdep": "68", "dep": "Haut-Rhin", "nb": 902, "nbobserver": 16, "nbesp": 42, "nbrar": 1, "nbesprar": 1 }, "bbox": [ 783336.135792773333378, 6063440.771004892885685, 783336.135792773333378, 6063440.771004892885685 ], "geometry": { "type": "Point", "coordinates": [ 783336.135792773333378, 6063440.771004892885685 ] } },
{ "type": "Feature", "properties": { "id": 893, "cdep": "68", "dep": "Haut-Rhin", "nb": 1743, "nbobserver": 13, "nbesp": 43, "nbrar": 0, "nbesprar": 0 }, "bbox": [ 782578.412346649798565, 6048574.437342944554985, 782578.412346649798565, 6048574.437342944554985 ], "geometry": { "type": "Point", "coordinates": [ 782578.412346649798565, 6048574.437342944554985 ] } },
{ "type": "Feature", "properties": { "id": 894, "cdep": "68", "dep": "Haut-Rhin", "nb": 0, "nbobserver": 0, "nbesp": 0, "nbrar": 0, "nbesprar": 0 }, "bbox": [ 781823.237679918063805, 6033732.906925557181239, 781823.237679918063805, 6033732.906925557181239 ], "geometry": { "type": "Point", "coordinates": [ 781823.237679918063805, 6033732.906925557181239 ] } },
{ "type": "Feature", "properties": { "id": 908, "cdep": "57", "dep": "Moselle", "nb": 0, "nbobserver": 0, "nbesp": 0, "nbrar": 0, "nbesprar": 0 }, "bbox": [ 811059.782225245260634, 6303927.481823166832328, 811059.782225245260634, 6303927.481823166832328 ], "geometry": { "type": "Point", "coordinates": [ 811059.782225245260634, 6303927.481823166832328 ] } },
{ "type": "Feature", "properties": { "id": 909, "cdep": "57", "dep": "Moselle", "nb": 649, "nbobserver": 9, "nbesp": 42, "nbrar": 1, "nbesprar": 1 }, "bbox": [ 810233.149883579579182, 6288655.478987835347652, 810233.149883579579182, 6288655.478987835347652 ], "geometry": { "type": "Point", "coordinates": [ 810233.149883579579182, 6288655.478987835347652 ] } },
{ "type": "Feature", "properties": { "id": 910, "cdep": "57", "dep": "Moselle", "nb": 261, "nbobserver": 8, "nbesp": 33, "nbrar": 0, "nbesprar": 0 }, "bbox": [ 809409.374267538660206, 6273409.651422843337059, 809409.374267538660206, 6273409.651422843337059 ], "geometry": { "type": "Point", "coordinates": [ 809409.374267538660206, 6273409.651422843337059 ] } },
{ "type": "Feature", "properties": { "id": 911, "cdep": "67", "dep": "Bas-Rhin", "nb": 714, "nbobserver": 12, "nbesp": 42, "nbrar": 4, "nbesprar": 2 }, "bbox": [ 808588.44060839607846, 6258189.909195855259895, 808588.44060839607846, 6258189.909195855259895 ], "geometry": { "type": "Point", "coordinates": [ 808588.44060839607846, 6258189.909195855259895 ] } },
{ "type": "Feature", "properties": { "id": 912, "cdep": "67", "dep": "Bas-Rhin", "nb": 253, "nbobserver": 6, "nbesp": 31, "nbrar": 1, "nbesprar": 1 }, "bbox": [ 807770.334238953189924, 6242996.162837356328964, 807770.334238953189924, 6242996.162837356328964 ], "geometry": { "type": "Point", "coordinates": [ 807770.334238953189924, 6242996.162837356328964 ] } },
{ "type": "Feature", "properties": { "id": 913, "cdep": "57", "dep": "Moselle", "nb": 386, "nbobserver": 11, "nbesp": 31, "nbrar": 1, "nbesprar": 1 }, "bbox": [ 806955.040592671371996, 6227828.323337506502867, 806955.040592671371996, 6227828.323337506502867 ], "geometry": { "type": "Point", "coordinates": [ 806955.040592671371996, 6227828.323337506502867 ] } },
{ "type": "Feature", "properties": { "id": 914, "cdep": "57", "dep": "Moselle", "nb": 595, "nbobserver": 15, "nbesp": 36, "nbrar": 0, "nbesprar": 0 }, "bbox": [ 806142.54520280554425, 6212686.302143014967442, 806142.54520280554425, 6212686.302143014967442 ], "geometry": { "type": "Point", "coordinates": [ 806142.54520280554425, 6212686.302143014967442 ] } },
{ "type": "Feature", "properties": { "id": 915, "cdep": "67", "dep": "Bas-Rhin", "nb": 314, "nbobserver": 12, "nbesp": 33, "nbrar": 0, "nbesprar": 0 }, "bbox": [ 805332.833701557596214, 6197570.011154054664075, 805332.833701557596214, 6197570.011154054664075 ], "geometry": { "type": "Point", "coordinates": [ 805332.833701557596214, 6197570.011154054664075 ] } },
{ "type": "Feature", "properties": { "id": 916, "cdep": "67", "dep": "Bas-Rhin", "nb": 353, "nbobserver": 12, "nbesp": 38, "nbrar": 1, "nbesprar": 1 }, "bbox": [ 804525.891819227719679, 6182479.362721190787852, 804525.891819227719679, 6182479.362721190787852 ], "geometry": { "type": "Point", "coordinates": [ 804525.891819227719679, 6182479.362721190787852 ] } },
{ "type": "Feature", "properties": { "id": 917, "cdep": "67", "dep": "Bas-Rhin", "nb": 1247, "nbobserver": 10, "nbesp": 41, "nbrar": 0, "nbesprar": 0 }, "bbox": [ 803721.70538338413462, 6167414.269642339088023, 803721.70538338413462, 6167414.269642339088023 ], "geometry": { "type": "Point", "coordinates": [ 803721.70538338413462, 6167414.269642339088023 ] } },
{ "type": "Feature", "properties": { "id": 918, "cdep": "68", "dep": "Haut-Rhin", "nb": 721, "nbobserver": 9, "nbesp": 41, "nbrar": 0, "nbesprar": 0 }, "bbox": [ 802920.260318032465875, 6152374.645159751176834, 802920.260318032465875, 6152374.645159751176834 ], "geometry": { "type": "Point", "coordinates": [ 802920.260318032465875, 6152374.645159751176834 ] } },
{ "type": "Feature", "properties": { "id": 919, "cdep": "68", "dep": "Haut-Rhin", "nb": 756, "nbobserver": 19, "nbesp": 43, "nbrar": 2, "nbesprar": 2 }, "bbox": [ 802121.542642800603062, 6137360.402957026846707, 802121.542642800603062, 6137360.402957026846707 ], "geometry": { "type": "Point", "coordinates": [ 802121.542642800603062, 6137360.402957026846707 ] } },
{ "type": "Feature", "properties": { "id": 920, "cdep": "68", "dep": "Haut-Rhin", "nb": 1119, "nbobserver": 18, "nbesp": 43, "nbrar": 0, "nbesprar": 0 }, "bbox": [ 801325.538472125888802, 6122371.457156146876514, 801325.538472125888802, 6122371.457156146876514 ], "geometry": { "type": "Point", "coordinates": [ 801325.538472125888802, 6122371.457156146876514 ] } },
{ "type": "Feature", "properties": { "id": 921, "cdep": "68", "dep": "Haut-Rhin", "nb": 10016, "nbobserver": 24, "nbesp": 49, "nbrar": 10, "nbesprar": 3 }, "bbox": [ 800532.23401445732452, 6107407.722314527258277, 800532.23401445732452, 6107407.722314527258277 ], "geometry": { "type": "Point", "coordinates": [ 800532.23401445732452, 6107407.722314527258277 ] } },
{ "type": "Feature", "properties": { "id": 922, "cdep": "68", "dep": "Haut-Rhin", "nb": 21018, "nbobserver": 36, "nbesp": 51, "nbrar": 12, "nbesprar": 4 }, "bbox": [ 799741.615571457659826, 6092469.113422109745443, 799741.615571457659826, 6092469.113422109745443 ], "geometry": { "type": "Point", "coordinates": [ 799741.615571457659826, 6092469.113422109745443 ] } },
{ "type": "Feature", "properties": { "id": 923, "cdep": "68", "dep": "Haut-Rhin", "nb": 909, "nbobserver": 30, "nbesp": 43, "nbrar": 1, "nbesprar": 1 }, "bbox": [ 798953.669537222012877, 6077555.545898467302322, 798953.669537222012877, 6077555.545898467302322 ], "geometry": { "type": "Point", "coordinates": [ 798953.669537222012877, 6077555.545898467302322 ] } },
{ "type": "Feature", "properties": { "id": 924, "cdep": "68", "dep": "Haut-Rhin", "nb": 797, "nbobserver": 19, "nbesp": 44, "nbrar": 5, "nbesprar": 1 }, "bbox": [ 798168.382397498004138, 6062666.935589938424528, 798168.382397498004138, 6062666.935589938424528 ], "geometry": { "type": "Point", "coordinates": [ 798168.382397498004138, 6062666.935589938424528 ] } },
{ "type": "Feature", "properties": { "id": 925, "cdep": "68", "dep": "Haut-Rhin", "nb": 260, "nbobserver": 13, "nbesp": 31, "nbrar": 0, "nbesprar": 0 }, "bbox": [ 797385.740728916483931, 6047803.198766775429249, 797385.740728916483931, 6047803.198766775429249 ], "geometry": { "type": "Point", "coordinates": [ 797385.740728916483931, 6047803.198766775429249 ] } },
{ "type": "Feature", "properties": { "id": 926, "cdep": "68", "dep": "Haut-Rhin", "nb": 195, "nbobserver": 7, "nbesp": 29, "nbrar": 0, "nbesprar": 0 }, "bbox": [ 796605.731198229128495, 6032964.252120334655046, 796605.731198229128495, 6032964.252120334655046 ], "geometry": { "type": "Point", "coordinates": [ 796605.731198229128495, 6032964.252120334655046 ] } },
{ "type": "Feature", "properties": { "id": 927, "cdep": "68", "dep": "Haut-Rhin", "nb": 301, "nbobserver": 3, "nbesp": 27, "nbrar": 0, "nbesprar": 0 }, "bbox": [ 795828.340561555582099, 6018150.012760267592967, 795828.340561555582099, 6018150.012760267592967 ], "geometry": { "type": "Point", "coordinates": [ 795828.340561555582099, 6018150.012760267592967 ] } },
{ "type": "Feature", "properties": { "id": 940, "cdep": "57", "dep": "Moselle", "nb": 142, "nbobserver": 3, "nbesp": 23, "nbrar": 1, "nbesprar": 1 }, "bbox": [ 826299.53645578189753, 6303083.82006077747792, 826299.53645578189753, 6303083.82006077747792 ], "geometry": { "type": "Point", "coordinates": [ 826299.53645578189753, 6303083.82006077747792 ] } },
{ "type": "Feature", "properties": { "id": 941, "cdep": "57", "dep": "Moselle", "nb": 38, "nbobserver": 5, "nbesp": 25, "nbrar": 1, "nbesprar": 1 }, "bbox": [ 825446.608044540858828, 6287814.726276168599725, 825446.608044540858828, 6287814.726276168599725 ], "geometry": { "type": "Point", "coordinates": [ 825446.608044540858828, 6287814.726276168599725 ] } },
{ "type": "Feature", "properties": { "id": 942, "cdep": "57", "dep": "Moselle", "nb": 169, "nbobserver": 10, "nbesp": 31, "nbrar": 0, "nbesprar": 0 }, "bbox": [ 824596.626673243241385, 6272571.792722097598016, 824596.626673243241385, 6272571.792722097598016 ], "geometry": { "type": "Point", "coordinates": [ 824596.626673243241385, 6272571.792722097598016 ] } },
{ "type": "Feature", "properties": { "id": 943, "cdep": "67", "dep": "Bas-Rhin", "nb": 4362, "nbobserver": 11, "nbesp": 44, "nbrar": 2, "nbesprar": 1 }, "bbox": [ 823749.577110117068514, 6257354.929569764994085, 823749.577110117068514, 6257354.929569764994085 ], "geometry": { "type": "Point", "coordinates": [ 823749.577110117068514, 6257354.929569764994085 ] } },
{ "type": "Feature", "properties": { "id": 944, "cdep": "67", "dep": "Bas-Rhin", "nb": 147, "nbobserver": 11, "nbesp": 26, "nbrar": 0, "nbesprar": 0 }, "bbox": [ 822905.444228067412041, 6242164.047452302649617, 822905.444228067412041, 6242164.047452302649617 ], "geometry": { "type": "Point", "coordinates": [ 822905.444228067412041, 6242164.047452302649617 ] } },
{ "type": "Feature", "properties": { "id": 945, "cdep": "67", "dep": "Bas-Rhin", "nb": 1104, "nbobserver": 30, "nbesp": 42, "nbrar": 2, "nbesprar": 1 }, "bbox": [ 822064.213003782439046, 6226999.057461637072265, 822064.213003782439046, 6226999.057461637072265 ], "geometry": { "type": "Point", "coordinates": [ 822064.213003782439046, 6226999.057461637072265 ] } },
{ "type": "Feature", "properties": { "id": 946, "cdep": "67", "dep": "Bas-Rhin", "nb": 290, "nbobserver": 14, "nbesp": 33, "nbrar": 0, "nbesprar": 0 }, "bbox": [ 821225.868516842485406, 6211859.871145374141634, 821225.868516842485406, 6211859.871145374141634 ], "geometry": { "type": "Point", "coordinates": [ 821225.868516842485406, 6211859.871145374141634 ] } },
{ "type": "Feature", "properties": { "id": 947, "cdep": "67", "dep": "Bas-Rhin", "nb": 636, "nbobserver": 17, "nbesp": 43, "nbrar": 1, "nbesprar": 1 }, "bbox": [ 820390.395948843564838, 6196746.400503719225526, 820390.395948843564838, 6196746.400503719225526 ], "geometry": { "type": "Point", "coordinates": [ 820390.395948843564838, 6196746.400503719225526 ] } },
{ "type": "Feature", "properties": { "id": 948, "cdep": "67", "dep": "Bas-Rhin", "nb": 1569, "nbobserver": 17, "nbesp": 42, "nbrar": 0, "nbesprar": 0 }, "bbox": [ 819557.780582527047954, 6181658.557986424304545, 819557.780582527047954, 6181658.557986424304545 ], "geometry": { "type": "Point", "coordinates": [ 819557.780582527047954, 6181658.557986424304545 ] } },
{ "type": "Feature", "properties": { "id": 949, "cdep": "67", "dep": "Bas-Rhin", "nb": 510, "nbobserver": 19, "nbesp": 36, "nbrar": 0, "nbesprar": 0 }, "bbox": [ 818728.007800919935107, 6166596.256489747203887, 818728.007800919935107, 6166596.256489747203887 ], "geometry": { "type": "Point", "coordinates": [ 818728.007800919935107, 6166596.256489747203887 ] } },
{ "type": "Feature", "properties": { "id": 950, "cdep": "67", "dep": "Bas-Rhin", "nb": 934, "nbobserver": 28, "nbesp": 42, "nbrar": 3, "nbesprar": 2 }, "bbox": [ 817901.06308648257982, 6151559.409353443421423, 817901.06308648257982, 6151559.409353443421423 ], "geometry": { "type": "Point", "coordinates": [ 817901.06308648257982, 6151559.409353443421423 ] } },
{ "type": "Feature", "properties": { "id": 951, "cdep": "68", "dep": "Haut-Rhin", "nb": 521, "nbobserver": 28, "nbesp": 42, "nbrar": 0, "nbesprar": 0 }, "bbox": [ 817076.932020265026949, 6136547.930357791483402, 817076.932020265026949, 6136547.930357791483402 ], "geometry": { "type": "Point", "coordinates": [ 817076.932020265026949, 6136547.930357791483402 ] } },
{ "type": "Feature", "properties": { "id": 952, "cdep": "68", "dep": "Haut-Rhin", "nb": 2879, "nbobserver": 71, "nbesp": 45, "nbrar": 2, "nbesprar": 1 }, "bbox": [ 816255.600281072314829, 6121561.733720625750721, 816255.600281072314829, 6121561.733720625750721 ], "geometry": { "type": "Point", "coordinates": [ 816255.600281072314829, 6121561.733720625750721 ] } },
{ "type": "Feature", "properties": { "id": 953, "cdep": "68", "dep": "Haut-Rhin", "nb": 487, "nbobserver": 20, "nbesp": 31, "nbrar": 0, "nbesprar": 0 }, "bbox": [ 815437.05364463920705, 6106600.7340944185853, 815437.05364463920705, 6106600.7340944185853 ], "geometry": { "type": "Point", "coordinates": [ 815437.05364463920705, 6106600.7340944185853 ] } },
{ "type": "Feature", "properties": { "id": 954, "cdep": "68", "dep": "Haut-Rhin", "nb": 2136, "nbobserver": 24, "nbesp": 39, "nbrar": 0, "nbesprar": 0 }, "bbox": [ 814621.277982811094262, 6091664.846563358791173, 814621.277982811094262, 6091664.846563358791173 ], "geometry": { "type": "Point", "coordinates": [ 814621.277982811094262, 6091664.846563358791173 ] } },
{ "type": "Feature", "properties": { "id": 955, "cdep": "68", "dep": "Haut-Rhin", "nb": 4918, "nbobserver": 68, "nbesp": 48, "nbrar": 7, "nbesprar": 2 }, "bbox": [ 813808.259262736537494, 6076753.986640472896397, 813808.259262736537494, 6076753.986640472896397 ], "geometry": { "type": "Point", "coordinates": [ 813808.259262736537494, 6076753.986640472896397 ] } },
{ "type": "Feature", "properties": { "id": 956, "cdep": "68", "dep": "Haut-Rhin", "nb": 5277, "nbobserver": 125, "nbesp": 49, "nbrar": 12, "nbesprar": 4 }, "bbox": [ 812997.98354606248904, 6061868.070264769718051, 812997.98354606248904, 6061868.070264769718051 ], "geometry": { "type": "Point", "coordinates": [ 812997.98354606248904, 6061868.070264769718051 ] } },
{ "type": "Feature", "properties": { "id": 957, "cdep": "68", "dep": "Haut-Rhin", "nb": 2026, "nbobserver": 31, "nbesp": 44, "nbrar": 6, "nbesprar": 2 }, "bbox": [ 812190.436988144763745, 6047007.013798395171762, 812190.436988144763745, 6047007.013798395171762 ], "geometry": { "type": "Point", "coordinates": [ 812190.436988144763745, 6047007.013798395171762 ] } },
{ "type": "Feature", "properties": { "id": 958, "cdep": "68", "dep": "Haut-Rhin", "nb": 326, "nbobserver": 13, "nbesp": 35, "nbrar": 1, "nbesprar": 1 }, "bbox": [ 811385.605837259092368, 6032170.734023819677532, 811385.605837259092368, 6032170.734023819677532 ], "geometry": { "type": "Point", "coordinates": [ 811385.605837259092368, 6032170.734023819677532 ] } },
{ "type": "Feature", "properties": { "id": 959, "cdep": "68", "dep": "Haut-Rhin", "nb": 65, "nbobserver": 7, "nbesp": 24, "nbrar": 0, "nbesprar": 0 }, "bbox": [ 810583.476433826610446, 6017359.148141058161855, 810583.476433826610446, 6017359.148141058161855 ], "geometry": { "type": "Point", "coordinates": [ 810583.476433826610446, 6017359.148141058161855 ] } },
{ "type": "Feature", "properties": { "id": 972, "cdep": "57", "dep": "Moselle", "nb": 0, "nbobserver": 0, "nbesp": 0, "nbrar": 0, "nbesprar": 0 }, "bbox": [ 841536.328326725983061, 6302213.748179920949042, 841536.328326725983061, 6302213.748179920949042 ], "geometry": { "type": "Point", "coordinates": [ 841536.328326725983061, 6302213.748179920949042 ] } },
{ "type": "Feature", "properties": { "id": 973, "cdep": "57", "dep": "Moselle", "nb": 185, "nbobserver": 2, "nbesp": 24, "nbrar": 0, "nbesprar": 0 }, "bbox": [ 840657.119183112401515, 6286947.653929103165865, 840657.119183112401515, 6286947.653929103165865 ], "geometry": { "type": "Point", "coordinates": [ 840657.119183112401515, 6286947.653929103165865 ] } },
{ "type": "Feature", "properties": { "id": 974, "cdep": "57", "dep": "Moselle", "nb": 1025, "nbobserver": 3, "nbesp": 35, "nbrar": 3, "nbesprar": 1 }, "bbox": [ 839780.947288179886527, 6271707.704405233263969, 839780.947288179886527, 6271707.704405233263969 ], "geometry": { "type": "Point", "coordinates": [ 839780.947288179886527, 6271707.704405233263969 ] } },
{ "type": "Feature", "properties": { "id": 975, "cdep": "67", "dep": "Bas-Rhin", "nb": 1134, "nbobserver": 14, "nbesp": 37, "nbrar": 2, "nbesprar": 1 }, "bbox": [ 838907.796948014409281, 6256493.809886202216148, 838907.796948014409281, 6256493.809886202216148 ], "geometry": { "type": "Point", "coordinates": [ 838907.796948014409281, 6256493.809886202216148 ] } },
{ "type": "Feature", "properties": { "id": 976, "cdep": "67", "dep": "Bas-Rhin", "nb": 255, "nbobserver": 16, "nbesp": 33, "nbrar": 1, "nbesprar": 1 }, "bbox": [ 838037.652576524182223, 6241305.881110920570791, 838037.652576524182223, 6241305.881110920570791 ], "geometry": { "type": "Point", "coordinates": [ 838037.652576524182223, 6241305.881110920570791 ] } },
{ "type": "Feature", "properties": { "id": 977, "cdep": "67", "dep": "Bas-Rhin", "nb": 775, "nbobserver": 27, "nbesp": 39, "nbrar": 2, "nbesprar": 1 }, "bbox": [ 837170.498694509267807, 6226143.829276189208031, 837170.498694509267807, 6226143.829276189208031 ], "geometry": { "type": "Point", "coordinates": [ 837170.498694509267807, 6226143.829276189208031 ] } },
{ "type": "Feature", "properties": { "id": 978, "cdep": "67", "dep": "Bas-Rhin", "nb": 1321, "nbobserver": 24, "nbesp": 44, "nbrar": 6, "nbesprar": 2 }, "bbox": [ 836306.319928754586726, 6211007.566033584065735, 836306.319928754586726, 6211007.566033584065735 ], "geometry": { "type": "Point", "coordinates": [ 836306.319928754586726, 6211007.566033584065735 ] } },
{ "type": "Feature", "properties": { "id": 979, "cdep": "67", "dep": "Bas-Rhin", "nb": 2008, "nbobserver": 56, "nbesp": 47, "nbrar": 4, "nbesprar": 2 }, "bbox": [ 835445.101011119084433, 6195897.003486409783363, 835445.101011119084433, 6195897.003486409783363 ], "geometry": { "type": "Point", "coordinates": [ 835445.101011119084433, 6195897.003486409783363 ] } },
{ "type": "Feature", "properties": { "id": 980, "cdep": "67", "dep": "Bas-Rhin", "nb": 1787, "nbobserver": 31, "nbesp": 46, "nbrar": 4, "nbesprar": 1 }, "bbox": [ 834586.826777647598647, 6180812.054186619818211, 834586.826777647598647, 6180812.054186619818211 ], "geometry": { "type": "Point", "coordinates": [ 834586.826777647598647, 6180812.054186619818211 ] } },
{ "type": "Feature", "properties": { "id": 981, "cdep": "67", "dep": "Bas-Rhin", "nb": 1396, "nbobserver": 14, "nbesp": 37, "nbrar": 1, "nbesprar": 1 }, "bbox": [ 833731.482167677255347, 6165752.631131815724075, 833731.482167677255347, 6165752.631131815724075 ], "geometry": { "type": "Point", "coordinates": [ 833731.482167677255347, 6165752.631131815724075 ] } },
{ "type": "Feature", "properties": { "id": 982, "cdep": "67", "dep": "Bas-Rhin", "nb": 3455, "nbobserver": 30, "nbesp": 44, "nbrar": 0, "nbesprar": 0 }, "bbox": [ 832879.052222965052351, 6150718.647762237116694, 832879.052222965052351, 6150718.647762237116694 ], "geometry": { "type": "Point", "coordinates": [ 832879.052222965052351, 6150718.647762237116694 ] } },
{ "type": "Feature", "properties": { "id": 983, "cdep": "68", "dep": "Haut-Rhin", "nb": 151, "nbobserver": 6, "nbesp": 31, "nbrar": 0, "nbesprar": 0 }, "bbox": [ 832029.522086819051765, 6135710.017957790754735, 832029.522086819051765, 6135710.017957790754735 ], "geometry": { "type": "Point", "coordinates": [ 832029.522086819051765, 6135710.017957790754735 ] } },
{ "type": "Feature", "properties": { "id": 984, "cdep": "68", "dep": "Haut-Rhin", "nb": 420, "nbobserver": 20, "nbesp": 40, "nbrar": 2, "nbesprar": 2 }, "bbox": [ 831182.877003236906603, 6120726.656035099178553, 831182.877003236906603, 6120726.656035099178553 ], "geometry": { "type": "Point", "coordinates": [ 831182.877003236906603, 6120726.656035099178553 ] } },
{ "type": "Feature", "properties": { "id": 985, "cdep": "68", "dep": "Haut-Rhin", "nb": 195, "nbobserver": 10, "nbesp": 29, "nbrar": 5, "nbesprar": 1 }, "bbox": [ 830339.102316059055738, 6105768.476744583807886, 830339.102316059055738, 6105768.476744583807886 ], "geometry": { "type": "Point", "coordinates": [ 830339.102316059055738, 6105768.476744583807886 ] } },
{ "type": "Feature", "properties": { "id": 986, "cdep": "68", "dep": "Haut-Rhin", "nb": 39, "nbobserver": 3, "nbesp": 13, "nbrar": 0, "nbesprar": 0 }, "bbox": [ 829498.183468122268096, 6090835.39526756759733, 829498.183468122268096, 6090835.39526756759733 ], "geometry": { "type": "Point", "coordinates": [ 829498.183468122268096, 6090835.39526756759733 ] } },
{ "type": "Feature", "properties": { "id": 987, "cdep": "68", "dep": "Haut-Rhin", "nb": 106, "nbobserver": 11, "nbesp": 28, "nbrar": 0, "nbesprar": 0 }, "bbox": [ 828660.106000427971594, 6075927.327213383279741, 828660.106000427971594, 6075927.327213383279741 ], "geometry": { "type": "Point", "coordinates": [ 828660.106000427971594, 6075927.327213383279741 ] } },
{ "type": "Feature", "properties": { "id": 988, "cdep": "68", "dep": "Haut-Rhin", "nb": 2998, "nbobserver": 39, "nbesp": 47, "nbrar": 4, "nbesprar": 1 }, "bbox": [ 827824.85555131919682, 6061044.188616535626352, 827824.85555131919682, 6061044.188616535626352 ], "geometry": { "type": "Point", "coordinates": [ 827824.85555131919682, 6061044.188616535626352 ] } },
{ "type": "Feature", "properties": { "id": 989, "cdep": "68", "dep": "Haut-Rhin", "nb": 1766, "nbobserver": 32, "nbesp": 45, "nbrar": 1, "nbesprar": 1 }, "bbox": [ 826992.417855658684857, 6046185.895933873020113, 826992.417855658684857, 6046185.895933873020113 ], "geometry": { "type": "Point", "coordinates": [ 826992.417855658684857, 6046185.895933873020113 ] } },
{ "type": "Feature", "properties": { "id": 990, "cdep": "68", "dep": "Haut-Rhin", "nb": 622, "nbobserver": 14, "nbesp": 36, "nbrar": 2, "nbesprar": 1 }, "bbox": [ 826162.778744026902132, 6031352.366041772067547, 826162.778744026902132, 6031352.366041772067547 ], "geometry": { "type": "Point", "coordinates": [ 826162.778744026902132, 6031352.366041772067547 ] } },
{ "type": "Feature", "properties": { "id": 991, "cdep": "68", "dep": "Haut-Rhin", "nb": 1321, "nbobserver": 6, "nbesp": 46, "nbrar": 4, "nbesprar": 2 }, "bbox": [ 825335.924141913536005, 6016543.516233369708061, 825335.924141913536005, 6016543.516233369708061 ], "geometry": { "type": "Point", "coordinates": [ 825335.924141913536005, 6016543.516233369708061 ] } },
{ "type": "Feature", "properties": { "id": 1005, "cdep": "67", "dep": "Bas-Rhin", "nb": 62, "nbobserver": 1, "nbesp": 20, "nbrar": 0, "nbesprar": 0 }, "bbox": [ 855864.593091085203923, 6286054.277460901997983, 855864.593091085203923, 6286054.277460901997983 ], "geometry": { "type": "Point", "coordinates": [ 855864.593091085203923, 6286054.277460901997983 ] } },
{ "type": "Feature", "properties": { "id": 1006, "cdep": "67", "dep": "Bas-Rhin", "nb": 1411, "nbobserver": 21, "nbesp": 44, "nbrar": 1, "nbesprar": 1 }, "bbox": [ 854962.246366274310276, 6270817.401879873126745, 854962.246366274310276, 6270817.401879873126745 ], "geometry": { "type": "Point", "coordinates": [ 854962.246366274310276, 6270817.401879873126745 ] } },
{ "type": "Feature", "properties": { "id": 1007, "cdep": "67", "dep": "Bas-Rhin", "nb": 2332, "nbobserver": 16, "nbesp": 50, "nbrar": 29, "nbesprar": 4 }, "bbox": [ 854063.010835010558367, 6255606.565447065979242, 854063.010835010558367, 6255606.565447065979242 ], "geometry": { "type": "Point", "coordinates": [ 854063.010835010558367, 6255606.565447065979242 ] } },
{ "type": "Feature", "properties": { "id": 1008, "cdep": "67", "dep": "Bas-Rhin", "nb": 7339, "nbobserver": 23, "nbesp": 48, "nbrar": 82, "nbesprar": 2 }, "bbox": [ 853166.870453124400228, 6240421.679010296240449, 853166.870453124400228, 6240421.679010296240449 ], "geometry": { "type": "Point", "coordinates": [ 853166.870453124400228, 6240421.679010296240449 ] } },
{ "type": "Feature", "properties": { "id": 1009, "cdep": "67", "dep": "Bas-Rhin", "nb": 1706, "nbobserver": 34, "nbesp": 46, "nbrar": 2, "nbesprar": 2 }, "bbox": [ 852273.809286445844918, 6225262.653874322772026, 852273.809286445844918, 6225262.653874322772026 ], "geometry": { "type": "Point", "coordinates": [ 852273.809286445844918, 6225262.653874322772026 ] } },
{ "type": "Feature", "properties": { "id": 1010, "cdep": "67", "dep": "Bas-Rhin", "nb": 4453, "nbobserver": 82, "nbesp": 49, "nbrar": 6, "nbesprar": 3 }, "bbox": [ 851383.811509865918197, 6210129.401797780767083, 851383.811509865918197, 6210129.401797780767083 ], "geometry": { "type": "Point", "coordinates": [ 851383.811509865918197, 6210129.401797780767083 ] } },
{ "type": "Feature", "properties": { "id": 1011, "cdep": "67", "dep": "Bas-Rhin", "nb": 2181, "nbobserver": 50, "nbesp": 42, "nbrar": 2, "nbesprar": 1 }, "bbox": [ 850496.861406406038441, 6195021.834990093484521, 850496.861406406038441, 6195021.834990093484521 ], "geometry": { "type": "Point", "coordinates": [ 850496.861406406038441, 6195021.834990093484521 ] } },
{ "type": "Feature", "properties": { "id": 1012, "cdep": "67", "dep": "Bas-Rhin", "nb": 612, "nbobserver": 19, "nbesp": 37, "nbrar": 0, "nbesprar": 0 }, "bbox": [ 849612.943366294377483, 6179939.866108453832567, 849612.943366294377483, 6179939.866108453832567 ], "geometry": { "type": "Point", "coordinates": [ 849612.943366294377483, 6179939.866108453832567 ] } },
{ "type": "Feature", "properties": { "id": 1013, "cdep": "67", "dep": "Bas-Rhin", "nb": 1458, "nbobserver": 22, "nbesp": 44, "nbrar": 0, "nbesprar": 0 }, "bbox": [ 848732.04188605863601, 6164883.408254793845117, 848732.04188605863601, 6164883.408254793845117 ], "geometry": { "type": "Point", "coordinates": [ 848732.04188605863601, 6164883.408254793845117 ] } },
{ "type": "Feature", "properties": { "id": 1014, "cdep": "67", "dep": "Bas-Rhin", "nb": 337, "nbobserver": 17, "nbesp": 34, "nbrar": 0, "nbesprar": 0 }, "bbox": [ 847854.14156762114726, 6149852.374972805380821, 847854.14156762114726, 6149852.374972805380821 ], "geometry": { "type": "Point", "coordinates": [ 847854.14156762114726, 6149852.374972805380821 ] } },
{ "type": "Feature", "properties": { "id": 1015, "cdep": "67", "dep": "Bas-Rhin", "nb": 13, "nbobserver": 1, "nbesp": 9, "nbrar": 0, "nbesprar": 0 }, "bbox": [ 846979.227117406320758, 6134846.68024496268481, 846979.227117406320758, 6134846.68024496268481 ], "geometry": { "type": "Point", "coordinates": [ 846979.227117406320758, 6134846.68024496268481 ] } },
{ "type": "Feature", "properties": { "id": 1016, "cdep": "68", "dep": "Haut-Rhin", "nb": 235, "nbobserver": 10, "nbesp": 35, "nbrar": 1, "nbesprar": 1 }, "bbox": [ 846107.283345456817187, 6119866.238489599898458, 846107.283345456817187, 6119866.238489599898458 ], "geometry": { "type": "Point", "coordinates": [ 846107.283345456817187, 6119866.238489599898458 ] } },
{ "type": "Feature", "properties": { "id": 1017, "cdep": "68", "dep": "Haut-Rhin", "nb": 92, "nbobserver": 5, "nbesp": 27, "nbrar": 1, "nbesprar": 1 }, "bbox": [ 845238.295164557173848, 6104910.964557990431786, 845238.295164557173848, 6104910.964557990431786 ], "geometry": { "type": "Point", "coordinates": [ 845238.295164557173848, 6104910.964557990431786 ] } },
{ "type": "Feature", "properties": { "id": 1018, "cdep": "68", "dep": "Haut-Rhin", "nb": 525, "nbobserver": 6, "nbesp": 28, "nbrar": 1, "nbesprar": 1 }, "bbox": [ 844372.2475893717492, 6089980.773731441237032, 844372.2475893717492, 6089980.773731441237032 ], "geometry": { "type": "Point", "coordinates": [ 844372.2475893717492, 6089980.773731441237032 ] } },
{ "type": "Feature", "properties": { "id": 1019, "cdep": "68", "dep": "Haut-Rhin", "nb": 6, "nbobserver": 1, "nbesp": 6, "nbrar": 0, "nbesprar": 0 }, "bbox": [ 843509.125735581270419, 6075075.581718448549509, 843509.125735581270419, 6075075.581718448549509 ], "geometry": { "type": "Point", "coordinates": [ 843509.125735581270419, 6075075.581718448549509 ] } },
{ "type": "Feature", "properties": { "id": 1020, "cdep": "68", "dep": "Haut-Rhin", "nb": 46, "nbobserver": 4, "nbesp": 16, "nbrar": 0, "nbesprar": 0 }, "bbox": [ 842648.914819037541747, 6060195.304651840589941, 842648.914819037541747, 6060195.304651840589941 ], "geometry": { "type": "Point", "coordinates": [ 842648.914819037541747, 6060195.304651840589941 ] } },
{ "type": "Feature", "properties": { "id": 1021, "cdep": "68", "dep": "Haut-Rhin", "nb": 1692, "nbobserver": 22, "nbesp": 44, "nbrar": 6, "nbesprar": 1 }, "bbox": [ 841791.600154924555682, 6045339.859085961245, 841791.600154924555682, 6045339.859085961245 ], "geometry": { "type": "Point", "coordinates": [ 841791.600154924555682, 6045339.859085961245 ] } },
{ "type": "Feature", "properties": { "id": 1022, "cdep": "68", "dep": "Haut-Rhin", "nb": 198, "nbobserver": 9, "nbesp": 30, "nbrar": 0, "nbesprar": 0 }, "bbox": [ 840937.167156921001151, 6030509.161993872374296, 840937.167156921001151, 6030509.161993872374296 ], "geometry": { "type": "Point", "coordinates": [ 840937.167156921001151, 6030509.161993872374296 ] } },
{ "type": "Feature", "properties": { "id": 1023, "cdep": "68", "dep": "Haut-Rhin", "nb": 1, "nbobserver": 1, "nbesp": 1, "nbrar": 0, "nbesprar": 0 }, "bbox": [ 840085.601336384774186, 6015703.130764582194388, 840085.601336384774186, 6015703.130764582194388 ], "geometry": { "type": "Point", "coordinates": [ 840085.601336384774186, 6015703.130764582194388 ] } },
{ "type": "Feature", "properties": { "id": 1037, "cdep": "67", "dep": "Bas-Rhin", "nb": 27, "nbobserver": 2, "nbesp": 18, "nbrar": 0, "nbesprar": 0 }, "bbox": [ 871068.939668997074477, 6285134.612849018536508, 871068.939668997074477, 6285134.612849018536508 ], "geometry": { "type": "Point", "coordinates": [ 871068.939668997074477, 6285134.612849018536508 ] } },
{ "type": "Feature", "properties": { "id": 1038, "cdep": "67", "dep": "Bas-Rhin", "nb": 562, "nbobserver": 20, "nbesp": 39, "nbrar": 0, "nbesprar": 0 }, "bbox": [ 870140.43426926760003, 6269900.901013689115644, 870140.43426926760003, 6269900.901013689115644 ], "geometry": { "type": "Point", "coordinates": [ 870140.43426926760003, 6269900.901013689115644 ] } },
{ "type": "Feature", "properties": { "id": 1039, "cdep": "67", "dep": "Bas-Rhin", "nb": 741, "nbobserver": 14, "nbesp": 37, "nbrar": 0, "nbesprar": 0 }, "bbox": [ 869215.129590917145833, 6254693.212011191993952, 869215.129590917145833, 6254693.212011191993952 ], "geometry": { "type": "Point", "coordinates": [ 869215.129590917145833, 6254693.212011191993952 ] } },
{ "type": "Feature", "properties": { "id": 1040, "cdep": "67", "dep": "Bas-Rhin", "nb": 2951, "nbobserver": 38, "nbesp": 49, "nbrar": 17, "nbesprar": 3 }, "bbox": [ 868293.009132648585364, 6239511.456801345571876, 868293.009132648585364, 6239511.456801345571876 ], "geometry": { "type": "Point", "coordinates": [ 868293.009132648585364, 6239511.456801345571876 ] } },
{ "type": "Feature", "properties": { "id": 1041, "cdep": "67", "dep": "Bas-Rhin", "nb": 1187, "nbobserver": 23, "nbesp": 37, "nbrar": 0, "nbesprar": 0 }, "bbox": [ 867374.056506261229515, 6224355.546799974516034, 867374.056506261229515, 6224355.546799974516034 ], "geometry": { "type": "Point", "coordinates": [ 867374.056506261229515, 6224355.546799974516034 ] } },
{ "type": "Feature", "properties": { "id": 1042, "cdep": "67", "dep": "Bas-Rhin", "nb": 4435, "nbobserver": 135, "nbesp": 47, "nbrar": 5, "nbesprar": 3 }, "bbox": [ 866458.255435683182441, 6209225.393875811249018, 866458.255435683182441, 6209225.393875811249018 ], "geometry": { "type": "Point", "coordinates": [ 866458.255435683182441, 6209225.393875811249018 ] } },
{ "type": "Feature", "properties": { "id": 1043, "cdep": "67", "dep": "Bas-Rhin", "nb": 2437, "nbobserver": 66, "nbesp": 47, "nbrar": 5, "nbesprar": 3 }, "bbox": [ 865545.589756015338935, 6194120.910347450524569, 865545.589756015338935, 6194120.910347450524569 ], "geometry": { "type": "Point", "coordinates": [ 865545.589756015338935, 6194120.910347450524569 ] } },
{ "type": "Feature", "properties": { "id": 1044, "cdep": "67", "dep": "Bas-Rhin", "nb": 164, "nbobserver": 8, "nbesp": 26, "nbrar": 0, "nbesprar": 0 }, "bbox": [ 864636.043412586906925, 6179042.008980326354504, 864636.043412586906925, 6179042.008980326354504 ], "geometry": { "type": "Point", "coordinates": [ 864636.043412586906925, 6179042.008980326354504 ] } },
{ "type": "Feature", "properties": { "id": 1045, "cdep": "67", "dep": "Bas-Rhin", "nb": 232, "nbobserver": 7, "nbesp": 32, "nbrar": 1, "nbesprar": 1 }, "bbox": [ 863729.600460015353747, 6163988.602983685210347, 863729.600460015353747, 6163988.602983685210347 ], "geometry": { "type": "Point", "coordinates": [ 863729.600460015353747, 6163988.602983685210347 ] } },
{ "type": "Feature", "properties": { "id": 1046, "cdep": "67", "dep": "Bas-Rhin", "nb": 0, "nbobserver": 0, "nbesp": 0, "nbrar": 0, "nbesprar": 0 }, "bbox": [ 862826.245061281020753, 6148960.606007630005479, 862826.245061281020753, 6148960.606007630005479 ], "geometry": { "type": "Point", "coordinates": [ 862826.245061281020753, 6148960.606007630005479 ] } },
{ "type": "Feature", "properties": { "id": 1069, "cdep": "67", "dep": "Bas-Rhin", "nb": 4323, "nbobserver": 17, "nbesp": 45, "nbrar": 0, "nbesprar": 0 }, "bbox": [ 886270.06892929202877, 6284188.676533150486648, 886270.06892929202877, 6284188.676533150486648 ], "geometry": { "type": "Point", "coordinates": [ 886270.06892929202877, 6284188.676533150486648 ] } },
{ "type": "Feature", "properties": { "id": 1070, "cdep": "67", "dep": "Bas-Rhin", "nb": 948, "nbobserver": 16, "nbesp": 43, "nbrar": 1, "nbesprar": 1 }, "bbox": [ 885315.42146984860301, 6268958.218133460730314, 885315.42146984860301, 6268958.218133460730314 ], "geometry": { "type": "Point", "coordinates": [ 885315.42146984860301, 6268958.218133460730314 ] } },
{ "type": "Feature", "properties": { "id": 1071, "cdep": "67", "dep": "Bas-Rhin", "nb": 104, "nbobserver": 10, "nbesp": 29, "nbrar": 3, "nbesprar": 2 }, "bbox": [ 884364.064145544543862, 6253753.765793397091329, 884364.064145544543862, 6253753.765793397091329 ], "geometry": { "type": "Point", "coordinates": [ 884364.064145544543862, 6253753.765793397091329 ] } },
{ "type": "Feature", "properties": { "id": 1072, "cdep": "67", "dep": "Bas-Rhin", "nb": 5806, "nbobserver": 17, "nbesp": 41, "nbrar": 0, "nbesprar": 0 }, "bbox": [ 883415.979998933849856, 6238575.230587901547551, 883415.979998933849856, 6238575.230587901547551 ], "geometry": { "type": "Point", "coordinates": [ 883415.979998933849856, 6238575.230587901547551 ] } },
{ "type": "Feature", "properties": { "id": 1073, "cdep": "67", "dep": "Bas-Rhin", "nb": 639, "nbobserver": 17, "nbesp": 32, "nbrar": 1, "nbesprar": 1 }, "bbox": [ 882471.152188749634661, 6223422.524046921171248, 882471.152188749634661, 6223422.524046921171248 ], "geometry": { "type": "Point", "coordinates": [ 882471.152188749634661, 6223422.524046921171248 ] } },
{ "type": "Feature", "properties": { "id": 1074, "cdep": "67", "dep": "Bas-Rhin", "nb": 0, "nbobserver": 0, "nbesp": 0, "nbrar": 0, "nbesprar": 0 }, "bbox": [ 881529.563988914247602, 6208295.558152348734438, 881529.563988914247602, 6208295.558152348734438 ], "geometry": { "type": "Point", "coordinates": [ 881529.563988914247602, 6208295.558152348734438 ] } },
{ "type": "Feature", "properties": { "id": 1101, "cdep": "67", "dep": "Bas-Rhin", "nb": 0, "nbobserver": 0, "nbesp": 0, "nbrar": 0, "nbesprar": 0 }, "bbox": [ 901467.890999468741938, 6283216.485414273105562, 901467.890999468741938, 6283216.485414273105562 ], "geometry": { "type": "Point", "coordinates": [ 901467.890999468741938, 6283216.485414273105562 ] } },
{ "type": "Feature", "properties": { "id": 1102, "cdep": "67", "dep": "Bas-Rhin", "nb": 229, "nbobserver": 7, "nbesp": 33, "nbrar": 4, "nbesprar": 1 }, "bbox": [ 900487.118554772110656, 6267989.370024108327925, 900487.118554772110656, 6267989.370024108327925 ], "geometry": { "type": "Point", "coordinates": [ 900487.118554772110656, 6267989.370024108327925 ] } },
{ "type": "Feature", "properties": { "id": 1103, "cdep": "67", "dep": "Bas-Rhin", "nb": 252, "nbobserver": 6, "nbesp": 29, "nbrar": 0, "nbesprar": 0 }, "bbox": [ 899509.725541794905439, 6252788.2434635553509, 899509.725541794905439, 6252788.2434635553509 ], "geometry": { "type": "Point", "coordinates": [ 899509.725541794905439, 6252788.2434635553509 ] } },
{ "type": "Feature", "properties": { "id": 1104, "cdep": "67", "dep": "Bas-Rhin", "nb": 147, "nbobserver": 4, "nbesp": 20, "nbrar": 0, "nbesprar": 0 }, "bbox": [ 898535.694547942955978, 6237613.016925756819546, 898535.694547942955978, 6237613.016925756819546 ], "geometry": { "type": "Point", "coordinates": [ 898535.694547942955978, 6237613.016925756819546 ] } },
{ "type": "Feature", "properties": { "id": 1134, "cdep": "67", "dep": "Bas-Rhin", "nb": 0, "nbobserver": 0, "nbesp": 0, "nbrar": 0, "nbesprar": 0 }, "bbox": [ 915655.436227973666973, 6266994.373927703127265, 915655.436227973666973, 6266994.373927703127265 ], "geometry": { "type": "Point", "coordinates": [ 915655.436227973666973, 6266994.373927703127265 ] } },
{ "type": "Feature", "properties": { "id": 1135, "cdep": "67", "dep": "Bas-Rhin", "nb": 0, "nbobserver": 0, "nbesp": 0, "nbrar": 0, "nbesprar": 0 }, "bbox": [ 914652.024938747053966, 6251796.662145586684346, 914652.024938747053966, 6251796.662145586684346 ], "geometry": { "type": "Point", "coordinates": [ 914652.024938747053966, 6251796.662145586684346 ] } }
]
}
