{
"type": "FeatureCollection",
"name": "departements_3857",
"crs": { "type": "name", "properties": { "name": "urn:ogc:def:crs:EPSG::3857" } },
"xy_coordinate_resolution": 1e-06,
"features": [
{ "type": "Feature", "properties": { "code": "08", "nom": "Ardennes" }, "geometry": { "type": "MultiPolygon", "coordinates": [ [ [ [ 471233.215646, 6438962.097813 ], [ 471649.550542, 6439105.71426 ], [ 471944.547193, 6439143.781685 ], [ 472159.39381, 6439565.995698 ], [ 472516.729375, 6439597.143481 ], [ 472727.123213, 6439730.38809 ], [ 473216.928972, 6439702.700723 ], [ 473259.230379, 6439809.989782 ], [ 473596.528436, 6439981.309047 ], [ 474243.294678, 6440079.94901 ], [ 474652.950404, 6440024.572045 ], [ 474989.135266, 6440107.63763 ], [ 475257.415239, 6440270.310135 ], [ 475522.355627, 6440280.693594 ], [ 475673.750134, 6440128.404156 ], [ 476006.595412, 6440088.601694 ], [ 476510.872705, 6440178.590141 ], [ 476834.812423, 6440067.835267 ], [ 477168.770896, 6440098.984927 ], [ 477617.388443, 6439993.422664 ], [ 477791.046849, 6440128.404156 ], [ 478373.247786, 6440143.979085 ], [ 478736.149326, 6440344.725212 ], [ 478944.316774, 6440573.166346 ], [ 479646.742761, 6441030.067407 ], [ 479882.740081, 6440891.609894 ], [ 480167.717978, 6440477.981779 ], [ 480420.413222, 6440394.9125 ], [ 480513.921594, 6440244.351544 ], [ 481223.02675, 6439891.322731 ], [ 481532.494935, 6439898.244721 ], [ 481639.361646, 6439794.415478 ], [ 482122.488236, 6439835.94702 ], [ 482419.711276, 6439967.464935 ], [ 482839.385757, 6439707.892097 ], [ 483190.042153, 6439161.085117 ], [ 483428.265863, 6439015.737401 ], [ 483968.165393, 6438354.783343 ], [ 484024.938334, 6438143.70435 ], [ 484253.14329, 6437972.422868 ], [ 484936.644963, 6438050.277651 ], [ 485829.427279, 6438055.467995 ], [ 486166.725336, 6437906.679396 ], [ 486585.286622, 6437856.507095 ], [ 487227.600084, 6438041.627083 ], [ 487746.348911, 6438353.053166 ], [ 487976.780257, 6437982.803464 ], [ 487964.535113, 6437834.016162 ], [ 488602.395795, 6437520.879475 ], [ 488656.942345, 6437292.522018 ], [ 488880.694522, 6437178.345636 ], [ 489110.012673, 6437366.910502 ], [ 489713.364313, 6437342.690923 ], [ 489933.776905, 6437446.489616 ], [ 490259.943013, 6437458.599548 ], [ 490473.676435, 6437344.42089 ], [ 491543.456742, 6437043.41193 ], [ 491857.377706, 6437098.769084 ], [ 492013.224993, 6436899.831026 ], [ 492665.557209, 6436623.055543 ], [ 492854.800343, 6436446.61597 ], [ 493779.865312, 6436010.722454 ], [ 494317.538452, 6436078.180674 ], [ 494679.326797, 6435695.924649 ], [ 494758.363636, 6435460.698888 ], [ 495031.096388, 6435458.969311 ], [ 498231.531749, 6437001.894306 ], [ 498890.543134, 6437249.273204 ], [ 499086.465438, 6437050.331554 ], [ 499400.386402, 6436922.319438 ], [ 499529.517011, 6437105.688754 ], [ 499699.835832, 6437069.36055 ], [ 500176.283253, 6437228.513854 ], [ 500405.601404, 6437361.720586 ], [ 501023.424578, 6437242.353415 ], [ 501811.566572, 6437135.097416 ], [ 502096.544469, 6437046.871741 ], [ 502665.387067, 6437671.39122 ], [ 503073.929598, 6437884.188327 ], [ 503526.999926, 6437692.151674 ], [ 503680.620823, 6437920.520084 ], [ 503680.620823, 6438183.497522 ], [ 504130.351566, 6438965.558421 ], [ 504304.009971, 6439084.950283 ], [ 504452.064894, 6439377.381056 ], [ 504358.556522, 6439597.143481 ], [ 504641.308028, 6439773.649784 ], [ 504957.455382, 6440178.590141 ], [ 505123.321424, 6440297.999388 ], [ 505639.843861, 6440960.838363 ], [ 505969.349554, 6440841.419613 ], [ 506450.249754, 6440772.192136 ], [ 506932.263149, 6440846.611697 ], [ 508089.985853, 6441106.220021 ], [ 508202.418539, 6441265.450463 ], [ 508972.749415, 6441857.399013 ], [ 509157.53977, 6442310.908527 ], [ 509141.955041, 6442864.846778 ], [ 509694.099716, 6443107.206349 ], [ 510074.812374, 6443430.940492 ], [ 510307.47011, 6443399.77837 ], [ 510823.992547, 6443540.00884 ], [ 511297.100383, 6443766.806326 ], [ 511799.151286, 6443891.46101 ], [ 512125.317394, 6443920.893638 ], [ 512261.127173, 6443823.939491 ], [ 512639.613442, 6443756.41852 ], [ 513403.265149, 6443827.40212 ], [ 513629.243715, 6443898.386325 ], [ 514781.400445, 6443919.162304 ], [ 515096.434604, 6444119.999443 ], [ 515361.374992, 6444147.701498 ], [ 515763.238354, 6444035.162475 ], [ 516216.308681, 6444412.607048 ], [ 516738.397093, 6444466.281748 ], [ 516938.772176, 6444679.252517 ], [ 517094.619463, 6444634.233851 ], [ 517641.198163, 6444819.504534 ], [ 517863.837145, 6444951.101168 ], [ 518546.225623, 6445196.984661 ], [ 519152.916848, 6445217.763881 ], [ 519280.934263, 6445306.076142 ], [ 519441.234329, 6445697.431945 ], [ 519993.379004, 6445780.55413 ], [ 520380.770832, 6445692.236836 ], [ 520610.088983, 6445482.703475 ], [ 520897.293269, 6445614.31059 ], [ 521466.135867, 6445666.26134 ], [ 521903.621466, 6445489.630113 ], [ 522486.935597, 6445500.020082 ], [ 522601.594673, 6445700.895353 ], [ 521846.848525, 6446410.924373 ], [ 521694.340823, 6446772.889296 ], [ 521724.397086, 6447218.006494 ], [ 521529.587977, 6447495.134279 ], [ 521550.73868, 6447664.879603 ], [ 521925.885364, 6448245.157616 ], [ 521686.548459, 6448532.71335 ], [ 521633.115103, 6449010.840054 ], [ 521669.850535, 6449476.866785 ], [ 521618.643569, 6449821.63941 ], [ 521773.377662, 6450526.821868 ], [ 521492.852545, 6450994.666293 ], [ 521811.226288, 6451211.269841 ], [ 521960.394406, 6451836.852539 ], [ 522213.08965, 6452223.316318 ], [ 522293.239684, 6452800.445866 ], [ 522416.804318, 6452954.700482 ], [ 522547.048123, 6453386.281959 ], [ 522827.573239, 6453672.282016 ], [ 522702.89541, 6454152.437551 ], [ 522736.291257, 6454752.237539 ], [ 523083.608068, 6455154.439785 ], [ 523164.871296, 6455556.661474 ], [ 522974.514967, 6455648.551054 ], [ 522941.11912, 6456049.062775 ], [ 522814.2149, 6456208.579306 ], [ 522745.196816, 6456513.749887 ], [ 522237.579938, 6456234.587726 ], [ 521677.642899, 6456243.257217 ], [ 521660.944976, 6456626.457762 ], [ 521475.041426, 6457193.488238 ], [ 520995.254421, 6457791.773305 ], [ 521020.857904, 6458072.722011 ], [ 521549.625485, 6458320.727829 ], [ 521916.979805, 6458856.653766 ], [ 521911.41383, 6459512.299449 ], [ 522090.63821, 6459952.894633 ], [ 522204.184091, 6460407.391288 ], [ 522424.596683, 6460978.149369 ], [ 522607.160648, 6461066.629053 ], [ 522787.498223, 6461583.646812 ], [ 523255.040084, 6462388.731753 ], [ 523433.151269, 6462836.420466 ], [ 523662.46942, 6462954.419955 ], [ 524520.742694, 6463035.979404 ], [ 524694.4011, 6463093.245027 ], [ 524716.664998, 6463332.723725 ], [ 524940.417175, 6463731.870217 ], [ 525627.258433, 6464039.052523 ], [ 527398.351531, 6464896.446241 ], [ 528917.862581, 6465649.776048 ], [ 529101.53974, 6466519.488218 ], [ 528523.791583, 6467481.31183 ], [ 529431.045433, 6467368.456726 ], [ 529868.531032, 6468609.947169 ], [ 530186.904776, 6469592.852957 ], [ 530121.226276, 6469931.513505 ], [ 531206.591311, 6470506.399677 ], [ 532079.336119, 6470805.147774 ], [ 534070.841809, 6472076.684241 ], [ 534980.322049, 6472747.272283 ], [ 535004.812337, 6472802.867504 ], [ 536847.14991, 6475477.089511 ], [ 537124.335442, 6475616.123945 ], [ 536995.204833, 6475230.309122 ], [ 536969.60135, 6474456.995534 ], [ 537037.506239, 6474158.116089 ], [ 537395.954999, 6473716.767272 ], [ 537618.593981, 6473560.389459 ], [ 537803.384336, 6473271.966993 ], [ 537922.496191, 6472854.988361 ], [ 538040.494851, 6472914.059062 ], [ 538491.338789, 6472858.463097 ], [ 538829.750041, 6472988.766725 ], [ 538942.182727, 6472837.614706 ], [ 539272.801614, 6472959.231057 ], [ 539807.13517, 6472839.35207 ], [ 540082.094312, 6472665.617477 ], [ 540670.974419, 6472762.908401 ], [ 541383.41916, 6472698.62677 ], [ 541466.908778, 6472821.978447 ], [ 541850.961021, 6472934.907644 ], [ 542137.052112, 6472861.937834 ], [ 542406.44528, 6472955.75628 ], [ 542794.950303, 6472973.130182 ], [ 543062.117081, 6472815.029008 ], [ 543186.794911, 6472561.378465 ], [ 543083.267784, 6472243.457557 ], [ 543193.47408, 6472052.363412 ], [ 543322.604689, 6471532.956991 ], [ 543511.847824, 6471090.010614 ], [ 543377.15124, 6470789.515339 ], [ 544126.331413, 6470582.822586 ], [ 544905.567848, 6470619.297404 ], [ 545140.451974, 6470172.926117 ], [ 544896.662289, 6469618.903278 ], [ 544464.742665, 6469540.752559 ], [ 544308.895378, 6469280.25547 ], [ 543777.901407, 6468830.483051 ], [ 543146.719894, 6469030.185947 ], [ 543058.777496, 6468971.142852 ], [ 543061.003886, 6468339.060709 ], [ 542197.164637, 6467891.075554 ], [ 542220.54173, 6467679.246022 ], [ 541811.999199, 6466858.023547 ], [ 542036.864571, 6466358.037763 ], [ 542102.54307, 6466059.449486 ], [ 542481.029339, 6465226.236603 ], [ 542533.3495, 6464920.746137 ], [ 542164.881985, 6464150.126885 ], [ 542133.712528, 6463700.631975 ], [ 541894.375622, 6463044.655988 ], [ 542617.952313, 6462810.391393 ], [ 542789.384328, 6462600.426512 ], [ 542557.839788, 6462171.836974 ], [ 542363.030679, 6461483.016675 ], [ 541970.072876, 6461599.261942 ], [ 541741.86792, 6461762.355057 ], [ 541547.058811, 6462026.086862 ], [ 541068.385001, 6462338.41166 ], [ 541012.725255, 6462484.167248 ], [ 541203.081585, 6463100.186342 ], [ 541065.045416, 6463370.902126 ], [ 540845.746019, 6463596.505347 ], [ 540501.768793, 6463763.108578 ], [ 539998.604694, 6463841.204991 ], [ 539916.228271, 6463478.496745 ], [ 539735.890696, 6463242.484565 ], [ 539029.011929, 6462791.303457 ], [ 538683.921508, 6462685.452974 ], [ 538524.734636, 6462378.320674 ], [ 538925.484803, 6462232.566942 ], [ 539022.33276, 6462118.047945 ], [ 539203.78353, 6461495.161627 ], [ 539489.874621, 6460995.498252 ], [ 539487.648231, 6460683.223889 ], [ 538847.561159, 6460639.853377 ], [ 538984.484133, 6460310.244878 ], [ 538929.937583, 6460046.567484 ], [ 539105.822378, 6459704.840143 ], [ 538823.070871, 6458919.093985 ], [ 538843.10838, 6458816.761649 ], [ 538555.904094, 6457906.232744 ], [ 538228.624791, 6457847.268594 ], [ 538022.683733, 6457953.057513 ], [ 537627.49954, 6458017.225219 ], [ 537214.504229, 6457883.687578 ], [ 537033.053459, 6457906.232744 ], [ 536483.135175, 6457692.92324 ], [ 536708.000546, 6457529.909908 ], [ 536642.322047, 6457174.41319 ], [ 536421.909455, 6456860.548228 ], [ 536702.434572, 6456609.11799 ], [ 537088.713205, 6456612.585941 ], [ 537381.483466, 6456515.483843 ], [ 537565.160625, 6456175.635424 ], [ 537456.067524, 6455686.694197 ], [ 537285.748704, 6455234.189091 ], [ 537369.238322, 6454958.537124 ], [ 537590.764108, 6454597.949597 ], [ 537871.289225, 6454363.922785 ], [ 538142.908783, 6454337.920212 ], [ 538597.092305, 6454441.930991 ], [ 538833.089626, 6454301.516747 ], [ 538949.975091, 6453821.35261 ], [ 538856.466719, 6453381.082049 ], [ 538933.277167, 6453206.020307 ], [ 538829.750041, 6452788.313602 ], [ 538182.983799, 6452271.842186 ], [ 537793.365582, 6452254.511486 ], [ 537627.49954, 6452167.858529 ], [ 537437.143211, 6451556.114321 ], [ 537075.354866, 6451233.796934 ], [ 536896.130486, 6451200.872742 ], [ 536755.867927, 6450963.475847 ], [ 536490.927539, 6450745.145994 ], [ 536611.152589, 6450369.146894 ], [ 536782.584605, 6450121.37797 ], [ 536351.778176, 6449760.999974 ], [ 536289.439261, 6449078.403651 ], [ 536225.987151, 6448984.854202 ], [ 536438.607379, 6448612.399227 ], [ 536684.623453, 6448307.518257 ], [ 536415.230286, 6447694.325573 ], [ 536252.703829, 6446973.795279 ], [ 536112.441271, 6446745.178507 ], [ 536109.101686, 6445910.434205 ], [ 536441.946963, 6445434.217167 ], [ 536121.34683, 6444913.007191 ], [ 535904.273823, 6444665.400594 ], [ 535792.954332, 6444395.292702 ], [ 535453.429885, 6444211.762852 ], [ 535426.713207, 6444033.431117 ], [ 535115.018633, 6443560.783925 ], [ 534754.343483, 6443269.937447 ], [ 534272.330088, 6443223.19521 ], [ 533950.616759, 6443320.142364 ], [ 533587.715219, 6443176.453236 ], [ 533593.281194, 6442878.695707 ], [ 533815.920176, 6442297.060543 ], [ 533725.751388, 6441971.639541 ], [ 533540.961033, 6441743.160052 ], [ 533387.340136, 6441305.258549 ], [ 533232.606044, 6441085.451057 ], [ 533200.323391, 6440531.631128 ], [ 533291.605374, 6440017.64995 ], [ 533259.322722, 6439519.274242 ], [ 533322.774831, 6439074.568314 ], [ 533933.918836, 6439046.883127 ], [ 534451.554468, 6438733.700853 ], [ 535139.508921, 6438384.196414 ], [ 535628.201486, 6438404.958644 ], [ 536000.008585, 6438323.640204 ], [ 536768.113071, 6437870.3477 ], [ 537394.841805, 6437842.666514 ], [ 537511.72727, 6437590.079939 ], [ 537699.857209, 6437434.379702 ], [ 537926.948971, 6437458.599548 ], [ 538218.606036, 6437612.570214 ], [ 538835.316015, 6437749.24319 ], [ 539577.817019, 6437451.679584 ], [ 539920.681051, 6437010.543794 ], [ 540018.642203, 6436680.139734 ], [ 540305.846489, 6435986.506816 ], [ 540334.789556, 6435682.087656 ], [ 540906.971739, 6434481.815922 ], [ 541547.058811, 6434148.053492 ], [ 542162.655595, 6433760.69831 ], [ 542863.968387, 6433131.284532 ], [ 543325.944274, 6432828.698671 ], [ 543408.320697, 6432515.749992 ], [ 543285.869257, 6431848.39592 ], [ 543672.14789, 6431353.965958 ], [ 544350.083589, 6430577.804643 ], [ 544092.935566, 6430057.523147 ], [ 543941.541058, 6429938.260534 ], [ 543330.397054, 6429948.631128 ], [ 542950.79759, 6429753.320436 ], [ 542816.101006, 6429212.350989 ], [ 543317.038715, 6429322.961696 ], [ 543814.636839, 6429335.059831 ], [ 544018.351507, 6429010.144585 ], [ 544048.407769, 6428744.000039 ], [ 543751.184729, 6428394.914228 ], [ 543121.116411, 6428139.157662 ], [ 542946.34481, 6427981.90583 ], [ 542860.628802, 6427525.719492 ], [ 542570.084932, 6427207.786196 ], [ 542039.09096, 6426153.85489 ], [ 542142.618087, 6425746.140145 ], [ 542281.76745, 6425509.467424 ], [ 542219.428536, 6425286.621146 ], [ 541911.073546, 6425341.900288 ], [ 541712.924852, 6425215.795281 ], [ 541397.890693, 6424574.93492 ], [ 541215.326729, 6424004.938773 ], [ 541214.213534, 6423733.772461 ], [ 541355.589287, 6423319.267745 ], [ 540916.990493, 6422944.504126 ], [ 540583.032021, 6422885.786928 ], [ 540182.281854, 6422968.681916 ], [ 540033.113736, 6422927.234319 ], [ 540125.508914, 6422077.603955 ], [ 540076.528338, 6420982.882639 ], [ 540224.58326, 6420521.899447 ], [ 540468.372945, 6420185.24242 ], [ 540480.618089, 6420002.244811 ], [ 540746.671672, 6419719.124343 ], [ 540672.087613, 6419292.735422 ], [ 540745.558477, 6418926.783358 ], [ 541824.244343, 6418949.223353 ], [ 542016.827062, 6417618.463352 ], [ 541725.169996, 6417473.490644 ], [ 542027.959011, 6417066.199844 ], [ 541955.601342, 6416752.116274 ], [ 542073.600003, 6416538.132039 ], [ 541999.015944, 6416198.184495 ], [ 541991.223579, 6415694.328322 ], [ 542245.032018, 6415444.137071 ], [ 542702.555126, 6415250.89103 ], [ 542897.364234, 6415057.649463 ], [ 542761.554456, 6414659.102856 ], [ 542015.713867, 6414352.010657 ], [ 541819.791564, 6414062.18119 ], [ 541584.907438, 6413984.550006 ], [ 541687.32137, 6413539.478481 ], [ 541522.568523, 6413072.006418 ], [ 541524.794913, 6412644.232039 ], [ 541429.060151, 6412545.916026 ], [ 541308.835101, 6411999.162121 ], [ 540944.820366, 6411700.79102 ], [ 540967.084264, 6411259.290337 ], [ 540535.16464, 6410840.231203 ], [ 540064.283194, 6410598.807504 ], [ 540145.546422, 6410488.444709 ], [ 540781.180714, 6410312.557019 ], [ 541206.421169, 6409862.508324 ], [ 541405.683058, 6409815.952947 ], [ 541805.32003, 6409912.512537 ], [ 542220.54173, 6409874.578279 ], [ 542074.713197, 6410578.114369 ], [ 542792.723913, 6410567.767821 ], [ 543141.153919, 6410502.239979 ], [ 543781.240991, 6409991.830179 ], [ 544047.294574, 6409650.424818 ], [ 544220.95298, 6409791.813224 ], [ 544468.08225, 6409798.710281 ], [ 544937.850501, 6409705.600497 ], [ 545291.846481, 6409848.714112 ], [ 545522.277827, 6409365.931011 ], [ 546104.478764, 6409207.308369 ], [ 546531.945609, 6409262.48112 ], [ 546792.433217, 6409431.449938 ], [ 547384.652908, 6409550.41983 ], [ 547560.537704, 6409715.945977 ], [ 547885.590617, 6409743.533987 ], [ 548295.246343, 6409571.110419 ], [ 548908.616737, 6409443.51927 ], [ 549058.89805, 6409702.152006 ], [ 549052.21888, 6409943.549786 ], [ 549791.380299, 6410476.373867 ], [ 550366.902067, 6410379.807757 ], [ 550600.672997, 6410845.404644 ], [ 550665.238302, 6411361.040377 ], [ 551037.045401, 6411619.732504 ], [ 551303.098984, 6411697.341705 ], [ 551824.074201, 6412004.33628 ], [ 551954.318005, 6411711.138972 ], [ 552435.218206, 6411340.345354 ], [ 552878.269779, 6411392.08301 ], [ 553037.456651, 6411519.703932 ], [ 553139.870582, 6412014.684609 ], [ 553503.885317, 6412031.931851 ], [ 553733.203468, 6411937.072458 ], [ 554096.105008, 6411947.420703 ], [ 554322.083575, 6411768.052938 ], [ 554564.760064, 6411807.720478 ], [ 554876.454639, 6411664.573288 ], [ 556080.931529, 6411816.343881 ], [ 556461.644188, 6411647.326804 ], [ 556417.116391, 6411454.16862 ], [ 556503.945594, 6411126.499776 ], [ 556320.268434, 6410947.149642 ], [ 556370.362205, 6410797.119316 ], [ 556629.736619, 6410717.794026 ], [ 557077.240972, 6409855.611215 ], [ 557401.18069, 6409584.904173 ], [ 557322.143851, 6409140.067071 ], [ 557378.916792, 6408859.038787 ], [ 557591.537019, 6408595.260106 ], [ 557849.798238, 6408486.647775 ], [ 558105.833067, 6408278.047102 ], [ 558866.145189, 6407886.719397 ], [ 559125.519602, 6407805.69789 ], [ 559487.307947, 6407521.266905 ], [ 559869.133801, 6407390.259528 ], [ 560489.183365, 6407012.762916 ], [ 560679.539694, 6406835.224745 ], [ 561030.19609, 6406769.726179 ], [ 561486.606002, 6406549.103207 ], [ 562012.033999, 6406552.550396 ], [ 562579.763402, 6406223.350252 ], [ 563016.135806, 6406076.851741 ], [ 563430.244311, 6405999.294745 ], [ 563524.865878, 6405823.501555 ], [ 563535.997828, 6405313.37755 ], [ 563630.619395, 6405147.938616 ], [ 564247.329374, 6405108.302691 ], [ 564576.835066, 6405011.798616 ], [ 564870.718522, 6405178.958166 ], [ 565329.354824, 6405301.314184 ], [ 565901.537007, 6405258.230875 ], [ 566154.232251, 6405416.778548 ], [ 566346.81497, 6405830.395336 ], [ 567005.826356, 6405458.139305 ], [ 567213.993803, 6405008.352063 ], [ 567448.877929, 6404696.444859 ], [ 567983.211485, 6403862.451845 ], [ 568126.813628, 6403571.263147 ], [ 568579.883955, 6403049.216504 ], [ 568829.239615, 6402675.361556 ], [ 569014.029969, 6402227.446775 ], [ 569358.007196, 6401734.768241 ], [ 569457.081543, 6401498.775176 ], [ 569789.92682, 6401083.65026 ], [ 569787.70043, 6400587.594412 ], [ 570127.224877, 6399955.510347 ], [ 570293.090919, 6399399.24702 ], [ 570476.768078, 6399199.483465 ], [ 570507.937536, 6398965.283997 ], [ 570320.920791, 6398097.425528 ], [ 570297.543698, 6397462.08627 ], [ 570581.4084, 6397210.718755 ], [ 570583.63479, 6396613.320806 ], [ 571068.987769, 6396806.136228 ], [ 571419.644165, 6396708.006395 ], [ 572104.259034, 6396821.630518 ], [ 572301.294533, 6396721.778934 ], [ 572587.385624, 6396083.10132 ], [ 572857.891987, 6396313.777094 ], [ 573283.132441, 6396954.193945 ], [ 573427.847779, 6397283.029183 ], [ 573442.319313, 6397498.242493 ], [ 573663.8451, 6397646.312467 ], [ 574210.4238, 6397377.722357 ], [ 574584.457289, 6397031.667052 ], [ 574726.946237, 6396738.994639 ], [ 574998.565794, 6396542.737701 ], [ 575059.791514, 6395711.279139 ], [ 574905.057422, 6395299.884049 ], [ 574837.152533, 6394721.555301 ], [ 574837.152533, 6394310.208896 ], [ 574958.490778, 6393795.624098 ], [ 574895.038668, 6393394.648528 ], [ 575099.866531, 6393263.862371 ], [ 575395.976377, 6393337.859551 ], [ 575881.329356, 6393312.046507 ], [ 576170.760033, 6393447.9961 ], [ 576630.50953, 6393491.018584 ], [ 577462.066126, 6393453.158787 ], [ 578023.116359, 6393602.878077 ], [ 578423.866526, 6393384.323231 ], [ 578381.56512, 6393093.49926 ], [ 578729.995126, 6393126.194942 ], [ 579078.425132, 6393344.743043 ], [ 579131.858488, 6393527.157641 ], [ 579436.873892, 6393817.996691 ], [ 579843.190034, 6393547.808601 ], [ 580143.752659, 6393102.103375 ], [ 580404.240267, 6392852.587653 ], [ 580672.52024, 6392424.126297 ], [ 580884.027273, 6392324.327204 ], [ 581693.319971, 6392694.278089 ], [ 582026.165248, 6392897.327855 ], [ 582381.274424, 6392931.743559 ], [ 582944.551047, 6392646.097512 ], [ 583428.790832, 6392627.169505 ], [ 583641.41106, 6392525.647284 ], [ 583631.392306, 6392069.672848 ], [ 583917.483397, 6392097.202674 ], [ 584360.53497, 6392389.712682 ], [ 584544.21213, 6392692.55735 ], [ 584987.263703, 6393195.028373 ], [ 585074.092906, 6393461.763271 ], [ 585890.064774, 6393594.273447 ], [ 586349.814271, 6393883.393847 ], [ 586728.300539, 6393676.878256 ], [ 587008.825656, 6393361.951797 ], [ 587257.068121, 6393182.982482 ], [ 587851.514201, 6392594.475774 ], [ 587952.814938, 6392420.684929 ], [ 587897.155193, 6392019.775267 ], [ 588207.736572, 6392062.790405 ], [ 588258.943538, 6391715.234418 ], [ 588497.167248, 6391352.208683 ], [ 588856.729203, 6391278.229067 ], [ 589107.198058, 6390973.715213 ], [ 589248.573811, 6390643.407633 ], [ 589464.533623, 6390424.930098 ], [ 589756.190689, 6390352.678941 ], [ 589895.340052, 6390184.095333 ], [ 590116.865839, 6390144.530284 ], [ 590338.391626, 6389879.621302 ], [ 590516.502811, 6389881.341463 ], [ 590981.818283, 6389583.758848 ], [ 591263.456594, 6389084.944679 ], [ 591545.094906, 6388957.665826 ], [ 591813.374879, 6388527.68402 ], [ 592011.523572, 6388443.410176 ], [ 592821.929465, 6387475.181802 ], [ 593169.246277, 6387299.777635 ], [ 593389.658868, 6386811.416776 ], [ 593555.52491, 6386703.087067 ], [ 593641.240918, 6386360.91196 ], [ 593003.380235, 6385858.851196 ], [ 592770.7225, 6385814.148616 ], [ 592347.708435, 6385444.501814 ], [ 591954.750632, 6385257.105718 ], [ 592027.108301, 6384945.934314 ], [ 591882.392963, 6384820.437518 ], [ 591539.528931, 6384316.750134 ], [ 591336.927458, 6383899.039219 ], [ 590971.799528, 6383627.452359 ], [ 590891.649495, 6383159.931063 ], [ 590539.879904, 6382453.542164 ], [ 590542.106294, 6381510.064566 ], [ 590725.783454, 6381247.14713 ], [ 590853.800868, 6380848.49069 ], [ 591135.43918, 6380535.764871 ], [ 591241.192696, 6380276.314403 ], [ 591338.040653, 6379291.850324 ], [ 591496.11433, 6379144.104797 ], [ 592013.749962, 6379573.604835 ], [ 592049.372199, 6379764.309914 ], [ 592470.159875, 6379814.134479 ], [ 592877.589211, 6380092.470263 ], [ 593372.960945, 6380176.660069 ], [ 593704.693027, 6379984.22747 ], [ 594190.046007, 6380013.435705 ], [ 594468.344734, 6380185.250913 ], [ 594289.120354, 6380324.423816 ], [ 594611.946877, 6380721.337025 ], [ 594756.662215, 6381047.816537 ], [ 594716.587199, 6381405.240285 ], [ 594837.925444, 6382120.133561 ], [ 595087.281103, 6382558.379572 ], [ 595253.147144, 6382675.24905 ], [ 595727.368175, 6382579.003479 ], [ 595877.649488, 6382481.040374 ], [ 595914.38492, 6382247.308472 ], [ 596141.476681, 6382128.7264 ], [ 596338.51218, 6381857.196966 ], [ 596601.226178, 6381895.004334 ], [ 596960.788133, 6381594.268628 ], [ 597063.202065, 6381241.991969 ], [ 597373.783444, 6381321.038124 ], [ 597776.760001, 6381166.383301 ], [ 598160.812244, 6381329.630143 ], [ 598365.640107, 6381266.049415 ], [ 598563.788801, 6380987.674618 ], [ 598747.46596, 6380965.336301 ], [ 599073.632068, 6380642.29653 ], [ 599426.514854, 6380604.494819 ], [ 599781.62403, 6380434.389228 ], [ 600406.126373, 6380224.76891 ], [ 600133.393621, 6380068.416188 ], [ 599827.265021, 6379731.666394 ], [ 599882.924766, 6379422.418309 ], [ 599856.208089, 6379097.720111 ], [ 599556.758658, 6378675.115916 ], [ 599145.989737, 6378328.115408 ], [ 598997.934815, 6378024.072327 ], [ 599002.387594, 6377649.616355 ], [ 598855.445866, 6377495.029323 ], [ 599016.859128, 6377237.39061 ], [ 598838.747943, 6376933.387122 ], [ 599005.727179, 6376833.77256 ], [ 598829.842384, 6376315.108985 ], [ 598688.46663, 6376090.135765 ], [ 598294.395633, 6375890.927882 ], [ 597990.493423, 6375963.054327 ], [ 597884.739907, 6375820.519332 ], [ 597630.931468, 6375830.822985 ], [ 597372.670249, 6376103.874414 ], [ 596865.053371, 6375954.467813 ], [ 596521.076144, 6375629.904033 ], [ 596054.647478, 6375315.655849 ], [ 595707.330667, 6375298.484157 ], [ 595003.791485, 6375659.097086 ], [ 594882.45324, 6375863.451304 ], [ 594805.642791, 6376292.783128 ], [ 594463.891955, 6376390.673864 ], [ 594432.722497, 6375997.400471 ], [ 594272.42243, 6375633.338505 ], [ 594036.42511, 6375372.322683 ], [ 593510.997113, 6374522.360418 ], [ 593460.903343, 6374230.474079 ], [ 593220.453242, 6373813.265969 ], [ 592497.989747, 6373255.304057 ], [ 592253.086867, 6372949.728358 ], [ 592004.844403, 6372881.061195 ], [ 591955.863827, 6371971.274411 ], [ 591851.223506, 6371670.894807 ], [ 591637.490083, 6371416.867888 ], [ 590902.781444, 6370910.55342 ], [ 591303.531611, 6370299.584149 ], [ 590947.30924, 6370097.081691 ], [ 590415.202074, 6369870.559316 ], [ 589798.492095, 6369662.919184 ], [ 588970.275084, 6369517.059357 ], [ 588335.753986, 6369276.825177 ], [ 588101.983056, 6369040.029652 ], [ 587871.55171, 6368604.206102 ], [ 587721.270397, 6368086.051684 ], [ 587355.029273, 6367727.480128 ], [ 586447.775423, 6367809.830133 ], [ 586236.26839, 6367518.177506 ], [ 585936.81896, 6367559.351379 ], [ 585842.197393, 6367302.017989 ], [ 585570.577835, 6367442.692597 ], [ 585370.202752, 6367782.380042 ], [ 585432.541667, 6368266.201078 ], [ 585336.806904, 6368578.469199 ], [ 585005.074822, 6369108.665347 ], [ 584893.755331, 6369656.055135 ], [ 584535.306571, 6369923.757202 ], [ 583899.672278, 6369994.116216 ], [ 583889.653524, 6370133.119906 ], [ 583394.28179, 6370277.274316 ], [ 583152.718495, 6370570.73917 ], [ 583104.851114, 6370749.225745 ], [ 582721.912066, 6370805.861703 ], [ 582700.761362, 6371253.814127 ], [ 582807.628074, 6371650.297743 ], [ 582822.099607, 6371998.738227 ], [ 582508.178643, 6372048.516621 ], [ 581752.319301, 6372070.83117 ], [ 581725.602623, 6372378.091385 ], [ 581111.119034, 6372395.257093 ], [ 581045.440534, 6372482.802748 ], [ 580434.29653, 6372614.981254 ], [ 580437.636115, 6372692.229399 ], [ 579812.020576, 6372884.49454 ], [ 579827.605305, 6372659.613429 ], [ 579462.477375, 6372211.585848 ], [ 579040.576505, 6371832.240227 ], [ 578584.166593, 6371574.775608 ], [ 578445.017229, 6371770.447997 ], [ 578129.983071, 6371976.42387 ], [ 577750.383607, 6372122.32651 ], [ 577093.598611, 6372069.114664 ], [ 576529.208793, 6371797.911154 ], [ 576265.3816, 6371554.17878 ], [ 575373.712478, 6370975.771872 ], [ 575068.697074, 6371018.679026 ], [ 574714.701093, 6370853.916755 ], [ 574720.267068, 6371224.63642 ], [ 574396.327349, 6371569.626396 ], [ 574606.721187, 6371670.894807 ], [ 574296.139808, 6372421.00572 ], [ 573964.407725, 6372626.997586 ], [ 573833.050726, 6372826.12787 ], [ 573754.013887, 6373154.016495 ], [ 573591.487431, 6373322.257524 ], [ 573613.751329, 6373976.369547 ], [ 573384.433178, 6374827.993485 ], [ 573229.699086, 6375011.722099 ], [ 572585.159234, 6375490.809121 ], [ 572661.969683, 6375729.504279 ], [ 571835.979061, 6375679.704008 ], [ 571493.115029, 6375739.80782 ], [ 570791.802237, 6375743.242337 ], [ 570499.031977, 6375932.142917 ], [ 570356.543028, 6375837.692095 ], [ 569764.323337, 6376098.722418 ], [ 569510.514898, 6375659.097086 ], [ 569264.498824, 6375892.645171 ], [ 568662.260379, 6374594.47508 ], [ 568329.415101, 6373741.158031 ], [ 568238.133119, 6373141.999408 ], [ 568735.731242, 6372869.044499 ], [ 568863.748657, 6372742.011914 ], [ 568879.333386, 6372340.326953 ], [ 568816.994471, 6372108.594388 ], [ 569104.198757, 6371950.676609 ], [ 568850.390318, 6371119.940779 ], [ 568626.638141, 6370742.360807 ], [ 568747.976386, 6370659.981983 ], [ 568927.200767, 6370931.148666 ], [ 569213.291858, 6370757.806926 ], [ 569188.80157, 6370527.834311 ], [ 568823.67364, 6369985.535817 ], [ 568663.373573, 6369613.154958 ], [ 568459.658905, 6369728.127927 ], [ 567976.532315, 6369784.756985 ], [ 567770.591257, 6370016.425295 ], [ 567293.030642, 6370042.166613 ], [ 567261.861184, 6369371.202069 ], [ 567103.787507, 6368650.532725 ], [ 566916.770763, 6368540.721885 ], [ 566717.508874, 6368588.763951 ], [ 566779.847789, 6368214.729427 ], [ 566398.021936, 6367833.849037 ], [ 566578.359511, 6367557.635797 ], [ 566698.584561, 6367060.131804 ], [ 566664.075519, 6366914.317264 ], [ 566388.003182, 6366547.218945 ], [ 566595.057435, 6366108.094409 ], [ 566763.149866, 6366048.059639 ], [ 567065.938881, 6366322.507813 ], [ 567771.704452, 6366504.334676 ], [ 567834.043367, 6366332.799794 ], [ 567605.838411, 6366186.997904 ], [ 567475.594607, 6365960.581172 ], [ 567481.160581, 6365717.018484 ], [ 567652.592597, 6365543.78454 ], [ 567416.595277, 6365437.444684 ], [ 567256.29521, 6365226.484124 ], [ 567325.313294, 6365000.09333 ], [ 567191.729905, 6364758.273552 ], [ 566890.054085, 6364706.823435 ], [ 566707.49012, 6364528.465474 ], [ 566716.395679, 6364173.475825 ], [ 566601.736604, 6363746.479201 ], [ 566295.608004, 6363787.634555 ], [ 566118.610014, 6363616.155245 ], [ 566234.382284, 6363372.66065 ], [ 565857.009211, 6362554.776344 ], [ 565678.898025, 6362469.048855 ], [ 565567.578534, 6362002.706667 ], [ 565367.203451, 6361754.115729 ], [ 564461.062796, 6361524.389965 ], [ 564279.612026, 6361599.821611 ], [ 564103.727231, 6361455.816329 ], [ 563792.032656, 6361580.963636 ], [ 563471.432523, 6361414.672417 ], [ 563262.15188, 6360936.38925 ], [ 563306.679676, 6360680.97321 ], [ 563220.963669, 6360228.443085 ], [ 563648.430513, 6359935.340009 ], [ 564088.142502, 6359565.119183 ], [ 564445.478067, 6358987.538768 ], [ 564579.061456, 6358675.627603 ], [ 564633.608007, 6358235.201367 ], [ 564916.359513, 6357793.084667 ], [ 565492.994476, 6357794.798253 ], [ 565668.879271, 6357541.191385 ], [ 565893.744643, 6357409.250302 ], [ 565983.91343, 6357160.795456 ], [ 566016.196082, 6356734.155677 ], [ 565850.330041, 6356201.314775 ], [ 565832.518923, 6355051.79579 ], [ 566206.552412, 6354823.966464 ], [ 566261.098962, 6354620.124414 ], [ 566773.16862, 6353876.742425 ], [ 567178.371566, 6353215.63312 ], [ 567840.722536, 6353475.960102 ], [ 568095.64417, 6353297.840768 ], [ 568348.339415, 6353496.512576 ], [ 568978.407732, 6352855.984126 ], [ 568781.372234, 6352492.925535 ], [ 568543.148523, 6352309.689662 ], [ 568529.790184, 6352117.89565 ], [ 568715.693734, 6351987.752209 ], [ 568676.731912, 6351133.307889 ], [ 568501.960312, 6350739.505119 ], [ 568241.472703, 6350580.277069 ], [ 567734.96902, 6350612.807285 ], [ 567822.911418, 6350040.978695 ], [ 567760.572503, 6350003.314706 ], [ 567974.305925, 6349364.764609 ], [ 568071.153882, 6349262.05331 ], [ 568416.244304, 6348409.598021 ], [ 568432.942228, 6347815.66929 ], [ 568272.642161, 6347435.713865 ], [ 568321.622737, 6347327.891809 ], [ 568717.920124, 6347221.782565 ], [ 568980.634122, 6347071.178199 ], [ 569149.839748, 6346857.256186 ], [ 569508.288509, 6346742.59623 ], [ 569381.384289, 6346254.881075 ], [ 568900.484089, 6345727.838294 ], [ 568473.017244, 6345558.43871 ], [ 567930.891324, 6345447.218619 ], [ 567411.029302, 6345481.440028 ], [ 567232.918117, 6344848.366521 ], [ 567022.524279, 6344502.762743 ], [ 566780.960984, 6344234.159726 ], [ 565939.385634, 6343888.581219 ], [ 565723.425822, 6343850.944814 ], [ 565516.371569, 6343633.683411 ], [ 565140.11169, 6343532.75286 ], [ 565372.769426, 6343301.814636 ], [ 565681.124415, 6343298.393377 ], [ 566211.005191, 6343457.483408 ], [ 566404.701105, 6343361.686899 ], [ 566575.019926, 6343132.463973 ], [ 566146.439887, 6342800.614998 ], [ 566843.299899, 6342352.468632 ], [ 567131.61738, 6342260.105559 ], [ 567287.464667, 6341938.55315 ], [ 567452.217514, 6341993.284606 ], [ 567717.157902, 6341550.312122 ], [ 567949.815637, 6341617.013049 ], [ 568026.626086, 6341280.093273 ], [ 568191.378932, 6341259.570678 ], [ 568072.267077, 6340941.476859 ], [ 567827.364198, 6340719.160372 ], [ 567583.574513, 6340380.566563 ], [ 567625.875919, 6340098.415478 ], [ 567889.703112, 6339670.931886 ], [ 567857.42046, 6339270.826948 ], [ 567248.502845, 6338947.679174 ], [ 566993.581212, 6338701.479687 ], [ 567101.561118, 6338515.125149 ], [ 566912.317983, 6338352.709427 ], [ 566740.885967, 6338065.497728 ], [ 566359.060114, 6337995.405886 ], [ 566050.705125, 6337844.966835 ], [ 565845.877261, 6338137.299732 ], [ 565319.33607, 6337986.858141 ], [ 565135.65891, 6338015.920511 ], [ 564773.870565, 6337754.362796 ], [ 564531.194075, 6337791.971901 ], [ 563440.263065, 6338215.940727 ], [ 562645.441901, 6337453.496016 ], [ 562535.235605, 6337149.221249 ], [ 562639.875927, 6336646.679182 ], [ 562942.664942, 6336296.284977 ], [ 562792.383629, 6335939.068848 ], [ 562623.178003, 6335761.321024 ], [ 561882.903389, 6334773.521795 ], [ 561403.116384, 6334320.676871 ], [ 561446.530985, 6334014.806744 ], [ 561187.156572, 6333768.751702 ], [ 560414.599306, 6332741.891385 ], [ 559771.172649, 6332313.073368 ], [ 559526.269769, 6332106.360144 ], [ 559460.59127, 6331569.954489 ], [ 559770.059454, 6331443.5454 ], [ 559826.832394, 6331096.784276 ], [ 559652.060794, 6330502.369901 ], [ 559977.113707, 6330384.516869 ], [ 560278.789527, 6329774.781909 ], [ 560445.768763, 6329552.760549 ], [ 560481.391, 6329313.667178 ], [ 560639.464677, 6329154.844625 ], [ 560844.29254, 6328685.225588 ], [ 560468.032661, 6328461.525375 ], [ 560385.656238, 6328301.011332 ], [ 560045.018596, 6327952.672243 ], [ 559794.549742, 6327795.582863 ], [ 559430.535007, 6327699.964678 ], [ 559703.26776, 6327389.21308 ], [ 560583.804932, 6327182.620843 ], [ 560580.465347, 6326866.766488 ], [ 560835.386981, 6326711.404643 ], [ 560878.801582, 6326426.297513 ], [ 561164.892674, 6326093.400218 ], [ 561324.079545, 6325605.174678 ], [ 561063.591937, 6325612.002812 ], [ 560834.273786, 6325437.887129 ], [ 561029.082895, 6325099.908149 ], [ 561585.680349, 6325009.441332 ], [ 561993.109685, 6325019.682809 ], [ 562512.971707, 6324808.028137 ], [ 562636.536342, 6325055.52808 ], [ 562883.665611, 6324917.268594 ], [ 562931.532993, 6324492.262919 ], [ 563210.944914, 6324190.163505 ], [ 563080.70111, 6324019.490665 ], [ 562698.875257, 6323794.207817 ], [ 562446.180013, 6323780.554504 ], [ 562417.236945, 6323613.303229 ], [ 562146.730582, 6323563.811142 ], [ 562056.561795, 6323411.923451 ], [ 562224.654226, 6322737.848243 ], [ 562252.484099, 6321799.352434 ], [ 562294.785505, 6321490.524882 ], [ 561897.374923, 6321304.551325 ], [ 561207.19408, 6321092.990074 ], [ 560336.675662, 6320917.261788 ], [ 559982.679681, 6321052.043349 ], [ 559842.417123, 6321180.002525 ], [ 559932.585911, 6321376.210374 ], [ 559664.305938, 6321563.891727 ], [ 559463.930854, 6321509.293083 ], [ 559025.332061, 6321048.631131 ], [ 558433.11237, 6320930.910455 ], [ 558044.607347, 6320808.073244 ], [ 556325.834409, 6319820.322507 ], [ 556201.156579, 6319782.793677 ], [ 556398.192078, 6319426.278133 ], [ 556567.397704, 6319323.931962 ], [ 556532.888662, 6319003.255352 ], [ 556029.724563, 6318769.578496 ], [ 555877.216861, 6318595.604319 ], [ 555449.750016, 6318493.268247 ], [ 555182.583238, 6318251.077833 ], [ 554936.567164, 6318177.739857 ], [ 554659.381632, 6317918.503758 ], [ 554184.047406, 6317667.802756 ], [ 553939.144526, 6317659.275642 ], [ 553293.49148, 6317338.662435 ], [ 552984.023295, 6317263.627064 ], [ 552838.194762, 6317045.346152 ], [ 552630.027314, 6316953.260589 ], [ 552563.23562, 6316358.139296 ], [ 552300.521622, 6315831.261852 ], [ 551916.469379, 6315406.714693 ], [ 551141.685723, 6315149.26881 ], [ 551132.780163, 6315732.369437 ], [ 551047.064155, 6315919.925004 ], [ 550647.427183, 6316056.331678 ], [ 550572.843125, 6316327.446501 ], [ 550312.355516, 6316322.331047 ], [ 549646.664961, 6316550.824393 ], [ 549496.383649, 6316832.18666 ], [ 549165.764761, 6316989.071521 ], [ 548949.804949, 6316944.734199 ], [ 548678.185391, 6317060.693843 ], [ 548474.470723, 6317352.305301 ], [ 548298.585928, 6317350.599942 ], [ 547867.779498, 6317747.958047 ], [ 548394.32069, 6318367.055472 ], [ 548486.715867, 6318363.644342 ], [ 548990.99316, 6318631.422238 ], [ 549280.423837, 6319020.312311 ], [ 549223.650896, 6319375.104892 ], [ 548939.786195, 6319330.755001 ], [ 548476.697113, 6319431.395474 ], [ 548077.060141, 6319199.412466 ], [ 547349.030671, 6319163.59213 ], [ 547296.710511, 6319364.870281 ], [ 547542.726585, 6319678.73734 ], [ 548068.154582, 6320035.263577 ], [ 548134.946276, 6320209.267511 ], [ 547462.576552, 6319980.674849 ], [ 547139.750029, 6319961.910055 ], [ 546535.285194, 6319690.678166 ], [ 545792.78419, 6319508.155965 ], [ 545594.635496, 6319513.273356 ], [ 544969.019958, 6319114.126203 ], [ 544659.551774, 6318772.98979 ], [ 544119.652243, 6318866.800925 ], [ 543681.05345, 6319051.014924 ], [ 543342.642198, 6319407.514575 ], [ 542947.458005, 6319550.800985 ], [ 543514.074213, 6318849.744278 ], [ 543578.639518, 6318500.090613 ], [ 543319.265105, 6318494.973838 ], [ 543028.721234, 6318327.827562 ], [ 543203.492834, 6318099.285985 ], [ 543151.172673, 6317870.750611 ], [ 542976.401073, 6317645.632278 ], [ 543091.060148, 6317413.698474 ], [ 543016.47609, 6317292.617923 ], [ 542629.084262, 6317137.432721 ], [ 542315.163298, 6316839.00768 ], [ 542068.034028, 6316811.723632 ], [ 541894.375622, 6316194.445686 ], [ 541588.247023, 6316199.561063 ], [ 541528.134498, 6316023.934893 ], [ 541319.96705, 6315945.501087 ], [ 541218.666313, 6315659.053396 ], [ 541191.949635, 6315121.990237 ], [ 541383.41916, 6315152.678638 ], [ 541833.149902, 6315024.81104 ], [ 541867.658945, 6314271.284095 ], [ 541676.18942, 6313986.598025 ], [ 541933.337444, 6313724.081674 ], [ 541731.849166, 6313393.390905 ], [ 541297.703152, 6313915.001845 ], [ 539681.344145, 6314252.532022 ], [ 539295.065512, 6314365.045088 ], [ 539054.615412, 6314342.883304 ], [ 538682.808313, 6314828.75116 ], [ 538424.547094, 6314915.698891 ], [ 538130.663639, 6314809.997845 ], [ 537763.309319, 6314552.570204 ], [ 537674.253726, 6314871.372484 ], [ 537353.653593, 6314883.306494 ], [ 537207.82506, 6315123.695145 ], [ 537441.595991, 6315485.14348 ], [ 537758.856539, 6315827.851749 ], [ 537594.103693, 6315909.694593 ], [ 537656.442608, 6316206.381571 ], [ 537079.807646, 6316058.036775 ], [ 536876.092977, 6316163.753488 ], [ 536469.776836, 6315930.155428 ], [ 536240.458685, 6315931.8605 ], [ 536365.136515, 6316211.496955 ], [ 536318.382329, 6316680.42039 ], [ 536050.102356, 6317362.537465 ], [ 535357.695123, 6317226.109629 ], [ 534585.137857, 6316997.597956 ], [ 534393.668333, 6316402.473529 ], [ 534242.273825, 6316315.510445 ], [ 533822.599345, 6316356.434137 ], [ 533328.340806, 6316034.165443 ], [ 533300.510933, 6315867.068013 ], [ 532523.500887, 6315923.335144 ], [ 531786.565858, 6316116.010292 ], [ 531342.40109, 6316552.529591 ], [ 531056.309999, 6316462.154597 ], [ 530557.59868, 6316399.063195 ], [ 530406.204173, 6316467.270137 ], [ 530086.717234, 6316286.52295 ], [ 529867.417837, 6316376.896058 ], [ 529629.194127, 6316293.343528 ], [ 529164.99185, 6315884.118619 ], [ 528695.223599, 6316269.471529 ], [ 528125.267806, 6315933.565572 ], [ 527956.06218, 6316179.099573 ], [ 528084.079595, 6316320.625896 ], [ 527973.873299, 6316492.847882 ], [ 527541.953674, 6316873.112863 ], [ 527411.70987, 6316839.00768 ], [ 527199.089643, 6317122.08489 ], [ 526187.195471, 6317785.477807 ], [ 526208.346175, 6317990.133987 ], [ 525230.961046, 6317546.718551 ], [ 524891.436599, 6317458.038266 ], [ 524091.04946, 6317490.44057 ], [ 523624.620793, 6317543.307754 ], [ 523712.563191, 6318090.758434 ], [ 523625.733988, 6318309.066453 ], [ 522707.348189, 6318522.263341 ], [ 522102.883354, 6318564.903367 ], [ 521969.299965, 6318662.123432 ], [ 521650.926222, 6318541.024926 ], [ 520959.632184, 6317909.976391 ], [ 520870.576591, 6317782.066913 ], [ 520513.241026, 6316866.291816 ], [ 519876.493538, 6316040.985817 ], [ 519917.68175, 6315894.348999 ], [ 519086.125154, 6315752.829841 ], [ 518774.43058, 6315761.355024 ], [ 517960.685102, 6315416.944494 ], [ 517487.577266, 6314741.804326 ], [ 517144.713234, 6314515.064846 ], [ 515883.463404, 6314284.921993 ], [ 515670.843176, 6314852.619075 ], [ 515262.300645, 6314971.959666 ], [ 514817.022682, 6314878.191916 ], [ 514448.555167, 6315104.941174 ], [ 514145.766152, 6315451.043918 ], [ 514164.690466, 6315959.141697 ], [ 514329.443312, 6315984.717899 ], [ 514264.878008, 6316874.818126 ], [ 514133.521008, 6317115.26364 ], [ 514032.220272, 6317517.726817 ], [ 513792.883367, 6317478.502864 ], [ 513291.945658, 6318592.193096 ], [ 513405.491539, 6318848.038615 ], [ 512935.723287, 6319714.559868 ], [ 513191.758116, 6319806.67564 ], [ 512884.516322, 6320289.447005 ], [ 512961.32677, 6320685.237826 ], [ 512725.32945, 6320748.361359 ], [ 512498.237689, 6320680.119722 ], [ 512401.389732, 6320820.015672 ], [ 512025.129853, 6320731.300898 ], [ 511977.262472, 6320971.85659 ], [ 511509.72061, 6320924.086119 ], [ 511424.004602, 6321147.586017 ], [ 511562.040771, 6321345.499278 ], [ 511194.686451, 6321388.153608 ], [ 511205.818401, 6321739.633515 ], [ 511058.876673, 6321995.574722 ], [ 511372.797637, 6322242.991955 ], [ 511392.835145, 6322469.939675 ], [ 510923.066894, 6322527.957367 ], [ 510943.104402, 6322669.590474 ], [ 511183.554502, 6323067.199764 ], [ 511577.6255, 6323440.935495 ], [ 512067.431259, 6323976.822996 ], [ 512115.29864, 6324207.230979 ], [ 511838.113108, 6324459.833649 ], [ 511486.343517, 6324304.516245 ], [ 510254.036754, 6324365.96015 ], [ 510339.752762, 6324797.786917 ], [ 510036.963747, 6324922.389275 ], [ 509383.518336, 6325347.416678 ], [ 509031.748745, 6324850.700022 ], [ 508510.773528, 6325328.639913 ], [ 508219.116463, 6325058.941923 ], [ 507327.447341, 6324947.992727 ], [ 507291.825104, 6325120.391337 ], [ 506869.924234, 6324988.958414 ], [ 506198.667705, 6324509.331006 ], [ 506277.704543, 6324379.614412 ], [ 505711.088335, 6323874.421473 ], [ 505800.143928, 6323763.487895 ], [ 505526.29798, 6323568.931 ], [ 504728.137231, 6323242.972949 ], [ 504623.49691, 6323338.540493 ], [ 504015.69249, 6323268.571292 ], [ 503139.608098, 6322951.157343 ], [ 502656.481508, 6322831.703581 ], [ 502724.386397, 6322534.783005 ], [ 502303.598722, 6322430.692639 ], [ 502184.486867, 6322800.987173 ], [ 501848.302004, 6322702.012845 ], [ 501633.455387, 6322859.007148 ], [ 500579.259809, 6322674.709787 ], [ 499138.785599, 6322638.874658 ], [ 498843.788948, 6322516.012516 ], [ 497604.803015, 6322251.523714 ], [ 496867.867986, 6322203.745978 ], [ 496430.382388, 6322092.834422 ], [ 495427.393775, 6321584.366309 ], [ 495062.265846, 6321232.892886 ], [ 494698.251111, 6321997.281023 ], [ 494207.332156, 6322522.838143 ], [ 492319.353593, 6322614.984656 ], [ 491663.681792, 6323838.581234 ], [ 490792.050179, 6323616.716487 ], [ 490676.277908, 6324403.509424 ], [ 490361.243749, 6324326.70427 ], [ 490190.924929, 6324808.028137 ], [ 489379.405841, 6324584.431001 ], [ 489073.277241, 6325422.524154 ], [ 488906.298005, 6325741.738409 ], [ 488612.414549, 6325642.729483 ], [ 488518.906177, 6325804.899884 ], [ 488773.827811, 6325920.981669 ], [ 488473.265186, 6326436.540716 ], [ 488082.533773, 6327269.696291 ], [ 486921.471484, 6329375.147682 ], [ 487203.109796, 6329621.074189 ], [ 487091.790305, 6329984.853668 ], [ 486394.930292, 6329735.50078 ], [ 485652.429289, 6329426.381778 ], [ 485190.453402, 6329134.351611 ], [ 484701.760838, 6328678.394959 ], [ 483922.524402, 6328760.362871 ], [ 483554.056887, 6328306.134073 ], [ 483299.135254, 6328528.122526 ], [ 483537.358964, 6328850.870037 ], [ 483444.963786, 6329107.027669 ], [ 483813.431301, 6329718.422085 ], [ 483565.188837, 6329945.571558 ], [ 482939.573298, 6329995.101205 ], [ 482703.575978, 6330254.709644 ], [ 482849.404511, 6330352.064875 ], [ 482112.469482, 6330557.02694 ], [ 482024.527084, 6330405.01293 ], [ 481637.135256, 6330606.560188 ], [ 480285.716638, 6330688.546896 ], [ 479597.762185, 6330469.917452 ], [ 479426.330169, 6330666.342084 ], [ 478645.980538, 6332154.194157 ], [ 478227.419253, 6332856.360451 ], [ 477665.255824, 6333946.457399 ], [ 477336.863327, 6334315.550465 ], [ 477931.309407, 6334785.484067 ], [ 478011.459441, 6334913.652337 ], [ 477779.9149, 6335142.651176 ], [ 477158.752141, 6334535.988774 ], [ 477005.131244, 6334792.319659 ], [ 477075.262523, 6334891.436363 ], [ 476853.736737, 6335221.264156 ], [ 476129.046852, 6334708.584044 ], [ 475138.303383, 6336118.529599 ], [ 474785.420598, 6336419.348594 ], [ 474615.101777, 6336339.015195 ], [ 474042.919594, 6336769.747931 ], [ 474123.069627, 6336882.562533 ], [ 473724.54585, 6337215.88725 ], [ 473791.337545, 6337443.239384 ], [ 474140.880746, 6337903.090695 ], [ 473862.582019, 6338135.590154 ], [ 473739.017384, 6338082.593387 ], [ 472861.819797, 6339205.85444 ], [ 473027.685838, 6339332.380314 ], [ 472866.272576, 6339597.4069 ], [ 473044.383762, 6339723.93867 ], [ 472920.819127, 6339973.588021 ], [ 472320.807072, 6339650.413221 ], [ 472084.809751, 6340009.497099 ], [ 471650.663737, 6339806.014351 ], [ 470820.220336, 6340279.675087 ], [ 469821.684503, 6340305.325347 ], [ 469063.598771, 6340932.926116 ], [ 467687.689865, 6340233.504815 ], [ 466317.346933, 6342783.509736 ], [ 466659.09777, 6342891.273468 ], [ 466587.853296, 6343185.492601 ], [ 464913.608154, 6343387.346571 ], [ 464717.68585, 6343315.499687 ], [ 463777.036153, 6343330.895396 ], [ 462728.40655, 6343180.360784 ], [ 462165.129926, 6343346.291134 ], [ 461989.245131, 6343336.027306 ], [ 461473.835889, 6343649.079704 ], [ 461215.57467, 6343724.350873 ], [ 459977.701932, 6343306.946527 ], [ 458083.044199, 6343337.737943 ], [ 457110.11185, 6343336.027306 ], [ 456041.444738, 6343269.312729 ], [ 453839.54521, 6343282.997727 ], [ 453850.677159, 6343435.244836 ], [ 453437.681848, 6343469.458049 ], [ 453444.361018, 6343755.143818 ], [ 451900.35968, 6343996.359129 ], [ 450617.959146, 6343972.408363 ], [ 450873.993975, 6345106.723189 ], [ 450766.014069, 6345383.909379 ], [ 450788.277967, 6345678.21584 ], [ 450517.771605, 6346013.600891 ], [ 449986.777634, 6345856.173587 ], [ 450147.0777, 6347925.209181 ], [ 449836.496321, 6348099.791338 ], [ 449924.438719, 6348560.226395 ], [ 449688.441398, 6348680.04635 ], [ 449687.328203, 6349012.127732 ], [ 449470.255196, 6349554.783825 ], [ 449824.251177, 6349946.819039 ], [ 450011.267922, 6350042.690698 ], [ 450198.284666, 6350486.111365 ], [ 450338.547225, 6350551.171193 ], [ 450880.673145, 6351155.566858 ], [ 451045.425991, 6350974.07237 ], [ 451081.048228, 6350504.944421 ], [ 451384.950438, 6350621.36789 ], [ 451761.210317, 6350982.633343 ], [ 451984.962493, 6351076.804617 ], [ 452198.695916, 6351018.589523 ], [ 452401.297389, 6350826.825008 ], [ 452837.669793, 6350688.140902 ], [ 452789.802412, 6351011.740715 ], [ 452519.296049, 6351242.891076 ], [ 452266.600805, 6351263.438083 ], [ 452109.640323, 6351489.458478 ], [ 452032.829874, 6351821.651012 ], [ 451685.513063, 6351768.567817 ], [ 451427.251845, 6352535.738231 ], [ 451272.517752, 6352832.008075 ], [ 451387.176828, 6353147.127362 ], [ 451085.501008, 6353400.601461 ], [ 450931.88011, 6353780.826964 ], [ 450696.995985, 6353816.795134 ], [ 450524.450774, 6354429.990495 ], [ 450187.152717, 6354421.426006 ], [ 449994.569998, 6354765.725373 ], [ 449956.721371, 6355498.907412 ], [ 449881.024117, 6355514.325479 ], [ 449901.061626, 6357395.542257 ], [ 449883.250507, 6357589.170474 ], [ 449796.421304, 6360115.314368 ], [ 449777.496991, 6361150.67045 ], [ 449809.779643, 6361592.964161 ], [ 450082.512396, 6361558.676993 ], [ 451195.707304, 6361611.822163 ], [ 451685.513063, 6361532.961709 ], [ 451639.872072, 6361934.12912 ], [ 452164.186874, 6362285.594974 ], [ 452125.225052, 6362616.500679 ], [ 451599.797055, 6363316.074891 ], [ 451777.908241, 6363446.394183 ], [ 451580.872742, 6363737.905194 ], [ 452196.469526, 6364025.996621 ], [ 452567.16343, 6364125.459055 ], [ 453287.400536, 6362950.84872 ], [ 453720.433355, 6363276.636557 ], [ 453571.265237, 6363647.021262 ], [ 453672.565974, 6363700.179669 ], [ 453475.530475, 6364166.616269 ], [ 453896.31815, 6364332.962069 ], [ 453899.657735, 6365175.031134 ], [ 453821.734091, 6365500.905404 ], [ 453806.149363, 6366111.52498 ], [ 453848.450769, 6366271.048096 ], [ 453715.980575, 6367240.25915 ], [ 453493.341594, 6367267.707467 ], [ 452717.444743, 6367633.121742 ], [ 452347.864033, 6367664.002551 ], [ 451744.512393, 6367830.417761 ], [ 451360.46015, 6367818.408305 ], [ 450705.901544, 6367893.896598 ], [ 450885.125924, 6368962.815166 ], [ 451136.707974, 6368849.568541 ], [ 451329.290693, 6369161.858398 ], [ 451766.776291, 6369142.983406 ], [ 451743.399198, 6369438.12451 ], [ 451967.151375, 6369477.591841 ], [ 452020.58473, 6369808.781549 ], [ 452243.223712, 6369781.32491 ], [ 452273.279975, 6370066.191915 ], [ 451960.472205, 6370143.416567 ], [ 452230.978568, 6370622.225292 ], [ 452417.995313, 6370356.217068 ], [ 452550.465507, 6370483.213489 ], [ 452596.106498, 6370737.212106 ], [ 452747.501005, 6370934.581212 ], [ 452712.991963, 6371119.940779 ], [ 453260.683858, 6371253.814127 ], [ 453271.815807, 6371385.973248 ], [ 453650.302076, 6371392.838713 ], [ 453788.338244, 6372045.083619 ], [ 453801.696583, 6372331.744151 ], [ 453343.060281, 6372417.572565 ], [ 453129.326859, 6372548.033438 ], [ 452715.218353, 6372541.167026 ], [ 452607.238447, 6372280.247524 ], [ 452327.826525, 6372347.1932 ], [ 452350.090423, 6372575.499144 ], [ 452125.225052, 6372824.411209 ], [ 452122.998662, 6373016.679383 ], [ 451895.906901, 6373191.784595 ], [ 451924.849968, 6373701.670614 ], [ 452106.300738, 6373914.561501 ], [ 452005.0, 6374201.286004 ], [ 452222.073009, 6374877.788692 ], [ 452163.073679, 6375394.646087 ], [ 451693.305428, 6375375.757049 ], [ 451726.701275, 6375837.692095 ], [ 451885.888147, 6376066.093183 ], [ 452497.032151, 6375904.666204 ], [ 452678.482921, 6376332.282761 ], [ 452025.03751, 6376665.460992 ], [ 451947.113867, 6376388.956473 ], [ 451325.951108, 6376471.391648 ], [ 451112.217686, 6377295.788024 ], [ 450542.261893, 6377208.192056 ], [ 449687.328203, 6378596.094734 ], [ 449482.50034, 6378814.263723 ], [ 448772.281989, 6379743.69294 ], [ 448191.194247, 6380616.522618 ], [ 448017.535842, 6380941.279718 ], [ 448093.233095, 6381159.509819 ], [ 448757.810455, 6381135.452679 ], [ 449046.127936, 6381221.371355 ], [ 449498.085069, 6381226.526504 ], [ 449699.573347, 6381743.775886 ], [ 449558.197594, 6382145.912103 ], [ 449773.044211, 6382410.576393 ], [ 449987.890829, 6382398.546016 ], [ 450109.229074, 6382950.242492 ], [ 449778.610186, 6383051.648604 ], [ 449747.440728, 6383314.622719 ], [ 449850.967855, 6383864.660649 ], [ 450228.340929, 6383885.287774 ], [ 450649.128604, 6383775.277026 ], [ 450629.091096, 6383610.263614 ], [ 450949.691229, 6383221.807382 ], [ 451476.23242, 6383189.150379 ], [ 451435.044209, 6383453.847653 ], [ 452177.545212, 6383474.473766 ], [ 452558.257871, 6383711.677721 ], [ 452955.668453, 6383734.023368 ], [ 453184.986604, 6383362.749595 ], [ 453459.945746, 6383240.714126 ], [ 453703.735431, 6383350.71785 ], [ 454253.653716, 6383158.212282 ], [ 454450.689214, 6382884.930732 ], [ 454416.180172, 6382704.466674 ], [ 454888.174813, 6382317.771079 ], [ 454980.569991, 6382573.847498 ], [ 456316.40388, 6382159.660691 ], [ 456655.928327, 6382890.086905 ], [ 457309.373738, 6383084.305071 ], [ 457515.314796, 6382742.277869 ], [ 457735.727388, 6382845.400177 ], [ 457698.991956, 6383190.869165 ], [ 458163.194232, 6382945.086282 ], [ 458074.13864, 6383268.214922 ], [ 458531.661747, 6383909.352818 ], [ 458237.778291, 6383995.299969 ], [ 458272.287333, 6384292.683918 ], [ 458655.226382, 6384706.976281 ], [ 458881.204948, 6385245.07125 ], [ 458960.241786, 6385583.762181 ], [ 459254.125242, 6386065.173892 ], [ 459156.16409, 6386689.331014 ], [ 458973.600125, 6386646.343494 ], [ 458868.959804, 6387294.618745 ], [ 459324.256521, 6389867.580184 ], [ 459450.047546, 6390309.672595 ], [ 459417.764894, 6390682.975041 ], [ 459713.874739, 6390715.661302 ], [ 460552.110505, 6390340.637142 ], [ 460510.922293, 6390719.101968 ], [ 460842.654376, 6390784.4749 ], [ 460976.237765, 6390455.895071 ], [ 461217.80106, 6390452.454513 ], [ 461818.92631, 6390751.78837 ], [ 461862.340911, 6390935.866808 ], [ 461585.155379, 6391336.724523 ], [ 461223.367034, 6392312.282567 ], [ 461328.007356, 6392510.160952 ], [ 462031.546537, 6392835.379947 ], [ 462374.410569, 6393088.336796 ], [ 462705.029457, 6393143.403247 ], [ 463260.513716, 6393377.439706 ], [ 463615.622891, 6393427.345387 ], [ 463651.245129, 6393626.971087 ], [ 464225.653701, 6393692.366748 ], [ 464509.518403, 6393919.5346 ], [ 464909.155374, 6393910.929644 ], [ 465121.775602, 6393971.164517 ], [ 465166.303398, 6394163.919026 ], [ 465893.219673, 6394289.556053 ], [ 465778.560598, 6394934.981492 ], [ 466037.935011, 6395461.685561 ], [ 466192.669103, 6395442.75118 ], [ 466212.706612, 6395945.387473 ], [ 466450.930322, 6395955.715933 ], [ 466491.005339, 6396239.753578 ], [ 466705.851956, 6396544.459233 ], [ 466710.304736, 6396761.375109 ], [ 466590.079685, 6397238.265511 ], [ 466855.020074, 6397258.925638 ], [ 466941.849276, 6397486.190401 ], [ 467114.394487, 6397465.529713 ], [ 467436.107815, 6397586.051114 ], [ 467492.880756, 6397895.971268 ], [ 467924.80038, 6398099.147381 ], [ 468031.667091, 6398317.825494 ], [ 468262.098437, 6398534.787385 ], [ 468757.470171, 6398662.212072 ], [ 469141.522414, 6398558.894609 ], [ 469395.330853, 6398825.800667 ], [ 469847.287986, 6398968.728059 ], [ 470240.245789, 6399237.369289 ], [ 470565.298702, 6399638.625153 ], [ 471094.066283, 6399724.734071 ], [ 471080.707944, 6399826.343736 ], [ 470662.146659, 6399807.399467 ], [ 470480.695889, 6399941.73248 ], [ 470425.036143, 6400138.069228 ], [ 470495.167422, 6400763.277491 ], [ 470486.261863, 6401112.932254 ], [ 470607.600108, 6401565.955005 ], [ 470558.619532, 6401801.949968 ], [ 470777.918929, 6402220.555966 ], [ 470849.163403, 6402508.25208 ], [ 471153.065613, 6402882.099552 ], [ 471806.511024, 6403416.196383 ], [ 472254.015377, 6403595.384902 ], [ 472439.918927, 6403795.253553 ], [ 472760.51906, 6403922.758466 ], [ 473063.308075, 6404317.346806 ], [ 472537.880079, 6404656.811075 ], [ 472211.713971, 6405244.444263 ], [ 472333.052215, 6405742.500055 ], [ 472309.675122, 6406045.828856 ], [ 471794.26588, 6406094.086726 ], [ 471322.271239, 6406349.168671 ], [ 471027.274588, 6406616.323651 ], [ 470726.711963, 6407074.815982 ], [ 470411.677804, 6407028.276139 ], [ 469773.817122, 6407074.815982 ], [ 469089.202254, 6406730.082559 ], [ 468852.091738, 6407386.811993 ], [ 468364.512369, 6407617.799972 ], [ 468367.851953, 6407814.317162 ], [ 468200.872717, 6407950.502839 ], [ 468383.436682, 6408450.443979 ], [ 469589.026767, 6409184.894542 ], [ 470030.965146, 6409507.314601 ], [ 470220.20828, 6409774.570607 ], [ 470511.865346, 6410509.137622 ], [ 469979.75818, 6411286.883446 ], [ 469865.099105, 6411683.544461 ], [ 469655.818462, 6411754.255578 ], [ 469963.060257, 6412490.721578 ], [ 469130.390465, 6412764.972588 ], [ 469722.610156, 6414170.866061 ], [ 469627.988589, 6414348.560247 ], [ 469627.988589, 6414640.124921 ], [ 469826.137283, 6415292.300519 ], [ 469892.928977, 6415782.328407 ], [ 469857.30674, 6416091.198792 ], [ 470048.776264, 6416829.7732 ], [ 470157.869365, 6416795.258922 ], [ 470167.88812, 6417596.026935 ], [ 470520.770905, 6417960.194699 ], [ 470849.163403, 6417934.305471 ], [ 470807.975192, 6418433.118735 ], [ 471065.123215, 6418954.401822 ], [ 471052.878071, 6419606.91462 ], [ 471212.064943, 6420064.394492 ], [ 472024.697226, 6420439.028765 ], [ 472490.012698, 6420782.602168 ], [ 472969.799703, 6421504.325037 ], [ 473057.742101, 6422481.685655 ], [ 473415.077666, 6423732.045315 ], [ 473408.398497, 6424963.590988 ], [ 473508.586038, 6425702.951192 ], [ 473550.887445, 6426715.35909 ], [ 473352.738751, 6426787.925469 ], [ 473208.023413, 6427050.551925 ], [ 473742.356969, 6429530.360725 ], [ 473501.906869, 6429659.987739 ], [ 472815.065611, 6429366.169402 ], [ 472651.425959, 6429350.614602 ], [ 472330.825826, 6429535.545767 ], [ 471434.703925, 6429665.172861 ], [ 471228.762867, 6429770.604384 ], [ 471258.819129, 6430598.547436 ], [ 471084.047529, 6430660.776123 ], [ 469969.739426, 6430783.506284 ], [ 469747.100444, 6431105.0333 ], [ 469501.08437, 6431167.265768 ], [ 469429.839896, 6431462.876333 ], [ 469589.026767, 6432539.955548 ], [ 469731.515716, 6433084.599139 ], [ 469800.5338, 6434212.038 ], [ 469757.119199, 6434663.402132 ], [ 469882.910223, 6435097.495679 ], [ 469848.401181, 6435408.811746 ], [ 470006.474858, 6435877.537316 ], [ 470207.963136, 6436162.936647 ], [ 470282.547195, 6436410.29064 ], [ 470593.128574, 6436643.813385 ], [ 470872.540496, 6436962.106777 ], [ 470991.652351, 6437775.194008 ], [ 471099.632258, 6438053.73788 ], [ 471118.556571, 6438652.379204 ], [ 471233.215646, 6438962.097813 ] ] ] ] } },
{ "type": "Feature", "properties": { "code": "10", "nom": "Aube" }, "geometry": { "type": "MultiPolygon", "coordinates": [ [ [ [ 380132.683966, 6172029.193767 ], [ 380217.286779, 6172609.235451 ], [ 380177.211762, 6172941.184564 ], [ 380325.266685, 6173362.007312 ], [ 380367.568092, 6173754.346822 ], [ 380512.28343, 6174307.676805 ], [ 380771.657843, 6175105.87663 ], [ 380962.014172, 6175816.941072 ], [ 380946.429444, 6176375.436557 ], [ 380797.261326, 6176454.266193 ], [ 380547.905667, 6176365.373252 ], [ 380387.6056, 6176202.684797 ], [ 380187.230516, 6176281.512836 ], [ 379994.647797, 6176034.96799 ], [ 379356.787115, 6176066.83393 ], [ 379118.563405, 6176237.905746 ], [ 378764.567424, 6176204.361982 ], [ 378681.077806, 6176380.468215 ], [ 378754.54867, 6176623.668515 ], [ 379336.749607, 6176269.772444 ], [ 379454.748267, 6176616.959448 ], [ 379761.990062, 6176581.736934 ], [ 379803.178273, 6177234.215697 ], [ 379348.994751, 6177489.182405 ], [ 379017.262668, 6177601.571467 ], [ 378539.702053, 6177432.149716 ], [ 378594.248603, 6177675.380016 ], [ 378205.74358, 6177772.674079 ], [ 377877.351082, 6177737.44679 ], [ 377558.977339, 6177559.635077 ], [ 377603.505135, 6178171.926859 ], [ 377904.06776, 6178358.139381 ], [ 377998.689327, 6178812.783436 ], [ 377885.143447, 6178982.232626 ], [ 378111.122013, 6179151.685184 ], [ 378150.083835, 6179458.721666 ], [ 377946.369167, 6179836.240696 ], [ 378663.266687, 6179656.707339 ], [ 378651.021544, 6179975.507493 ], [ 379036.186982, 6180270.827746 ], [ 378934.886245, 6180452.052059 ], [ 379009.470304, 6180639.992452 ], [ 378938.22583, 6180832.971276 ], [ 379185.355099, 6181730.799772 ], [ 379207.618997, 6182459.201162 ], [ 378885.905669, 6182801.604893 ], [ 378683.304196, 6183224.593202 ], [ 378540.815248, 6183318.593455 ], [ 378557.513171, 6183649.281158 ], [ 378037.651149, 6183927.941672 ], [ 377860.653159, 6184186.466202 ], [ 377833.936481, 6184488.647672 ], [ 378172.347733, 6184785.803235 ], [ 378512.985375, 6184810.986386 ], [ 378446.19368, 6185015.812114 ], [ 378126.706742, 6185170.274116 ], [ 378019.840031, 6185501.03369 ], [ 377723.730185, 6185417.083344 ], [ 377501.091204, 6185484.243555 ], [ 377425.39395, 6185994.678461 ], [ 377206.094553, 6186612.614268 ], [ 376945.606945, 6186627.72739 ], [ 376633.91237, 6186990.450361 ], [ 377139.302859, 6187119.758118 ], [ 377645.806542, 6187346.47126 ], [ 377760.465617, 6187813.351403 ], [ 378411.684638, 6187690.750902 ], [ 378548.607612, 6187845.261412 ], [ 378275.87486, 6188142.53408 ], [ 378482.929112, 6188323.925889 ], [ 378644.342374, 6188117.341079 ], [ 378929.32027, 6188095.507204 ], [ 378927.093881, 6188381.031518 ], [ 379050.658515, 6188520.438042 ], [ 379327.844048, 6188538.913777 ], [ 379416.89964, 6188402.866124 ], [ 379429.144784, 6188083.750526 ], [ 379561.614978, 6188040.083006 ], [ 379702.990732, 6188337.362473 ], [ 379976.836679, 6188224.831737 ], [ 380121.552017, 6188297.052785 ], [ 380359.775727, 6188817.734276 ], [ 380650.319598, 6188753.907091 ], [ 380761.639089, 6189056.250621 ], [ 380999.862799, 6189103.282801 ], [ 381114.521875, 6188831.171639 ], [ 381668.892939, 6188879.882257 ], [ 382342.375858, 6188805.9766 ], [ 382202.1133, 6189316.610594 ], [ 382393.582824, 6189775.199451 ], [ 382366.866146, 6190025.501954 ], [ 382117.510487, 6190445.489125 ], [ 381883.739556, 6190727.732141 ], [ 381721.2131, 6191278.804991 ], [ 381530.85677, 6191534.192307 ], [ 381396.160186, 6191853.437223 ], [ 381340.500441, 6192276.875263 ], [ 381107.842705, 6192932.237555 ], [ 380823.978004, 6193123.814522 ], [ 380788.355767, 6193357.409815 ], [ 379087.393947, 6195150.761256 ], [ 380071.458246, 6196068.592399 ], [ 380209.494415, 6195876.94915 ], [ 381095.597561, 6196083.722313 ], [ 381445.140762, 6195628.15558 ], [ 381860.362463, 6195717.249739 ], [ 382194.320935, 6195342.388156 ], [ 382942.387914, 6195216.317342 ], [ 383690.454892, 6195303.726241 ], [ 383994.357102, 6195562.596323 ], [ 384131.280075, 6195261.70262 ], [ 384825.913698, 6195423.074457 ], [ 385075.269357, 6195609.664457 ], [ 385547.263998, 6196140.880008 ], [ 385969.164868, 6196391.369729 ], [ 386244.124011, 6196919.271535 ], [ 386908.701371, 6197401.809154 ], [ 387586.637069, 6197410.215975 ], [ 387290.527224, 6198094.559072 ], [ 388033.028228, 6198042.432723 ], [ 388047.499761, 6198388.826708 ], [ 387808.162856, 6198873.129315 ], [ 387268.263326, 6198938.714079 ], [ 386988.851404, 6199197.694752 ], [ 386888.663862, 6199636.634542 ], [ 387051.190319, 6199757.725365 ], [ 387053.416709, 6200114.280576 ], [ 386782.910346, 6200548.221696 ], [ 386749.514499, 6201284.963121 ], [ 386496.819255, 6201180.671646 ], [ 386368.80184, 6201446.449218 ], [ 385972.504453, 6202062.143086 ], [ 385779.921734, 6202294.301522 ], [ 386169.539952, 6202724.989025 ], [ 386654.892932, 6203369.378625 ], [ 387979.594872, 6203966.702399 ], [ 388450.476318, 6204782.832268 ], [ 388859.018849, 6205619.236296 ], [ 390350.700026, 6205472.817579 ], [ 391383.7449, 6205540.136216 ], [ 390988.560708, 6206620.673266 ], [ 390573.339007, 6207080.195584 ], [ 390339.568077, 6207506.075436 ], [ 389975.553342, 6208027.933586 ], [ 390522.132042, 6208201.332254 ], [ 392655.013485, 6208765.323254 ], [ 393472.098548, 6209002.715729 ], [ 393551.135386, 6209097.001104 ], [ 394083.242552, 6209388.282171 ], [ 394172.298145, 6209662.735315 ], [ 394164.50578, 6209960.771157 ], [ 395173.060367, 6209948.98423 ], [ 395680.677245, 6209989.396618 ], [ 395966.768336, 6209930.46195 ], [ 396131.521183, 6210115.686569 ], [ 396127.068403, 6210364.904242 ], [ 395808.694659, 6210674.75262 ], [ 396262.878182, 6210376.691746 ], [ 396263.991377, 6210001.183601 ], [ 396355.273359, 6209730.087134 ], [ 396655.835984, 6209485.93933 ], [ 396744.891577, 6209095.317427 ], [ 396759.363111, 6208753.537985 ], [ 396699.250586, 6208401.671041 ], [ 396528.931765, 6208288.874673 ], [ 396463.253265, 6207975.746329 ], [ 396585.704705, 6207701.347638 ], [ 396758.249916, 6207834.337309 ], [ 398511.531896, 6208078.437687 ], [ 398684.077107, 6207539.742737 ], [ 398723.038928, 6207248.524992 ], [ 398611.719438, 6206632.45558 ], [ 398597.247904, 6206142.661749 ], [ 398708.567395, 6205738.729301 ], [ 398812.094521, 6204813.123131 ], [ 399937.534573, 6205178.304806 ], [ 400365.001418, 6204577.530372 ], [ 401032.918362, 6203855.647481 ], [ 400841.448838, 6203645.320169 ], [ 401088.578108, 6203083.351106 ], [ 401222.161497, 6202624.044685 ], [ 401430.328945, 6202817.522389 ], [ 402132.754931, 6203298.712108 ], [ 402447.78909, 6203641.954975 ], [ 403111.253256, 6203936.414551 ], [ 403188.063704, 6203734.498314 ], [ 403370.627669, 6203815.264234 ], [ 403674.529879, 6203498.93543 ], [ 403834.829946, 6203162.42834 ], [ 404297.919027, 6202376.736115 ], [ 404472.690628, 6201979.711542 ], [ 404303.485002, 6201831.673223 ], [ 404201.07107, 6201584.387687 ], [ 404202.184265, 6201242.909953 ], [ 403948.375826, 6200914.902376 ], [ 404081.959215, 6200351.431701 ], [ 404386.97462, 6199271.690678 ], [ 404547.274687, 6198545.213079 ], [ 404287.900273, 6198351.832503 ], [ 404441.52117, 6197926.410705 ], [ 404484.935772, 6197465.701203 ], [ 404587.349703, 6197304.290635 ], [ 405035.967251, 6197053.774045 ], [ 405184.022174, 6196855.383588 ], [ 405373.265308, 6196904.140136 ], [ 405499.056333, 6197272.345156 ], [ 405650.450841, 6197277.389171 ], [ 405551.376494, 6196766.277515 ], [ 405608.149434, 6196537.632237 ], [ 406063.446151, 6196771.32123 ], [ 406384.046285, 6197038.642406 ], [ 406524.308843, 6196862.108612 ], [ 406563.270665, 6196497.283708 ], [ 406902.795112, 6196520.820327 ], [ 407085.359077, 6196804.946073 ], [ 407222.282051, 6196660.360189 ], [ 407322.469592, 6196307.311954 ], [ 407608.560684, 6196278.7325 ], [ 407769.973945, 6196514.095572 ], [ 408363.306831, 6196759.552566 ], [ 408540.304821, 6196601.517799 ], [ 409001.167513, 6196697.347042 ], [ 409375.201002, 6196981.478682 ], [ 409592.274009, 6196714.159301 ], [ 409799.328262, 6196623.373496 ], [ 410214.549963, 6196994.928935 ], [ 410460.566038, 6197023.510795 ], [ 410547.395241, 6197159.696267 ], [ 411463.55465, 6196529.226278 ], [ 411493.610912, 6196424.993072 ], [ 412348.544602, 6196070.273499 ], [ 412862.840649, 6196354.384206 ], [ 413126.667842, 6196403.137884 ], [ 413288.081104, 6196527.545087 ], [ 413556.361077, 6196418.268393 ], [ 413754.50977, 6196579.662158 ], [ 413855.810507, 6196401.456718 ], [ 414341.163487, 6196463.66008 ], [ 414603.877485, 6196754.508858 ], [ 415417.622963, 6196752.827623 ], [ 415669.205012, 6196870.5149 ], [ 415923.013451, 6196751.146388 ], [ 416159.010771, 6196883.964979 ], [ 416352.706685, 6196729.290362 ], [ 416507.440778, 6196166.096761 ], [ 416777.94714, 6196063.5491 ], [ 416992.793757, 6196302.268514 ], [ 417320.07306, 6196083.722313 ], [ 417944.575404, 6196071.9546 ], [ 418205.063012, 6195848.371141 ], [ 418438.833943, 6195903.846188 ], [ 419003.223761, 6195455.012995 ], [ 419303.786386, 6195350.792943 ], [ 419240.334277, 6195162.527696 ], [ 419692.291409, 6195147.39942 ], [ 420032.929051, 6195337.345287 ], [ 420104.173525, 6195461.736914 ], [ 420593.979285, 6195424.755429 ], [ 420802.146732, 6195320.535748 ], [ 420881.183571, 6195048.225828 ], [ 421354.291407, 6194986.032809 ], [ 421394.366423, 6195182.698773 ], [ 421897.530522, 6195095.291117 ], [ 422189.187588, 6195310.45004 ], [ 422447.448806, 6195327.25956 ], [ 422503.108552, 6195152.442175 ], [ 422795.878812, 6195335.664332 ], [ 422868.236482, 6195170.932306 ], [ 422778.067694, 6194928.882867 ], [ 423034.102523, 6194643.138917 ], [ 423382.532529, 6194651.543014 ], [ 423309.061665, 6194397.742944 ], [ 423607.3979, 6194177.564907 ], [ 423670.85001, 6194419.592983 ], [ 424059.355033, 6194229.667592 ], [ 425024.495018, 6193522.106752 ], [ 425178.115915, 6193557.399367 ], [ 425545.470235, 6193149.022339 ], [ 425897.239826, 6192992.735079 ], [ 426084.256571, 6193283.465288 ], [ 426398.177535, 6193187.674469 ], [ 426565.156771, 6193577.566641 ], [ 426855.700642, 6193441.438466 ], [ 427019.340293, 6193717.058264 ], [ 427457.939087, 6193791.006557 ], [ 427663.880145, 6193923.778968 ], [ 427862.028838, 6194273.366865 ], [ 428316.212361, 6194152.354045 ], [ 428443.11658, 6194401.104485 ], [ 428735.886841, 6194372.53143 ], [ 428863.904256, 6194762.477871 ], [ 429090.996017, 6195197.827113 ], [ 429679.876123, 6195962.683755 ], [ 429882.477596, 6196314.036546 ], [ 430127.380476, 6196534.269852 ], [ 430314.397221, 6196818.396048 ], [ 430201.964535, 6196889.008763 ], [ 430442.414635, 6197458.975701 ], [ 430345.566678, 6197761.628529 ], [ 429694.347657, 6197761.628529 ], [ 429538.50037, 6200223.604741 ], [ 429545.179539, 6200586.907444 ], [ 429816.799097, 6200549.903682 ], [ 429959.288045, 6200918.266492 ], [ 429937.024147, 6201638.21794 ], [ 429981.551943, 6201961.206611 ], [ 430245.379136, 6201904.009807 ], [ 430098.437409, 6202563.478656 ], [ 429459.463531, 6202679.563924 ], [ 429267.994007, 6202519.736792 ], [ 429149.995347, 6202681.24633 ], [ 429054.260585, 6203426.585282 ], [ 428912.884832, 6203581.381698 ], [ 429009.732789, 6203933.049241 ], [ 429213.447457, 6203907.809459 ], [ 429322.540558, 6203699.163466 ], [ 429537.387175, 6203884.252397 ], [ 429816.799097, 6203872.47389 ], [ 429790.082419, 6203690.750428 ], [ 430059.475587, 6203608.303101 ], [ 430275.435399, 6203847.234289 ], [ 430574.884829, 6203704.211292 ], [ 430637.223744, 6203877.52182 ], [ 430990.10653, 6204097.950991 ], [ 431082.501707, 6203800.120565 ], [ 431509.968552, 6203737.863546 ], [ 431655.797085, 6203848.916926 ], [ 431939.661786, 6203746.27663 ], [ 432181.225081, 6203339.092903 ], [ 432374.920995, 6203589.794627 ], [ 432557.48496, 6203566.238446 ], [ 432779.010747, 6203727.767856 ], [ 433078.460177, 6203675.606982 ], [ 433059.535864, 6203394.616809 ], [ 433247.665803, 6203127.095868 ], [ 433806.489647, 6203032.87666 ], [ 434151.580068, 6203026.146757 ], [ 434305.200966, 6203847.234289 ], [ 433829.86674, 6203850.599564 ], [ 434028.015434, 6204323.434069 ], [ 434321.898889, 6204323.434069 ], [ 434698.158768, 6205004.96777 ], [ 434799.459505, 6205116.037697 ], [ 434961.985961, 6205703.386125 ], [ 434817.270623, 6206001.28321 ], [ 435029.890851, 6206790.676797 ], [ 435083.324206, 6207554.893066 ], [ 435841.409939, 6207622.228188 ], [ 435958.295404, 6207817.503059 ], [ 435890.390514, 6208235.002309 ], [ 436465.912282, 6208342.747379 ], [ 437570.201631, 6208070.020316 ], [ 437616.955817, 6208167.662333 ], [ 439129.787697, 6207886.523698 ], [ 439627.38582, 6207837.704163 ], [ 439778.780328, 6208628.951851 ], [ 439884.533844, 6208627.268268 ], [ 440153.927012, 6209590.332705 ], [ 440168.398546, 6209869.84386 ], [ 440319.793053, 6209866.476201 ], [ 440452.263247, 6210625.917072 ], [ 440663.77028, 6211115.969259 ], [ 441103.482268, 6211599.313009 ], [ 441415.176843, 6212016.998039 ], [ 441765.833239, 6212593.032844 ], [ 441953.963178, 6211791.310837 ], [ 442787.746164, 6211594.260493 ], [ 442903.518434, 6211703.732342 ], [ 443110.572687, 6212222.47966 ], [ 442692.011402, 6212118.053953 ], [ 442692.011402, 6212473.443459 ], [ 442855.651053, 6213371.247124 ], [ 442994.800417, 6213846.296062 ], [ 443332.098474, 6215467.052934 ], [ 443575.888159, 6216250.585765 ], [ 443771.810463, 6216535.371515 ], [ 444162.541875, 6216813.425984 ], [ 444971.834573, 6217175.753039 ], [ 445227.869402, 6217812.812031 ], [ 445415.999342, 6217809.441223 ], [ 445467.206307, 6218020.119307 ], [ 446770.757545, 6217892.026409 ], [ 447870.594114, 6217694.834539 ], [ 447882.839258, 6217558.319772 ], [ 448623.113871, 6217221.255669 ], [ 448703.263905, 6217423.492526 ], [ 448998.260555, 6217494.276563 ], [ 449307.72874, 6217435.289824 ], [ 449435.746154, 6217742.025339 ], [ 450208.30342, 6217527.983455 ], [ 450236.133293, 6217716.744521 ], [ 450515.545215, 6217701.576066 ], [ 451034.294042, 6218623.530254 ], [ 451229.103151, 6218800.516456 ], [ 451756.757537, 6218422.950351 ], [ 452531.541193, 6219869.254363 ], [ 452677.369726, 6220017.607163 ], [ 452963.460817, 6220594.184694 ], [ 452996.856665, 6220992.079735 ], [ 452271.053585, 6221088.184299 ], [ 452509.277295, 6221916.077422 ], [ 452615.030811, 6221907.646332 ], [ 453237.306765, 6222970.029643 ], [ 453260.683858, 6223319.12746 ], [ 453503.360348, 6223728.956257 ], [ 454160.145343, 6224299.039087 ], [ 455582.808436, 6223713.77706 ], [ 456504.53382, 6223302.262502 ], [ 457523.10716, 6222877.276598 ], [ 459258.578022, 6222099.877272 ], [ 459870.835221, 6221774.436216 ], [ 460916.12524, 6223169.030505 ], [ 461076.425306, 6223437.18311 ], [ 461459.364355, 6223723.896522 ], [ 461864.567301, 6224207.958196 ], [ 462840.839236, 6224842.171355 ], [ 462931.008023, 6224818.556186 ], [ 463348.456114, 6225187.972425 ], [ 463504.303401, 6225115.437374 ], [ 463674.622222, 6225397.146739 ], [ 464118.78699, 6225154.235115 ], [ 464549.593419, 6225446.067281 ], [ 464818.986587, 6225311.114744 ], [ 465134.020746, 6225545.596153 ], [ 465544.789667, 6225279.063831 ], [ 465673.920276, 6225385.338374 ], [ 466139.235748, 6225201.467386 ], [ 466390.817797, 6225272.316286 ], [ 466646.852626, 6225221.709869 ], [ 467129.979216, 6224830.363762 ], [ 467303.637621, 6224914.70407 ], [ 467515.144654, 6224735.903612 ], [ 467904.762872, 6224963.621833 ], [ 468248.740098, 6224810.122213 ], [ 468396.795021, 6224988.924235 ], [ 468903.298704, 6224663.372424 ], [ 469302.935676, 6224585.781607 ], [ 469612.403861, 6224913.017256 ], [ 470061.021408, 6224705.541644 ], [ 470716.693209, 6224656.625368 ], [ 471219.857308, 6224499.757834 ], [ 471521.533128, 6225341.478878 ], [ 472340.84458, 6226922.250747 ], [ 472953.101779, 6226596.624782 ], [ 472695.953755, 6226267.637142 ], [ 472888.536475, 6226141.106829 ], [ 473375.002649, 6225569.213344 ], [ 473565.358979, 6225675.49152 ], [ 473892.638282, 6225346.539577 ], [ 474271.12455, 6225454.501886 ], [ 474671.874717, 6225130.619078 ], [ 475207.321468, 6225422.450432 ], [ 475697.127227, 6225849.250768 ], [ 476209.196885, 6225775.023081 ], [ 476435.175451, 6225953.845428 ], [ 476608.833857, 6225835.754776 ], [ 476834.812423, 6226033.135787 ], [ 477054.11182, 6225739.596459 ], [ 477729.821129, 6226056.754335 ], [ 478604.792327, 6226571.317588 ], [ 479540.989244, 6225606.326207 ], [ 479716.87404, 6225699.109073 ], [ 479989.606792, 6225996.021059 ], [ 480623.014695, 6225150.861391 ], [ 481112.820454, 6224713.975513 ], [ 481522.47618, 6224157.358123 ], [ 481696.134586, 6223553.553857 ], [ 481847.529094, 6223283.711086 ], [ 481816.359636, 6222959.91108 ], [ 481407.817105, 6222415.212887 ], [ 481432.307393, 6222157.210149 ], [ 481221.913555, 6221354.585092 ], [ 481433.420588, 6220683.540855 ], [ 482062.375711, 6220956.673065 ], [ 482429.73003, 6220253.62832 ], [ 482486.502971, 6219935.001307 ], [ 482348.466802, 6219206.755874 ], [ 482001.149991, 6218736.463881 ], [ 481494.646308, 6218235.85908 ], [ 481214.121191, 6218015.062972 ], [ 481666.078324, 6217327.429418 ], [ 481728.417238, 6216956.669717 ], [ 481834.170755, 6216740.962427 ], [ 481126.178793, 6216267.436727 ], [ 480602.977187, 6215960.754448 ], [ 480758.824474, 6215502.43673 ], [ 481162.914225, 6214926.204683 ], [ 481563.664392, 6214011.390209 ], [ 481884.264526, 6213436.943799 ], [ 481994.470821, 6213116.887864 ], [ 482500.974505, 6212729.467858 ], [ 481747.341552, 6211771.100335 ], [ 481407.817105, 6211222.066752 ], [ 480982.57665, 6210792.632686 ], [ 481011.519718, 6210723.588449 ], [ 480626.35428, 6210174.622521 ], [ 480391.470154, 6210156.099749 ], [ 480334.697214, 6209991.080472 ], [ 481131.744768, 6208955.573433 ], [ 481461.250461, 6208620.533935 ], [ 481847.529094, 6208080.121163 ], [ 482083.526414, 6207590.243939 ], [ 482521.012013, 6207283.874591 ], [ 483869.091046, 6206906.819778 ], [ 484193.030765, 6206866.422039 ], [ 484058.334181, 6206590.375964 ], [ 484788.59004, 6206002.966274 ], [ 485649.089704, 6205163.158711 ], [ 486465.061572, 6204299.875855 ], [ 487171.940338, 6203729.45047 ], [ 487489.200887, 6203418.172514 ], [ 487799.782266, 6203204.490999 ], [ 488320.757483, 6202622.362289 ], [ 488278.456077, 6202442.347892 ], [ 489217.992579, 6201523.829059 ], [ 489491.838526, 6201311.877258 ], [ 489517.442009, 6201190.764313 ], [ 490148.623522, 6200741.652196 ], [ 490829.898806, 6200322.838662 ], [ 491605.795657, 6199961.229103 ], [ 492102.280585, 6199636.634542 ], [ 493342.379713, 6199239.737813 ], [ 494050.371674, 6198953.849096 ], [ 494228.48286, 6198820.998197 ], [ 494865.230347, 6198689.83099 ], [ 495584.354257, 6198760.459235 ], [ 495815.898798, 6198699.920703 ], [ 496059.688483, 6198511.581359 ], [ 496848.943673, 6198445.999887 ], [ 497110.544476, 6198346.787852 ], [ 497631.519693, 6198377.055807 ], [ 498003.326792, 6197889.41851 ], [ 498475.321433, 6198040.751233 ], [ 498745.827796, 6197739.769909 ], [ 498859.373677, 6197812.071714 ], [ 499794.457399, 6197201.72926 ], [ 499884.626187, 6197215.179862 ], [ 500261.999261, 6196956.259513 ], [ 500412.280573, 6196951.215689 ], [ 500980.009976, 6197297.565261 ], [ 501527.701871, 6197773.398579 ], [ 502166.675748, 6198481.312924 ], [ 502469.464763, 6197988.625214 ], [ 502792.291286, 6197911.277515 ], [ 503383.397782, 6198015.528926 ], [ 503298.794969, 6197146.245753 ], [ 503483.585324, 6197072.268306 ], [ 503801.959068, 6197110.938255 ], [ 504114.766837, 6197237.037135 ], [ 504123.672396, 6196761.233803 ], [ 504032.390414, 6196739.377752 ], [ 503998.994567, 6196098.852254 ], [ 503735.167373, 6196113.982221 ], [ 503718.46945, 6195555.872325 ], [ 503790.827119, 6195174.294152 ], [ 504393.065564, 6195391.136038 ], [ 504599.006622, 6195211.274548 ], [ 504931.851899, 6195285.235822 ], [ 505115.529059, 6195091.929302 ], [ 505619.806352, 6194811.222432 ], [ 505992.726647, 6194686.840311 ], [ 506153.026713, 6195059.992126 ], [ 506217.592018, 6195428.117376 ], [ 506071.763485, 6195560.915323 ], [ 506095.140578, 6195839.965862 ], [ 506216.478823, 6195890.397659 ], [ 506181.969781, 6196298.906222 ], [ 506373.439305, 6196596.474185 ], [ 506571.587999, 6196673.809935 ], [ 506701.831803, 6196504.00845 ], [ 506875.490209, 6196762.91504 ], [ 506947.847878, 6197215.179862 ], [ 507499.992552, 6197741.451339 ], [ 507723.744728, 6197909.596051 ], [ 508537.490206, 6198195.449687 ], [ 508541.942986, 6198543.53149 ], [ 509213.199515, 6198802.500135 ], [ 509379.065557, 6198805.863416 ], [ 509650.685114, 6198556.984212 ], [ 510396.525702, 6198511.581359 ], [ 510643.654972, 6198730.189915 ], [ 511027.707215, 6198477.949771 ], [ 511143.479486, 6198548.576258 ], [ 511085.59335, 6198884.900903 ], [ 511290.421214, 6199127.062878 ], [ 511601.002593, 6199231.329184 ], [ 512763.178077, 6199263.282017 ], [ 513070.419871, 6199367.549993 ], [ 513743.902791, 6199476.864565 ], [ 514406.253761, 6199153.970189 ], [ 514633.345522, 6199207.785068 ], [ 514822.588656, 6199481.909886 ], [ 515006.265816, 6199613.089304 ], [ 515478.260457, 6199641.679959 ], [ 516276.421206, 6199460.046847 ], [ 516671.605398, 6199500.409425 ], [ 516782.924889, 6199224.602287 ], [ 515956.934268, 6199100.155651 ], [ 516038.197496, 6198795.773577 ], [ 515941.349539, 6198540.168312 ], [ 516171.780885, 6198440.955179 ], [ 515966.953022, 6197918.003374 ], [ 516122.800309, 6197822.160386 ], [ 516270.855232, 6197479.152222 ], [ 516529.11645, 6197319.422745 ], [ 516923.187448, 6197396.765065 ], [ 517229.316047, 6197546.407635 ], [ 517243.787581, 6197258.894464 ], [ 517615.59468, 6197324.466788 ], [ 517745.838485, 6196663.722623 ], [ 518607.451343, 6196991.56637 ], [ 518732.129173, 6196843.614808 ], [ 519469.064202, 6196804.946073 ], [ 519837.531717, 6196256.877687 ], [ 519882.059513, 6195802.982735 ], [ 520102.472105, 6195318.854795 ], [ 520254.979807, 6194851.562969 ], [ 520532.165339, 6194389.339098 ], [ 520449.788916, 6194120.420393 ], [ 520477.618789, 6193772.519423 ], [ 520601.183423, 6193649.8331 ], [ 520598.957034, 6193380.937754 ], [ 520153.67907, 6193086.843193 ], [ 520074.642232, 6192969.208213 ], [ 519968.888716, 6192480.200218 ], [ 519734.00459, 6192207.981132 ], [ 519282.047458, 6192213.022147 ], [ 518900.221604, 6192021.465671 ], [ 518541.772844, 6191436.74098 ], [ 518439.358912, 6190788.214004 ], [ 518439.358912, 6190252.292454 ], [ 518673.129843, 6189618.9741 ], [ 518686.488182, 6189262.858206 ], [ 518400.39709, 6188779.101975 ], [ 518261.247727, 6188391.109021 ], [ 518311.341498, 6187830.14613 ], [ 517969.590661, 6187455.631591 ], [ 517853.818391, 6186893.05101 ], [ 517680.159985, 6186662.991445 ], [ 517974.043441, 6186172.666244 ], [ 517874.969094, 6185880.499577 ], [ 518021.910822, 6185497.675661 ], [ 517608.915511, 6185563.157479 ], [ 517306.126496, 6185506.070738 ], [ 516923.187448, 6185524.539936 ], [ 516717.24639, 6185432.194345 ], [ 516526.89006, 6185082.969162 ], [ 515916.859251, 6184884.857392 ], [ 515165.452688, 6185176.989918 ], [ 515056.359587, 6185081.290229 ], [ 515215.546459, 6184836.169612 ], [ 515547.278541, 6184631.348203 ], [ 515551.731321, 6184253.616713 ], [ 515337.997899, 6184152.891144 ], [ 515336.884704, 6183919.54815 ], [ 516003.688454, 6183627.458731 ], [ 515975.858581, 6183355.52241 ], [ 516082.725292, 6183132.272534 ], [ 516445.626832, 6182984.561545 ], [ 516711.680415, 6182781.463116 ], [ 517249.353556, 6182762.999863 ], [ 517527.652283, 6182605.2246 ], [ 517558.82174, 6182423.9545 ], [ 518008.552483, 6182188.98048 ], [ 518277.945651, 6182185.623755 ], [ 518631.941631, 6181831.496717 ], [ 518746.600707, 6181413.612172 ], [ 518921.372307, 6181405.221126 ], [ 519253.10439, 6181576.400101 ], [ 519728.438616, 6181416.968593 ], [ 519961.096351, 6181254.183709 ], [ 520135.867952, 6181265.930968 ], [ 520293.941629, 6181062.87349 ], [ 520453.128501, 6180613.143571 ], [ 520802.671702, 6180458.764144 ], [ 520831.614769, 6180193.640783 ], [ 520632.352881, 6179837.918596 ], [ 520633.466076, 6179393.286735 ], [ 520728.087643, 6179049.342147 ], [ 521080.970429, 6179045.986658 ], [ 521213.440623, 6178943.644891 ], [ 521182.271165, 6178606.42907 ], [ 521264.647589, 6178398.402082 ], [ 522011.601372, 6177937.070018 ], [ 522036.09166, 6177801.191514 ], [ 521670.96373, 6177388.536741 ], [ 521171.139216, 6176613.604917 ], [ 521535.153951, 6176481.10198 ], [ 521750.000568, 6176586.768713 ], [ 521981.545109, 6176536.451058 ], [ 522483.596013, 6176209.393538 ], [ 522940.005925, 6175645.877701 ], [ 523623.507598, 6174401.57879 ], [ 524132.237671, 6173858.30305 ], [ 523576.753412, 6173642.008451 ], [ 523218.304652, 6172981.421698 ], [ 523450.962388, 6172778.561415 ], [ 523791.60003, 6172126.423436 ], [ 524184.557832, 6172181.74426 ], [ 524715.551803, 6172352.738166 ], [ 525110.735995, 6172929.448769 ], [ 526535.625478, 6172347.708884 ], [ 526762.717239, 6172627.67673 ], [ 527134.524338, 6172503.617988 ], [ 527688.895402, 6172198.508217 ], [ 527883.704511, 6172403.031143 ], [ 528312.284551, 6172413.089774 ], [ 528528.244363, 6172344.356032 ], [ 528613.960371, 6172190.126234 ], [ 529242.915494, 6171876.646002 ], [ 529356.461374, 6171866.588003 ], [ 529901.926879, 6171583.292581 ], [ 529806.192117, 6171157.528991 ], [ 529840.701159, 6170575.909923 ], [ 529767.230295, 6169952.431498 ], [ 529498.950323, 6169116.17042 ], [ 529532.34617, 6168685.5028 ], [ 529475.573229, 6168326.908993 ], [ 529277.424536, 6168053.784567 ], [ 530169.093657, 6167708.621416 ], [ 530654.446637, 6167383.577621 ], [ 531027.366931, 6167061.896981 ], [ 531349.08026, 6166576.048168 ], [ 531604.001893, 6166530.815375 ], [ 531956.884679, 6166316.381695 ], [ 532692.706513, 6166721.799908 ], [ 532938.722588, 6166465.479542 ], [ 533011.080257, 6166153.88476 ], [ 533496.433237, 6166272.825512 ], [ 533702.374295, 6166395.118436 ], [ 534595.156611, 6165611.133915 ], [ 534785.51294, 6165748.493521 ], [ 535049.340134, 6165507.27812 ], [ 535257.507581, 6165199.068359 ], [ 535261.960361, 6164912.644265 ], [ 535599.258418, 6164894.219653 ], [ 535697.21957, 6164663.07789 ], [ 535882.009925, 6164793.722465 ], [ 536064.57389, 6164411.843943 ], [ 536601.133835, 6164505.637085 ], [ 536721.358885, 6164269.481321 ], [ 536930.639528, 6164224.26075 ], [ 537245.673687, 6164470.464536 ], [ 537393.72861, 6164374.996919 ], [ 537950.326064, 6164649.67856 ], [ 538198.568528, 6164415.19368 ], [ 538275.378977, 6164210.862108 ], [ 538479.093645, 6164241.009082 ], [ 538791.901414, 6163936.194586 ], [ 538769.637516, 6163710.102952 ], [ 538949.975091, 6163515.836405 ], [ 538563.696458, 6163189.277602 ], [ 537755.516955, 6162817.518169 ], [ 537596.330083, 6162559.640504 ], [ 537103.184739, 6162197.955084 ], [ 536852.715884, 6162109.210539 ], [ 536945.111062, 6161948.468052 ], [ 536753.641538, 6161826.238811 ], [ 536732.490834, 6161616.946228 ], [ 535916.518967, 6160761.411497 ], [ 536168.101016, 6160490.203116 ], [ 536405.211531, 6160130.279367 ], [ 536662.359555, 6159952.834171 ], [ 536686.849843, 6159756.979132 ], [ 537043.072214, 6159015.449039 ], [ 537139.920171, 6158975.27769 ], [ 537409.313338, 6158017.916437 ], [ 537284.635509, 6157915.826551 ], [ 537259.032026, 6157284.904655 ], [ 537877.968395, 6157452.253402 ], [ 538060.532359, 6157273.190366 ], [ 538512.489492, 6157566.052423 ], [ 538643.846491, 6157427.150881 ], [ 538697.279847, 6156823.039124 ], [ 538804.146558, 6156660.722748 ], [ 539129.199471, 6156491.716191 ], [ 539994.151915, 6156282.554289 ], [ 539941.831754, 6156036.586445 ], [ 539612.326061, 6155459.342786 ], [ 539283.933563, 6155019.325265 ], [ 539052.389022, 6154161.105343 ], [ 539217.141869, 6153674.317152 ], [ 539349.612063, 6153594.024857 ], [ 539513.251714, 6153129.013486 ], [ 539675.778171, 6152816.232302 ], [ 540421.618759, 6151819.423196 ], [ 540916.990493, 6151541.809145 ], [ 541193.06283, 6151282.599346 ], [ 540665.408444, 6150540.132205 ], [ 540692.125122, 6150217.413219 ], [ 540112.150575, 6149919.786819 ], [ 539724.758747, 6149791.041532 ], [ 539341.819699, 6149750.913527 ], [ 539270.575224, 6149429.896268 ], [ 539370.762766, 6149057.063229 ], [ 539689.13651, 6148731.056633 ], [ 539551.100341, 6148390.016883 ], [ 539367.423181, 6148493.66478 ], [ 539143.671005, 6148065.707389 ], [ 539427.535706, 6148055.677394 ], [ 539490.987816, 6147738.06699 ], [ 539437.554461, 6147445.541529 ], [ 539162.595318, 6147034.351231 ], [ 538902.10771, 6146780.292313 ], [ 538726.222914, 6146454.372518 ], [ 539081.33209, 6146504.513216 ], [ 539656.853857, 6146701.736149 ], [ 539876.153254, 6146312.308803 ], [ 540194.526998, 6145249.412835 ], [ 540330.336777, 6144997.078008 ], [ 540089.886677, 6144982.038419 ], [ 540040.906101, 6144639.477166 ], [ 539645.721908, 6144477.391989 ], [ 538629.374957, 6144345.386744 ], [ 538530.300611, 6144011.205357 ], [ 538257.567858, 6143710.453273 ], [ 538358.868595, 6143362.930702 ], [ 538599.318695, 6142910.170072 ], [ 538977.804964, 6142589.409517 ], [ 539433.101681, 6142485.833157 ], [ 539600.080917, 6142315.436068 ], [ 540035.340126, 6142353.858644 ], [ 540365.959014, 6142170.100056 ], [ 540701.030681, 6142114.973249 ], [ 540890.273815, 6142161.747487 ], [ 541191.949635, 6142016.414086 ], [ 541407.909448, 6141513.612978 ], [ 541274.326059, 6141308.157908 ], [ 541278.778838, 6140713.535266 ], [ 541390.098329, 6140461.334212 ], [ 541382.305965, 6140199.119807 ], [ 541504.757405, 6140060.500152 ], [ 540967.084264, 6139634.634538 ], [ 540697.691096, 6139185.411039 ], [ 539871.700475, 6137475.571515 ], [ 539809.36156, 6137185.066332 ], [ 539574.477434, 6136839.478181 ], [ 539907.322712, 6136468.862918 ], [ 539966.322042, 6136196.754722 ], [ 539587.835773, 6136058.199884 ], [ 539568.91146, 6135961.379763 ], [ 539216.028674, 6135694.295451 ], [ 538440.131823, 6134826.328988 ], [ 538516.942272, 6134404.061745 ], [ 538309.888019, 6133996.835597 ], [ 538279.831756, 6133803.243074 ], [ 538591.526331, 6133245.854569 ], [ 538777.42988, 6133200.797802 ], [ 538758.505567, 6132811.984443 ], [ 538511.376297, 6132346.432878 ], [ 538451.263772, 6132094.478251 ], [ 538794.127804, 6131835.857041 ], [ 539052.389022, 6131729.073787 ], [ 539150.350174, 6131515.511275 ], [ 539398.592639, 6131313.63286 ], [ 539571.13785, 6131323.643248 ], [ 539785.984467, 6131051.69854 ], [ 539966.322042, 6131061.708621 ], [ 540163.357541, 6130634.622209 ], [ 539826.059483, 6130397.731899 ], [ 539462.044749, 6130514.507993 ], [ 539184.859216, 6129758.828028 ], [ 538867.598668, 6129175.014994 ], [ 538227.511596, 6128851.432911 ], [ 537852.364912, 6128539.538041 ], [ 537517.293244, 6128356.075776 ], [ 537677.593311, 6128207.641 ], [ 537817.85587, 6127687.305698 ], [ 537741.045421, 6127133.650278 ], [ 537889.100344, 6126620.050137 ], [ 538046.060826, 6126426.6243 ], [ 538189.662969, 6125994.766855 ], [ 538217.492841, 6125452.891591 ], [ 538298.75607, 6124934.390732 ], [ 538161.833096, 6124367.576819 ], [ 537087.60001, 6124237.548327 ], [ 536483.135175, 6124039.175326 ], [ 535663.823723, 6124154.197767 ], [ 534808.890033, 6124309.230457 ], [ 533232.606044, 6124801.019379 ], [ 532873.044089, 6125052.759547 ], [ 532242.975771, 6125327.848319 ], [ 532116.071551, 6125499.57488 ], [ 531077.460702, 6125701.316304 ], [ 530605.466061, 6125918.068582 ], [ 530320.488165, 6125971.42383 ], [ 530245.904106, 6126091.474353 ], [ 529506.742687, 6126049.789953 ], [ 529041.427215, 6125969.756473 ], [ 528551.621456, 6125951.415573 ], [ 528104.117103, 6126016.442579 ], [ 527612.084954, 6126154.835029 ], [ 527620.990513, 6126266.551048 ], [ 527309.295939, 6126454.970917 ], [ 526968.658297, 6126561.688433 ], [ 526749.3589, 6126748.447286 ], [ 526655.850528, 6126646.729906 ], [ 526429.871961, 6126091.474353 ], [ 526309.646911, 6125307.841565 ], [ 525891.085626, 6124547.619528 ], [ 525372.336799, 6124210.876059 ], [ 525137.452673, 6123880.813621 ], [ 524718.891388, 6123639.109294 ], [ 524146.709205, 6123529.094409 ], [ 523658.016641, 6123525.760647 ], [ 523607.92287, 6123237.395114 ], [ 523643.545107, 6122929.038084 ], [ 523973.0508, 6122672.360153 ], [ 523875.089648, 6121932.370709 ], [ 523883.995207, 6121759.049083 ], [ 523649.111081, 6121617.394588 ], [ 522338.880675, 6121310.76229 ], [ 522299.918853, 6121215.775162 ], [ 521341.458037, 6120689.198949 ], [ 520698.03138, 6120370.935975 ], [ 519848.663666, 6120704.195926 ], [ 519593.742032, 6120674.201999 ], [ 518845.675054, 6120427.589252 ], [ 518645.29997, 6120324.280615 ], [ 518474.981149, 6120047.686201 ], [ 518831.20352, 6119699.456528 ], [ 519083.898764, 6119602.821136 ], [ 519353.291932, 6119647.806442 ], [ 520123.622808, 6119429.546609 ], [ 520452.015306, 6119412.885782 ], [ 520761.48349, 6119282.932437 ], [ 521348.137207, 6119146.316943 ], [ 521686.548459, 6118993.043614 ], [ 521957.054821, 6119029.695683 ], [ 522141.845176, 6118956.391702 ], [ 522552.614097, 6118449.944964 ], [ 522707.348189, 6118136.762609 ], [ 522967.835798, 6118063.466264 ], [ 523191.587974, 6117846.912539 ], [ 523270.624813, 6117498.772247 ], [ 523612.375649, 6116882.481989 ], [ 523808.297953, 6116702.600212 ], [ 524215.72729, 6115620.058093 ], [ 524427.234322, 6115163.765896 ], [ 524738.928896, 6114862.359913 ], [ 525403.506256, 6114640.89155 ], [ 525778.65294, 6114471.047507 ], [ 525632.824407, 6113576.924038 ], [ 525259.904113, 6113618.547829 ], [ 525002.756089, 6113453.718799 ], [ 524745.608066, 6113124.070243 ], [ 524388.2725, 6112881.004169 ], [ 524265.82106, 6112563.03087 ], [ 524104.407799, 6112409.875161 ], [ 523762.656962, 6111469.359302 ], [ 523790.486835, 6111153.102798 ], [ 524174.539078, 6111014.9523 ], [ 524567.49688, 6110688.726218 ], [ 524819.07893, 6110382.48445 ], [ 524689.94832, 6110274.303829 ], [ 524327.04678, 6110397.463413 ], [ 523859.504919, 6110477.351655 ], [ 523673.601369, 6110221.046179 ], [ 523242.79494, 6110805.234109 ], [ 523040.193467, 6110795.247657 ], [ 522563.746046, 6110585.534836 ], [ 521727.73667, 6110302.597091 ], [ 520842.746718, 6109686.82366 ], [ 520221.58396, 6109358.983942 ], [ 519938.832453, 6109420.556944 ], [ 519362.197491, 6110314.247284 ], [ 518420.434599, 6109773.362122 ], [ 518285.738015, 6109761.712663 ], [ 518220.059515, 6110340.876357 ], [ 517976.269831, 6110677.075516 ], [ 517607.802316, 6110830.200292 ], [ 517664.575256, 6110993.314472 ], [ 517377.37097, 6111128.135676 ], [ 516481.249069, 6111094.846293 ], [ 515914.632861, 6110888.455 ], [ 514963.96441, 6111071.543802 ], [ 514664.514979, 6111051.570288 ], [ 514513.120472, 6110906.763704 ], [ 514330.556507, 6111068.214879 ], [ 514163.577271, 6111492.662874 ], [ 514054.48417, 6111570.896757 ], [ 513940.938289, 6112075.272747 ], [ 513580.263139, 6111988.711063 ], [ 513204.00326, 6111647.46678 ], [ 512829.969771, 6111590.871479 ], [ 512077.450013, 6111927.119627 ], [ 511501.928246, 6111890.497902 ], [ 510909.708555, 6111780.633666 ], [ 510407.657652, 6111863.864019 ], [ 510237.338831, 6111793.950468 ], [ 510134.924899, 6111592.536042 ], [ 509690.760131, 6111695.739537 ], [ 509331.198176, 6111153.102798 ], [ 509091.86127, 6111108.162031 ], [ 508762.355578, 6110810.22734 ], [ 508431.73669, 6109973.069596 ], [ 507982.005947, 6109387.274185 ], [ 507699.254441, 6109432.20594 ], [ 507131.525037, 6109111.032271 ], [ 506439.117805, 6107596.852044 ], [ 505860.256453, 6107709.990342 ], [ 505439.468777, 6107849.751475 ], [ 505081.020017, 6107853.079149 ], [ 504919.606755, 6107947.918393 ], [ 504886.210908, 6107535.292127 ], [ 504925.17273, 6107056.138132 ], [ 505256.904813, 6106402.335731 ], [ 505494.015328, 6105543.983767 ], [ 506013.87735, 6104906.92918 ], [ 506509.249084, 6104767.215958 ], [ 507048.035419, 6104527.712866 ], [ 507289.598714, 6103839.178697 ], [ 507457.691145, 6103183.958328 ], [ 507508.898111, 6102389.113432 ], [ 507613.538433, 6102101.457576 ], [ 507408.71057, 6101988.393173 ], [ 506975.67775, 6101446.369798 ], [ 505909.237029, 6101694.100163 ], [ 505292.52705, 6101778.89542 ], [ 504450.951699, 6101853.715459 ], [ 504181.558531, 6101817.136692 ], [ 502960.383717, 6101298.400037 ], [ 502607.500932, 6101233.560158 ], [ 502452.766839, 6101281.77438 ], [ 501982.998588, 6101265.148756 ], [ 500879.822435, 6101566.077538 ], [ 500192.981176, 6101562.752301 ], [ 499545.10174, 6101040.705977 ], [ 499045.277226, 6100733.14577 ], [ 498949.542464, 6100758.082674 ], [ 497944.327462, 6100583.525869 ], [ 497716.122506, 6100395.673461 ], [ 497591.444676, 6100174.578104 ], [ 496857.849232, 6100036.604187 ], [ 496208.856601, 6100033.279542 ], [ 496026.292636, 6100157.954623 ], [ 495716.824452, 6100053.227433 ], [ 495033.322778, 6099571.166359 ], [ 494919.776897, 6099792.246182 ], [ 494192.860623, 6099908.60627 ], [ 494025.881386, 6100114.733723 ], [ 493767.620168, 6100196.188678 ], [ 493494.887415, 6100591.838017 ], [ 493201.00396, 6100749.770365 ], [ 492928.271207, 6101168.720769 ], [ 492722.330149, 6101286.762074 ], [ 492439.578643, 6101293.412336 ], [ 492206.920907, 6101479.621781 ], [ 491798.378376, 6101609.305744 ], [ 491403.194183, 6101567.740158 ], [ 490997.991237, 6101451.357587 ], [ 490406.884741, 6101100.556811 ], [ 490108.548505, 6101123.832248 ], [ 489714.477508, 6100849.518607 ], [ 489482.932967, 6100586.850727 ], [ 489079.95641, 6100551.939779 ], [ 488836.166726, 6100595.162879 ], [ 488432.076974, 6100555.264625 ], [ 488003.496934, 6100146.318206 ], [ 487771.952394, 6100390.686285 ], [ 487108.488228, 6100453.857396 ], [ 486911.45273, 6100279.306774 ], [ 486731.115155, 6100485.443126 ], [ 486567.475503, 6100342.477066 ], [ 486309.214285, 6100527.003473 ], [ 486226.837861, 6100430.583775 ], [ 486423.87336, 6100194.526324 ], [ 486059.858625, 6099911.930867 ], [ 485974.142617, 6100034.941864 ], [ 485473.204909, 6099725.755412 ], [ 484383.387094, 6099634.331442 ], [ 483483.925608, 6099514.650626 ], [ 483239.022729, 6099837.127744 ], [ 482514.332843, 6100019.980973 ], [ 482030.093058, 6100044.915806 ], [ 481451.231706, 6100142.993518 ], [ 480876.823134, 6100113.071385 ], [ 480584.052873, 6100345.801831 ], [ 480314.659705, 6100335.82754 ], [ 480098.699893, 6100618.436946 ], [ 479675.685828, 6100397.335854 ], [ 479535.42327, 6099803.88212 ], [ 479558.800363, 6099592.775414 ], [ 479111.29601, 6098976.10759 ], [ 478976.599426, 6098665.297194 ], [ 478563.604115, 6098622.083805 ], [ 478442.26587, 6098490.782918 ], [ 478609.245106, 6098301.31429 ], [ 478729.470156, 6098013.79532 ], [ 478714.998623, 6097460.38994 ], [ 478835.223673, 6096920.313961 ], [ 478993.29735, 6096631.179544 ], [ 478964.354282, 6096408.519443 ], [ 478394.398489, 6095652.515143 ], [ 478010.346246, 6094833.447104 ], [ 477941.328162, 6094499.528989 ], [ 477394.749462, 6094707.187983 ], [ 476952.811083, 6094544.382907 ], [ 476237.026758, 6094227.088001 ], [ 475750.560583, 6094134.06135 ], [ 475610.298024, 6094227.088001 ], [ 475304.169425, 6094167.285038 ], [ 474844.419928, 6094240.377605 ], [ 473862.582019, 6094672.300921 ], [ 473833.638951, 6094966.353446 ], [ 473254.777599, 6095077.66409 ], [ 472897.442034, 6095092.616376 ], [ 472602.445383, 6095175.685104 ], [ 472481.107138, 6095411.604673 ], [ 472297.429978, 6095542.858505 ], [ 471731.926965, 6096795.685864 ], [ 471676.26722, 6096991.768218 ], [ 471119.669766, 6097319.136021 ], [ 470841.371039, 6097849.265672 ], [ 470202.397162, 6098291.342372 ], [ 470007.588053, 6098490.782918 ], [ 470097.75684, 6098883.0295 ], [ 470230.227034, 6099104.091611 ], [ 470489.601448, 6100003.357791 ], [ 470669.939023, 6100372.399998 ], [ 470541.921609, 6101221.922283 ], [ 470710.01404, 6101724.027805 ], [ 470431.715313, 6102187.919595 ], [ 470098.870035, 6102039.937054 ], [ 469882.910223, 6102059.889608 ], [ 469300.709286, 6102282.69627 ], [ 469035.768898, 6102169.62948 ], [ 468691.791672, 6102133.049367 ], [ 468061.723354, 6102244.452924 ], [ 467811.254499, 6102364.171791 ], [ 467448.352959, 6101855.378134 ], [ 466868.378412, 6101325.001154 ], [ 466741.474193, 6100967.555524 ], [ 467237.959122, 6100889.418229 ], [ 467765.613508, 6100465.49423 ], [ 467840.197567, 6100171.253406 ], [ 468072.855303, 6100256.033626 ], [ 468445.775597, 6100545.29009 ], [ 468956.73206, 6100713.1963 ], [ 468996.807076, 6100518.691388 ], [ 468554.868698, 6100468.819043 ], [ 468213.117861, 6100191.201618 ], [ 467889.178143, 6100064.863725 ], [ 467999.384439, 6099644.304919 ], [ 468168.590065, 6099228.753205 ], [ 468348.92764, 6099007.687886 ], [ 468128.515048, 6098519.03737 ], [ 468413.492945, 6097975.570979 ], [ 468269.890802, 6097829.322898 ], [ 468331.116521, 6097656.487468 ], [ 468199.759522, 6097425.491697 ], [ 467751.141974, 6097071.531812 ], [ 467320.335545, 6097074.855312 ], [ 466885.076336, 6096941.916348 ], [ 466761.511701, 6096765.77539 ], [ 466499.910898, 6096755.805255 ], [ 465915.483571, 6096920.313961 ], [ 465908.804402, 6097608.293593 ], [ 465965.577342, 6098063.653411 ], [ 465874.29536, 6098676.931605 ], [ 465892.106478, 6099080.821647 ], [ 465788.579352, 6099441.51317 ], [ 465511.39382, 6099710.795059 ], [ 464975.947069, 6099768.974354 ], [ 464491.707284, 6100079.824694 ], [ 464141.050888, 6099744.040322 ], [ 463917.298712, 6100106.422037 ], [ 463793.734077, 6100169.591057 ], [ 463129.156717, 6099833.803175 ], [ 462643.803737, 6099486.392899 ], [ 462471.258526, 6099147.307425 ], [ 462004.82986, 6098610.449468 ], [ 461869.020081, 6098233.173086 ], [ 461510.571321, 6098203.257606 ], [ 461261.215661, 6097709.66723 ], [ 460881.616198, 6097335.754008 ], [ 461065.293357, 6096950.224973 ], [ 461132.085052, 6096651.119536 ], [ 461067.519747, 6096398.549722 ], [ 460601.091081, 6096506.555642 ], [ 460191.435355, 6096538.12686 ], [ 459791.798383, 6096345.378076 ], [ 459506.820486, 6095918.355225 ], [ 458872.299389, 6095491.353598 ], [ 458688.622229, 6095622.608648 ], [ 458294.551232, 6095026.161971 ], [ 458026.271259, 6095017.855206 ], [ 457722.369049, 6094718.817035 ], [ 457479.692559, 6094559.334265 ], [ 457334.977221, 6094803.54346 ], [ 457416.240449, 6095054.40503 ], [ 457195.827857, 6095185.653406 ], [ 456227.348288, 6095208.912821 ], [ 455957.95512, 6094816.833955 ], [ 455745.334892, 6094652.365521 ], [ 455529.37508, 6094918.174659 ], [ 455451.451437, 6095157.409915 ], [ 455511.563962, 6095516.275289 ], [ 455720.844604, 6095883.463246 ], [ 455296.717344, 6096245.682126 ], [ 455485.960479, 6096390.241631 ], [ 455552.752173, 6096666.074561 ], [ 455628.449427, 6097373.975502 ], [ 455333.452776, 6097500.273821 ], [ 455263.321497, 6097711.329103 ], [ 454779.081712, 6097714.65285 ], [ 453950.864701, 6097352.372028 ], [ 453461.058941, 6097400.564467 ], [ 452669.577362, 6097671.444243 ], [ 452259.921636, 6097709.66723 ], [ 452061.772942, 6097825.999107 ], [ 451587.551911, 6097246.017257 ], [ 451550.816479, 6096986.783018 ], [ 451617.608174, 6096639.487869 ], [ 451506.288683, 6096313.807567 ], [ 451639.872072, 6096273.929194 ], [ 451832.454791, 6095501.322266 ], [ 451505.175488, 6095230.510905 ], [ 450442.074351, 6094693.897657 ], [ 450266.189556, 6094406.499388 ], [ 449893.269261, 6094728.784806 ], [ 449721.837246, 6095142.457516 ], [ 449552.63162, 6095183.992021 ], [ 448760.036845, 6095745.558236 ], [ 448470.606169, 6095446.494737 ], [ 448133.308112, 6094938.110676 ], [ 447934.046223, 6095076.002726 ], [ 447297.298736, 6094963.030762 ], [ 447076.886144, 6095110.891427 ], [ 447125.86672, 6095288.659864 ], [ 446677.249172, 6095566.118887 ], [ 446636.060961, 6095732.266304 ], [ 446793.021443, 6096350.362904 ], [ 446283.178175, 6096636.164538 ], [ 446206.367726, 6096877.109349 ], [ 445950.332897, 6097129.693233 ], [ 445707.656408, 6097216.105215 ], [ 445264.604834, 6096764.1137 ], [ 444640.102491, 6096410.181064 ], [ 444364.030154, 6096094.47881 ], [ 444301.691239, 6095617.624243 ], [ 443935.450114, 6095512.952392 ], [ 443678.30209, 6095301.95111 ], [ 443515.775634, 6095439.848999 ], [ 443212.986619, 6095252.109044 ], [ 443105.006713, 6095381.699017 ], [ 442518.352996, 6095416.588959 ], [ 442114.263245, 6095722.297368 ], [ 441111.274633, 6096207.465652 ], [ 440775.089771, 6096162.603051 ], [ 440238.529825, 6095792.080161 ], [ 439499.368406, 6095366.746228 ], [ 439198.805781, 6095993.124231 ], [ 438477.455481, 6095670.791385 ], [ 438080.044898, 6095544.519959 ], [ 437649.238469, 6095605.993974 ], [ 437541.258563, 6095810.3567 ], [ 437090.414625, 6095976.50884 ], [ 436502.647714, 6095300.289703 ], [ 436204.311479, 6094888.270721 ], [ 435682.223067, 6095257.093238 ], [ 435450.678526, 6095232.172299 ], [ 435192.417307, 6094953.062719 ], [ 434908.552606, 6094884.948067 ], [ 434730.44142, 6094574.285649 ], [ 434741.57337, 6094394.870759 ], [ 434386.464194, 6094476.271495 ], [ 434043.600162, 6094863.350851 ], [ 433629.491656, 6094984.628229 ], [ 433481.436734, 6095100.923212 ], [ 434159.372433, 6096199.157745 ], [ 434541.198286, 6096602.931301 ], [ 434085.901569, 6097000.076891 ], [ 434376.44544, 6097398.902655 ], [ 434559.009405, 6097924.051485 ], [ 434576.820523, 6098432.61228 ], [ 434430.99199, 6098653.662798 ], [ 434713.743497, 6098967.797005 ], [ 434818.383818, 6099406.606877 ], [ 434661.423336, 6099702.483763 ], [ 434664.762921, 6099882.009539 ], [ 434865.138004, 6100184.552208 ], [ 434846.213691, 6100372.399998 ], [ 434936.382478, 6100773.044851 ], [ 435066.626283, 6100979.193055 ], [ 435447.338941, 6101383.191386 ], [ 435627.676516, 6101762.268833 ], [ 435628.789711, 6102241.127424 ], [ 435781.297414, 6102811.46955 ], [ 435361.622933, 6103830.863404 ], [ 434904.099826, 6104392.995314 ], [ 434683.687234, 6104943.521114 ], [ 434392.030168, 6106056.323062 ], [ 434177.183551, 6106502.14967 ], [ 433915.582748, 6106463.887523 ], [ 433640.623606, 6106886.444173 ], [ 433414.645039, 6107137.658972 ], [ 433208.703981, 6106896.426078 ], [ 432521.862723, 6106908.071648 ], [ 432283.639013, 6106974.618066 ], [ 432104.414633, 6106903.080688 ], [ 432157.847988, 6106573.683707 ], [ 432082.150734, 6106492.168224 ], [ 432321.48764, 6105768.544304 ], [ 432516.296749, 6105435.864122 ], [ 432248.016776, 6105434.200754 ], [ 432132.244505, 6105232.935543 ], [ 431659.136669, 6104697.360199 ], [ 431930.756227, 6104506.091388 ], [ 432286.978598, 6104392.995314 ], [ 432098.848658, 6103962.245969 ], [ 431916.284693, 6103390.164422 ], [ 431515.534526, 6103466.661491 ], [ 431059.124614, 6103385.175507 ], [ 431120.350334, 6103099.149194 ], [ 430572.658439, 6102931.196323 ], [ 430545.941762, 6103080.857138 ], [ 429893.609545, 6102936.184975 ], [ 430352.245848, 6104259.943016 ], [ 429680.989318, 6104190.091385 ], [ 428583.379139, 6104136.871477 ], [ 428637.925689, 6104293.205897 ], [ 428319.551946, 6105211.312288 ], [ 428214.911624, 6105608.856208 ], [ 428243.854692, 6105953.187369 ], [ 427898.76427, 6106169.441054 ], [ 427644.955831, 6106166.114033 ], [ 427614.899569, 6106557.047831 ], [ 427386.694613, 6106710.099105 ], [ 427467.957841, 6107097.7303 ], [ 427382.241833, 6107272.419609 ], [ 427445.693943, 6107502.016679 ], [ 428183.742167, 6107428.811149 ], [ 428760.377129, 6107566.903921 ], [ 429123.278669, 6107440.457442 ], [ 429460.576726, 6107859.7345 ], [ 429796.761588, 6107891.34749 ], [ 430104.003383, 6108027.783833 ], [ 430346.679873, 6107781.534447 ], [ 430582.677193, 6107688.360846 ], [ 430613.846651, 6107358.933726 ], [ 430882.126624, 6107345.623805 ], [ 430865.4287, 6108049.414185 ], [ 430919.975251, 6108511.983976 ], [ 431010.144038, 6108555.247174 ], [ 430800.863395, 6109285.762569 ], [ 430927.767615, 6109344.006792 ], [ 430874.334259, 6109651.875682 ], [ 430614.959846, 6110074.589344 ], [ 430373.396551, 6110011.347392 ], [ 430002.702646, 6110124.517529 ], [ 429621.989988, 6110492.330784 ], [ 429313.634998, 6110683.733058 ], [ 429222.353016, 6110999.972259 ], [ 428958.525823, 6111259.630003 ], [ 428266.11859, 6111730.695841 ], [ 427990.046253, 6112498.105833 ], [ 427750.709348, 6112877.674545 ], [ 427643.842637, 6112767.797664 ], [ 427161.829241, 6112927.619047 ], [ 427070.547259, 6112792.769559 ], [ 426867.945786, 6113134.059407 ], [ 426592.986643, 6112884.333795 ], [ 426172.198968, 6113462.043422 ], [ 425719.128641, 6113994.836069 ], [ 425460.867422, 6114164.670681 ], [ 425673.487649, 6114384.461642 ], [ 426014.125291, 6114251.254327 ], [ 426374.800441, 6114692.511484 ], [ 426221.179544, 6114845.707957 ], [ 426041.955164, 6115328.627794 ], [ 425692.411963, 6115694.998914 ], [ 425883.881487, 6116014.753774 ], [ 426303.555967, 6116462.763711 ], [ 425659.016116, 6117155.643016 ], [ 425947.333597, 6117443.804019 ], [ 425214.851347, 6118123.435954 ], [ 424836.365079, 6118669.845794 ], [ 424889.798434, 6118781.464282 ], [ 424131.712702, 6119817.75306 ], [ 424239.692608, 6119899.395281 ], [ 424013.714042, 6120214.308274 ], [ 423624.095824, 6120547.562135 ], [ 423785.509086, 6120865.831668 ], [ 423358.042241, 6120979.14514 ], [ 422800.331592, 6121257.436053 ], [ 423016.291404, 6121612.395061 ], [ 422798.105202, 6121975.701663 ], [ 422773.614914, 6122230.692099 ], [ 423135.403259, 6122785.697512 ], [ 422989.574726, 6122990.708602 ], [ 423179.931056, 6123257.397034 ], [ 423643.020137, 6123592.43614 ], [ 423567.322884, 6123932.489224 ], [ 423152.101183, 6124502.608496 ], [ 423198.855369, 6124629.306819 ], [ 422890.50038, 6124874.373366 ], [ 422665.635008, 6125312.84325 ], [ 422414.052959, 6125401.206817 ], [ 422173.602859, 6125803.022459 ], [ 422182.508418, 6126214.861366 ], [ 422089.000046, 6126448.301116 ], [ 421683.797099, 6126710.094689 ], [ 421458.931728, 6126693.419701 ], [ 420774.31686, 6126945.215482 ], [ 420652.978615, 6127240.37625 ], [ 420382.472252, 6127558.894477 ], [ 420396.943786, 6127919.117842 ], [ 420492.678548, 6128264.346117 ], [ 420224.398575, 6128312.712542 ], [ 419835.893552, 6128709.661107 ], [ 419628.839299, 6128841.425412 ], [ 419454.067699, 6129136.651531 ], [ 418798.395898, 6128811.402987 ], [ 418717.13267, 6128437.79939 ], [ 418217.308156, 6127727.330368 ], [ 417674.069041, 6127872.421366 ], [ 417532.693288, 6127850.740946 ], [ 417209.866764, 6128314.380354 ], [ 416440.649083, 6128741.351072 ], [ 416303.726109, 6128968.187923 ], [ 416315.971253, 6129276.762402 ], [ 416223.576076, 6129540.31049 ], [ 416266.990677, 6129855.578032 ], [ 416435.083109, 6130107.466791 ], [ 416654.382505, 6130657.977947 ], [ 417066.264621, 6131130.111158 ], [ 417491.505076, 6131415.405681 ], [ 417984.65042, 6131885.912149 ], [ 417914.519141, 6132481.590402 ], [ 417682.9746, 6133339.306397 ], [ 417659.597507, 6133729.812573 ], [ 417166.452163, 6134557.611059 ], [ 417049.566698, 6134696.141609 ], [ 416367.178219, 6135135.114663 ], [ 415191.644396, 6135487.310841 ], [ 414456.935757, 6135889.600035 ], [ 413938.18693, 6136079.901096 ], [ 413387.155451, 6135841.190791 ], [ 413394.947815, 6135443.911477 ], [ 413459.51312, 6135285.338748 ], [ 414098.486997, 6134118.667618 ], [ 414235.40997, 6133920.065624 ], [ 414258.787064, 6133506.187198 ], [ 414348.955851, 6133496.174258 ], [ 414368.993359, 6132985.529855 ], [ 414283.277352, 6132725.213056 ], [ 413910.357057, 6132326.409723 ], [ 413545.229128, 6132101.15245 ], [ 413320.363756, 6132037.747769 ], [ 412739.276014, 6131348.669268 ], [ 412440.939779, 6130896.543772 ], [ 411918.851367, 6131018.331686 ], [ 411640.55264, 6131780.796759 ], [ 411376.725447, 6132094.478251 ], [ 411260.953176, 6132688.50235 ], [ 411100.65311, 6132616.75006 ], [ 411184.142728, 6132187.917513 ], [ 411171.897584, 6131512.174403 ], [ 411086.181576, 6131266.917872 ], [ 410871.334959, 6131014.995007 ], [ 408515.814534, 6130095.789665 ], [ 408305.420696, 6130045.745019 ], [ 408191.874815, 6130459.456208 ], [ 407582.957201, 6132923.787334 ], [ 407500.580777, 6133322.618495 ], [ 407228.96122, 6133628.012238 ], [ 407078.679907, 6134050.241201 ], [ 406680.15613, 6134417.41375 ], [ 406389.612259, 6134888.085231 ], [ 406101.294778, 6135597.479446 ], [ 405969.937779, 6135811.143812 ], [ 405997.767652, 6136178.391904 ], [ 405777.35506, 6136774.368932 ], [ 405369.925724, 6137510.633153 ], [ 404903.497057, 6137862.9271 ], [ 404639.669864, 6138175.161821 ], [ 404300.145417, 6138420.616365 ], [ 403371.740864, 6138863.120234 ], [ 403161.347026, 6138853.101025 ], [ 402926.462901, 6138652.719314 ], [ 401926.813873, 6137956.429351 ], [ 400933.844016, 6137230.144076 ], [ 400102.287419, 6136665.854618 ], [ 399989.854734, 6136665.854618 ], [ 399434.370475, 6137088.233462 ], [ 399257.372484, 6137150.006028 ], [ 398507.079116, 6137577.417621 ], [ 398259.949847, 6137978.135377 ], [ 397988.330289, 6138312.081175 ], [ 398410.231159, 6138530.822736 ], [ 398745.302827, 6138909.876696 ], [ 399344.201687, 6139394.155084 ], [ 399398.748238, 6139529.423945 ], [ 399936.421378, 6139910.19222 ], [ 400024.363776, 6140225.841926 ], [ 400381.699341, 6140369.474748 ], [ 400740.148102, 6140581.588092 ], [ 400980.598202, 6141072.642312 ], [ 401689.703358, 6141790.901629 ], [ 401992.492373, 6142185.134701 ], [ 402109.377838, 6142789.883454 ], [ 402468.939794, 6143204.211148 ], [ 402317.545286, 6143553.398055 ], [ 402691.578775, 6144064.673502 ], [ 403156.894247, 6144492.430691 ], [ 402923.123316, 6144880.104125 ], [ 402700.484334, 6145027.157266 ], [ 402394.355735, 6145505.097438 ], [ 401631.817223, 6145630.435821 ], [ 401546.101215, 6145443.264513 ], [ 401372.442809, 6145416.526089 ], [ 401271.142073, 6145185.910654 ], [ 400838.109254, 6145717.338177 ], [ 400733.468932, 6146191.974325 ], [ 400759.072415, 6146380.833359 ], [ 401111.955201, 6147044.380028 ], [ 401370.21642, 6147295.10376 ], [ 401657.420706, 6147463.928549 ], [ 401963.549305, 6147850.065101 ], [ 402458.921039, 6148690.933603 ], [ 402702.710724, 6148903.25344 ], [ 403458.570067, 6149304.502176 ], [ 403491.965914, 6149545.260458 ], [ 403395.117957, 6150100.367893 ], [ 403096.781722, 6151016.70843 ], [ 402849.652452, 6151479.932543 ], [ 402809.577435, 6151752.527419 ], [ 402620.334301, 6152115.443294 ], [ 402266.33832, 6152481.71964 ], [ 401763.174222, 6152776.090091 ], [ 401508.252588, 6152774.417503 ], [ 400962.787083, 6152881.463796 ], [ 400799.147432, 6153478.606005 ], [ 400115.645758, 6153443.478837 ], [ 399848.47898, 6153547.188033 ], [ 399323.050984, 6153592.352109 ], [ 398982.413342, 6153762.974104 ], [ 398951.243885, 6154156.086767 ], [ 398515.984676, 6154117.611112 ], [ 398278.87416, 6154331.738696 ], [ 398306.704033, 6154731.569408 ], [ 398579.436785, 6154928.982266 ], [ 399162.750917, 6155251.87923 ], [ 399350.880857, 6155713.659823 ], [ 399419.898941, 6156254.108666 ], [ 399410.993382, 6157045.601643 ], [ 399166.090502, 6157236.374132 ], [ 398817.660496, 6157107.518563 ], [ 398680.737522, 6157410.415908 ], [ 398532.682599, 6157915.826551 ], [ 398109.668534, 6157758.510099 ], [ 397902.614281, 6157904.111396 ], [ 397571.995394, 6157894.069847 ], [ 397195.735515, 6158263.941339 ], [ 397028.756279, 6158153.480302 ], [ 396418.725469, 6158908.325861 ], [ 396857.324263, 6159140.985724 ], [ 396866.229822, 6159743.587499 ], [ 396916.323593, 6160081.732674 ], [ 396675.873493, 6160498.573616 ], [ 395619.451525, 6160103.49495 ], [ 394505.143422, 6160222.35144 ], [ 394498.464253, 6161866.423574 ], [ 394521.841346, 6162407.261908 ], [ 394639.840006, 6162691.927424 ], [ 393778.227147, 6163301.478449 ], [ 393419.778387, 6163405.307412 ], [ 393010.122661, 6164043.38086 ], [ 392375.601563, 6164822.196548 ], [ 391893.588168, 6165168.918002 ], [ 392027.171557, 6165529.05423 ], [ 391679.854746, 6165993.066096 ], [ 391125.483682, 6166959.698899 ], [ 390702.469617, 6167304.83176 ], [ 390511.000093, 6167549.448939 ], [ 390118.04229, 6167924.765639 ], [ 389767.385894, 6168050.433401 ], [ 389354.390583, 6168561.501368 ], [ 387961.783753, 6168424.09648 ], [ 387377.356427, 6168492.798647 ], [ 386821.872168, 6168507.879685 ], [ 386750.627694, 6168737.449881 ], [ 386332.066408, 6169414.466571 ], [ 386119.446181, 6169318.943635 ], [ 385996.994741, 6169583.729137 ], [ 385753.205056, 6169422.845827 ], [ 385370.266008, 6169451.335359 ], [ 385038.533925, 6169327.322797 ], [ 384828.140088, 6169352.460333 ], [ 384399.560048, 6169261.965551 ], [ 384144.638414, 6169288.778719 ], [ 383825.151476, 6169044.111677 ], [ 383776.1709, 6168789.397279 ], [ 383866.339687, 6168358.746151 ], [ 383511.230512, 6168273.288784 ], [ 383112.706734, 6168105.727803 ], [ 382626.24056, 6167743.807312 ], [ 382251.093876, 6167229.437468 ], [ 381962.776395, 6167036.766192 ], [ 381747.929777, 6166716.773944 ], [ 381535.30955, 6166636.358931 ], [ 381548.667889, 6166952.997428 ], [ 381464.065076, 6167269.647674 ], [ 381140.125358, 6167819.206148 ], [ 380997.636409, 6168340.314097 ], [ 380899.675258, 6168920.105034 ], [ 379964.591535, 6169687.634554 ], [ 379931.195688, 6170508.867046 ], [ 380062.552687, 6171343.588419 ], [ 380132.683966, 6172029.193767 ] ] ] ] } },
{ "type": "Feature", "properties": { "code": "51", "nom": "Marne" }, "geometry": { "type": "MultiPolygon", "coordinates": [ [ [ [ 450617.959146, 6343972.408363 ], [ 451900.35968, 6343996.359129 ], [ 453444.361018, 6343755.143818 ], [ 453437.681848, 6343469.458049 ], [ 453850.677159, 6343435.244836 ], [ 453839.54521, 6343282.997727 ], [ 456041.444738, 6343269.312729 ], [ 457110.11185, 6343336.027306 ], [ 458083.044199, 6343337.737943 ], [ 459977.701932, 6343306.946527 ], [ 461215.57467, 6343724.350873 ], [ 461473.835889, 6343649.079704 ], [ 461989.245131, 6343336.027306 ], [ 462165.129926, 6343346.291134 ], [ 462728.40655, 6343180.360784 ], [ 463777.036153, 6343330.895396 ], [ 464717.68585, 6343315.499687 ], [ 464913.608154, 6343387.346571 ], [ 466587.853296, 6343185.492601 ], [ 466659.09777, 6342891.273468 ], [ 466317.346933, 6342783.509736 ], [ 467687.689865, 6340233.504815 ], [ 469063.598771, 6340932.926116 ], [ 469821.684503, 6340305.325347 ], [ 470820.220336, 6340279.675087 ], [ 471650.663737, 6339806.014351 ], [ 472084.809751, 6340009.497099 ], [ 472320.807072, 6339650.413221 ], [ 472920.819127, 6339973.588021 ], [ 473044.383762, 6339723.93867 ], [ 472866.272576, 6339597.4069 ], [ 473027.685838, 6339332.380314 ], [ 472861.819797, 6339205.85444 ], [ 473739.017384, 6338082.593387 ], [ 473862.582019, 6338135.590154 ], [ 474140.880746, 6337903.090695 ], [ 473791.337545, 6337443.239384 ], [ 473724.54585, 6337215.88725 ], [ 474123.069627, 6336882.562533 ], [ 474042.919594, 6336769.747931 ], [ 474615.101777, 6336339.015195 ], [ 474785.420598, 6336419.348594 ], [ 475138.303383, 6336118.529599 ], [ 476129.046852, 6334708.584044 ], [ 476853.736737, 6335221.264156 ], [ 477075.262523, 6334891.436363 ], [ 477005.131244, 6334792.319659 ], [ 477158.752141, 6334535.988774 ], [ 477779.9149, 6335142.651176 ], [ 478011.459441, 6334913.652337 ], [ 477931.309407, 6334785.484067 ], [ 477336.863327, 6334315.550465 ], [ 477665.255824, 6333946.457399 ], [ 478227.419253, 6332856.360451 ], [ 478645.980538, 6332154.194157 ], [ 479426.330169, 6330666.342084 ], [ 479597.762185, 6330469.917452 ], [ 480285.716638, 6330688.546896 ], [ 481637.135256, 6330606.560188 ], [ 482024.527084, 6330405.01293 ], [ 482112.469482, 6330557.02694 ], [ 482849.404511, 6330352.064875 ], [ 482703.575978, 6330254.709644 ], [ 482939.573298, 6329995.101205 ], [ 483565.188837, 6329945.571558 ], [ 483813.431301, 6329718.422085 ], [ 483444.963786, 6329107.027669 ], [ 483537.358964, 6328850.870037 ], [ 483299.135254, 6328528.122526 ], [ 483554.056887, 6328306.134073 ], [ 483922.524402, 6328760.362871 ], [ 484701.760838, 6328678.394959 ], [ 485190.453402, 6329134.351611 ], [ 485652.429289, 6329426.381778 ], [ 486394.930292, 6329735.50078 ], [ 487091.790305, 6329984.853668 ], [ 487203.109796, 6329621.074189 ], [ 486921.471484, 6329375.147682 ], [ 488082.533773, 6327269.696291 ], [ 488473.265186, 6326436.540716 ], [ 488773.827811, 6325920.981669 ], [ 488518.906177, 6325804.899884 ], [ 488612.414549, 6325642.729483 ], [ 488906.298005, 6325741.738409 ], [ 489073.277241, 6325422.524154 ], [ 489379.405841, 6324584.431001 ], [ 490190.924929, 6324808.028137 ], [ 490361.243749, 6324326.70427 ], [ 490676.277908, 6324403.509424 ], [ 490792.050179, 6323616.716487 ], [ 491663.681792, 6323838.581234 ], [ 492319.353593, 6322614.984656 ], [ 494207.332156, 6322522.838143 ], [ 494698.251111, 6321997.281023 ], [ 495062.265846, 6321232.892886 ], [ 495427.393775, 6321584.366309 ], [ 496430.382388, 6322092.834422 ], [ 496867.867986, 6322203.745978 ], [ 497604.803015, 6322251.523714 ], [ 498843.788948, 6322516.012516 ], [ 499138.785599, 6322638.874658 ], [ 500579.259809, 6322674.709787 ], [ 501633.455387, 6322859.007148 ], [ 501848.302004, 6322702.012845 ], [ 502184.486867, 6322800.987173 ], [ 502303.598722, 6322430.692639 ], [ 502724.386397, 6322534.783005 ], [ 502656.481508, 6322831.703581 ], [ 503139.608098, 6322951.157343 ], [ 504015.69249, 6323268.571292 ], [ 504623.49691, 6323338.540493 ], [ 504728.137231, 6323242.972949 ], [ 505526.29798, 6323568.931 ], [ 505800.143928, 6323763.487895 ], [ 505711.088335, 6323874.421473 ], [ 506277.704543, 6324379.614412 ], [ 506198.667705, 6324509.331006 ], [ 506869.924234, 6324988.958414 ], [ 507291.825104, 6325120.391337 ], [ 507327.447341, 6324947.992727 ], [ 508219.116463, 6325058.941923 ], [ 508510.773528, 6325328.639913 ], [ 509031.748745, 6324850.700022 ], [ 509383.518336, 6325347.416678 ], [ 510036.963747, 6324922.389275 ], [ 510339.752762, 6324797.786917 ], [ 510254.036754, 6324365.96015 ], [ 511486.343517, 6324304.516245 ], [ 511838.113108, 6324459.833649 ], [ 512115.29864, 6324207.230979 ], [ 512067.431259, 6323976.822996 ], [ 511577.6255, 6323440.935495 ], [ 511183.554502, 6323067.199764 ], [ 510943.104402, 6322669.590474 ], [ 510923.066894, 6322527.957367 ], [ 511392.835145, 6322469.939675 ], [ 511372.797637, 6322242.991955 ], [ 511058.876673, 6321995.574722 ], [ 511205.818401, 6321739.633515 ], [ 511194.686451, 6321388.153608 ], [ 511562.040771, 6321345.499278 ], [ 511424.004602, 6321147.586017 ], [ 511509.72061, 6320924.086119 ], [ 511977.262472, 6320971.85659 ], [ 512025.129853, 6320731.300898 ], [ 512401.389732, 6320820.015672 ], [ 512498.237689, 6320680.119722 ], [ 512725.32945, 6320748.361359 ], [ 512961.32677, 6320685.237826 ], [ 512884.516322, 6320289.447005 ], [ 513191.758116, 6319806.67564 ], [ 512935.723287, 6319714.559868 ], [ 513405.491539, 6318848.038615 ], [ 513291.945658, 6318592.193096 ], [ 513792.883367, 6317478.502864 ], [ 514032.220272, 6317517.726817 ], [ 514133.521008, 6317115.26364 ], [ 514264.878008, 6316874.818126 ], [ 514329.443312, 6315984.717899 ], [ 514164.690466, 6315959.141697 ], [ 514145.766152, 6315451.043918 ], [ 514448.555167, 6315104.941174 ], [ 514817.022682, 6314878.191916 ], [ 515262.300645, 6314971.959666 ], [ 515670.843176, 6314852.619075 ], [ 515883.463404, 6314284.921993 ], [ 517144.713234, 6314515.064846 ], [ 517487.577266, 6314741.804326 ], [ 517960.685102, 6315416.944494 ], [ 518774.43058, 6315761.355024 ], [ 519086.125154, 6315752.829841 ], [ 519917.68175, 6315894.348999 ], [ 519876.493538, 6316040.985817 ], [ 520513.241026, 6316866.291816 ], [ 520870.576591, 6317782.066913 ], [ 520959.632184, 6317909.976391 ], [ 521650.926222, 6318541.024926 ], [ 521969.299965, 6318662.123432 ], [ 522102.883354, 6318564.903367 ], [ 522707.348189, 6318522.263341 ], [ 523625.733988, 6318309.066453 ], [ 523712.563191, 6318090.758434 ], [ 523624.620793, 6317543.307754 ], [ 524091.04946, 6317490.44057 ], [ 524891.436599, 6317458.038266 ], [ 525230.961046, 6317546.718551 ], [ 526208.346175, 6317990.133987 ], [ 526187.195471, 6317785.477807 ], [ 527199.089643, 6317122.08489 ], [ 527411.70987, 6316839.00768 ], [ 527541.953674, 6316873.112863 ], [ 527973.873299, 6316492.847882 ], [ 528084.079595, 6316320.625896 ], [ 527956.06218, 6316179.099573 ], [ 528125.267806, 6315933.565572 ], [ 528695.223599, 6316269.471529 ], [ 529164.99185, 6315884.118619 ], [ 529629.194127, 6316293.343528 ], [ 529867.417837, 6316376.896058 ], [ 530086.717234, 6316286.52295 ], [ 530406.204173, 6316467.270137 ], [ 530557.59868, 6316399.063195 ], [ 531056.309999, 6316462.154597 ], [ 531342.40109, 6316552.529591 ], [ 531786.565858, 6316116.010292 ], [ 532523.500887, 6315923.335144 ], [ 533300.510933, 6315867.068013 ], [ 533328.340806, 6316034.165443 ], [ 533822.599345, 6316356.434137 ], [ 534242.273825, 6316315.510445 ], [ 534393.668333, 6316402.473529 ], [ 534585.137857, 6316997.597956 ], [ 535357.695123, 6317226.109629 ], [ 536050.102356, 6317362.537465 ], [ 536318.382329, 6316680.42039 ], [ 536365.136515, 6316211.496955 ], [ 536240.458685, 6315931.8605 ], [ 536469.776836, 6315930.155428 ], [ 536876.092977, 6316163.753488 ], [ 537079.807646, 6316058.036775 ], [ 537656.442608, 6316206.381571 ], [ 537594.103693, 6315909.694593 ], [ 537758.856539, 6315827.851749 ], [ 537441.595991, 6315485.14348 ], [ 537207.82506, 6315123.695145 ], [ 537353.653593, 6314883.306494 ], [ 537674.253726, 6314871.372484 ], [ 537763.309319, 6314552.570204 ], [ 538130.663639, 6314809.997845 ], [ 538424.547094, 6314915.698891 ], [ 538682.808313, 6314828.75116 ], [ 539054.615412, 6314342.883304 ], [ 539295.065512, 6314365.045088 ], [ 539681.344145, 6314252.532022 ], [ 541297.703152, 6313915.001845 ], [ 541731.849166, 6313393.390905 ], [ 541933.337444, 6313724.081674 ], [ 541676.18942, 6313986.598025 ], [ 541867.658945, 6314271.284095 ], [ 541833.149902, 6315024.81104 ], [ 541383.41916, 6315152.678638 ], [ 541191.949635, 6315121.990237 ], [ 541218.666313, 6315659.053396 ], [ 541319.96705, 6315945.501087 ], [ 541528.134498, 6316023.934893 ], [ 541588.247023, 6316199.561063 ], [ 541894.375622, 6316194.445686 ], [ 542068.034028, 6316811.723632 ], [ 542315.163298, 6316839.00768 ], [ 542629.084262, 6317137.432721 ], [ 543016.47609, 6317292.617923 ], [ 543091.060148, 6317413.698474 ], [ 542976.401073, 6317645.632278 ], [ 543151.172673, 6317870.750611 ], [ 543203.492834, 6318099.285985 ], [ 543028.721234, 6318327.827562 ], [ 543319.265105, 6318494.973838 ], [ 543578.639518, 6318500.090613 ], [ 543514.074213, 6318849.744278 ], [ 542947.458005, 6319550.800985 ], [ 543342.642198, 6319407.514575 ], [ 543681.05345, 6319051.014924 ], [ 544119.652243, 6318866.800925 ], [ 544659.551774, 6318772.98979 ], [ 544969.019958, 6319114.126203 ], [ 545594.635496, 6319513.273356 ], [ 545792.78419, 6319508.155965 ], [ 546535.285194, 6319690.678166 ], [ 547139.750029, 6319961.910055 ], [ 547462.576552, 6319980.674849 ], [ 548134.946276, 6320209.267511 ], [ 548068.154582, 6320035.263577 ], [ 547542.726585, 6319678.73734 ], [ 547296.710511, 6319364.870281 ], [ 547349.030671, 6319163.59213 ], [ 548077.060141, 6319199.412466 ], [ 548476.697113, 6319431.395474 ], [ 548939.786195, 6319330.755001 ], [ 549223.650896, 6319375.104892 ], [ 549280.423837, 6319020.312311 ], [ 548990.99316, 6318631.422238 ], [ 548486.715867, 6318363.644342 ], [ 548394.32069, 6318367.055472 ], [ 547867.779498, 6317747.958047 ], [ 548298.585928, 6317350.599942 ], [ 548474.470723, 6317352.305301 ], [ 548678.185391, 6317060.693843 ], [ 548949.804949, 6316944.734199 ], [ 549165.764761, 6316989.071521 ], [ 549496.383649, 6316832.18666 ], [ 549646.664961, 6316550.824393 ], [ 550312.355516, 6316322.331047 ], [ 550572.843125, 6316327.446501 ], [ 550647.427183, 6316056.331678 ], [ 551047.064155, 6315919.925004 ], [ 551132.780163, 6315732.369437 ], [ 551141.685723, 6315149.26881 ], [ 551721.66027, 6315052.089298 ], [ 552596.631467, 6315128.809872 ], [ 553061.946939, 6315113.465701 ], [ 553342.472056, 6315011.171944 ], [ 553417.056114, 6314555.97979 ], [ 553516.130461, 6313608.167968 ], [ 553715.39235, 6313219.52777 ], [ 553759.920146, 6312979.193464 ], [ 553926.899382, 6312674.098089 ], [ 554150.651559, 6312091.209161 ], [ 554618.19342, 6311898.626071 ], [ 555035.641511, 6311394.181502 ], [ 555466.44794, 6311063.582191 ], [ 555638.993151, 6310751.740094 ], [ 555861.632132, 6310543.851775 ], [ 555457.542381, 6309944.071607 ], [ 554876.454639, 6309674.865984 ], [ 554515.779489, 6309458.485422 ], [ 554205.198109, 6308848.560675 ], [ 553791.089603, 6308616.868992 ], [ 553349.151225, 6308630.497738 ], [ 553000.721219, 6308705.456236 ], [ 552691.253034, 6308616.868992 ], [ 552170.277818, 6308342.59516 ], [ 551463.399051, 6307800.887984 ], [ 551152.817672, 6307666.318331 ], [ 550922.386326, 6307436.362506 ], [ 550704.200124, 6307076.962636 ], [ 550298.997177, 6306836.803494 ], [ 550134.244331, 6306506.382953 ], [ 549891.567841, 6306322.443111 ], [ 550293.431203, 6306017.588694 ], [ 550739.822361, 6305222.294165 ], [ 551069.328054, 6304840.851898 ], [ 551240.760069, 6304498.590273 ], [ 551492.342119, 6303798.785133 ], [ 551485.662949, 6303638.74054 ], [ 551799.583913, 6303003.69992 ], [ 551777.320015, 6302845.372846 ], [ 551963.223565, 6302436.800587 ], [ 552322.78552, 6301987.39397 ], [ 552605.537027, 6301340.562865 ], [ 552742.46, 6300869.088302 ], [ 552731.328051, 6300571.2389 ], [ 552807.025305, 6300086.192392 ], [ 552900.533677, 6299938.131122 ], [ 553014.079558, 6299480.348928 ], [ 553191.077548, 6299298.264034 ], [ 553293.49148, 6298935.807678 ], [ 553440.433207, 6298746.928146 ], [ 553384.773462, 6298481.48298 ], [ 553409.26375, 6298098.644091 ], [ 553906.861874, 6297268.368794 ], [ 554142.859194, 6296809.030285 ], [ 554433.403065, 6296407.55489 ], [ 554437.855845, 6296291.879085 ], [ 554794.078216, 6295776.460589 ], [ 555065.697773, 6295466.884421 ], [ 555449.750016, 6294910.69644 ], [ 555721.369574, 6294380.055852 ], [ 556221.194087, 6292970.278731 ], [ 556323.608019, 6292232.322877 ], [ 556302.457316, 6292065.696616 ], [ 556346.985112, 6291185.012462 ], [ 556401.531663, 6290760.004729 ], [ 556202.269774, 6289835.261854 ], [ 556389.286519, 6289286.243709 ], [ 556473.889332, 6288883.426484 ], [ 556405.984442, 6288259.692593 ], [ 556518.417128, 6287574.828086 ], [ 556639.755373, 6287311.433455 ], [ 556836.790872, 6287090.528165 ], [ 556982.619405, 6286657.230732 ], [ 557067.222218, 6285430.524884 ], [ 557236.427844, 6285026.192761 ], [ 556658.679686, 6284200.599903 ], [ 556990.411769, 6283905.036897 ], [ 556480.568501, 6283235.81177 ], [ 553715.39235, 6279550.927972 ], [ 553405.924165, 6279432.087513 ], [ 553252.303268, 6279124.80779 ], [ 553110.927515, 6279060.297445 ], [ 552749.13917, 6278500.096738 ], [ 552891.628118, 6278425.406117 ], [ 553060.833744, 6278717.382299 ], [ 553412.603335, 6278545.929946 ], [ 553597.393689, 6278807.353738 ], [ 554349.913447, 6279185.923309 ], [ 554693.890674, 6279265.713679 ], [ 555843.821014, 6279674.863374 ], [ 555910.612708, 6279795.40503 ], [ 556466.096967, 6280272.495222 ], [ 556931.412439, 6280491.524299 ], [ 557452.387656, 6280793.759794 ], [ 557735.139162, 6280822.625547 ], [ 558301.75537, 6280656.224323 ], [ 558844.994485, 6280085.730728 ], [ 560313.298569, 6279238.550915 ], [ 560662.84177, 6278905.814146 ], [ 560573.786178, 6278596.856024 ], [ 560540.39033, 6278116.465562 ], [ 561014.611361, 6278152.111972 ], [ 561002.366217, 6277832.997079 ], [ 560677.313304, 6277848.273581 ], [ 560672.860524, 6277535.959473 ], [ 560878.801582, 6276945.310003 ], [ 560915.537014, 6276675.458039 ], [ 560626.106338, 6276425.979927 ], [ 560242.054095, 6275898.196768 ], [ 560096.225562, 6275888.01478 ], [ 560125.16863, 6275412.869001 ], [ 560109.583901, 6274786.735542 ], [ 560282.129112, 6274469.444427 ], [ 560491.409754, 6274369.339007 ], [ 560446.881958, 6273753.462256 ], [ 559904.756038, 6273933.300415 ], [ 559119.953628, 6273868.829691 ], [ 558908.446595, 6273929.907206 ], [ 558596.752021, 6274170.828376 ], [ 558480.979751, 6273923.120794 ], [ 558196.001854, 6274031.704046 ], [ 557612.687722, 6273656.758413 ], [ 557117.315988, 6273675.420472 ], [ 556990.411769, 6273297.09769 ], [ 556749.961669, 6273207.1849 ], [ 556852.3756, 6272650.76476 ], [ 556492.813645, 6272596.481829 ], [ 555907.273123, 6272174.104684 ], [ 556079.818334, 6271909.49361 ], [ 556321.381629, 6272053.671694 ], [ 556732.15055, 6272014.658558 ], [ 557115.089599, 6272085.900072 ], [ 557240.880623, 6271799.241441 ], [ 557295.427174, 6271429.483125 ], [ 557450.161266, 6271271.747113 ], [ 557637.17801, 6271410.826024 ], [ 558210.473388, 6271682.206096 ], [ 558403.056107, 6271728.002342 ], [ 558484.319335, 6271463.405232 ], [ 558509.922818, 6271059.740981 ], [ 558998.615383, 6271149.630932 ], [ 559330.347465, 6271266.658904 ], [ 559635.36287, 6271293.796056 ], [ 559745.569166, 6271395.561153 ], [ 560233.148536, 6271181.855864 ], [ 560274.336747, 6270881.659938 ], [ 560460.240297, 6270729.02203 ], [ 560750.784168, 6270949.499893 ], [ 560989.007878, 6270428.842184 ], [ 560816.462667, 6270284.691808 ], [ 560649.483431, 6269847.168072 ], [ 560651.709821, 6269487.669389 ], [ 560563.767423, 6269138.359839 ], [ 560170.809621, 6268826.367393 ], [ 560059.49013, 6268226.153433 ], [ 560170.809621, 6267993.878673 ], [ 559951.510224, 6267551.387479 ], [ 559940.378275, 6267239.453578 ], [ 560033.886647, 6267091.967098 ], [ 559654.287184, 6266715.633943 ], [ 559322.555101, 6266552.900468 ], [ 559109.934874, 6266566.461471 ], [ 559135.538356, 6266215.577508 ], [ 559007.520942, 6265846.063273 ], [ 558504.356844, 6265796.908927 ], [ 558170.398371, 6265634.193128 ], [ 558352.962336, 6265168.097487 ], [ 558282.831057, 6264903.705559 ], [ 558336.264413, 6264490.186037 ], [ 558168.171981, 6264237.677909 ], [ 557828.647535, 6264073.297474 ], [ 557318.804267, 6264122.441805 ], [ 556629.736619, 6264391.893386 ], [ 556089.837088, 6264144.472116 ], [ 555832.689065, 6263968.23124 ], [ 555201.507552, 6263344.639162 ], [ 554571.439234, 6263153.164949 ], [ 554138.406415, 6262937.973439 ], [ 553863.447272, 6262882.058431 ], [ 553246.737293, 6262649.930378 ], [ 552881.609364, 6262892.224768 ], [ 552454.142519, 6262549.964785 ], [ 552063.411106, 6262295.82029 ], [ 551870.828387, 6262614.349269 ], [ 551684.924838, 6262712.621268 ], [ 551485.662949, 6263146.38718 ], [ 551106.063486, 6263142.998297 ], [ 550824.425174, 6262956.611857 ], [ 549942.774807, 6262277.183328 ], [ 549496.383649, 6261660.49245 ], [ 549594.344801, 6261435.174302 ], [ 549645.551766, 6260908.325961 ], [ 549194.707829, 6260642.373181 ], [ 549091.180702, 6260508.552968 ], [ 549196.934218, 6260047.821081 ], [ 548661.487468, 6259715.838653 ], [ 548353.132478, 6259322.896692 ], [ 547838.836431, 6258975.700227 ], [ 547560.537704, 6258853.761434 ], [ 547111.920156, 6257925.729299 ], [ 546850.319353, 6257598.910092 ], [ 547156.447952, 6257449.89827 ], [ 547689.668313, 6257045.208943 ], [ 548215.09631, 6256447.523276 ], [ 548036.985124, 6255866.809635 ], [ 547710.819016, 6255443.574062 ], [ 547883.364227, 6255171.021553 ], [ 547601.725915, 6254047.046768 ], [ 546939.374945, 6253322.636073 ], [ 546763.49015, 6252613.518343 ], [ 547216.560477, 6252559.363821 ], [ 547356.823036, 6252188.753107 ], [ 547786.51627, 6252137.985779 ], [ 547927.892023, 6251811.389913 ], [ 548189.492827, 6251933.227312 ], [ 548276.32203, 6251823.235138 ], [ 548082.626116, 6251440.81193 ], [ 547846.628795, 6251244.530618 ], [ 548050.343463, 6250728.467837 ], [ 548209.530335, 6250493.289 ], [ 548846.277822, 6250462.834665 ], [ 548813.99517, 6250181.983173 ], [ 548631.431205, 6249968.812957 ], [ 548583.563824, 6249452.827898 ], [ 549004.351499, 6249361.476441 ], [ 549226.990481, 6249224.451103 ], [ 549626.627453, 6249128.027194 ], [ 549489.704479, 6248889.509609 ], [ 549469.666971, 6248547.815267 ], [ 549587.665631, 6248185.837285 ], [ 549426.252369, 6248167.231358 ], [ 549478.57253, 6247876.307635 ], [ 549132.368914, 6247766.368131 ], [ 548583.563824, 6247465.310331 ], [ 548200.624776, 6247372.289017 ], [ 547966.853845, 6247159.189493 ], [ 547688.555118, 6247049.259295 ], [ 547092.995842, 6246930.874523 ], [ 546733.433887, 6246592.641431 ], [ 546134.535027, 6245953.417762 ], [ 545790.5578, 6245682.861422 ], [ 545839.538376, 6245530.677277 ], [ 545285.167312, 6244879.698177 ], [ 544944.52967, 6244715.693148 ], [ 544979.038712, 6244539.85623 ], [ 544676.249697, 6244304.849123 ], [ 544481.440588, 6243993.770602 ], [ 544226.518955, 6243841.616788 ], [ 544479.214199, 6243430.815135 ], [ 544823.191425, 6243053.841839 ], [ 544917.812992, 6242759.712885 ], [ 545114.848491, 6242487.568175 ], [ 544632.835096, 6242100.49541 ], [ 544448.044741, 6241894.289189 ], [ 544622.816342, 6241645.834258 ], [ 544435.799597, 6241485.27202 ], [ 544504.817681, 6241253.729727 ], [ 544194.236302, 6241096.554986 ], [ 544303.329403, 6240690.956215 ], [ 544678.476087, 6240603.079039 ], [ 544926.718552, 6240327.623795 ], [ 545217.262423, 6240393.52945 ], [ 545340.827057, 6240246.509846 ], [ 545641.389682, 6240182.295187 ], [ 545788.33141, 6240260.028784 ], [ 546861.451302, 6240087.663944 ], [ 546838.074209, 6239905.163816 ], [ 547488.180035, 6239639.869711 ], [ 547856.647549, 6239758.152682 ], [ 547775.384321, 6239399.929326 ], [ 548018.060811, 6239504.691194 ], [ 548089.305285, 6239670.285174 ], [ 548400.999859, 6239692.251966 ], [ 548408.792224, 6239479.345462 ], [ 548579.111045, 6239389.791149 ], [ 548728.279162, 6239545.244523 ], [ 548997.67233, 6239457.379222 ], [ 549153.519617, 6239535.106173 ], [ 549467.440581, 6239192.099129 ], [ 549587.665631, 6239171.823285 ], [ 549676.721224, 6238712.250492 ], [ 549585.439241, 6238443.614697 ], [ 549370.592624, 6238154.714001 ], [ 549648.891351, 6238082.068007 ], [ 549977.283849, 6237590.45682 ], [ 550251.129796, 6237325.23513 ], [ 550323.487465, 6237017.791067 ], [ 550559.484786, 6236796.505812 ], [ 550795.482106, 6236195.179626 ], [ 551059.309299, 6235723.945365 ], [ 551548.001864, 6235609.096539 ], [ 551792.904744, 6235462.159867 ], [ 551967.676344, 6235001.099251 ], [ 552190.315326, 6234855.861904 ], [ 552257.10702, 6234619.434333 ], [ 552703.498178, 6233996.310381 ], [ 552850.439906, 6234050.346418 ], [ 553509.451292, 6233829.138572 ], [ 553665.298579, 6233526.886797 ], [ 553964.748009, 6233197.630359 ], [ 554165.123093, 6233084.504174 ], [ 554428.950286, 6232453.05139 ], [ 554432.28987, 6232096.824701 ], [ 554522.458658, 6231811.516482 ], [ 555112.451959, 6231389.480497 ], [ 555497.617397, 6231170.030082 ], [ 556584.095627, 6231252.745341 ], [ 556639.755373, 6231097.443886 ], [ 557029.373591, 6231168.342023 ], [ 557623.819671, 6231094.067799 ], [ 557660.555103, 6230645.060195 ], [ 557238.654233, 6230066.111777 ], [ 557248.672988, 6229907.456425 ], [ 557681.705807, 6229072.033026 ], [ 557429.010563, 6227965.012761 ], [ 557108.410429, 6227436.866473 ], [ 557264.257716, 6227106.159014 ], [ 557492.462672, 6227166.900234 ], [ 557862.043382, 6227129.780548 ], [ 558035.701787, 6226691.105641 ], [ 558144.794888, 6225928.54015 ], [ 558378.565819, 6225715.978794 ], [ 558227.171312, 6225478.118824 ], [ 557909.910763, 6225238.578641 ], [ 557204.145191, 6225667.056695 ], [ 556792.263075, 6226014.578403 ], [ 556292.438562, 6225729.474594 ], [ 556459.417798, 6225349.913378 ], [ 556890.224227, 6224902.896377 ], [ 557311.011902, 6223953.274223 ], [ 557177.428513, 6223821.718607 ], [ 556830.111702, 6223196.014031 ], [ 556496.15323, 6222958.224654 ], [ 556329.173994, 6222926.182623 ], [ 556026.384979, 6222701.891791 ], [ 555582.22021, 6222966.656787 ], [ 555518.768101, 6222052.662252 ], [ 555618.955642, 6221875.608265 ], [ 555309.487458, 6221482.730222 ], [ 554226.348812, 6222111.681068 ], [ 553962.521619, 6222297.171446 ], [ 553729.863884, 6221963.291683 ], [ 553451.565157, 6221784.553366 ], [ 553228.926175, 6221882.353111 ], [ 552943.948279, 6222152.15135 ], [ 552311.653571, 6222050.976006 ], [ 551722.773465, 6221663.148354 ], [ 551573.605347, 6221509.70839 ], [ 551197.345468, 6222204.42575 ], [ 551002.536359, 6221838.511707 ], [ 550760.973064, 6221604.132655 ], [ 550498.259066, 6221455.752139 ], [ 550295.657593, 6220855.511963 ], [ 550016.245671, 6220599.242565 ], [ 549955.019951, 6220403.673752 ], [ 550044.075543, 6220128.873463 ], [ 549771.342791, 6219855.767874 ], [ 549372.819014, 6220407.04559 ], [ 548534.583248, 6220892.604227 ], [ 547435.859874, 6221469.241169 ], [ 546720.075548, 6222206.112027 ], [ 546459.58794, 6221880.666899 ], [ 546085.554451, 6221599.074186 ], [ 545430.995845, 6220803.245866 ], [ 544896.662289, 6220425.590723 ], [ 544531.534359, 6220317.692338 ], [ 544126.331413, 6220356.468162 ], [ 543900.352846, 6220112.014839 ], [ 543481.791561, 6220201.365927 ], [ 543286.982452, 6220002.434598 ], [ 542997.551776, 6219914.771424 ], [ 542926.307302, 6219619.757772 ], [ 542699.215541, 6219656.844639 ], [ 541878.790894, 6218579.705669 ], [ 541641.680378, 6218761.747734 ], [ 541436.852515, 6218722.97919 ], [ 541052.800272, 6218773.546891 ], [ 540851.311994, 6218613.416869 ], [ 540516.240326, 6218534.195763 ], [ 540231.26243, 6218650.499342 ], [ 539886.172008, 6218669.04064 ], [ 539901.756737, 6218948.850589 ], [ 539751.475425, 6218977.506345 ], [ 539814.927534, 6219339.925721 ], [ 539320.668995, 6219461.297526 ], [ 539105.822378, 6219574.242292 ], [ 538348.849841, 6219530.412802 ], [ 538042.721241, 6219624.815062 ], [ 537817.85587, 6219451.183143 ], [ 536673.491504, 6219882.740874 ], [ 536600.02064, 6220174.391915 ], [ 536632.303293, 6220469.424833 ], [ 536556.606039, 6220720.632368 ], [ 536234.89271, 6220806.617862 ], [ 536131.365584, 6220664.99516 ], [ 535564.749376, 6220685.22683 ], [ 535369.940267, 6220457.62332 ], [ 534643.023992, 6220262.057769 ], [ 534147.652258, 6220316.006436 ], [ 533918.334107, 6219540.52728 ], [ 533830.391709, 6218945.47933 ], [ 533287.152594, 6219007.847839 ], [ 533036.68374, 6218979.19198 ], [ 532543.538396, 6219146.071573 ], [ 532293.069541, 6219085.387705 ], [ 532287.503567, 6218911.766812 ], [ 531641.85052, 6217431.919166 ], [ 531264.477447, 6216769.610737 ], [ 531203.251727, 6215997.825344 ], [ 532419.973761, 6216299.453647 ], [ 532692.706513, 6216317.989814 ], [ 534053.030691, 6216230.364654 ], [ 534079.747369, 6216289.343027 ], [ 534629.665653, 6216378.653915 ], [ 535175.131158, 6216407.301002 ], [ 535661.597333, 6216355.062268 ], [ 536264.948973, 6216173.071769 ], [ 536980.733299, 6215837.747633 ], [ 537876.8552, 6215863.02286 ], [ 539004.521641, 6215625.43869 ], [ 538681.695118, 6214978.434632 ], [ 538831.976431, 6214693.701062 ], [ 539094.690429, 6214685.277137 ], [ 539003.408446, 6214422.454878 ], [ 539286.159953, 6214284.307976 ], [ 539485.421842, 6214574.082112 ], [ 539964.095652, 6213982.751199 ], [ 540097.679041, 6213507.694632 ], [ 540304.733294, 6213120.256811 ], [ 540121.056134, 6212611.560927 ], [ 539708.060823, 6211959.733555 ], [ 540036.453321, 6211841.837302 ], [ 539741.45667, 6211380.37341 ], [ 539966.322042, 6211286.062706 ], [ 539738.117086, 6211048.606459 ], [ 540176.715879, 6210811.156845 ], [ 539999.717889, 6210292.495652 ], [ 540030.887347, 6209871.52769 ], [ 540289.148565, 6209748.608978 ], [ 540629.786207, 6209851.321752 ], [ 540787.859884, 6209672.838054 ], [ 540682.106368, 6209275.472713 ], [ 540353.71387, 6209391.649641 ], [ 540042.019296, 6209295.677282 ], [ 539956.303288, 6209647.581229 ], [ 539557.779511, 6209706.513937 ], [ 539275.028004, 6209639.162305 ], [ 538738.468058, 6209166.032131 ], [ 538324.359553, 6209186.23644 ], [ 538289.850511, 6209315.881899 ], [ 538000.419834, 6209462.36681 ], [ 537635.291905, 6209361.342463 ], [ 537147.712535, 6208559.925185 ], [ 536742.509588, 6208208.066254 ], [ 536391.853192, 6208467.329318 ], [ 536239.34549, 6208431.974798 ], [ 535830.802959, 6207997.631269 ], [ 535434.505572, 6207772.050749 ], [ 535159.546429, 6207374.774235 ], [ 535153.980455, 6207162.676578 ], [ 534773.267796, 6206858.005868 ], [ 534588.477442, 6206977.516282 ], [ 534195.519639, 6206746.913187 ], [ 533975.107047, 6206467.504678 ], [ 533396.245695, 6206533.148021 ], [ 533227.040069, 6206923.652225 ], [ 532639.273158, 6207171.09305 ], [ 532442.237659, 6207115.544483 ], [ 532516.821718, 6206886.620885 ], [ 532307.541075, 6206726.714674 ], [ 531981.374967, 6206676.218601 ], [ 532020.336789, 6206221.767433 ], [ 531709.75541, 6206208.302584 ], [ 531599.549114, 6206045.042983 ], [ 531253.345497, 6206093.852226 ], [ 531038.49888, 6206230.182975 ], [ 530792.482806, 6206541.563871 ], [ 530612.14523, 6206585.326424 ], [ 530357.223597, 6206388.396708 ], [ 530321.60136, 6206215.035006 ], [ 530536.447977, 6205866.639167 ], [ 530545.353536, 6205723.582207 ], [ 530904.915491, 6205356.694182 ], [ 531040.72527, 6204648.207515 ], [ 531040.72527, 6203943.145174 ], [ 531087.479456, 6203737.863546 ], [ 531040.72527, 6203291.981994 ], [ 531155.384346, 6202602.173569 ], [ 531664.114418, 6201532.239954 ], [ 532175.070881, 6201453.177872 ], [ 532242.975771, 6201717.281741 ], [ 532487.87865, 6201934.29042 ], [ 532880.836453, 6202015.039248 ], [ 533007.740672, 6202221.96162 ], [ 533510.904771, 6202205.138475 ], [ 533634.469406, 6202262.337303 ], [ 533925.013277, 6201882.140542 ], [ 533115.720578, 6200650.823414 ], [ 532416.634176, 6199547.499342 ], [ 532979.9108, 6198577.163336 ], [ 533770.279184, 6197136.157881 ], [ 533848.202828, 6196754.508858 ], [ 533803.675032, 6196340.934965 ], [ 533892.730624, 6196246.79087 ], [ 533896.070209, 6195898.802987 ], [ 534197.746029, 6195661.775908 ], [ 534242.273825, 6195448.289082 ], [ 533736.883337, 6195419.712512 ], [ 533368.415823, 6195228.083872 ], [ 533033.344155, 6195344.069113 ], [ 533002.174698, 6195549.148333 ], [ 532454.482803, 6195900.484054 ], [ 532209.579923, 6195999.667576 ], [ 531856.697138, 6195791.21541 ], [ 531686.378317, 6195917.294739 ], [ 531307.892048, 6195878.630213 ], [ 531282.288565, 6196021.521728 ], [ 530971.707186, 6196198.038087 ], [ 530566.504239, 6196256.877687 ], [ 530446.279189, 6196034.970464 ], [ 530086.717234, 6196092.127832 ], [ 529719.362914, 6196389.688566 ], [ 529456.648916, 6196436.761273 ], [ 529144.954342, 6196598.155389 ], [ 529008.031368, 6196549.400594 ], [ 528665.167337, 6196680.534816 ], [ 528333.435254, 6196677.172375 ], [ 528226.568543, 6196883.964979 ], [ 527594.273835, 6196949.534414 ], [ 527445.105717, 6196766.277515 ], [ 526966.431907, 6196872.196159 ], [ 526806.13184, 6197035.279823 ], [ 526444.343495, 6197031.917242 ], [ 526109.271828, 6197156.333636 ], [ 525823.180737, 6197415.260072 ], [ 525721.88, 6197312.69736 ], [ 525206.470758, 6197501.010173 ], [ 524824.644904, 6197317.741398 ], [ 524308.122467, 6196986.522524 ], [ 524012.012621, 6196677.172375 ], [ 523804.958368, 6196761.233803 ], [ 523424.24571, 6196658.678972 ], [ 523039.080272, 6196633.46076 ], [ 522632.76413, 6196487.196606 ], [ 522586.009944, 6196648.591678 ], [ 522048.336804, 6196611.605037 ], [ 521729.96306, 6196529.226278 ], [ 521483.946985, 6196347.659583 ], [ 521121.045445, 6196330.848047 ], [ 520836.067549, 6196611.605037 ], [ 520410.827094, 6196766.277515 ], [ 520278.3569, 6196150.9667 ], [ 519882.059513, 6195802.982735 ], [ 519837.531717, 6196256.877687 ], [ 519469.064202, 6196804.946073 ], [ 518732.129173, 6196843.614808 ], [ 518607.451343, 6196991.56637 ], [ 517745.838485, 6196663.722623 ], [ 517615.59468, 6197324.466788 ], [ 517243.787581, 6197258.894464 ], [ 517229.316047, 6197546.407635 ], [ 516923.187448, 6197396.765065 ], [ 516529.11645, 6197319.422745 ], [ 516270.855232, 6197479.152222 ], [ 516122.800309, 6197822.160386 ], [ 515966.953022, 6197918.003374 ], [ 516171.780885, 6198440.955179 ], [ 515941.349539, 6198540.168312 ], [ 516038.197496, 6198795.773577 ], [ 515956.934268, 6199100.155651 ], [ 516782.924889, 6199224.602287 ], [ 516671.605398, 6199500.409425 ], [ 516276.421206, 6199460.046847 ], [ 515478.260457, 6199641.679959 ], [ 515006.265816, 6199613.089304 ], [ 514822.588656, 6199481.909886 ], [ 514633.345522, 6199207.785068 ], [ 514406.253761, 6199153.970189 ], [ 513743.902791, 6199476.864565 ], [ 513070.419871, 6199367.549993 ], [ 512763.178077, 6199263.282017 ], [ 511601.002593, 6199231.329184 ], [ 511290.421214, 6199127.062878 ], [ 511085.59335, 6198884.900903 ], [ 511143.479486, 6198548.576258 ], [ 511027.707215, 6198477.949771 ], [ 510643.654972, 6198730.189915 ], [ 510396.525702, 6198511.581359 ], [ 509650.685114, 6198556.984212 ], [ 509379.065557, 6198805.863416 ], [ 509213.199515, 6198802.500135 ], [ 508541.942986, 6198543.53149 ], [ 508537.490206, 6198195.449687 ], [ 507723.744728, 6197909.596051 ], [ 507499.992552, 6197741.451339 ], [ 506947.847878, 6197215.179862 ], [ 506875.490209, 6196762.91504 ], [ 506701.831803, 6196504.00845 ], [ 506571.587999, 6196673.809935 ], [ 506373.439305, 6196596.474185 ], [ 506181.969781, 6196298.906222 ], [ 506216.478823, 6195890.397659 ], [ 506095.140578, 6195839.965862 ], [ 506071.763485, 6195560.915323 ], [ 506217.592018, 6195428.117376 ], [ 506153.026713, 6195059.992126 ], [ 505992.726647, 6194686.840311 ], [ 505619.806352, 6194811.222432 ], [ 505115.529059, 6195091.929302 ], [ 504931.851899, 6195285.235822 ], [ 504599.006622, 6195211.274548 ], [ 504393.065564, 6195391.136038 ], [ 503790.827119, 6195174.294152 ], [ 503718.46945, 6195555.872325 ], [ 503735.167373, 6196113.982221 ], [ 503998.994567, 6196098.852254 ], [ 504032.390414, 6196739.377752 ], [ 504123.672396, 6196761.233803 ], [ 504114.766837, 6197237.037135 ], [ 503801.959068, 6197110.938255 ], [ 503483.585324, 6197072.268306 ], [ 503298.794969, 6197146.245753 ], [ 503383.397782, 6198015.528926 ], [ 502792.291286, 6197911.277515 ], [ 502469.464763, 6197988.625214 ], [ 502166.675748, 6198481.312924 ], [ 501527.701871, 6197773.398579 ], [ 500980.009976, 6197297.565261 ], [ 500412.280573, 6196951.215689 ], [ 500261.999261, 6196956.259513 ], [ 499884.626187, 6197215.179862 ], [ 499794.457399, 6197201.72926 ], [ 498859.373677, 6197812.071714 ], [ 498745.827796, 6197739.769909 ], [ 498475.321433, 6198040.751233 ], [ 498003.326792, 6197889.41851 ], [ 497631.519693, 6198377.055807 ], [ 497110.544476, 6198346.787852 ], [ 496848.943673, 6198445.999887 ], [ 496059.688483, 6198511.581359 ], [ 495815.898798, 6198699.920703 ], [ 495584.354257, 6198760.459235 ], [ 494865.230347, 6198689.83099 ], [ 494228.48286, 6198820.998197 ], [ 494050.371674, 6198953.849096 ], [ 493342.379713, 6199239.737813 ], [ 492102.280585, 6199636.634542 ], [ 491605.795657, 6199961.229103 ], [ 490829.898806, 6200322.838662 ], [ 490148.623522, 6200741.652196 ], [ 489517.442009, 6201190.764313 ], [ 489491.838526, 6201311.877258 ], [ 489217.992579, 6201523.829059 ], [ 488278.456077, 6202442.347892 ], [ 488320.757483, 6202622.362289 ], [ 487799.782266, 6203204.490999 ], [ 487489.200887, 6203418.172514 ], [ 487171.940338, 6203729.45047 ], [ 486465.061572, 6204299.875855 ], [ 485649.089704, 6205163.158711 ], [ 484788.59004, 6206002.966274 ], [ 484058.334181, 6206590.375964 ], [ 484193.030765, 6206866.422039 ], [ 483869.091046, 6206906.819778 ], [ 482521.012013, 6207283.874591 ], [ 482083.526414, 6207590.243939 ], [ 481847.529094, 6208080.121163 ], [ 481461.250461, 6208620.533935 ], [ 481131.744768, 6208955.573433 ], [ 480334.697214, 6209991.080472 ], [ 480391.470154, 6210156.099749 ], [ 480626.35428, 6210174.622521 ], [ 481011.519718, 6210723.588449 ], [ 480982.57665, 6210792.632686 ], [ 481407.817105, 6211222.066752 ], [ 481747.341552, 6211771.100335 ], [ 482500.974505, 6212729.467858 ], [ 481994.470821, 6213116.887864 ], [ 481884.264526, 6213436.943799 ], [ 481563.664392, 6214011.390209 ], [ 481162.914225, 6214926.204683 ], [ 480758.824474, 6215502.43673 ], [ 480602.977187, 6215960.754448 ], [ 481126.178793, 6216267.436727 ], [ 481834.170755, 6216740.962427 ], [ 481728.417238, 6216956.669717 ], [ 481666.078324, 6217327.429418 ], [ 481214.121191, 6218015.062972 ], [ 481494.646308, 6218235.85908 ], [ 482001.149991, 6218736.463881 ], [ 482348.466802, 6219206.755874 ], [ 482486.502971, 6219935.001307 ], [ 482429.73003, 6220253.62832 ], [ 482062.375711, 6220956.673065 ], [ 481433.420588, 6220683.540855 ], [ 481221.913555, 6221354.585092 ], [ 481432.307393, 6222157.210149 ], [ 481407.817105, 6222415.212887 ], [ 481816.359636, 6222959.91108 ], [ 481847.529094, 6223283.711086 ], [ 481696.134586, 6223553.553857 ], [ 481522.47618, 6224157.358123 ], [ 481112.820454, 6224713.975513 ], [ 480623.014695, 6225150.861391 ], [ 479989.606792, 6225996.021059 ], [ 479716.87404, 6225699.109073 ], [ 479540.989244, 6225606.326207 ], [ 478604.792327, 6226571.317588 ], [ 477729.821129, 6226056.754335 ], [ 477054.11182, 6225739.596459 ], [ 476834.812423, 6226033.135787 ], [ 476608.833857, 6225835.754776 ], [ 476435.175451, 6225953.845428 ], [ 476209.196885, 6225775.023081 ], [ 475697.127227, 6225849.250768 ], [ 475207.321468, 6225422.450432 ], [ 474671.874717, 6225130.619078 ], [ 474271.12455, 6225454.501886 ], [ 473892.638282, 6225346.539577 ], [ 473565.358979, 6225675.49152 ], [ 473375.002649, 6225569.213344 ], [ 472888.536475, 6226141.106829 ], [ 472695.953755, 6226267.637142 ], [ 472953.101779, 6226596.624782 ], [ 472340.84458, 6226922.250747 ], [ 471521.533128, 6225341.478878 ], [ 471219.857308, 6224499.757834 ], [ 470716.693209, 6224656.625368 ], [ 470061.021408, 6224705.541644 ], [ 469612.403861, 6224913.017256 ], [ 469302.935676, 6224585.781607 ], [ 468903.298704, 6224663.372424 ], [ 468396.795021, 6224988.924235 ], [ 468248.740098, 6224810.122213 ], [ 467904.762872, 6224963.621833 ], [ 467515.144654, 6224735.903612 ], [ 467303.637621, 6224914.70407 ], [ 467129.979216, 6224830.363762 ], [ 466646.852626, 6225221.709869 ], [ 466390.817797, 6225272.316286 ], [ 466139.235748, 6225201.467386 ], [ 465673.920276, 6225385.338374 ], [ 465544.789667, 6225279.063831 ], [ 465134.020746, 6225545.596153 ], [ 464818.986587, 6225311.114744 ], [ 464549.593419, 6225446.067281 ], [ 464118.78699, 6225154.235115 ], [ 463674.622222, 6225397.146739 ], [ 463504.303401, 6225115.437374 ], [ 463348.456114, 6225187.972425 ], [ 462931.008023, 6224818.556186 ], [ 462840.839236, 6224842.171355 ], [ 461864.567301, 6224207.958196 ], [ 461459.364355, 6223723.896522 ], [ 461076.425306, 6223437.18311 ], [ 460916.12524, 6223169.030505 ], [ 459870.835221, 6221774.436216 ], [ 459258.578022, 6222099.877272 ], [ 457523.10716, 6222877.276598 ], [ 456504.53382, 6223302.262502 ], [ 455582.808436, 6223713.77706 ], [ 454160.145343, 6224299.039087 ], [ 453503.360348, 6223728.956257 ], [ 453260.683858, 6223319.12746 ], [ 453237.306765, 6222970.029643 ], [ 452615.030811, 6221907.646332 ], [ 452509.277295, 6221916.077422 ], [ 452271.053585, 6221088.184299 ], [ 452996.856665, 6220992.079735 ], [ 452963.460817, 6220594.184694 ], [ 452677.369726, 6220017.607163 ], [ 452531.541193, 6219869.254363 ], [ 451756.757537, 6218422.950351 ], [ 451229.103151, 6218800.516456 ], [ 451034.294042, 6218623.530254 ], [ 450515.545215, 6217701.576066 ], [ 450236.133293, 6217716.744521 ], [ 450208.30342, 6217527.983455 ], [ 449435.746154, 6217742.025339 ], [ 449307.72874, 6217435.289824 ], [ 448998.260555, 6217494.276563 ], [ 448703.263905, 6217423.492526 ], [ 448623.113871, 6217221.255669 ], [ 447882.839258, 6217558.319772 ], [ 447870.594114, 6217694.834539 ], [ 446770.757545, 6217892.026409 ], [ 445467.206307, 6218020.119307 ], [ 445415.999342, 6217809.441223 ], [ 445227.869402, 6217812.812031 ], [ 444971.834573, 6217175.753039 ], [ 444162.541875, 6216813.425984 ], [ 443771.810463, 6216535.371515 ], [ 443575.888159, 6216250.585765 ], [ 443332.098474, 6215467.052934 ], [ 442994.800417, 6213846.296062 ], [ 442855.651053, 6213371.247124 ], [ 442692.011402, 6212473.443459 ], [ 442692.011402, 6212118.053953 ], [ 443110.572687, 6212222.47966 ], [ 442903.518434, 6211703.732342 ], [ 442787.746164, 6211594.260493 ], [ 441953.963178, 6211791.310837 ], [ 441765.833239, 6212593.032844 ], [ 441415.176843, 6212016.998039 ], [ 441103.482268, 6211599.313009 ], [ 440663.77028, 6211115.969259 ], [ 440452.263247, 6210625.917072 ], [ 440319.793053, 6209866.476201 ], [ 440168.398546, 6209869.84386 ], [ 440153.927012, 6209590.332705 ], [ 439884.533844, 6208627.268268 ], [ 439778.780328, 6208628.951851 ], [ 439627.38582, 6207837.704163 ], [ 439129.787697, 6207886.523698 ], [ 437616.955817, 6208167.662333 ], [ 437570.201631, 6208070.020316 ], [ 436465.912282, 6208342.747379 ], [ 435890.390514, 6208235.002309 ], [ 435958.295404, 6207817.503059 ], [ 435841.409939, 6207622.228188 ], [ 435083.324206, 6207554.893066 ], [ 435029.890851, 6206790.676797 ], [ 434817.270623, 6206001.28321 ], [ 434961.985961, 6205703.386125 ], [ 434799.459505, 6205116.037697 ], [ 434698.158768, 6205004.96777 ], [ 434321.898889, 6204323.434069 ], [ 434028.015434, 6204323.434069 ], [ 433829.86674, 6203850.599564 ], [ 434305.200966, 6203847.234289 ], [ 434151.580068, 6203026.146757 ], [ 433806.489647, 6203032.87666 ], [ 433247.665803, 6203127.095868 ], [ 433059.535864, 6203394.616809 ], [ 433078.460177, 6203675.606982 ], [ 432779.010747, 6203727.767856 ], [ 432557.48496, 6203566.238446 ], [ 432374.920995, 6203589.794627 ], [ 432181.225081, 6203339.092903 ], [ 431939.661786, 6203746.27663 ], [ 431655.797085, 6203848.916926 ], [ 431509.968552, 6203737.863546 ], [ 431082.501707, 6203800.120565 ], [ 430990.10653, 6204097.950991 ], [ 430637.223744, 6203877.52182 ], [ 430574.884829, 6203704.211292 ], [ 430275.435399, 6203847.234289 ], [ 430059.475587, 6203608.303101 ], [ 429790.082419, 6203690.750428 ], [ 429816.799097, 6203872.47389 ], [ 429537.387175, 6203884.252397 ], [ 429322.540558, 6203699.163466 ], [ 429213.447457, 6203907.809459 ], [ 429009.732789, 6203933.049241 ], [ 428912.884832, 6203581.381698 ], [ 429054.260585, 6203426.585282 ], [ 429149.995347, 6202681.24633 ], [ 429267.994007, 6202519.736792 ], [ 429459.463531, 6202679.563924 ], [ 430098.437409, 6202563.478656 ], [ 430245.379136, 6201904.009807 ], [ 429981.551943, 6201961.206611 ], [ 429937.024147, 6201638.21794 ], [ 429959.288045, 6200918.266492 ], [ 429816.799097, 6200549.903682 ], [ 429545.179539, 6200586.907444 ], [ 429538.50037, 6200223.604741 ], [ 429694.347657, 6197761.628529 ], [ 430345.566678, 6197761.628529 ], [ 430442.414635, 6197458.975701 ], [ 430201.964535, 6196889.008763 ], [ 430314.397221, 6196818.396048 ], [ 430127.380476, 6196534.269852 ], [ 429882.477596, 6196314.036546 ], [ 429679.876123, 6195962.683755 ], [ 429090.996017, 6195197.827113 ], [ 428863.904256, 6194762.477871 ], [ 428735.886841, 6194372.53143 ], [ 428443.11658, 6194401.104485 ], [ 428316.212361, 6194152.354045 ], [ 427862.028838, 6194273.366865 ], [ 427663.880145, 6193923.778968 ], [ 427457.939087, 6193791.006557 ], [ 427019.340293, 6193717.058264 ], [ 426855.700642, 6193441.438466 ], [ 426565.156771, 6193577.566641 ], [ 426398.177535, 6193187.674469 ], [ 426084.256571, 6193283.465288 ], [ 425897.239826, 6192992.735079 ], [ 425545.470235, 6193149.022339 ], [ 425178.115915, 6193557.399367 ], [ 425024.495018, 6193522.106752 ], [ 424059.355033, 6194229.667592 ], [ 423670.85001, 6194419.592983 ], [ 423607.3979, 6194177.564907 ], [ 423309.061665, 6194397.742944 ], [ 423382.532529, 6194651.543014 ], [ 423034.102523, 6194643.138917 ], [ 422778.067694, 6194928.882867 ], [ 422868.236482, 6195170.932306 ], [ 422795.878812, 6195335.664332 ], [ 422503.108552, 6195152.442175 ], [ 422447.448806, 6195327.25956 ], [ 422189.187588, 6195310.45004 ], [ 421897.530522, 6195095.291117 ], [ 421394.366423, 6195182.698773 ], [ 421354.291407, 6194986.032809 ], [ 420881.183571, 6195048.225828 ], [ 420802.146732, 6195320.535748 ], [ 420593.979285, 6195424.755429 ], [ 420104.173525, 6195461.736914 ], [ 420032.929051, 6195337.345287 ], [ 419692.291409, 6195147.39942 ], [ 419240.334277, 6195162.527696 ], [ 419303.786386, 6195350.792943 ], [ 419003.223761, 6195455.012995 ], [ 418438.833943, 6195903.846188 ], [ 418205.063012, 6195848.371141 ], [ 417944.575404, 6196071.9546 ], [ 417320.07306, 6196083.722313 ], [ 416992.793757, 6196302.268514 ], [ 416777.94714, 6196063.5491 ], [ 416507.440778, 6196166.096761 ], [ 416352.706685, 6196729.290362 ], [ 416159.010771, 6196883.964979 ], [ 415923.013451, 6196751.146388 ], [ 415669.205012, 6196870.5149 ], [ 415417.622963, 6196752.827623 ], [ 414603.877485, 6196754.508858 ], [ 414341.163487, 6196463.66008 ], [ 413855.810507, 6196401.456718 ], [ 413754.50977, 6196579.662158 ], [ 413556.361077, 6196418.268393 ], [ 413288.081104, 6196527.545087 ], [ 413126.667842, 6196403.137884 ], [ 412862.840649, 6196354.384206 ], [ 412348.544602, 6196070.273499 ], [ 411493.610912, 6196424.993072 ], [ 411463.55465, 6196529.226278 ], [ 410547.395241, 6197159.696267 ], [ 410460.566038, 6197023.510795 ], [ 410214.549963, 6196994.928935 ], [ 409799.328262, 6196623.373496 ], [ 409592.274009, 6196714.159301 ], [ 409375.201002, 6196981.478682 ], [ 409001.167513, 6196697.347042 ], [ 408540.304821, 6196601.517799 ], [ 408363.306831, 6196759.552566 ], [ 407769.973945, 6196514.095572 ], [ 407608.560684, 6196278.7325 ], [ 407322.469592, 6196307.311954 ], [ 407222.282051, 6196660.360189 ], [ 407085.359077, 6196804.946073 ], [ 406902.795112, 6196520.820327 ], [ 406563.270665, 6196497.283708 ], [ 406524.308843, 6196862.108612 ], [ 406384.046285, 6197038.642406 ], [ 406063.446151, 6196771.32123 ], [ 405608.149434, 6196537.632237 ], [ 405551.376494, 6196766.277515 ], [ 405650.450841, 6197277.389171 ], [ 405499.056333, 6197272.345156 ], [ 405373.265308, 6196904.140136 ], [ 405184.022174, 6196855.383588 ], [ 405035.967251, 6197053.774045 ], [ 404587.349703, 6197304.290635 ], [ 404484.935772, 6197465.701203 ], [ 404441.52117, 6197926.410705 ], [ 404287.900273, 6198351.832503 ], [ 404547.274687, 6198545.213079 ], [ 404386.97462, 6199271.690678 ], [ 404081.959215, 6200351.431701 ], [ 403948.375826, 6200914.902376 ], [ 404202.184265, 6201242.909953 ], [ 404201.07107, 6201584.387687 ], [ 404303.485002, 6201831.673223 ], [ 404472.690628, 6201979.711542 ], [ 404297.919027, 6202376.736115 ], [ 403834.829946, 6203162.42834 ], [ 403674.529879, 6203498.93543 ], [ 403370.627669, 6203815.264234 ], [ 403188.063704, 6203734.498314 ], [ 403111.253256, 6203936.414551 ], [ 402447.78909, 6203641.954975 ], [ 402132.754931, 6203298.712108 ], [ 401430.328945, 6202817.522389 ], [ 401222.161497, 6202624.044685 ], [ 401088.578108, 6203083.351106 ], [ 400841.448838, 6203645.320169 ], [ 401032.918362, 6203855.647481 ], [ 400365.001418, 6204577.530372 ], [ 399937.534573, 6205178.304806 ], [ 398812.094521, 6204813.123131 ], [ 398708.567395, 6205738.729301 ], [ 398597.247904, 6206142.661749 ], [ 398611.719438, 6206632.45558 ], [ 398723.038928, 6207248.524992 ], [ 398684.077107, 6207539.742737 ], [ 398511.531896, 6208078.437687 ], [ 396758.249916, 6207834.337309 ], [ 396585.704705, 6207701.347638 ], [ 396463.253265, 6207975.746329 ], [ 396528.931765, 6208288.874673 ], [ 396699.250586, 6208401.671041 ], [ 396759.363111, 6208753.537985 ], [ 396744.891577, 6209095.317427 ], [ 396655.835984, 6209485.93933 ], [ 396355.273359, 6209730.087134 ], [ 396263.991377, 6210001.183601 ], [ 396262.878182, 6210376.691746 ], [ 395808.694659, 6210674.75262 ], [ 395720.752262, 6210966.087756 ], [ 395323.34168, 6211146.282693 ], [ 394943.742216, 6211771.100335 ], [ 394443.917702, 6212203.952424 ], [ 393846.132037, 6212584.611001 ], [ 393713.661843, 6212554.292436 ], [ 393314.024871, 6212726.099066 ], [ 393175.988702, 6212849.060845 ], [ 392475.789105, 6212741.258641 ], [ 392098.416031, 6212747.996239 ], [ 391741.080466, 6212896.224739 ], [ 391717.703373, 6213207.849903 ], [ 391552.950526, 6213522.855602 ], [ 391963.719447, 6213625.613997 ], [ 392439.053673, 6214082.145826 ], [ 392758.540612, 6214533.647919 ], [ 392923.293458, 6214537.017428 ], [ 392888.784416, 6214821.745747 ], [ 393272.836659, 6214943.053018 ], [ 393318.47765, 6215093.004678 ], [ 392838.690645, 6215002.022456 ], [ 391566.308865, 6214563.973546 ], [ 390780.39326, 6214693.701062 ], [ 389829.724809, 6214964.955905 ], [ 389463.483684, 6215202.521607 ], [ 388825.623002, 6215280.026748 ], [ 388464.947852, 6215138.496154 ], [ 388256.780404, 6214826.800182 ], [ 388055.292126, 6214373.59779 ], [ 387428.563393, 6213933.896639 ], [ 386948.776387, 6213667.728453 ], [ 387010.002107, 6213546.439386 ], [ 386570.290119, 6213416.729383 ], [ 386072.691995, 6213371.247124 ], [ 386058.220461, 6213480.741864 ], [ 385474.906329, 6213260.069292 ], [ 385370.266008, 6213137.101566 ], [ 384939.459578, 6213120.256811 ], [ 384929.440824, 6212970.339959 ], [ 384173.581482, 6213094.98974 ], [ 384419.597556, 6213345.979307 ], [ 384278.221803, 6213640.775177 ], [ 384457.446183, 6214115.839183 ], [ 384761.348393, 6214375.282513 ], [ 384656.708072, 6214702.124995 ], [ 384829.253283, 6215172.1937 ], [ 384687.877529, 6215234.534514 ], [ 385034.081146, 6215657.453191 ], [ 384939.459578, 6215718.112576 ], [ 385213.305526, 6216188.237495 ], [ 384959.497087, 6216511.779433 ], [ 384520.898293, 6216811.740778 ], [ 384159.109948, 6216949.928781 ], [ 384039.998093, 6217219.570382 ], [ 383724.963934, 6217426.863181 ], [ 383571.343037, 6217738.654559 ], [ 383225.13942, 6217750.452295 ], [ 383006.953218, 6217981.354147 ], [ 383627.002782, 6218529.139122 ], [ 383417.722139, 6219130.900565 ], [ 383239.610954, 6219474.78339 ], [ 383700.473646, 6219911.399781 ], [ 383995.470296, 6220022.66469 ], [ 383779.510484, 6220273.85901 ], [ 384559.860115, 6221094.92852 ], [ 384758.008808, 6221248.360989 ], [ 385463.77438, 6221656.403682 ], [ 385814.430776, 6221781.180981 ], [ 386210.728163, 6221823.335889 ], [ 386465.649797, 6221693.499444 ], [ 386672.70405, 6222195.994374 ], [ 386437.819924, 6222469.175235 ], [ 386558.044975, 6222624.318897 ], [ 386349.877527, 6223089.766891 ], [ 386487.913695, 6223381.528099 ], [ 386563.610949, 6223749.195229 ], [ 386977.719455, 6223696.911318 ], [ 387144.698691, 6223759.314733 ], [ 387053.416709, 6224002.186446 ], [ 386591.440822, 6224422.168512 ], [ 386317.594874, 6224353.01341 ], [ 386222.973307, 6224671.806251 ], [ 385923.523877, 6224941.693146 ], [ 385644.111955, 6225354.974083 ], [ 385973.617648, 6225555.717798 ], [ 385756.544641, 6226112.426887 ], [ 385851.166208, 6226562.881873 ], [ 386063.786435, 6226961.056747 ], [ 386074.918385, 6227202.332814 ], [ 385953.58014, 6227765.899438 ], [ 385916.844708, 6228964.024691 ], [ 385996.994741, 6230052.609079 ], [ 386248.57679, 6230499.897406 ], [ 385989.202377, 6230628.180673 ], [ 385724.261989, 6230504.961182 ], [ 384704.575453, 6230547.159437 ], [ 384390.654489, 6230531.968041 ], [ 384254.84471, 6230189.324896 ], [ 384078.959915, 6230265.279079 ], [ 383392.118656, 6230290.597291 ], [ 382846.653152, 6230920.201133 ], [ 382524.939823, 6231480.638492 ], [ 382696.371839, 6231970.207443 ], [ 382685.23989, 6232424.350107 ], [ 382536.071772, 6232783.967308 ], [ 382559.448865, 6233084.504174 ], [ 382096.359784, 6233528.575324 ], [ 381927.154158, 6233628.199041 ], [ 381661.100575, 6233964.226647 ], [ 381435.122008, 6233650.150187 ], [ 381364.990729, 6233310.758053 ], [ 381139.012163, 6233423.887255 ], [ 381085.578807, 6233211.138064 ], [ 380081.477, 6233342.839315 ], [ 380059.213102, 6233206.072672 ], [ 379499.276063, 6232935.922819 ], [ 378996.111965, 6233158.795827 ], [ 378555.286781, 6233472.854095 ], [ 378387.19435, 6233391.805686 ], [ 378106.669234, 6233867.976174 ], [ 378022.066421, 6234109.448727 ], [ 378126.706742, 6234334.041259 ], [ 378314.836681, 6234980.833426 ], [ 378774.586178, 6235877.642552 ], [ 379307.806539, 6237242.460632 ], [ 379458.087852, 6237972.255475 ], [ 379479.238555, 6238272.976254 ], [ 379916.724154, 6238144.577313 ], [ 380118.212432, 6238372.655719 ], [ 380409.869498, 6238313.523692 ], [ 381169.068425, 6238310.144731 ], [ 381241.426094, 6238007.733215 ], [ 381488.555364, 6237757.702788 ], [ 381535.30955, 6237588.767484 ], [ 381764.627701, 6237517.815659 ], [ 382256.65985, 6237747.566574 ], [ 382360.186977, 6238153.024552 ], [ 382506.01551, 6238369.276735 ], [ 382735.333661, 6238477.404895 ], [ 382930.14277, 6238354.071323 ], [ 383015.858778, 6237994.217868 ], [ 383146.102582, 6238021.248583 ], [ 383262.988047, 6238658.184742 ], [ 383228.479005, 6238989.34287 ], [ 383378.760317, 6239538.485621 ], [ 383221.799835, 6239611.144096 ], [ 383120.499099, 6239895.025036 ], [ 383222.91303, 6240128.220062 ], [ 382932.369159, 6240675.746639 ], [ 383113.819929, 6241246.969463 ], [ 383175.045649, 6241598.510335 ], [ 382731.994076, 6241728.651759 ], [ 381875.947192, 6241292.601349 ], [ 381515.272042, 6241252.03966 ], [ 381051.069765, 6241120.215513 ], [ 380955.335003, 6241400.766801 ], [ 380727.130047, 6241564.707694 ], [ 380458.850074, 6241478.511571 ], [ 380108.193678, 6241519.074344 ], [ 379975.723484, 6241686.397831 ], [ 379725.25463, 6241618.791984 ], [ 379372.371844, 6242115.707543 ], [ 378950.470974, 6242560.251932 ], [ 380335.285439, 6244007.295518 ], [ 380631.395285, 6243770.61261 ], [ 382067.416716, 6243065.674827 ], [ 382451.468959, 6243001.438807 ], [ 383079.310887, 6243194.148327 ], [ 383090.442836, 6242949.036099 ], [ 383680.436138, 6243077.507831 ], [ 383846.302179, 6242878.039398 ], [ 384219.222473, 6243211.05288 ], [ 385231.116644, 6243547.460494 ], [ 385096.42006, 6244042.798524 ], [ 385782.148124, 6244191.574644 ], [ 386320.934459, 6244524.639745 ], [ 386818.532583, 6244269.345019 ], [ 386747.288109, 6244085.064201 ], [ 387161.396615, 6243378.409772 ], [ 387287.187639, 6243341.219066 ], [ 387494.241892, 6243052.151414 ], [ 387736.918382, 6243300.647573 ], [ 388193.328294, 6243560.984697 ], [ 388100.933117, 6243855.141461 ], [ 388020.783084, 6244386.00192 ], [ 387943.972635, 6245221.244612 ], [ 388333.590853, 6246279.787843 ], [ 388650.851401, 6246854.7709 ], [ 388542.871495, 6247519.432293 ], [ 388228.950531, 6248346.526536 ], [ 388130.989379, 6248760.949724 ], [ 388154.366473, 6249325.951141 ], [ 387969.576118, 6249770.873989 ], [ 388106.499091, 6250819.834039 ], [ 387798.144102, 6251322.365766 ], [ 387730.239213, 6251813.082087 ], [ 387595.542629, 6252144.754738 ], [ 388461.608267, 6252422.286735 ], [ 388831.188977, 6252677.827288 ], [ 389023.771696, 6252684.596679 ], [ 389495.766337, 6252870.757052 ], [ 389830.838004, 6253156.775055 ], [ 389767.385894, 6253260.014695 ], [ 390251.625679, 6254426.202307 ], [ 390618.979999, 6255419.873495 ], [ 390685.771693, 6256113.988998 ], [ 390544.39594, 6256284.987164 ], [ 390702.469617, 6256598.210584 ], [ 391092.087835, 6257096.005704 ], [ 391284.670554, 6257104.471861 ], [ 391364.820587, 6257331.368011 ], [ 391857.965931, 6258123.859003 ], [ 391972.625007, 6258791.099127 ], [ 392055.00143, 6258824.970587 ], [ 392799.728823, 6259966.518058 ], [ 393061.329627, 6260095.248205 ], [ 393247.233176, 6259700.594875 ], [ 394419.427414, 6260520.41037 ], [ 394940.402631, 6260600.024783 ], [ 395176.399952, 6260222.286455 ], [ 395458.038263, 6260298.51032 ], [ 396299.613614, 6260793.135196 ], [ 396762.702696, 6259824.239647 ], [ 397053.246567, 6260274.796155 ], [ 397494.07175, 6260437.408907 ], [ 397839.162172, 6261548.679687 ], [ 398128.592848, 6261848.54452 ], [ 397747.880189, 6262150.114223 ], [ 397819.124663, 6262641.458672 ], [ 397725.616291, 6262748.202791 ], [ 397810.219104, 6263363.278476 ], [ 397924.878179, 6263673.374909 ], [ 397904.840671, 6264520.690885 ], [ 398133.045627, 6264659.658806 ], [ 398746.416022, 6264886.75764 ], [ 399058.110596, 6265108.778066 ], [ 399513.407313, 6265349.448011 ], [ 399939.760963, 6265468.090645 ], [ 401034.031557, 6265352.837777 ], [ 400658.884873, 6266571.546853 ], [ 400931.617626, 6266971.606475 ], [ 400329.379181, 6267415.76263 ], [ 399926.402624, 6267822.643702 ], [ 399810.630353, 6268139.685441 ], [ 400588.753594, 6268775.500151 ], [ 400853.693982, 6269151.924989 ], [ 401109.728811, 6269048.491269 ], [ 401356.858081, 6268761.935604 ], [ 401904.549975, 6269240.098995 ], [ 402039.246559, 6269101.055788 ], [ 402651.503759, 6268900.973235 ], [ 403111.253256, 6269099.360154 ], [ 403235.931085, 6269675.895567 ], [ 403221.459551, 6270233.815792 ], [ 403415.155465, 6270474.631641 ], [ 403706.812531, 6271437.963639 ], [ 403348.363771, 6271923.063207 ], [ 403480.833965, 6272106.254901 ], [ 403717.94448, 6272642.283029 ], [ 404779.932423, 6274576.337964 ], [ 405190.701344, 6275555.40993 ], [ 405853.052314, 6275504.502179 ], [ 406392.951844, 6275533.349867 ], [ 406962.907637, 6275492.623748 ], [ 407458.279371, 6275584.257791 ], [ 408003.744876, 6275816.74121 ], [ 409095.789081, 6276851.964009 ], [ 409273.900266, 6277204.987012 ], [ 409401.91768, 6277232.143238 ], [ 409405.257265, 6277586.879464 ], [ 409541.067044, 6277967.091763 ], [ 408994.488344, 6278510.281873 ], [ 408825.282718, 6278832.817527 ], [ 408550.323576, 6279632.419539 ], [ 408373.325585, 6279902.365969 ], [ 408095.026858, 6280527.180733 ], [ 408073.876155, 6280686.787568 ], [ 407823.407301, 6281194.493191 ], [ 407457.166176, 6281155.437829 ], [ 407110.96256, 6281345.622164 ], [ 406918.379841, 6281676.756895 ], [ 406418.555327, 6281785.439841 ], [ 406325.046955, 6282130.177816 ], [ 405822.996051, 6281741.287225 ], [ 405493.490358, 6281143.55145 ], [ 405172.890225, 6281517.131352 ], [ 404604.047627, 6281610.52891 ], [ 404237.806502, 6281602.03818 ], [ 403548.738854, 6281399.961332 ], [ 402624.787081, 6281053.555125 ], [ 402498.996056, 6280569.629065 ], [ 401981.360424, 6280564.535254 ], [ 401314.556674, 6280742.820469 ], [ 400652.205704, 6280783.571904 ], [ 400277.05902, 6280705.46516 ], [ 399370.918365, 6280600.191996 ], [ 399102.638392, 6281459.395197 ], [ 399269.617628, 6281883.934969 ], [ 399183.90162, 6282252.452793 ], [ 399295.221111, 6282998.02881 ], [ 399382.050314, 6284944.649133 ], [ 399895.233166, 6285128.123404 ], [ 400359.435443, 6285151.907398 ], [ 400743.487686, 6285388.052113 ], [ 401070.766989, 6285780.508658 ], [ 401101.936447, 6286300.41425 ], [ 401263.349708, 6286786.368033 ], [ 401758.721442, 6287274.049076 ], [ 402103.811864, 6287352.216602 ], [ 402751.6913, 6286990.273056 ], [ 403399.570737, 6286895.116766 ], [ 404125.373817, 6287073.53569 ], [ 404409.238518, 6287221.371369 ], [ 404589.576093, 6287508.553824 ], [ 404767.687279, 6287627.507999 ], [ 405032.627667, 6288011.57149 ], [ 405097.192971, 6288669.278317 ], [ 404326.862095, 6289500.407529 ], [ 404099.770334, 6289984.845743 ], [ 404065.261292, 6290244.924045 ], [ 403803.660488, 6290608.707142 ], [ 403864.886208, 6290975.905982 ], [ 403509.777033, 6291615.142082 ], [ 403316.081119, 6292278.230691 ], [ 403231.478306, 6292744.124111 ], [ 402985.462231, 6293068.904449 ], [ 402327.56404, 6294327.33377 ], [ 402063.736847, 6294922.60222 ], [ 401438.121309, 6294495.705443 ], [ 401094.144082, 6294340.939437 ], [ 400752.393246, 6295364.828833 ], [ 401080.785743, 6295504.305112 ], [ 401538.308851, 6295909.139568 ], [ 402048.152118, 6296734.177491 ], [ 401962.436111, 6297416.383198 ], [ 401823.286747, 6297800.892525 ], [ 402359.846693, 6298496.796897 ], [ 403040.008781, 6298522.320154 ], [ 402845.199673, 6299216.582369 ], [ 402956.519163, 6299933.025608 ], [ 403227.025526, 6300538.901598 ], [ 403829.263971, 6300576.344801 ], [ 404383.635035, 6300399.342033 ], [ 404919.081786, 6300450.400143 ], [ 405122.796454, 6300239.361959 ], [ 406447.498395, 6300186.603239 ], [ 406699.080444, 6300128.739215 ], [ 407181.093839, 6300172.988139 ], [ 407481.656464, 6300305.736303 ], [ 408428.985331, 6300395.938171 ], [ 408742.906295, 6300460.611802 ], [ 409434.200333, 6300755.053288 ], [ 409744.781712, 6301017.165921 ], [ 410082.079769, 6301115.885778 ], [ 410463.905622, 6301063.121573 ], [ 410636.450833, 6300884.406556 ], [ 411040.540585, 6300908.235006 ], [ 411141.841321, 6300669.953536 ], [ 411339.990015, 6300589.960553 ], [ 411662.816538, 6300321.053533 ], [ 411659.476954, 6300130.441093 ], [ 411840.927724, 6300004.503094 ], [ 411878.77635, 6299522.892694 ], [ 412187.13134, 6298896.67013 ], [ 412727.03087, 6299170.63678 ], [ 412557.825244, 6299548.419057 ], [ 413124.441452, 6299667.543104 ], [ 413775.660474, 6299847.934152 ], [ 414056.18559, 6300149.161767 ], [ 414688.480298, 6300535.497679 ], [ 414690.706688, 6300603.576326 ], [ 415954.182908, 6301308.222613 ], [ 416285.914991, 6301531.202665 ], [ 417311.167501, 6301556.735108 ], [ 417274.432069, 6302111.659313 ], [ 417330.091815, 6302186.559856 ], [ 417263.30012, 6303541.693702 ], [ 417433.618941, 6303614.904371 ], [ 417349.016128, 6304006.507116 ], [ 417726.389202, 6304159.747926 ], [ 417576.107889, 6305067.331162 ], [ 416879.247877, 6305057.113922 ], [ 416570.892887, 6305315.954505 ], [ 416245.839974, 6305053.708178 ], [ 416025.427382, 6305111.606015 ], [ 415233.945803, 6305172.910042 ], [ 415129.305482, 6304929.399458 ], [ 414714.083781, 6304355.559681 ], [ 414095.147412, 6304702.9239 ], [ 413462.852704, 6305235.917423 ], [ 413132.233817, 6305150.772425 ], [ 413174.535223, 6305370.448272 ], [ 412604.57943, 6305511.793123 ], [ 412370.8085, 6305692.309271 ], [ 412644.654447, 6306468.9134 ], [ 411801.965902, 6306835.100262 ], [ 411582.666505, 6306894.713583 ], [ 411686.193631, 6307114.434893 ], [ 411506.969251, 6307731.04777 ], [ 411541.478293, 6307937.163241 ], [ 411873.210376, 6308146.690747 ], [ 412098.075747, 6307909.908013 ], [ 412276.186933, 6308097.289483 ], [ 412424.241855, 6308625.386956 ], [ 412399.751567, 6308978.038215 ], [ 411952.247214, 6309078.555045 ], [ 411727.381843, 6309802.652391 ], [ 411361.140718, 6309754.945239 ], [ 411092.860745, 6309812.875387 ], [ 410968.182916, 6309272.777402 ], [ 410751.109909, 6308993.371213 ], [ 410090.985328, 6308444.807967 ], [ 409831.610915, 6308434.586631 ], [ 409659.065704, 6308606.647447 ], [ 409257.202342, 6308834.931576 ], [ 409222.6933, 6309027.444642 ], [ 409382.993367, 6309455.077898 ], [ 409854.988008, 6309775.391128 ], [ 409494.312858, 6310065.046555 ], [ 408591.511787, 6310509.772212 ], [ 407938.066376, 6310690.395466 ], [ 407712.08781, 6310395.606681 ], [ 407388.148092, 6310685.283434 ], [ 406984.05834, 6310828.421506 ], [ 406847.135367, 6311193.093777 ], [ 406631.175554, 6311494.727164 ], [ 407014.114603, 6312007.699139 ], [ 406480.894242, 6312539.450573 ], [ 406741.38185, 6312628.079076 ], [ 406975.152781, 6312447.414269 ], [ 407540.655794, 6312796.816688 ], [ 407826.746886, 6312592.286684 ], [ 408067.196986, 6312795.112251 ], [ 407969.235834, 6312919.537075 ], [ 408239.742196, 6313113.848011 ], [ 408585.945813, 6313643.964678 ], [ 408597.077762, 6313782.039126 ], [ 408406.721433, 6314261.055687 ], [ 408540.304821, 6314465.626221 ], [ 408838.641057, 6314544.046244 ], [ 409449.785061, 6314886.716214 ], [ 409288.3718, 6315350.451014 ], [ 409103.581445, 6315698.268873 ], [ 408629.360414, 6315614.723076 ], [ 408387.797119, 6315834.671956 ], [ 408353.288077, 6316018.819622 ], [ 408541.418016, 6316230.253391 ], [ 408091.687274, 6316767.387244 ], [ 408191.874815, 6316902.102378 ], [ 407982.594173, 6317618.345617 ], [ 407589.63637, 6318324.416448 ], [ 407688.710717, 6318660.417808 ], [ 407383.695312, 6318764.461557 ], [ 407506.146752, 6319107.303339 ], [ 407214.489686, 6319173.826496 ], [ 406945.096518, 6318604.132381 ], [ 407061.981984, 6318271.544359 ], [ 406746.947825, 6318109.519057 ], [ 406850.474951, 6318443.806258 ], [ 406672.363766, 6318677.474072 ], [ 406918.379841, 6319303.462877 ], [ 406918.379841, 6319670.208189 ], [ 407225.621635, 6320110.323657 ], [ 407274.602211, 6320347.449669 ], [ 407560.693303, 6320596.524472 ], [ 407595.202345, 6320792.718719 ], [ 407290.18694, 6321314.788295 ], [ 406494.252581, 6322225.928464 ], [ 406610.024851, 6322990.406806 ], [ 406957.341662, 6323260.038502 ], [ 407316.903618, 6323669.622165 ], [ 407164.395915, 6323717.408224 ], [ 407131.000068, 6324386.441551 ], [ 406977.379171, 6324396.68227 ], [ 406684.60891, 6324639.049601 ], [ 406294.990692, 6324753.408441 ], [ 406143.596185, 6324886.544572 ], [ 405514.641062, 6325244.998473 ], [ 405343.209046, 6325444.715128 ], [ 405018.156133, 6326151.442901 ], [ 405295.341665, 6326236.800515 ], [ 405589.225121, 6326433.126314 ], [ 405641.545281, 6328090.981625 ], [ 405850.825924, 6328248.076521 ], [ 406048.974618, 6328642.534248 ], [ 406877.191629, 6328714.255822 ], [ 406971.813196, 6328903.808641 ], [ 408005.971266, 6329298.297123 ], [ 408015.99002, 6329460.538015 ], [ 408449.022839, 6330145.399851 ], [ 408715.076422, 6330048.047013 ], [ 409367.408638, 6330112.94878 ], [ 409990.797787, 6330307.657086 ], [ 410162.229802, 6330524.57428 ], [ 410668.733485, 6330504.077928 ], [ 410905.844001, 6330968.674178 ], [ 411118.464228, 6330826.901277 ], [ 411470.233819, 6331189.024756 ], [ 412026.831273, 6331470.876934 ], [ 413665.454178, 6331815.945191 ], [ 414288.843326, 6332020.94294 ], [ 415321.888201, 6331997.026278 ], [ 415488.867437, 6331889.402143 ], [ 416582.024836, 6332154.194157 ], [ 416554.194964, 6332731.6405 ], [ 416438.422693, 6333992.593146 ], [ 416456.233812, 6334047.272878 ], [ 417530.466898, 6334189.10009 ], [ 418068.140038, 6334154.924639 ], [ 418318.608893, 6334050.690373 ], [ 418910.828584, 6334653.900011 ], [ 419101.184913, 6334580.418901 ], [ 420512.716056, 6335453.689441 ], [ 420753.166156, 6334788.901863 ], [ 421365.423356, 6335154.613973 ], [ 421801.79576, 6335281.078873 ], [ 422668.974593, 6335838.230678 ], [ 423262.307479, 6335981.79725 ], [ 424137.278677, 6335829.685126 ], [ 424581.443445, 6335675.866677 ], [ 425194.813839, 6335751.066456 ], [ 425564.394549, 6335653.648689 ], [ 425692.411963, 6335715.175568 ], [ 425692.411963, 6335149.487058 ], [ 426118.765613, 6334913.652337 ], [ 426737.701981, 6334481.305864 ], [ 427614.899569, 6334245.489887 ], [ 428035.687244, 6333946.457399 ], [ 428896.186908, 6333599.593038 ], [ 428987.46889, 6333833.682195 ], [ 429410.482955, 6334264.28657 ], [ 429151.108542, 6334373.649923 ], [ 429414.935735, 6334826.497701 ], [ 429552.971904, 6335163.158839 ], [ 429160.014101, 6335634.848899 ], [ 429184.504389, 6335783.539296 ], [ 428871.69662, 6336056.999767 ], [ 428394.136004, 6336564.634351 ], [ 428345.155429, 6336949.226419 ], [ 428592.284698, 6336991.959957 ], [ 428652.397223, 6336791.968869 ], [ 429259.088448, 6336892.818481 ], [ 429156.674516, 6337169.733808 ], [ 428869.47023, 6337133.836862 ], [ 428950.733458, 6337424.43559 ], [ 429281.352346, 6337540.677895 ], [ 429338.125286, 6337805.647981 ], [ 429562.990658, 6338010.79185 ], [ 429674.310149, 6338332.19398 ], [ 429637.574717, 6338687.802149 ], [ 429331.446117, 6339479.426291 ], [ 429286.918321, 6339785.495356 ], [ 429655.385835, 6339894.930576 ], [ 429469.482286, 6340356.626103 ], [ 429676.536538, 6340638.785859 ], [ 429501.764938, 6340843.998906 ], [ 429134.410618, 6340908.984082 ], [ 429046.468221, 6341023.564433 ], [ 428749.24518, 6340890.172532 ], [ 428547.756902, 6340891.882671 ], [ 428229.383158, 6341066.318696 ], [ 428006.744177, 6341577.676541 ], [ 427423.430045, 6341469.929658 ], [ 427209.696622, 6342265.236814 ], [ 427097.263937, 6342444.832721 ], [ 426606.344982, 6342800.614998 ], [ 426127.671172, 6343065.751013 ], [ 425628.959853, 6343077.725095 ], [ 425505.395218, 6343414.716975 ], [ 426497.251881, 6343495.11805 ], [ 426708.758914, 6343320.631587 ], [ 426894.662463, 6343397.610462 ], [ 427306.544579, 6343197.466854 ], [ 428167.044243, 6343105.094489 ], [ 428050.158778, 6343318.920953 ], [ 428053.498363, 6343541.30625 ], [ 428393.02281, 6343573.809209 ], [ 428533.285368, 6343339.44858 ], [ 428821.602849, 6343224.836639 ], [ 429153.334932, 6343219.704797 ], [ 429466.142701, 6343505.382072 ], [ 430008.268621, 6343816.730047 ], [ 430759.675184, 6344148.619168 ], [ 431151.519791, 6343823.57299 ], [ 431600.137339, 6343929.639307 ], [ 432050.981277, 6343912.531746 ], [ 432560.824545, 6343348.001773 ], [ 433017.234457, 6343115.358035 ], [ 433120.761584, 6342966.537847 ], [ 433402.399895, 6342858.77315 ], [ 433387.928361, 6342530.355931 ], [ 433671.793063, 6341772.650604 ], [ 434243.975246, 6341936.842798 ], [ 435295.944434, 6342123.273242 ], [ 435628.789711, 6342612.459032 ], [ 435816.919651, 6342742.45725 ], [ 435784.636998, 6343611.444372 ], [ 436310.064995, 6343715.797297 ], [ 436865.549254, 6344064.790266 ], [ 436954.604846, 6344304.303635 ], [ 437909.726077, 6343327.474125 ], [ 437649.238469, 6343137.595761 ], [ 437861.858696, 6342928.905573 ], [ 438211.401898, 6342431.149088 ], [ 439124.221722, 6341286.93415 ], [ 438888.224402, 6341115.913913 ], [ 439143.146035, 6340849.129296 ], [ 439273.38984, 6340891.882671 ], [ 439629.61221, 6340623.395082 ], [ 439969.136657, 6340286.515148 ], [ 440083.795733, 6340320.715541 ], [ 440463.395196, 6339753.007049 ], [ 440971.012074, 6339132.333523 ], [ 442009.622923, 6339363.157166 ], [ 442189.960498, 6339452.068705 ], [ 442773.27463, 6339501.654395 ], [ 443790.734776, 6339402.483308 ], [ 444714.68655, 6339228.08182 ], [ 444868.307447, 6338164.653038 ], [ 445168.870072, 6338280.905582 ], [ 445355.886817, 6337651.793366 ], [ 445667.581391, 6337624.441729 ], [ 446047.180854, 6337814.195542 ], [ 446437.912267, 6336715.050487 ], [ 446536.986614, 6336674.027637 ], [ 446695.060291, 6335877.540329 ], [ 447247.204965, 6335896.340662 ], [ 447299.525126, 6336226.207888 ], [ 448340.362365, 6336142.457988 ], [ 448384.890161, 6336009.143542 ], [ 448745.565311, 6336015.980129 ], [ 448892.507039, 6336174.93234 ], [ 449229.805096, 6336151.003858 ], [ 449503.651044, 6339523.882558 ], [ 449391.218358, 6339611.085919 ], [ 449453.557273, 6339929.129375 ], [ 449406.803087, 6340223.244789 ], [ 449437.972544, 6340922.665236 ], [ 449600.499001, 6340980.810388 ], [ 449720.724051, 6342562.85498 ], [ 449943.363032, 6342595.354153 ], [ 450002.362362, 6343209.441124 ], [ 450239.472878, 6343142.727552 ], [ 450276.20831, 6343772.251059 ], [ 450613.506367, 6343732.904457 ], [ 450617.959146, 6343972.408363 ] ] ] ] } },
{ "type": "Feature", "properties": { "code": "52", "nom": "Haute-Marne" }, "geometry": { "type": "MultiPolygon", "coordinates": [ [ [ [ 519882.059513, 6195802.982735 ], [ 520278.3569, 6196150.9667 ], [ 520410.827094, 6196766.277515 ], [ 520836.067549, 6196611.605037 ], [ 521121.045445, 6196330.848047 ], [ 521483.946985, 6196347.659583 ], [ 521729.96306, 6196529.226278 ], [ 522048.336804, 6196611.605037 ], [ 522586.009944, 6196648.591678 ], [ 522632.76413, 6196487.196606 ], [ 523039.080272, 6196633.46076 ], [ 523424.24571, 6196658.678972 ], [ 523804.958368, 6196761.233803 ], [ 524012.012621, 6196677.172375 ], [ 524308.122467, 6196986.522524 ], [ 524824.644904, 6197317.741398 ], [ 525206.470758, 6197501.010173 ], [ 525721.88, 6197312.69736 ], [ 525823.180737, 6197415.260072 ], [ 526109.271828, 6197156.333636 ], [ 526444.343495, 6197031.917242 ], [ 526806.13184, 6197035.279823 ], [ 526966.431907, 6196872.196159 ], [ 527445.105717, 6196766.277515 ], [ 527594.273835, 6196949.534414 ], [ 528226.568543, 6196883.964979 ], [ 528333.435254, 6196677.172375 ], [ 528665.167337, 6196680.534816 ], [ 529008.031368, 6196549.400594 ], [ 529144.954342, 6196598.155389 ], [ 529456.648916, 6196436.761273 ], [ 529719.362914, 6196389.688566 ], [ 530086.717234, 6196092.127832 ], [ 530446.279189, 6196034.970464 ], [ 530566.504239, 6196256.877687 ], [ 530971.707186, 6196198.038087 ], [ 531282.288565, 6196021.521728 ], [ 531307.892048, 6195878.630213 ], [ 531686.378317, 6195917.294739 ], [ 531856.697138, 6195791.21541 ], [ 532209.579923, 6195999.667576 ], [ 532454.482803, 6195900.484054 ], [ 533002.174698, 6195549.148333 ], [ 533033.344155, 6195344.069113 ], [ 533368.415823, 6195228.083872 ], [ 533736.883337, 6195419.712512 ], [ 534242.273825, 6195448.289082 ], [ 534197.746029, 6195661.775908 ], [ 533896.070209, 6195898.802987 ], [ 533892.730624, 6196246.79087 ], [ 533803.675032, 6196340.934965 ], [ 533848.202828, 6196754.508858 ], [ 533770.279184, 6197136.157881 ], [ 532979.9108, 6198577.163336 ], [ 532416.634176, 6199547.499342 ], [ 533115.720578, 6200650.823414 ], [ 533925.013277, 6201882.140542 ], [ 533634.469406, 6202262.337303 ], [ 533510.904771, 6202205.138475 ], [ 533007.740672, 6202221.96162 ], [ 532880.836453, 6202015.039248 ], [ 532487.87865, 6201934.29042 ], [ 532242.975771, 6201717.281741 ], [ 532175.070881, 6201453.177872 ], [ 531664.114418, 6201532.239954 ], [ 531155.384346, 6202602.173569 ], [ 531040.72527, 6203291.981994 ], [ 531087.479456, 6203737.863546 ], [ 531040.72527, 6203943.145174 ], [ 531040.72527, 6204648.207515 ], [ 530904.915491, 6205356.694182 ], [ 530545.353536, 6205723.582207 ], [ 530536.447977, 6205866.639167 ], [ 530321.60136, 6206215.035006 ], [ 530357.223597, 6206388.396708 ], [ 530612.14523, 6206585.326424 ], [ 530792.482806, 6206541.563871 ], [ 531038.49888, 6206230.182975 ], [ 531253.345497, 6206093.852226 ], [ 531599.549114, 6206045.042983 ], [ 531709.75541, 6206208.302584 ], [ 532020.336789, 6206221.767433 ], [ 531981.374967, 6206676.218601 ], [ 532307.541075, 6206726.714674 ], [ 532516.821718, 6206886.620885 ], [ 532442.237659, 6207115.544483 ], [ 532639.273158, 6207171.09305 ], [ 533227.040069, 6206923.652225 ], [ 533396.245695, 6206533.148021 ], [ 533975.107047, 6206467.504678 ], [ 534195.519639, 6206746.913187 ], [ 534588.477442, 6206977.516282 ], [ 534773.267796, 6206858.005868 ], [ 535153.980455, 6207162.676578 ], [ 535159.546429, 6207374.774235 ], [ 535434.505572, 6207772.050749 ], [ 535830.802959, 6207997.631269 ], [ 536239.34549, 6208431.974798 ], [ 536391.853192, 6208467.329318 ], [ 536742.509588, 6208208.066254 ], [ 537147.712535, 6208559.925185 ], [ 537635.291905, 6209361.342463 ], [ 538000.419834, 6209462.36681 ], [ 538289.850511, 6209315.881899 ], [ 538324.359553, 6209186.23644 ], [ 538738.468058, 6209166.032131 ], [ 539275.028004, 6209639.162305 ], [ 539557.779511, 6209706.513937 ], [ 539956.303288, 6209647.581229 ], [ 540042.019296, 6209295.677282 ], [ 540353.71387, 6209391.649641 ], [ 540682.106368, 6209275.472713 ], [ 540787.859884, 6209672.838054 ], [ 540629.786207, 6209851.321752 ], [ 540289.148565, 6209748.608978 ], [ 540030.887347, 6209871.52769 ], [ 539999.717889, 6210292.495652 ], [ 540176.715879, 6210811.156845 ], [ 539738.117086, 6211048.606459 ], [ 539966.322042, 6211286.062706 ], [ 539741.45667, 6211380.37341 ], [ 540036.453321, 6211841.837302 ], [ 539708.060823, 6211959.733555 ], [ 540121.056134, 6212611.560927 ], [ 540304.733294, 6213120.256811 ], [ 540097.679041, 6213507.694632 ], [ 539964.095652, 6213982.751199 ], [ 539485.421842, 6214574.082112 ], [ 539286.159953, 6214284.307976 ], [ 539003.408446, 6214422.454878 ], [ 539094.690429, 6214685.277137 ], [ 538831.976431, 6214693.701062 ], [ 538681.695118, 6214978.434632 ], [ 539004.521641, 6215625.43869 ], [ 537876.8552, 6215863.02286 ], [ 536980.733299, 6215837.747633 ], [ 536264.948973, 6216173.071769 ], [ 535661.597333, 6216355.062268 ], [ 535175.131158, 6216407.301002 ], [ 534629.665653, 6216378.653915 ], [ 534079.747369, 6216289.343027 ], [ 534053.030691, 6216230.364654 ], [ 532692.706513, 6216317.989814 ], [ 532419.973761, 6216299.453647 ], [ 531203.251727, 6215997.825344 ], [ 531264.477447, 6216769.610737 ], [ 531641.85052, 6217431.919166 ], [ 532287.503567, 6218911.766812 ], [ 532293.069541, 6219085.387705 ], [ 532543.538396, 6219146.071573 ], [ 533036.68374, 6218979.19198 ], [ 533287.152594, 6219007.847839 ], [ 533830.391709, 6218945.47933 ], [ 533918.334107, 6219540.52728 ], [ 534147.652258, 6220316.006436 ], [ 534643.023992, 6220262.057769 ], [ 535369.940267, 6220457.62332 ], [ 535564.749376, 6220685.22683 ], [ 536131.365584, 6220664.99516 ], [ 536234.89271, 6220806.617862 ], [ 536556.606039, 6220720.632368 ], [ 536632.303293, 6220469.424833 ], [ 536600.02064, 6220174.391915 ], [ 536673.491504, 6219882.740874 ], [ 537817.85587, 6219451.183143 ], [ 538042.721241, 6219624.815062 ], [ 538348.849841, 6219530.412802 ], [ 539105.822378, 6219574.242292 ], [ 539320.668995, 6219461.297526 ], [ 539814.927534, 6219339.925721 ], [ 539751.475425, 6218977.506345 ], [ 539901.756737, 6218948.850589 ], [ 539886.172008, 6218669.04064 ], [ 540231.26243, 6218650.499342 ], [ 540516.240326, 6218534.195763 ], [ 540851.311994, 6218613.416869 ], [ 541052.800272, 6218773.546891 ], [ 541436.852515, 6218722.97919 ], [ 541641.680378, 6218761.747734 ], [ 541878.790894, 6218579.705669 ], [ 542699.215541, 6219656.844639 ], [ 542926.307302, 6219619.757772 ], [ 542997.551776, 6219914.771424 ], [ 543286.982452, 6220002.434598 ], [ 543481.791561, 6220201.365927 ], [ 543900.352846, 6220112.014839 ], [ 544126.331413, 6220356.468162 ], [ 544531.534359, 6220317.692338 ], [ 544896.662289, 6220425.590723 ], [ 545430.995845, 6220803.245866 ], [ 546085.554451, 6221599.074186 ], [ 546459.58794, 6221880.666899 ], [ 546720.075548, 6222206.112027 ], [ 547435.859874, 6221469.241169 ], [ 548534.583248, 6220892.604227 ], [ 549372.819014, 6220407.04559 ], [ 549771.342791, 6219855.767874 ], [ 550044.075543, 6220128.873463 ], [ 549955.019951, 6220403.673752 ], [ 550016.245671, 6220599.242565 ], [ 550295.657593, 6220855.511963 ], [ 550498.259066, 6221455.752139 ], [ 550760.973064, 6221604.132655 ], [ 551002.536359, 6221838.511707 ], [ 551197.345468, 6222204.42575 ], [ 551573.605347, 6221509.70839 ], [ 551722.773465, 6221663.148354 ], [ 552311.653571, 6222050.976006 ], [ 552943.948279, 6222152.15135 ], [ 553228.926175, 6221882.353111 ], [ 553451.565157, 6221784.553366 ], [ 553729.863884, 6221963.291683 ], [ 553962.521619, 6222297.171446 ], [ 554226.348812, 6222111.681068 ], [ 555309.487458, 6221482.730222 ], [ 555586.67299, 6221405.168464 ], [ 556488.360865, 6221017.370305 ], [ 556879.092278, 6221184.289951 ], [ 557109.523624, 6221054.463276 ], [ 557424.557783, 6220749.294103 ], [ 557604.895358, 6220493.02791 ], [ 557509.160596, 6220358.154072 ], [ 557583.744655, 6219899.599043 ], [ 557496.915452, 6219577.613801 ], [ 557554.801587, 6218876.368814 ], [ 557827.53434, 6218685.8964 ], [ 556646.434542, 6217993.152221 ], [ 556672.038025, 6217871.801391 ], [ 556026.384979, 6217506.07396 ], [ 555797.066828, 6217074.636958 ], [ 555877.216861, 6216949.928781 ], [ 555886.12242, 6216592.666843 ], [ 556108.761402, 6216048.376826 ], [ 556102.082232, 6215608.589002 ], [ 556006.34747, 6215034.034608 ], [ 556296.891341, 6214958.216549 ], [ 556459.417798, 6214398.868663 ], [ 556480.568501, 6214147.847997 ], [ 556683.169974, 6214078.776497 ], [ 557026.034006, 6213794.073071 ], [ 556928.072854, 6213554.862182 ], [ 557159.617395, 6213266.807301 ], [ 557283.18203, 6212897.909169 ], [ 557057.203463, 6212726.099066 ], [ 557157.391005, 6212567.767341 ], [ 556873.526304, 6212224.163956 ], [ 556351.437892, 6211961.417799 ], [ 556615.265085, 6211771.100335 ], [ 556186.685045, 6211572.366292 ], [ 556461.644188, 6211254.064669 ], [ 556328.060799, 6211092.392218 ], [ 556004.12108, 6210935.774964 ], [ 556103.195427, 6210508.039318 ], [ 556522.869908, 6209758.711818 ], [ 556675.37761, 6209571.811206 ], [ 557050.524294, 6209300.728431 ], [ 557444.595291, 6209134.042073 ], [ 558171.511566, 6208979.144548 ], [ 558666.8833, 6209295.677282 ], [ 559155.575865, 6209226.645202 ], [ 559571.91076, 6209270.421578 ], [ 559765.606674, 6209391.649641 ], [ 560262.091603, 6209543.187151 ], [ 560285.468696, 6209770.498481 ], [ 560558.201449, 6210023.073755 ], [ 560668.407745, 6210472.67631 ], [ 560916.650209, 6210723.588449 ], [ 560901.06548, 6210972.823947 ], [ 561465.455299, 6211520.157272 ], [ 561709.244984, 6211983.313002 ], [ 562390.520267, 6212867.589486 ], [ 562629.857172, 6212842.323167 ], [ 562905.92951, 6212704.201949 ], [ 563026.15456, 6212261.218554 ], [ 563085.15389, 6211158.07128 ], [ 563223.190058, 6210622.549113 ], [ 563237.661592, 6210154.415863 ], [ 563187.567821, 6209861.424715 ], [ 563232.095618, 6209359.658734 ], [ 563412.433193, 6209184.552746 ], [ 563704.090259, 6209075.113334 ], [ 563697.411089, 6208856.238738 ], [ 563851.031986, 6208554.874476 ], [ 563854.371571, 6208223.217774 ], [ 564035.822341, 6207571.726796 ], [ 564488.892669, 6206541.563871 ], [ 564773.870565, 6206492.752058 ], [ 565495.220865, 6206634.138768 ], [ 566608.415773, 6206068.606031 ], [ 567249.61604, 6206061.873724 ], [ 568200.284492, 6206245.330971 ], [ 568235.906729, 6206379.98101 ], [ 568773.579869, 6206238.598525 ], [ 569267.838408, 6206289.092 ], [ 569894.567142, 6206539.8807 ], [ 569965.811616, 6206218.401219 ], [ 570096.05542, 6206048.409128 ], [ 569753.191388, 6205567.06382 ], [ 569683.060109, 6205274.230704 ], [ 569723.135126, 6204727.299299 ], [ 570123.885293, 6204387.378119 ], [ 570363.222198, 6204069.345356 ], [ 570550.238942, 6204244.34604 ], [ 570742.821661, 6203911.174759 ], [ 570525.748654, 6203783.294299 ], [ 570740.595272, 6203298.712108 ], [ 571151.364193, 6202708.164885 ], [ 571871.601298, 6202021.768352 ], [ 572078.655551, 6201673.544228 ], [ 572491.650862, 6201210.949684 ], [ 572644.158564, 6201113.387502 ], [ 572887.948249, 6200726.513998 ], [ 572882.382275, 6200576.815493 ], [ 573171.812951, 6200474.214669 ], [ 573532.488101, 6200650.823414 ], [ 573643.807592, 6200570.087532 ], [ 573918.766734, 6200847.620334 ], [ 573957.728556, 6201051.150142 ], [ 574277.215494, 6201143.665301 ], [ 574972.962312, 6201427.945447 ], [ 575205.620047, 6201374.116525 ], [ 575545.144494, 6200960.318056 ], [ 575867.971018, 6199909.091318 ], [ 576043.855813, 6199754.361708 ], [ 576439.040005, 6199631.589128 ], [ 576836.450587, 6199382.685773 ], [ 577196.012543, 6199315.415845 ], [ 577401.953601, 6199157.333609 ], [ 577433.123058, 6198800.818495 ], [ 577518.839066, 6198704.965564 ], [ 577881.740606, 6198715.055296 ], [ 578508.469339, 6198289.61534 ], [ 578382.678315, 6197749.858496 ], [ 578251.321315, 6197506.054323 ], [ 578314.773425, 6196783.08991 ], [ 578467.281128, 6196830.164793 ], [ 579452.458621, 6196937.765504 ], [ 579799.775432, 6196932.72169 ], [ 579587.155205, 6196517.457949 ], [ 579833.17128, 6196250.153141 ], [ 580075.84777, 6196097.171148 ], [ 580217.223523, 6195841.646917 ], [ 580120.375566, 6195475.184766 ], [ 580225.015887, 6195281.873932 ], [ 580994.233569, 6195056.630324 ], [ 581304.814948, 6194893.584566 ], [ 581668.829683, 6195537.381359 ], [ 581905.940198, 6195814.750076 ], [ 582165.314612, 6195495.356584 ], [ 582824.325997, 6194977.628381 ], [ 583229.528944, 6194757.435346 ], [ 583732.693042, 6194670.032056 ], [ 584415.081521, 6194370.850665 ], [ 585307.863837, 6194095.2097 ], [ 585862.234901, 6193807.813077 ], [ 586560.208108, 6193145.661292 ], [ 586777.281115, 6192720.499606 ], [ 587095.654859, 6192762.510685 ], [ 587654.478703, 6192723.860485 ], [ 587939.456599, 6192903.669429 ], [ 588455.979036, 6193043.150011 ], [ 588585.109646, 6192846.533465 ], [ 588639.656196, 6192498.684545 ], [ 588785.484729, 6192213.022147 ], [ 589206.272404, 6191954.253894 ], [ 589571.400334, 6191856.79776 ], [ 589810.737239, 6192187.817101 ], [ 590143.582517, 6192416.345577 ], [ 590618.916743, 6193117.092451 ], [ 590894.98908, 6192900.308479 ], [ 591883.506158, 6191848.396421 ], [ 592804.118347, 6192031.547484 ], [ 593060.153176, 6192019.78537 ], [ 593174.812251, 6191871.92019 ], [ 593167.019887, 6191645.086553 ], [ 593030.096913, 6191250.242412 ], [ 593199.302539, 6191183.036722 ], [ 593161.453912, 6190942.780717 ], [ 593317.301199, 6190868.857157 ], [ 593768.145137, 6190327.89063 ], [ 594123.254313, 6189718.084474 ], [ 594365.930803, 6189382.121776 ], [ 594578.55103, 6189427.475966 ], [ 594728.832343, 6189044.492616 ], [ 594992.659536, 6188858.046428 ], [ 595206.392958, 6187972.902643 ], [ 595226.430467, 6187731.057722 ], [ 595529.219481, 6187395.173389 ], [ 596020.138436, 6187057.622977 ], [ 596449.83167, 6186676.42541 ], [ 596803.827651, 6186715.048175 ], [ 596999.749955, 6186506.823164 ], [ 597119.975005, 6186615.972737 ], [ 597299.199385, 6186453.088504 ], [ 597530.743926, 6186587.425791 ], [ 597846.89128, 6186387.599845 ], [ 598184.189337, 6185949.342545 ], [ 598455.808894, 6185764.643156 ], [ 599051.36817, 6185596.738095 ], [ 599749.341377, 6185887.21594 ], [ 599944.150486, 6186066.880604 ], [ 600202.411705, 6185942.626133 ], [ 600305.938831, 6186081.992758 ], [ 600592.029923, 6185897.290493 ], [ 600869.215455, 6186045.051985 ], [ 601798.733203, 6184631.348203 ], [ 601607.263679, 6184359.379843 ], [ 601592.792145, 6184178.072425 ], [ 601839.921415, 6183785.252921 ], [ 601654.017865, 6183662.710371 ], [ 601539.358789, 6183424.344979 ], [ 601481.472654, 6182732.787352 ], [ 601787.601254, 6182298.074755 ], [ 601903.373524, 6182027.859181 ], [ 601942.335346, 6181672.060437 ], [ 602139.370845, 6181151.815426 ], [ 602412.103597, 6181025.954468 ], [ 602701.534273, 6180733.964203 ], [ 603106.73722, 6180499.036769 ], [ 603440.695692, 6180378.219466 ], [ 603789.125698, 6179881.544103 ], [ 604428.099576, 6179282.551841 ], [ 604837.755302, 6179024.176015 ], [ 605175.053359, 6179349.663726 ], [ 605142.770706, 6179653.351612 ], [ 605432.201382, 6179581.203786 ], [ 605792.876533, 6178975.521703 ], [ 606065.609285, 6178294.390492 ], [ 606152.438488, 6177866.614227 ], [ 606335.002453, 6177730.736846 ], [ 606670.07412, 6177618.346081 ], [ 606776.940831, 6177464.020878 ], [ 606980.655499, 6177479.117785 ], [ 607706.458579, 6177403.633515 ], [ 608007.021205, 6177730.736846 ], [ 608323.168558, 6177911.907169 ], [ 608732.824284, 6177646.863001 ], [ 608792.93681, 6177304.666262 ], [ 608924.293809, 6177170.475211 ], [ 608306.470635, 6176992.675321 ], [ 608020.379543, 6176618.636715 ], [ 607724.269698, 6176383.822654 ], [ 607137.615981, 6176187.59015 ], [ 606810.336678, 6176278.158437 ], [ 606312.738555, 6176229.519793 ], [ 606122.382225, 6176033.290839 ], [ 605925.346727, 6175437.922929 ], [ 605574.690331, 6175151.154909 ], [ 605118.280418, 6175048.859879 ], [ 604765.397633, 6174686.644718 ], [ 604609.550346, 6174361.334955 ], [ 604275.591873, 6173928.72573 ], [ 603482.997099, 6173479.37194 ], [ 603619.920072, 6173142.372132 ], [ 603312.678278, 6172822.150821 ], [ 603066.662203, 6173058.543402 ], [ 602878.532264, 6173066.926238 ], [ 602717.119002, 6172778.561415 ], [ 602397.632063, 6172490.20634 ], [ 601953.467295, 6172304.121903 ], [ 601780.922084, 6172335.973906 ], [ 601332.304537, 6172563.970664 ], [ 600653.255643, 6172364.473167 ], [ 600447.314585, 6172260.535144 ], [ 601166.438495, 6171469.306545 ], [ 601951.240905, 6170765.308897 ], [ 602231.766022, 6170845.762831 ], [ 603066.662203, 6170825.649276 ], [ 604340.157178, 6170720.053893 ], [ 605175.053359, 6170520.599511 ], [ 605752.801516, 6170346.290257 ], [ 605898.630049, 6170205.504613 ], [ 605155.01585, 6169697.689984 ], [ 605192.864477, 6169493.231902 ], [ 605034.7908, 6169280.399595 ], [ 604658.530921, 6168950.268646 ], [ 604779.869166, 6168781.018645 ], [ 604145.348069, 6167998.490502 ], [ 603804.710427, 6168104.05221 ], [ 603584.297835, 6167638.25006 ], [ 603190.226838, 6167071.949318 ], [ 603076.680957, 6166497.309757 ], [ 603171.302524, 6166380.041131 ], [ 603392.828311, 6165760.219444 ], [ 603655.542309, 6165545.805122 ], [ 603516.392946, 6165281.144871 ], [ 603066.662203, 6164785.347753 ], [ 603014.342042, 6164058.454038 ], [ 603154.604601, 6163577.800255 ], [ 603438.469302, 6163361.76608 ], [ 603779.106944, 6162896.222644 ], [ 604108.612637, 6162136.001248 ], [ 604344.609957, 6162375.44694 ], [ 604852.226835, 6162490.986075 ], [ 605779.518194, 6162911.293797 ], [ 606181.381556, 6163195.976119 ], [ 606377.303859, 6163406.982083 ], [ 607040.768024, 6164388.395818 ], [ 607094.20138, 6164550.859147 ], [ 607351.349404, 6164813.821808 ], [ 607791.061392, 6165073.442573 ], [ 607999.22884, 6165639.610725 ], [ 608391.073448, 6165379.972739 ], [ 608523.543642, 6165384.997916 ], [ 608816.313903, 6165120.342651 ], [ 609372.911357, 6165716.666099 ], [ 609418.552348, 6166046.671981 ], [ 610137.676258, 6166354.91235 ], [ 610718.764, 6166239.320907 ], [ 610841.21544, 6166301.304529 ], [ 611275.361454, 6166073.475049 ], [ 612015.636068, 6166194.089899 ], [ 612586.705056, 6165604.433503 ], [ 612957.39896, 6165341.446485 ], [ 613208.981009, 6165261.044428 ], [ 614086.178597, 6165207.443477 ], [ 614659.473974, 6165080.142569 ], [ 615210.505454, 6164755.198857 ], [ 614787.491389, 6163994.811913 ], [ 614746.303177, 6163748.621845 ], [ 615073.58248, 6163289.755904 ], [ 614996.772031, 6162526.150469 ], [ 615209.392259, 6162221.397193 ], [ 615572.293799, 6161941.770514 ], [ 616128.891253, 6160850.142035 ], [ 616222.399625, 6160445.002556 ], [ 616418.321929, 6160272.57299 ], [ 616412.755954, 6159977.944117 ], [ 616542.999759, 6159828.959522 ], [ 617129.653475, 6159502.541687 ], [ 617587.176582, 6158797.85649 ], [ 617991.266334, 6158036.326218 ], [ 618345.262314, 6157567.725949 ], [ 618780.521523, 6157361.884671 ], [ 619336.005783, 6156659.0494 ], [ 619950.489372, 6155941.213064 ], [ 620238.806853, 6155656.77246 ], [ 620724.159833, 6154920.617222 ], [ 621682.620648, 6153773.010798 ], [ 621954.240206, 6153475.260554 ], [ 622100.068739, 6153204.283394 ], [ 622151.275705, 6152826.267884 ], [ 622362.782737, 6152884.809015 ], [ 622617.704371, 6153356.497901 ], [ 623049.623995, 6153819.84886 ], [ 623239.980325, 6154209.618401 ], [ 623831.086821, 6154709.820813 ], [ 624377.665521, 6155026.017377 ], [ 624686.02051, 6155541.325741 ], [ 624868.584475, 6155419.188156 ], [ 625528.709055, 6154733.242379 ], [ 626703.129683, 6153773.010798 ], [ 627819.664176, 6153037.017831 ], [ 628211.508783, 6152734.275488 ], [ 628503.165849, 6152195.721697 ], [ 628984.06605, 6151866.250552 ], [ 629379.250242, 6151643.822899 ], [ 629279.0627, 6150896.307717 ], [ 629164.403625, 6150337.804369 ], [ 629176.648769, 6150080.303141 ], [ 629080.914007, 6149648.922362 ], [ 628800.38889, 6149187.469349 ], [ 628382.940799, 6148797.928767 ], [ 628071.246225, 6147993.826022 ], [ 628070.13303, 6147759.797852 ], [ 627942.115616, 6147268.359545 ], [ 628012.246895, 6147168.069483 ], [ 628488.694316, 6146863.863493 ], [ 629733.246223, 6146417.602859 ], [ 630017.110924, 6146195.316927 ], [ 630380.012464, 6146096.710732 ], [ 631858.335302, 6145070.605268 ], [ 632007.50342, 6145033.841559 ], [ 632449.441798, 6145363.049492 ], [ 632610.85506, 6145670.544491 ], [ 633161.886539, 6145902.84424 ], [ 633463.562359, 6145603.696812 ], [ 633676.182587, 6145483.372305 ], [ 634238.346015, 6144766.473884 ], [ 634644.662156, 6144462.353314 ], [ 635081.03456, 6143986.14228 ], [ 635727.800802, 6143521.653201 ], [ 635871.402945, 6143207.552582 ], [ 636223.172536, 6143012.080891 ], [ 636355.64273, 6142751.458919 ], [ 636551.565034, 6142614.468502 ], [ 636674.016474, 6142338.823703 ], [ 636709.638711, 6141922.867456 ], [ 636876.617947, 6141358.268446 ], [ 637192.765301, 6140788.695959 ], [ 637482.195977, 6140379.495732 ], [ 637618.005756, 6140057.159947 ], [ 637867.361415, 6139911.862294 ], [ 638008.737168, 6139198.770505 ], [ 637969.775346, 6138472.379786 ], [ 637542.308502, 6138467.370409 ], [ 637206.12364, 6138654.389142 ], [ 636885.523506, 6138525.813324 ], [ 636621.696313, 6138499.096514 ], [ 636400.170526, 6138382.211448 ], [ 636261.021163, 6138479.05896 ], [ 635961.571733, 6138460.691245 ], [ 635824.648759, 6138594.275533 ], [ 635645.424379, 6138428.965283 ], [ 634723.698995, 6138595.945349 ], [ 634429.815539, 6138398.909217 ], [ 634158.195982, 6138335.457868 ], [ 634009.027864, 6138191.859186 ], [ 633720.710383, 6137737.702472 ], [ 633533.693638, 6137550.703771 ], [ 633550.391562, 6137413.796599 ], [ 633100.660819, 6136901.248952 ], [ 632728.85372, 6136789.3941 ], [ 632254.632689, 6136734.301949 ], [ 632672.08078, 6135792.781821 ], [ 632676.533559, 6135213.56469 ], [ 633056.133023, 6134604.344006 ], [ 633014.944811, 6134011.855889 ], [ 632870.229473, 6133769.865495 ], [ 632777.834296, 6133347.65036 ], [ 632744.438449, 6132920.449913 ], [ 632846.85238, 6132683.496357 ], [ 632797.871804, 6132438.206273 ], [ 632434.970264, 6131972.675031 ], [ 632891.380176, 6131949.315707 ], [ 632862.437109, 6131288.606942 ], [ 632775.607906, 6131018.331686 ], [ 631946.2777, 6131031.678412 ], [ 631806.015141, 6130464.460901 ], [ 631803.788751, 6130152.507283 ], [ 631719.185938, 6129945.656605 ], [ 631940.711725, 6129847.237472 ], [ 631976.333962, 6129627.049609 ], [ 631424.189288, 6128974.859686 ], [ 631066.853722, 6129019.894222 ], [ 630689.480649, 6128391.100086 ], [ 630347.729812, 6128307.709106 ], [ 630208.580448, 6127638.942804 ], [ 630268.692973, 6127448.829247 ], [ 629987.054662, 6127198.686259 ], [ 629775.547629, 6127116.974465 ], [ 629988.167857, 6126514.999356 ], [ 630244.202685, 6126368.263914 ], [ 630245.31588, 6126044.787839 ], [ 630444.577769, 6126143.163291 ], [ 630909.89324, 6126196.519941 ], [ 630993.382858, 6126044.787839 ], [ 630947.741867, 6125671.304882 ], [ 631219.361425, 6125569.60029 ], [ 631142.550976, 6125317.844937 ], [ 631417.510118, 6125081.101618 ], [ 631331.79411, 6124851.033393 ], [ 630903.214071, 6124600.966242 ], [ 629686.492037, 6124485.937804 ], [ 629608.568393, 6124617.637159 ], [ 629335.835641, 6124680.986937 ], [ 629059.763303, 6124349.239348 ], [ 628887.218093, 6124349.239348 ], [ 628714.672882, 6124137.527752 ], [ 628170.320572, 6123674.114326 ], [ 628203.716419, 6123529.094409 ], [ 627556.950178, 6123114.05097 ], [ 627643.77938, 6122690.694036 ], [ 627762.891236, 6122655.693021 ], [ 627573.648101, 6122085.696607 ], [ 627705.0051, 6121637.392728 ], [ 627504.630017, 6121510.738632 ], [ 627443.404297, 6121844.042904 ], [ 627160.65279, 6121877.374044 ], [ 627204.067392, 6121644.058785 ], [ 627141.728477, 6121399.084599 ], [ 626795.524861, 6121187.445871 ], [ 626618.52687, 6120910.823603 ], [ 626787.732496, 6120839.169892 ], [ 627255.274358, 6120352.607053 ], [ 627470.120975, 6120507.570987 ], [ 627945.455201, 6120247.633077 ], [ 628097.962903, 6119962.710192 ], [ 628306.130351, 6120097.672483 ], [ 628492.0339, 6119894.396755 ], [ 628409.657477, 6119726.114759 ], [ 628593.334637, 6119486.193665 ], [ 628477.562366, 6119369.567781 ], [ 628578.863103, 6118961.389681 ], [ 628787.030551, 6118766.470669 ], [ 629169.969599, 6118621.533764 ], [ 629614.134367, 6118363.318912 ], [ 629971.469933, 6118318.340347 ], [ 629920.262967, 6118686.505177 ], [ 630210.806838, 6118839.773026 ], [ 630137.335974, 6119046.355766 ], [ 629887.980315, 6119341.244592 ], [ 629807.830281, 6119562.834396 ], [ 629567.380181, 6119707.787217 ], [ 629426.004428, 6119922.721773 ], [ 629392.608581, 6120179.31737 ], [ 629267.930751, 6120235.969381 ], [ 629309.118963, 6120849.168049 ], [ 629793.358748, 6121209.109438 ], [ 629899.112264, 6120997.475401 ], [ 630300.975626, 6120987.477072 ], [ 630404.502752, 6120789.179287 ], [ 630641.613268, 6120875.829855 ], [ 630838.648766, 6120792.511984 ], [ 630956.647426, 6120390.931206 ], [ 631161.47529, 6120470.912599 ], [ 631393.01983, 6120101.004912 ], [ 631551.093507, 6119967.708757 ], [ 631762.60054, 6120011.02978 ], [ 631745.902616, 6120490.908064 ], [ 632389.329273, 6120314.283072 ], [ 633233.131013, 6119407.88754 ], [ 633649.465909, 6119382.896373 ], [ 633894.368788, 6119664.467726 ], [ 634164.875151, 6119712.785633 ], [ 634202.723778, 6119216.290461 ], [ 634167.101541, 6118919.739947 ], [ 634364.13704, 6118423.290701 ], [ 634381.948158, 6117973.512514 ], [ 635099.958874, 6117798.605147 ], [ 635515.180574, 6117735.306217 ], [ 635841.346682, 6117143.983526 ], [ 636238.757265, 6116827.517712 ], [ 636421.32123, 6116054.72397 ], [ 636889.976286, 6115630.050165 ], [ 636776.430405, 6115401.900765 ], [ 636828.750566, 6114725.814833 ], [ 636807.599863, 6114217.952821 ], [ 637308.537571, 6114241.263861 ], [ 637521.157799, 6114516.005897 ], [ 638523.033216, 6115048.864023 ], [ 638978.329933, 6115195.405812 ], [ 639513.776684, 6114805.743396 ], [ 639750.887199, 6114397.782488 ], [ 639765.358733, 6114216.287749 ], [ 639964.620621, 6113968.19565 ], [ 640545.708363, 6113620.212785 ], [ 640883.00642, 6113298.882294 ], [ 641233.662816, 6113102.427094 ], [ 641418.453171, 6112721.183655 ], [ 641691.185924, 6112641.274515 ], [ 641701.204678, 6111832.23639 ], [ 641934.975608, 6111882.174805 ], [ 642373.574402, 6111832.23639 ], [ 642875.625306, 6112041.979688 ], [ 643087.132338, 6112431.516563 ], [ 643176.187931, 6112073.608091 ], [ 642991.397576, 6110930.065748 ], [ 643028.133008, 6110583.870469 ], [ 643334.261608, 6110568.891181 ], [ 643503.467234, 6110337.547719 ], [ 643571.372123, 6110013.011648 ], [ 643768.407622, 6109420.556944 ], [ 644050.045934, 6109002.86768 ], [ 644259.326576, 6108011.145139 ], [ 644123.516797, 6107613.489936 ], [ 644182.516128, 6107244.136337 ], [ 644280.47728, 6107104.385066 ], [ 645059.713715, 6106523.776177 ], [ 645094.222757, 6105758.563711 ], [ 644890.508089, 6105176.382531 ], [ 644763.60387, 6105010.052303 ], [ 644891.621284, 6104704.013104 ], [ 644355.061338, 6104220.027729 ], [ 644014.423697, 6103741.058758 ], [ 643886.406282, 6103722.765334 ], [ 643258.564354, 6103197.261798 ], [ 643352.072726, 6102954.476723 ], [ 643320.903269, 6102573.683825 ], [ 643494.561675, 6102304.312149 ], [ 643539.089471, 6101943.500367 ], [ 643467.844997, 6101848.727436 ], [ 643799.577079, 6101414.780534 ], [ 643954.311171, 6101363.240405 ], [ 644084.554976, 6100945.94301 ], [ 643873.047943, 6100535.315567 ], [ 643942.066027, 6100249.384167 ], [ 644117.950823, 6100001.695475 ], [ 644222.591144, 6099667.576409 ], [ 644150.233475, 6099559.530737 ], [ 644361.740508, 6099243.712717 ], [ 644237.062678, 6098972.783355 ], [ 644683.453836, 6098765.021229 ], [ 645037.449817, 6098846.463384 ], [ 645126.50541, 6098507.403172 ], [ 645445.992348, 6098627.069954 ], [ 646058.249547, 6098487.458871 ], [ 646094.984979, 6098118.497645 ], [ 646239.700317, 6098037.062393 ], [ 646692.770645, 6098324.582142 ], [ 646595.922688, 6099002.701515 ], [ 646935.447135, 6099122.375198 ], [ 646888.692949, 6099399.958075 ], [ 647079.049278, 6099481.406251 ], [ 647625.627978, 6099868.711205 ], [ 648190.017796, 6099970.111524 ], [ 648754.407614, 6099930.216174 ], [ 648834.557648, 6099725.755412 ], [ 649168.51612, 6099830.478609 ], [ 649798.584438, 6100580.201012 ], [ 649913.243514, 6100829.568866 ], [ 650109.165817, 6101037.380943 ], [ 650157.033198, 6101275.124126 ], [ 650093.581089, 6101547.788748 ], [ 650165.938758, 6102134.712096 ], [ 650397.483299, 6102626.894045 ], [ 650417.520807, 6102789.852394 ], [ 650755.932059, 6102813.13241 ], [ 650796.007076, 6102384.125098 ], [ 650749.25289, 6101996.706681 ], [ 650843.874457, 6101783.883402 ], [ 651070.966218, 6101705.738678 ], [ 651615.318528, 6101845.402089 ], [ 651689.902587, 6101168.720769 ], [ 651161.135005, 6101050.681087 ], [ 651116.607209, 6100894.405694 ], [ 651253.530183, 6100403.985428 ], [ 651173.380149, 6100300.917611 ], [ 651314.755903, 6099808.868955 ], [ 651621.997697, 6099511.326183 ], [ 651680.997027, 6099313.524122 ], [ 651488.414308, 6099188.861298 ], [ 651669.865078, 6098723.469407 ], [ 652008.27633, 6098289.680387 ], [ 652057.256906, 6097719.638472 ], [ 652572.666149, 6097905.770448 ], [ 652715.155097, 6097905.770448 ], [ 653294.016449, 6097708.005357 ], [ 653424.260253, 6096923.637401 ], [ 653416.467889, 6096767.43708 ], [ 653778.256234, 6096526.495345 ], [ 654034.291063, 6096574.683151 ], [ 654125.573045, 6096285.560367 ], [ 654327.061324, 6096112.755992 ], [ 654391.626628, 6095886.786285 ], [ 654720.019126, 6095720.63588 ], [ 654746.735804, 6095346.809217 ], [ 654910.375455, 6095353.454882 ], [ 655087.373446, 6095135.812014 ], [ 655085.147056, 6094560.995528 ], [ 654957.129641, 6094371.613547 ], [ 654937.092133, 6093796.848179 ], [ 655623.933391, 6093653.993388 ], [ 655443.595816, 6093115.817593 ], [ 655269.937411, 6092876.639169 ], [ 655333.38952, 6092620.858498 ], [ 655550.462527, 6092491.310153 ], [ 655767.535534, 6092032.923997 ], [ 655371.238147, 6090838.909626 ], [ 654868.074049, 6090241.134419 ], [ 654635.416313, 6090530.053912 ], [ 654383.834264, 6090420.462616 ], [ 653836.142369, 6090317.51449 ], [ 653442.071372, 6090352.383879 ], [ 652898.832257, 6090697.764509 ], [ 652666.174521, 6090669.535763 ], [ 652285.461862, 6090814.001496 ], [ 651920.333933, 6090863.817828 ], [ 651595.28102, 6091152.758252 ], [ 651365.962868, 6091229.146424 ], [ 651039.79676, 6090953.487955 ], [ 651015.306472, 6090385.592952 ], [ 650749.25289, 6090119.92396 ], [ 650647.952153, 6089684.908716 ], [ 650423.086781, 6089306.363744 ], [ 649825.301116, 6088780.081108 ], [ 649757.396227, 6088258.810822 ], [ 649953.31853, 6087808.950091 ], [ 649736.245523, 6087790.690558 ], [ 649535.87044, 6087297.697835 ], [ 649120.648739, 6086995.608516 ], [ 648941.424359, 6086645.397371 ], [ 648744.38886, 6086422.995802 ], [ 648377.034541, 6085706.038859 ], [ 648082.03789, 6085399.026965 ], [ 647957.36006, 6085105.30152 ], [ 648382.600515, 6084458.145261 ], [ 648154.395559, 6084350.290619 ], [ 648389.279685, 6083779.513184 ], [ 648468.316523, 6083371.364174 ], [ 648776.671513, 6083268.500406 ], [ 648694.295089, 6083115.866114 ], [ 648313.582431, 6083245.273274 ], [ 648147.71639, 6083177.251319 ], [ 648394.845659, 6082883.601736 ], [ 647640.099512, 6082475.495233 ], [ 647720.249545, 6082263.154791 ], [ 648615.258251, 6082626.459203 ], [ 648511.731125, 6082825.536621 ], [ 648598.560327, 6082956.598436 ], [ 648955.895893, 6082969.87063 ], [ 648935.858384, 6082493.743484 ], [ 648767.765953, 6082246.565915 ], [ 648287.978948, 6082321.21611 ], [ 648175.546262, 6082145.374463 ], [ 647436.384843, 6081745.596922 ], [ 647010.031194, 6081689.198266 ], [ 646735.072051, 6081710.762414 ], [ 646278.662139, 6081490.147142 ], [ 645216.674197, 6081397.258194 ], [ 645184.391545, 6081808.631151 ], [ 645345.804806, 6081951.28927 ], [ 645494.972924, 6082473.836303 ], [ 645528.368771, 6082881.942727 ], [ 645164.354036, 6082905.168878 ], [ 644318.325906, 6082779.084812 ], [ 643947.632002, 6082812.26465 ], [ 643476.750556, 6082943.326263 ], [ 642843.342653, 6083270.15949 ], [ 642514.950156, 6083076.048918 ], [ 642015.125642, 6082873.647688 ], [ 641771.335957, 6083271.818573 ], [ 641598.790746, 6083414.500959 ], [ 641332.737163, 6083484.183915 ], [ 640943.118946, 6082890.237774 ], [ 640761.668176, 6082487.107752 ], [ 640466.671525, 6082231.635954 ], [ 640048.11024, 6082346.099652 ], [ 639441.419015, 6081745.596922 ], [ 639458.116938, 6081259.585347 ], [ 639586.134353, 6080962.683935 ], [ 639373.514125, 6080667.45135 ], [ 639500.418345, 6080347.351062 ], [ 639725.283716, 6080390.472686 ], [ 639873.338639, 6080010.678115 ], [ 639628.435759, 6079863.076888 ], [ 639770.924707, 6078866.420267 ], [ 639600.605887, 6078536.437937 ], [ 640149.410976, 6078670.750826 ], [ 640207.297111, 6078458.504259 ], [ 639778.717072, 6078357.357346 ], [ 639558.30448, 6078068.846455 ], [ 639443.645405, 6077334.348013 ], [ 639058.479966, 6076828.691387 ], [ 638557.542258, 6076581.676492 ], [ 637894.078093, 6076584.992081 ], [ 637442.12096, 6076795.534614 ], [ 637265.12297, 6076996.135046 ], [ 637110.388878, 6076876.768936 ], [ 636934.504082, 6077249.793525 ], [ 636822.071396, 6077074.055482 ], [ 636097.381511, 6077190.108505 ], [ 635929.28908, 6077254.767296 ], [ 634986.412993, 6077304.505158 ], [ 634641.322572, 6077564.804658 ], [ 634432.041929, 6077551.540799 ], [ 633993.443135, 6077399.007888 ], [ 633657.258273, 6077181.818951 ], [ 633395.65747, 6076812.112984 ], [ 633380.072741, 6076432.476298 ], [ 633145.188615, 6076167.237894 ], [ 633058.359413, 6075850.620251 ], [ 632692.118288, 6075464.395649 ], [ 632465.026527, 6075156.09145 ], [ 632537.384196, 6074440.072687 ], [ 632451.668188, 6073840.121339 ], [ 632431.630679, 6073205.411695 ], [ 632333.669528, 6072830.905238 ], [ 632177.82224, 6072479.613102 ], [ 632138.860419, 6071727.365884 ], [ 631977.447157, 6070912.229428 ], [ 632116.596521, 6070854.245018 ], [ 631942.938115, 6070430.142347 ], [ 631917.334632, 6070193.250336 ], [ 632245.72713, 6070037.534662 ], [ 632531.818221, 6069591.93834 ], [ 632492.856399, 6069205.994357 ], [ 632291.368121, 6068671.001901 ], [ 632915.870464, 6068487.157675 ], [ 633391.20469, 6068490.470149 ], [ 633777.483323, 6068659.408005 ], [ 634138.158473, 6068740.565604 ], [ 634707.001071, 6068664.376816 ], [ 635087.71373, 6068528.56369 ], [ 635359.333287, 6068270.193412 ], [ 635546.350032, 6067635.89412 ], [ 635358.220092, 6067205.325913 ], [ 635551.916006, 6066541.299441 ], [ 635206.825585, 6065743.210657 ], [ 635201.25961, 6065617.377678 ], [ 635587.538243, 6064585.94766 ], [ 635240.221432, 6064117.457624 ], [ 634935.206027, 6063937.021259 ], [ 634444.287073, 6063735.069442 ], [ 633779.709713, 6063301.385631 ], [ 633451.317215, 6062905.792332 ], [ 633370.053987, 6062722.071075 ], [ 633347.790089, 6062374.501032 ], [ 633262.074081, 6062131.210341 ], [ 633988.990356, 6061391.450223 ], [ 633857.633357, 6061129.984204 ], [ 633080.623311, 6060805.644973 ], [ 633090.642065, 6060559.08913 ], [ 633221.999064, 6060292.684367 ], [ 633077.283726, 6060075.926317 ], [ 632747.778033, 6059978.304243 ], [ 632675.420364, 6059854.209982 ], [ 632944.813532, 6059582.86342 ], [ 632935.907973, 6059352.88735 ], [ 632753.344008, 6059069.975563 ], [ 633168.565709, 6058902.87998 ], [ 633162.999734, 6058747.368189 ], [ 633609.390892, 6058242.80137 ], [ 633800.860416, 6057885.486663 ], [ 633721.823578, 6057748.189116 ], [ 633822.011119, 6057511.645458 ], [ 633697.33329, 6057367.737456 ], [ 633810.87917, 6057213.90742 ], [ 633715.144408, 6056891.369479 ], [ 633838.709043, 6056320.75498 ], [ 633968.952847, 6056241.368128 ], [ 633924.425051, 6055698.910867 ], [ 633727.389552, 6055282.168097 ], [ 633525.901274, 6054547.956017 ], [ 633131.830277, 6054719.928016 ], [ 632950.379507, 6054266.855324 ], [ 632431.630679, 6054817.490579 ], [ 631993.031886, 6054448.742961 ], [ 631778.185269, 6054101.506254 ], [ 631298.398263, 6054151.110642 ], [ 630997.835638, 6054447.08942 ], [ 630927.704359, 6054680.241866 ], [ 630562.576429, 6054471.892572 ], [ 630455.709718, 6054597.562972 ], [ 629983.715077, 6054296.618493 ], [ 629991.507441, 6053969.22928 ], [ 629334.722446, 6053349.208003 ], [ 628728.031221, 6053010.281877 ], [ 628291.658817, 6053251.662046 ], [ 627877.550311, 6053097.905404 ], [ 627566.968932, 6053119.398103 ], [ 627151.747231, 6053284.728349 ], [ 626757.676234, 6053279.768395 ], [ 625920.553663, 6052963.990562 ], [ 625709.04663, 6052846.610125 ], [ 625470.82292, 6052841.650424 ], [ 625272.674227, 6052707.739559 ], [ 624684.907315, 6052659.796668 ], [ 624366.533571, 6052702.779937 ], [ 624067.084141, 6052988.78945 ], [ 623526.071416, 6052997.055762 ], [ 623382.469273, 6052735.844136 ], [ 623019.567733, 6052408.514151 ], [ 622739.042616, 6052993.749236 ], [ 622756.853735, 6053230.169017 ], [ 622560.931431, 6053357.47466 ], [ 622474.102228, 6053919.625938 ], [ 622585.421719, 6054094.892357 ], [ 622327.1605, 6054676.934695 ], [ 622014.352731, 6055010.965365 ], [ 621869.637393, 6055075.457925 ], [ 621871.863783, 6055358.238688 ], [ 621679.281064, 6055545.110595 ], [ 621717.129691, 6056429.913094 ], [ 621646.998411, 6056907.909593 ], [ 621729.374835, 6057114.663691 ], [ 621395.416362, 6057275.108288 ], [ 621392.076778, 6057574.50258 ], [ 621069.250254, 6057632.397703 ], [ 620832.139739, 6057820.973085 ], [ 620317.843691, 6057961.580221 ], [ 620164.222794, 6058213.024579 ], [ 619759.019848, 6058267.615442 ], [ 619737.869144, 6057954.963363 ], [ 619298.157156, 6057528.186761 ], [ 619157.894597, 6057197.366719 ], [ 618810.577786, 6056878.137411 ], [ 618740.446507, 6056618.462182 ], [ 618373.092187, 6056320.75498 ], [ 617869.928089, 6055827.906758 ], [ 617766.400962, 6055662.527759 ], [ 617039.484687, 6054754.653547 ], [ 616784.563054, 6054473.546118 ], [ 616577.508801, 6053946.081018 ], [ 615988.628694, 6053188.83642 ], [ 615699.198018, 6052993.749236 ], [ 615572.293799, 6052596.975353 ], [ 615273.957564, 6052563.911686 ], [ 614988.979667, 6052649.877483 ], [ 614301.025214, 6052707.739559 ], [ 614066.141088, 6052768.908462 ], [ 613596.372837, 6052720.965231 ], [ 613342.564398, 6052858.182774 ], [ 613125.491391, 6053195.449623 ], [ 612616.761318, 6053259.92861 ], [ 612372.971633, 6053478.168758 ], [ 611878.713094, 6053714.601816 ], [ 611721.752612, 6053846.874886 ], [ 611484.642097, 6053878.290038 ], [ 610776.650135, 6054352.838093 ], [ 610339.164537, 6054547.956017 ], [ 609991.847725, 6054207.329294 ], [ 609384.043306, 6053858.448876 ], [ 609203.705731, 6053240.08887 ], [ 608947.670902, 6052960.684049 ], [ 608576.976997, 6052803.62614 ], [ 608362.13038, 6052797.013238 ], [ 608034.851077, 6052580.443504 ], [ 607654.138419, 6052716.005602 ], [ 607184.370168, 6052636.65192 ], [ 606902.731856, 6052461.415125 ], [ 606530.924757, 6052431.658287 ], [ 606412.926096, 6052266.344389 ], [ 606004.383565, 6052229.975757 ], [ 605608.086178, 6052327.510162 ], [ 605506.785441, 6052234.935107 ], [ 604888.962267, 6052349.000942 ], [ 604493.778075, 6052669.715865 ], [ 604411.401652, 6052843.303657 ], [ 603933.841036, 6053144.197438 ], [ 603745.711097, 6053084.679154 ], [ 603371.677608, 6053397.154725 ], [ 603146.812236, 6053154.117192 ], [ 602671.478011, 6052949.111263 ], [ 602299.670912, 6052927.618988 ], [ 601831.015855, 6052691.207498 ], [ 601819.883906, 6052401.901552 ], [ 601696.319271, 6051707.606861 ], [ 601419.133739, 6049934.102881 ], [ 601019.496767, 6049360.643238 ], [ 601020.609962, 6048810.356124 ], [ 601144.174597, 6048569.100165 ], [ 601605.037289, 6048617.020333 ], [ 601750.865822, 6048514.570643 ], [ 601765.337356, 6048306.370183 ], [ 601493.717798, 6048018.863518 ], [ 601079.609292, 6047670.233227 ], [ 600727.839702, 6047557.881441 ], [ 600189.053366, 6047052.316503 ], [ 599546.739904, 6046363.40803 ], [ 599593.49409, 6046264.289033 ], [ 599235.04533, 6045788.533689 ], [ 599265.101593, 6045600.221108 ], [ 598973.444527, 6045373.921073 ], [ 599088.103602, 6045221.956495 ], [ 598612.769376, 6044658.719814 ], [ 598075.096236, 6043601.717897 ], [ 598236.509498, 6043522.447969 ], [ 598183.076142, 6043278.036939 ], [ 597978.248279, 6042997.303077 ], [ 598086.228185, 6042531.635268 ], [ 598158.585854, 6041889.319107 ], [ 598252.094226, 6041620.187977 ], [ 598239.849082, 6041314.742561 ], [ 598000.512177, 6041242.097674 ], [ 597756.722492, 6041458.383114 ], [ 597456.159867, 6041344.4611 ], [ 597289.180631, 6041045.629336 ], [ 597202.351428, 6040738.553322 ], [ 597289.180631, 6040652.706066 ], [ 597121.0882, 6040339.040657 ], [ 596965.240913, 6040345.644022 ], [ 596593.433813, 6039528.515951 ], [ 596312.908697, 6039538.420071 ], [ 596179.325308, 6039157.119653 ], [ 595476.899321, 6039578.036664 ], [ 594895.811579, 6039861.960899 ], [ 594680.964962, 6039683.681801 ], [ 594527.344064, 6039942.847999 ], [ 594794.510842, 6040510.729785 ], [ 595054.998451, 6041347.763166 ], [ 594920.301867, 6041479.84685 ], [ 594746.643461, 6041382.434938 ], [ 594427.156523, 6041758.880272 ], [ 594560.739912, 6041947.109093 ], [ 594352.572464, 6042140.29557 ], [ 593918.42645, 6042216.250411 ], [ 593673.52357, 6042404.489202 ], [ 593382.979699, 6042356.603506 ], [ 592820.81627, 6042577.870665 ], [ 592480.178629, 6042605.942277 ], [ 592137.314597, 6042336.788813 ], [ 592143.993766, 6042090.760164 ], [ 592007.070793, 6041829.878381 ], [ 591612.999795, 6041590.468489 ], [ 591449.360144, 6041560.749103 ], [ 590959.554384, 6041750.624716 ], [ 590701.293166, 6041767.135836 ], [ 589794.039316, 6041281.722082 ], [ 589909.811586, 6041009.307947 ], [ 589656.003147, 6040760.015269 ], [ 589325.38426, 6040215.228499 ], [ 589084.934159, 6040155.799294 ], [ 588297.90536, 6039688.633948 ], [ 588171.00114, 6039464.139449 ], [ 587883.796854, 6039302.374971 ], [ 587801.420431, 6039097.697727 ], [ 587525.348093, 6038878.170267 ], [ 587584.347424, 6038444.083518 ], [ 587595.479373, 6037940.702243 ], [ 587533.140458, 6037488.50932 ], [ 587189.163231, 6037382.891025 ], [ 586789.526259, 6037368.038556 ], [ 586491.190024, 6037505.012295 ], [ 585591.728538, 6037041.290693 ], [ 585165.374889, 6036716.205335 ], [ 584774.643476, 6036744.257904 ], [ 584785.775425, 6037049.541749 ], [ 584517.495452, 6037630.435937 ], [ 584521.948232, 6037935.751098 ], [ 584295.969666, 6038226.223104 ], [ 584316.007174, 6038559.617785 ], [ 584164.612666, 6038876.519706 ], [ 583737.145822, 6039353.545039 ], [ 583477.771408, 6039705.141127 ], [ 583093.719165, 6039994.021862 ], [ 583787.239593, 6041291.628212 ], [ 584312.667589, 6042312.020511 ], [ 585099.696389, 6043745.396496 ], [ 585384.674286, 6044232.600348 ], [ 585056.281788, 6044371.33461 ], [ 584487.43919, 6044222.690843 ], [ 584069.991099, 6043933.668624 ], [ 583228.415749, 6043228.495006 ], [ 582973.494115, 6043335.83622 ], [ 583054.757343, 6043740.442021 ], [ 583029.15386, 6044024.503136 ], [ 582637.309253, 6044477.0384 ], [ 582115.220841, 6044785.899079 ], [ 582089.617358, 6044898.214792 ], [ 582227.653527, 6045443.297095 ], [ 582069.57985, 6045560.576878 ], [ 581688.867191, 6045686.117565 ], [ 581566.415751, 6045810.008191 ], [ 581229.117694, 6045889.299125 ], [ 581147.854466, 6046084.225766 ], [ 580783.839731, 6046399.751947 ], [ 580607.954936, 6046740.070598 ], [ 580552.29519, 6047014.317721 ], [ 580131.507515, 6047483.531799 ], [ 579063.953598, 6047894.941185 ], [ 578655.411067, 6047893.2889 ], [ 577912.910063, 6048433.603201 ], [ 577591.196735, 6048750.867727 ], [ 577259.464653, 6048821.92336 ], [ 576606.019242, 6048825.228287 ], [ 576121.779457, 6049046.661307 ], [ 575922.517568, 6049248.269444 ], [ 575914.725204, 6049562.258711 ], [ 576029.384279, 6049864.690753 ], [ 575933.649517, 6050692.714676 ], [ 575885.782136, 6051547.265791 ], [ 576121.779457, 6051580.325561 ], [ 576141.816965, 6051948.950585 ], [ 576384.493455, 6053324.408079 ], [ 576550.359496, 6053630.278793 ], [ 576450.171954, 6053939.467241 ], [ 575596.35146, 6053903.091554 ], [ 575342.543021, 6053860.102304 ], [ 574615.626746, 6053865.062591 ], [ 574410.798883, 6053335.981368 ], [ 574514.32601, 6053116.091531 ], [ 574469.798213, 6052881.328116 ], [ 574213.763384, 6052390.329516 ], [ 574076.840411, 6052291.141272 ], [ 574060.142487, 6052001.848741 ], [ 573847.52226, 6051667.934566 ], [ 573509.111008, 6051330.727425 ], [ 573204.095603, 6051096.012586 ], [ 573002.607325, 6050671.228021 ], [ 572973.664257, 6050486.114442 ], [ 572677.554411, 6050259.686266 ], [ 572643.045369, 6049947.324302 ], [ 572496.103641, 6049760.573607 ], [ 572199.993796, 6049778.752701 ], [ 571916.129094, 6049514.333294 ], [ 571662.320655, 6049439.966796 ], [ 572015.203441, 6049175.55777 ], [ 572022.995806, 6048965.688872 ], [ 571424.096945, 6049025.17875 ], [ 571126.873905, 6048797.136445 ], [ 570919.819652, 6048798.788904 ], [ 570977.705787, 6048527.78989 ], [ 570553.578527, 6048289.846552 ], [ 570244.110343, 6048339.41754 ], [ 570094.942225, 6048529.442297 ], [ 570110.526954, 6048767.392241 ], [ 569794.3796, 6048921.071733 ], [ 569606.24966, 6049157.379947 ], [ 569052.991791, 6048826.880752 ], [ 568717.920124, 6048770.697147 ], [ 568105.662925, 6049501.112537 ], [ 568105.662925, 6049902.702087 ], [ 568170.228229, 6050286.130126 ], [ 567920.87257, 6050390.253613 ], [ 567623.649529, 6050342.323598 ], [ 567139.409744, 6050069.623407 ], [ 566895.62006, 6050107.635644 ], [ 566472.605995, 6050071.276109 ], [ 566184.288513, 6049917.576133 ], [ 565872.593939, 6050537.350838 ], [ 565400.599298, 6050398.517435 ], [ 565308.204121, 6050489.420006 ], [ 565334.920799, 6051039.814206 ], [ 565064.414436, 6051370.398169 ], [ 564560.137143, 6051172.046272 ], [ 564296.30995, 6051894.399701 ], [ 564160.500171, 6051824.971801 ], [ 564277.385636, 6051337.339203 ], [ 564098.161256, 6051305.933302 ], [ 564054.746655, 6051768.768673 ], [ 563910.031317, 6051648.098487 ], [ 563552.695751, 6051638.180465 ], [ 563327.83038, 6051758.850512 ], [ 562850.269764, 6051892.746649 ], [ 562553.046724, 6051843.155245 ], [ 562269.182022, 6052463.068286 ], [ 561976.411761, 6052808.58582 ], [ 561449.87057, 6053207.022739 ], [ 561634.660925, 6053423.608203 ], [ 562211.295887, 6053797.272247 ], [ 562279.200776, 6054248.666771 ], [ 562515.198097, 6054872.059951 ], [ 562441.727233, 6055106.877552 ], [ 562983.853153, 6055525.265599 ], [ 563348.981083, 6056228.137057 ], [ 563104.078203, 6056466.299439 ], [ 562776.7989, 6056649.887431 ], [ 562558.612698, 6056130.558537 ], [ 562239.12576, 6056123.943084 ], [ 561241.703122, 6056003.211958 ], [ 560767.482091, 6055841.137214 ], [ 560247.620069, 6055821.291537 ], [ 560165.243646, 6056009.827319 ], [ 559800.115716, 6055978.404402 ], [ 559839.077538, 6056669.735015 ], [ 560374.524289, 6057357.812854 ], [ 560155.224892, 6057670.443281 ], [ 560229.808951, 6058113.769351 ], [ 560343.354832, 6058394.995465 ], [ 559842.417123, 6058730.824546 ], [ 559358.177338, 6058636.52639 ], [ 559111.048068, 6058376.798203 ], [ 559114.387653, 6058251.07272 ], [ 558567.808953, 6057897.066074 ], [ 558404.169302, 6058103.843891 ], [ 558090.248338, 6058032.711763 ], [ 558067.98444, 6057600.968874 ], [ 557807.496831, 6057594.352293 ], [ 557711.762069, 6057389.240798 ], [ 557502.481427, 6057314.806381 ], [ 557459.066825, 6057131.204233 ], [ 557115.089599, 6057291.649138 ], [ 556919.167295, 6056762.35768 ], [ 556880.205473, 6056494.416265 ], [ 556999.317328, 6056052.827285 ], [ 556601.906746, 6055961.866071 ], [ 556235.665621, 6055431.002489 ], [ 555738.067497, 6055156.487722 ], [ 555110.225569, 6055239.171973 ], [ 554656.042047, 6055192.868695 ], [ 554337.668303, 6054817.490579 ], [ 554017.06817, 6054954.741475 ], [ 553764.372926, 6054956.395114 ], [ 553156.568506, 6054746.385551 ], [ 553098.682371, 6054994.428889 ], [ 553210.001862, 6055220.98137 ], [ 553529.4888, 6055462.423411 ], [ 553478.281834, 6055695.603305 ], [ 552325.01191, 6056477.876945 ], [ 552126.863216, 6056588.690999 ], [ 551847.451294, 6057111.355587 ], [ 551492.342119, 6057331.347307 ], [ 551522.398381, 6057591.044004 ], [ 551451.153907, 6057892.103467 ], [ 551455.606687, 6058234.530029 ], [ 551791.791549, 6058527.340339 ], [ 551827.413786, 6058682.848162 ], [ 552060.071522, 6058778.801197 ], [ 552193.654911, 6059020.342874 ], [ 552634.480094, 6059311.525398 ], [ 552793.666966, 6059610.990411 ], [ 552721.309297, 6059933.630103 ], [ 552552.103671, 6060206.642351 ], [ 552533.179358, 6060759.311793 ], [ 552882.722559, 6061194.522547 ], [ 553335.792886, 6061662.853721 ], [ 553442.659597, 6061955.780499 ], [ 553429.301258, 6062232.166869 ], [ 553264.548412, 6062602.902624 ], [ 553261.208827, 6062968.688797 ], [ 553005.173998, 6062894.206191 ], [ 552674.555111, 6062957.102572 ], [ 552308.313986, 6062687.31344 ], [ 552200.33408, 6062518.492635 ], [ 551788.451964, 6062458.909611 ], [ 552001.072192, 6062831.31027 ], [ 552425.199451, 6063286.488483 ], [ 552829.289203, 6063801.282631 ], [ 552693.479424, 6064431.988761 ], [ 552513.141849, 6064609.124506 ], [ 552582.159933, 6064859.107315 ], [ 552431.878621, 6065051.152014 ], [ 552338.370249, 6065344.193984 ], [ 552137.995165, 6065620.689049 ], [ 552146.900724, 6066074.358855 ], [ 552033.354844, 6066226.691301 ], [ 551982.147878, 6067152.334391 ], [ 552032.241649, 6067329.526072 ], [ 551524.624771, 6067471.944458 ], [ 551122.761409, 6067457.040098 ], [ 551091.591952, 6067652.454866 ], [ 550910.141182, 6067993.613305 ], [ 550743.161946, 6068111.200169 ], [ 550421.448617, 6068016.79932 ], [ 550410.316668, 6067682.264288 ], [ 550165.413788, 6067450.415947 ], [ 549393.969717, 6067276.533786 ], [ 548887.466034, 6067241.757775 ], [ 548331.981775, 6067057.944048 ], [ 547990.230938, 6066845.983538 ], [ 547990.230938, 6067076.159648 ], [ 548291.906758, 6067438.823693 ], [ 548437.735291, 6067821.376288 ], [ 548097.097649, 6068020.111613 ], [ 547662.951635, 6067982.02032 ], [ 547373.520959, 6068162.541416 ], [ 547790.96905, 6068215.539154 ], [ 547776.497516, 6069141.395981 ], [ 548114.908768, 6069242.434681 ], [ 548123.814327, 6069560.465865 ], [ 547536.047416, 6069744.333001 ], [ 547464.802942, 6069850.348269 ], [ 547917.873269, 6070282.705295 ], [ 548239.586598, 6070353.938612 ], [ 548498.961011, 6070554.389014 ], [ 549592.118411, 6070816.14119 ], [ 550292.318008, 6071308.190549 ], [ 550509.391015, 6071374.461971 ], [ 551749.490142, 6071997.438271 ], [ 551977.695098, 6072168.101876 ], [ 552543.198112, 6072835.876456 ], [ 553199.983107, 6073172.268873 ], [ 553954.729255, 6073480.502036 ], [ 554109.463347, 6073684.339704 ], [ 554622.6462, 6073661.138425 ], [ 554633.778149, 6073987.619314 ], [ 554863.0963, 6073964.417218 ], [ 555060.131799, 6074085.400263 ], [ 555346.22289, 6074411.897241 ], [ 555633.427176, 6074982.053634 ], [ 555357.354839, 6074962.163822 ], [ 555280.54439, 6075129.571175 ], [ 555509.862541, 6075285.378963 ], [ 555627.861202, 6075475.99871 ], [ 555699.105676, 6075832.386082 ], [ 555913.952293, 6075785.972007 ], [ 555838.255039, 6076236.862184 ], [ 555644.559125, 6076213.654025 ], [ 555692.426506, 6076517.022757 ], [ 555380.731932, 6076543.547308 ], [ 555349.562475, 6076737.510567 ], [ 555533.239634, 6076873.453234 ], [ 555821.557116, 6076820.402182 ], [ 555944.008555, 6076919.873174 ], [ 555036.754705, 6077382.428387 ], [ 554918.756045, 6077833.402205 ], [ 554893.152562, 6078431.973806 ], [ 554417.818337, 6078649.194295 ], [ 553074.192083, 6078941.041141 ], [ 553107.58793, 6079730.403789 ], [ 552832.628788, 6080173.208238 ], [ 552575.480764, 6080062.090373 ], [ 552270.465359, 6080065.407303 ], [ 552192.541716, 6080178.183698 ], [ 552277.144529, 6080931.169862 ], [ 552160.259063, 6081201.531193 ], [ 552480.859197, 6081684.221932 ], [ 552523.160603, 6082302.968225 ], [ 552429.652231, 6082611.528583 ], [ 552153.579894, 6083233.659732 ], [ 551660.43455, 6084054.941752 ], [ 551486.776144, 6084718.661284 ], [ 550524.975744, 6084632.374848 ], [ 549940.548417, 6084761.804826 ], [ 549573.194097, 6085133.512003 ], [ 548978.748016, 6085390.729498 ], [ 548756.109035, 6085390.729498 ], [ 548522.338104, 6085511.873306 ], [ 548757.22223, 6085891.910845 ], [ 548808.429196, 6086091.063861 ], [ 548733.845137, 6086497.682255 ], [ 548487.829062, 6086723.405254 ], [ 548647.015934, 6087948.3878 ], [ 548338.660944, 6088773.440523 ], [ 547640.687737, 6089289.761276 ], [ 547182.051435, 6089872.527095 ], [ 546996.147885, 6090535.035368 ], [ 547025.090953, 6091162.721888 ], [ 546810.244336, 6091655.936312 ], [ 546305.967043, 6092223.915257 ], [ 546117.837103, 6092610.893171 ], [ 546128.969052, 6092969.65221 ], [ 545876.273808, 6093172.291248 ], [ 545920.801604, 6093424.766244 ], [ 545789.444605, 6093728.742692 ], [ 545075.886669, 6093997.845569 ], [ 544658.438579, 6094004.490192 ], [ 543981.616075, 6093795.187063 ], [ 543298.114401, 6093644.026863 ], [ 542827.232955, 6093592.533336 ], [ 542052.449299, 6093132.427453 ], [ 542220.54173, 6092776.983457 ], [ 542059.128469, 6092408.267369 ], [ 541819.791564, 6092175.751843 ], [ 541752.999869, 6091916.670524 ], [ 541534.813667, 6091639.329306 ], [ 540925.896052, 6090531.714397 ], [ 541190.836441, 6090216.228021 ], [ 541056.139857, 6089907.394678 ], [ 541060.592636, 6089621.81673 ], [ 540654.276495, 6089508.916437 ], [ 540416.052785, 6089703.172272 ], [ 539358.517622, 6090432.085869 ], [ 538933.277167, 6090833.927994 ], [ 538122.871274, 6091361.997036 ], [ 537814.516285, 6091788.793521 ], [ 537614.141201, 6092273.739762 ], [ 537555.141871, 6092747.086969 ], [ 537777.780853, 6092939.755051 ], [ 537808.95031, 6093202.189216 ], [ 538223.058816, 6093374.935065 ], [ 538398.943611, 6093532.734789 ], [ 538719.543745, 6093986.217493 ], [ 539040.143878, 6093753.659271 ], [ 539539.968392, 6093773.592586 ], [ 539497.666986, 6094785.269062 ], [ 539701.381654, 6095067.695914 ], [ 540136.640863, 6095212.235599 ], [ 540512.900742, 6095559.473057 ], [ 540614.201478, 6095915.032174 ], [ 540873.575892, 6096129.371647 ], [ 541017.178035, 6096401.872961 ], [ 541396.777499, 6096614.56292 ], [ 541484.719896, 6096813.964538 ], [ 541691.774149, 6096963.518789 ], [ 541201.96839, 6097958.951754 ], [ 541057.253052, 6098337.878085 ], [ 540761.143206, 6098884.6916 ], [ 539868.36089, 6099855.412891 ], [ 539641.269129, 6100229.43582 ], [ 539362.970402, 6100410.635007 ], [ 538607.111059, 6100284.293886 ], [ 538146.248367, 6100352.451365 ], [ 537393.72861, 6100345.801831 ], [ 537119.882662, 6100452.194993 ], [ 536696.868597, 6100743.120523 ], [ 536539.908115, 6100949.268008 ], [ 536312.816354, 6100844.531168 ], [ 536566.624793, 6100387.361503 ], [ 536495.380319, 6100262.683091 ], [ 536111.328076, 6100109.74671 ], [ 535559.183401, 6100091.461021 ], [ 535308.714547, 6100450.532589 ], [ 534404.800282, 6100643.373517 ], [ 533619.997872, 6100585.188298 ], [ 533427.415153, 6100816.269064 ], [ 533345.038729, 6101095.569226 ], [ 532831.855877, 6100901.055653 ], [ 532670.442615, 6101677.47374 ], [ 532742.800284, 6102108.10847 ], [ 532966.552461, 6102094.806688 ], [ 533190.304637, 6102811.46955 ], [ 533371.755407, 6103135.733424 ], [ 533548.753398, 6103679.526487 ], [ 533617.771482, 6103692.830724 ], [ 533773.618769, 6104269.921867 ], [ 534123.16197, 6104361.395206 ], [ 534364.725265, 6104338.110991 ], [ 534906.851185, 6104464.511776 ], [ 535267.526335, 6104652.453226 ], [ 535473.467393, 6104955.164035 ], [ 535356.581928, 6105206.322314 ], [ 535206.300616, 6105239.588863 ], [ 534562.873959, 6105687.036467 ], [ 533981.786217, 6105944.870029 ], [ 533840.410463, 6106217.683004 ], [ 533582.149245, 6106279.233472 ], [ 533619.997872, 6107047.819722 ], [ 533599.960363, 6107333.977641 ], [ 533460.811, 6107442.121199 ], [ 533461.924195, 6107690.024652 ], [ 533117.946968, 6108157.566759 ], [ 532790.667665, 6107951.246105 ], [ 532196.221584, 6108051.07806 ], [ 531949.092315, 6108022.792222 ], [ 531335.721921, 6107681.705628 ], [ 530987.291914, 6107804.828005 ], [ 530690.068874, 6107813.147149 ], [ 529805.078922, 6107676.714217 ], [ 528689.657624, 6107561.912577 ], [ 527892.61007, 6107623.472686 ], [ 527136.750728, 6107779.870624 ], [ 526879.602704, 6107939.599119 ], [ 526251.760776, 6108129.280569 ], [ 525983.480803, 6108145.919493 ], [ 525421.317375, 6108335.605503 ], [ 525674.012619, 6108536.943487 ], [ 525305.545104, 6108691.694074 ], [ 525169.735326, 6108633.454278 ], [ 524928.172031, 6108776.558484 ], [ 524388.2725, 6109430.541796 ], [ 524132.237671, 6109623.584567 ], [ 523673.601369, 6110221.046179 ], [ 523859.504919, 6110477.351655 ], [ 524327.04678, 6110397.463413 ], [ 524689.94832, 6110274.303829 ], [ 524819.07893, 6110382.48445 ], [ 524567.49688, 6110688.726218 ], [ 524174.539078, 6111014.9523 ], [ 523790.486835, 6111153.102798 ], [ 523762.656962, 6111469.359302 ], [ 524104.407799, 6112409.875161 ], [ 524265.82106, 6112563.03087 ], [ 524388.2725, 6112881.004169 ], [ 524745.608066, 6113124.070243 ], [ 525002.756089, 6113453.718799 ], [ 525259.904113, 6113618.547829 ], [ 525632.824407, 6113576.924038 ], [ 525778.65294, 6114471.047507 ], [ 525403.506256, 6114640.89155 ], [ 524738.928896, 6114862.359913 ], [ 524427.234322, 6115163.765896 ], [ 524215.72729, 6115620.058093 ], [ 523808.297953, 6116702.600212 ], [ 523612.375649, 6116882.481989 ], [ 523270.624813, 6117498.772247 ], [ 523191.587974, 6117846.912539 ], [ 522967.835798, 6118063.466264 ], [ 522707.348189, 6118136.762609 ], [ 522552.614097, 6118449.944964 ], [ 522141.845176, 6118956.391702 ], [ 521957.054821, 6119029.695683 ], [ 521686.548459, 6118993.043614 ], [ 521348.137207, 6119146.316943 ], [ 520761.48349, 6119282.932437 ], [ 520452.015306, 6119412.885782 ], [ 520123.622808, 6119429.546609 ], [ 519353.291932, 6119647.806442 ], [ 519083.898764, 6119602.821136 ], [ 518831.20352, 6119699.456528 ], [ 518474.981149, 6120047.686201 ], [ 518645.29997, 6120324.280615 ], [ 518845.675054, 6120427.589252 ], [ 519593.742032, 6120674.201999 ], [ 519848.663666, 6120704.195926 ], [ 520698.03138, 6120370.935975 ], [ 521341.458037, 6120689.198949 ], [ 522299.918853, 6121215.775162 ], [ 522338.880675, 6121310.76229 ], [ 523649.111081, 6121617.394588 ], [ 523883.995207, 6121759.049083 ], [ 523875.089648, 6121932.370709 ], [ 523973.0508, 6122672.360153 ], [ 523643.545107, 6122929.038084 ], [ 523607.92287, 6123237.395114 ], [ 523658.016641, 6123525.760647 ], [ 524146.709205, 6123529.094409 ], [ 524718.891388, 6123639.109294 ], [ 525137.452673, 6123880.813621 ], [ 525372.336799, 6124210.876059 ], [ 525891.085626, 6124547.619528 ], [ 526309.646911, 6125307.841565 ], [ 526429.871961, 6126091.474353 ], [ 526655.850528, 6126646.729906 ], [ 526749.3589, 6126748.447286 ], [ 526968.658297, 6126561.688433 ], [ 527309.295939, 6126454.970917 ], [ 527620.990513, 6126266.551048 ], [ 527612.084954, 6126154.835029 ], [ 528104.117103, 6126016.442579 ], [ 528551.621456, 6125951.415573 ], [ 529041.427215, 6125969.756473 ], [ 529506.742687, 6126049.789953 ], [ 530245.904106, 6126091.474353 ], [ 530320.488165, 6125971.42383 ], [ 530605.466061, 6125918.068582 ], [ 531077.460702, 6125701.316304 ], [ 532116.071551, 6125499.57488 ], [ 532242.975771, 6125327.848319 ], [ 532873.044089, 6125052.759547 ], [ 533232.606044, 6124801.019379 ], [ 534808.890033, 6124309.230457 ], [ 535663.823723, 6124154.197767 ], [ 536483.135175, 6124039.175326 ], [ 537087.60001, 6124237.548327 ], [ 538161.833096, 6124367.576819 ], [ 538298.75607, 6124934.390732 ], [ 538217.492841, 6125452.891591 ], [ 538189.662969, 6125994.766855 ], [ 538046.060826, 6126426.6243 ], [ 537889.100344, 6126620.050137 ], [ 537741.045421, 6127133.650278 ], [ 537817.85587, 6127687.305698 ], [ 537677.593311, 6128207.641 ], [ 537517.293244, 6128356.075776 ], [ 537852.364912, 6128539.538041 ], [ 538227.511596, 6128851.432911 ], [ 538867.598668, 6129175.014994 ], [ 539184.859216, 6129758.828028 ], [ 539462.044749, 6130514.507993 ], [ 539826.059483, 6130397.731899 ], [ 540163.357541, 6130634.622209 ], [ 539966.322042, 6131061.708621 ], [ 539785.984467, 6131051.69854 ], [ 539571.13785, 6131323.643248 ], [ 539398.592639, 6131313.63286 ], [ 539150.350174, 6131515.511275 ], [ 539052.389022, 6131729.073787 ], [ 538794.127804, 6131835.857041 ], [ 538451.263772, 6132094.478251 ], [ 538511.376297, 6132346.432878 ], [ 538758.505567, 6132811.984443 ], [ 538777.42988, 6133200.797802 ], [ 538591.526331, 6133245.854569 ], [ 538279.831756, 6133803.243074 ], [ 538309.888019, 6133996.835597 ], [ 538516.942272, 6134404.061745 ], [ 538440.131823, 6134826.328988 ], [ 539216.028674, 6135694.295451 ], [ 539568.91146, 6135961.379763 ], [ 539587.835773, 6136058.199884 ], [ 539966.322042, 6136196.754722 ], [ 539907.322712, 6136468.862918 ], [ 539574.477434, 6136839.478181 ], [ 539809.36156, 6137185.066332 ], [ 539871.700475, 6137475.571515 ], [ 540697.691096, 6139185.411039 ], [ 540967.084264, 6139634.634538 ], [ 541504.757405, 6140060.500152 ], [ 541382.305965, 6140199.119807 ], [ 541390.098329, 6140461.334212 ], [ 541278.778838, 6140713.535266 ], [ 541274.326059, 6141308.157908 ], [ 541407.909448, 6141513.612978 ], [ 541191.949635, 6142016.414086 ], [ 540890.273815, 6142161.747487 ], [ 540701.030681, 6142114.973249 ], [ 540365.959014, 6142170.100056 ], [ 540035.340126, 6142353.858644 ], [ 539600.080917, 6142315.436068 ], [ 539433.101681, 6142485.833157 ], [ 538977.804964, 6142589.409517 ], [ 538599.318695, 6142910.170072 ], [ 538358.868595, 6143362.930702 ], [ 538257.567858, 6143710.453273 ], [ 538530.300611, 6144011.205357 ], [ 538629.374957, 6144345.386744 ], [ 539645.721908, 6144477.391989 ], [ 540040.906101, 6144639.477166 ], [ 540089.886677, 6144982.038419 ], [ 540330.336777, 6144997.078008 ], [ 540194.526998, 6145249.412835 ], [ 539876.153254, 6146312.308803 ], [ 539656.853857, 6146701.736149 ], [ 539081.33209, 6146504.513216 ], [ 538726.222914, 6146454.372518 ], [ 538902.10771, 6146780.292313 ], [ 539162.595318, 6147034.351231 ], [ 539437.554461, 6147445.541529 ], [ 539490.987816, 6147738.06699 ], [ 539427.535706, 6148055.677394 ], [ 539143.671005, 6148065.707389 ], [ 539367.423181, 6148493.66478 ], [ 539551.100341, 6148390.016883 ], [ 539689.13651, 6148731.056633 ], [ 539370.762766, 6149057.063229 ], [ 539270.575224, 6149429.896268 ], [ 539341.819699, 6149750.913527 ], [ 539724.758747, 6149791.041532 ], [ 540112.150575, 6149919.786819 ], [ 540692.125122, 6150217.413219 ], [ 540665.408444, 6150540.132205 ], [ 541193.06283, 6151282.599346 ], [ 540916.990493, 6151541.809145 ], [ 540421.618759, 6151819.423196 ], [ 539675.778171, 6152816.232302 ], [ 539513.251714, 6153129.013486 ], [ 539349.612063, 6153594.024857 ], [ 539217.141869, 6153674.317152 ], [ 539052.389022, 6154161.105343 ], [ 539283.933563, 6155019.325265 ], [ 539612.326061, 6155459.342786 ], [ 539941.831754, 6156036.586445 ], [ 539994.151915, 6156282.554289 ], [ 539129.199471, 6156491.716191 ], [ 538804.146558, 6156660.722748 ], [ 538697.279847, 6156823.039124 ], [ 538643.846491, 6157427.150881 ], [ 538512.489492, 6157566.052423 ], [ 538060.532359, 6157273.190366 ], [ 537877.968395, 6157452.253402 ], [ 537259.032026, 6157284.904655 ], [ 537284.635509, 6157915.826551 ], [ 537409.313338, 6158017.916437 ], [ 537139.920171, 6158975.27769 ], [ 537043.072214, 6159015.449039 ], [ 536686.849843, 6159756.979132 ], [ 536662.359555, 6159952.834171 ], [ 536405.211531, 6160130.279367 ], [ 536168.101016, 6160490.203116 ], [ 535916.518967, 6160761.411497 ], [ 536732.490834, 6161616.946228 ], [ 536753.641538, 6161826.238811 ], [ 536945.111062, 6161948.468052 ], [ 536852.715884, 6162109.210539 ], [ 537103.184739, 6162197.955084 ], [ 537596.330083, 6162559.640504 ], [ 537755.516955, 6162817.518169 ], [ 538563.696458, 6163189.277602 ], [ 538949.975091, 6163515.836405 ], [ 538769.637516, 6163710.102952 ], [ 538791.901414, 6163936.194586 ], [ 538479.093645, 6164241.009082 ], [ 538275.378977, 6164210.862108 ], [ 538198.568528, 6164415.19368 ], [ 537950.326064, 6164649.67856 ], [ 537393.72861, 6164374.996919 ], [ 537245.673687, 6164470.464536 ], [ 536930.639528, 6164224.26075 ], [ 536721.358885, 6164269.481321 ], [ 536601.133835, 6164505.637085 ], [ 536064.57389, 6164411.843943 ], [ 535882.009925, 6164793.722465 ], [ 535697.21957, 6164663.07789 ], [ 535599.258418, 6164894.219653 ], [ 535261.960361, 6164912.644265 ], [ 535257.507581, 6165199.068359 ], [ 535049.340134, 6165507.27812 ], [ 534785.51294, 6165748.493521 ], [ 534595.156611, 6165611.133915 ], [ 533702.374295, 6166395.118436 ], [ 533496.433237, 6166272.825512 ], [ 533011.080257, 6166153.88476 ], [ 532938.722588, 6166465.479542 ], [ 532692.706513, 6166721.799908 ], [ 531956.884679, 6166316.381695 ], [ 531604.001893, 6166530.815375 ], [ 531349.08026, 6166576.048168 ], [ 531027.366931, 6167061.896981 ], [ 530654.446637, 6167383.577621 ], [ 530169.093657, 6167708.621416 ], [ 529277.424536, 6168053.784567 ], [ 529475.573229, 6168326.908993 ], [ 529532.34617, 6168685.5028 ], [ 529498.950323, 6169116.17042 ], [ 529767.230295, 6169952.431498 ], [ 529840.701159, 6170575.909923 ], [ 529806.192117, 6171157.528991 ], [ 529901.926879, 6171583.292581 ], [ 529356.461374, 6171866.588003 ], [ 529242.915494, 6171876.646002 ], [ 528613.960371, 6172190.126234 ], [ 528528.244363, 6172344.356032 ], [ 528312.284551, 6172413.089774 ], [ 527883.704511, 6172403.031143 ], [ 527688.895402, 6172198.508217 ], [ 527134.524338, 6172503.617988 ], [ 526762.717239, 6172627.67673 ], [ 526535.625478, 6172347.708884 ], [ 525110.735995, 6172929.448769 ], [ 524715.551803, 6172352.738166 ], [ 524184.557832, 6172181.74426 ], [ 523791.60003, 6172126.423436 ], [ 523450.962388, 6172778.561415 ], [ 523218.304652, 6172981.421698 ], [ 523576.753412, 6173642.008451 ], [ 524132.237671, 6173858.30305 ], [ 523623.507598, 6174401.57879 ], [ 522940.005925, 6175645.877701 ], [ 522483.596013, 6176209.393538 ], [ 521981.545109, 6176536.451058 ], [ 521750.000568, 6176586.768713 ], [ 521535.153951, 6176481.10198 ], [ 521171.139216, 6176613.604917 ], [ 521670.96373, 6177388.536741 ], [ 522036.09166, 6177801.191514 ], [ 522011.601372, 6177937.070018 ], [ 521264.647589, 6178398.402082 ], [ 521182.271165, 6178606.42907 ], [ 521213.440623, 6178943.644891 ], [ 521080.970429, 6179045.986658 ], [ 520728.087643, 6179049.342147 ], [ 520633.466076, 6179393.286735 ], [ 520632.352881, 6179837.918596 ], [ 520831.614769, 6180193.640783 ], [ 520802.671702, 6180458.764144 ], [ 520453.128501, 6180613.143571 ], [ 520293.941629, 6181062.87349 ], [ 520135.867952, 6181265.930968 ], [ 519961.096351, 6181254.183709 ], [ 519728.438616, 6181416.968593 ], [ 519253.10439, 6181576.400101 ], [ 518921.372307, 6181405.221126 ], [ 518746.600707, 6181413.612172 ], [ 518631.941631, 6181831.496717 ], [ 518277.945651, 6182185.623755 ], [ 518008.552483, 6182188.98048 ], [ 517558.82174, 6182423.9545 ], [ 517527.652283, 6182605.2246 ], [ 517249.353556, 6182762.999863 ], [ 516711.680415, 6182781.463116 ], [ 516445.626832, 6182984.561545 ], [ 516082.725292, 6183132.272534 ], [ 515975.858581, 6183355.52241 ], [ 516003.688454, 6183627.458731 ], [ 515336.884704, 6183919.54815 ], [ 515337.997899, 6184152.891144 ], [ 515551.731321, 6184253.616713 ], [ 515547.278541, 6184631.348203 ], [ 515215.546459, 6184836.169612 ], [ 515056.359587, 6185081.290229 ], [ 515165.452688, 6185176.989918 ], [ 515916.859251, 6184884.857392 ], [ 516526.89006, 6185082.969162 ], [ 516717.24639, 6185432.194345 ], [ 516923.187448, 6185524.539936 ], [ 517306.126496, 6185506.070738 ], [ 517608.915511, 6185563.157479 ], [ 518021.910822, 6185497.675661 ], [ 517874.969094, 6185880.499577 ], [ 517974.043441, 6186172.666244 ], [ 517680.159985, 6186662.991445 ], [ 517853.818391, 6186893.05101 ], [ 517969.590661, 6187455.631591 ], [ 518311.341498, 6187830.14613 ], [ 518261.247727, 6188391.109021 ], [ 518400.39709, 6188779.101975 ], [ 518686.488182, 6189262.858206 ], [ 518673.129843, 6189618.9741 ], [ 518439.358912, 6190252.292454 ], [ 518439.358912, 6190788.214004 ], [ 518541.772844, 6191436.74098 ], [ 518900.221604, 6192021.465671 ], [ 519282.047458, 6192213.022147 ], [ 519734.00459, 6192207.981132 ], [ 519968.888716, 6192480.200218 ], [ 520074.642232, 6192969.208213 ], [ 520153.67907, 6193086.843193 ], [ 520598.957034, 6193380.937754 ], [ 520601.183423, 6193649.8331 ], [ 520477.618789, 6193772.519423 ], [ 520449.788916, 6194120.420393 ], [ 520532.165339, 6194389.339098 ], [ 520254.979807, 6194851.562969 ], [ 520102.472105, 6195318.854795 ], [ 519882.059513, 6195802.982735 ] ] ] ] } },
{ "type": "Feature", "properties": { "code": "54", "nom": "Meurthe-et-Moselle" }, "geometry": { "type": "MultiPolygon", "coordinates": [ [ [ [ 606963.957576, 6345120.411181 ], [ 607964.719798, 6345371.932008 ], [ 608226.320601, 6345536.194574 ], [ 608640.429107, 6346075.203683 ], [ 608858.615309, 6346574.887472 ], [ 609089.046655, 6346408.893327 ], [ 608996.651478, 6345998.200264 ], [ 608988.859113, 6345635.438097 ], [ 608824.106267, 6345527.639152 ], [ 609017.802181, 6345188.851477 ], [ 607674.175927, 6344483.943144 ], [ 607356.915378, 6344396.689188 ], [ 606854.864475, 6344169.148822 ], [ 606900.505466, 6344513.027997 ], [ 606880.467958, 6344954.445781 ], [ 606963.957576, 6345120.411181 ] ] ], [ [ [ 604018.443849, 6357755.385871 ], [ 605001.394953, 6358509.393973 ], [ 605006.960928, 6359155.495737 ], [ 604940.169233, 6359637.105286 ], [ 605269.674926, 6359755.369511 ], [ 605547.973653, 6360168.450393 ], [ 605662.632728, 6360555.839332 ], [ 605800.668897, 6360751.254701 ], [ 606083.420404, 6360507.843271 ], [ 606145.759318, 6360303.863077 ], [ 606419.605266, 6360070.748929 ], [ 606950.599237, 6359508.559107 ], [ 607101.993744, 6359253.186542 ], [ 607327.972311, 6359136.643257 ], [ 608304.244245, 6358469.978234 ], [ 609033.38691, 6357885.618793 ], [ 608785.144445, 6357918.177339 ], [ 608407.771371, 6357707.405831 ], [ 608258.603254, 6357885.618793 ], [ 607826.683629, 6358079.258321 ], [ 607527.234199, 6357839.351602 ], [ 607327.972311, 6357448.661058 ], [ 607309.047997, 6356864.372747 ], [ 607122.031253, 6356955.183216 ], [ 606699.017188, 6357505.207247 ], [ 606060.043311, 6357493.212569 ], [ 605922.007142, 6357705.692263 ], [ 605660.406339, 6357904.468462 ], [ 605255.203392, 6357895.900425 ], [ 605119.393613, 6357779.375994 ], [ 604910.112971, 6357935.313467 ], [ 604565.022549, 6357779.375994 ], [ 604423.646796, 6357892.473213 ], [ 604018.443849, 6357755.385871 ] ] ], [ [ [ 609018.915376, 6359652.53096 ], [ 609443.042636, 6359712.519962 ], [ 609871.622675, 6360103.315957 ], [ 610069.771369, 6360485.559479 ], [ 609974.036607, 6360747.826322 ], [ 610225.618656, 6361128.384951 ], [ 610458.276392, 6361351.242615 ], [ 610852.347389, 6361428.387032 ], [ 611228.607268, 6361419.815395 ], [ 611671.658841, 6361308.384912 ], [ 612169.256965, 6361255.241664 ], [ 612469.81959, 6361291.241892 ], [ 612900.62602, 6361426.672704 ], [ 614157.423071, 6361711.255967 ], [ 614852.056693, 6361952.98789 ], [ 615900.686297, 6362355.889912 ], [ 616182.324608, 6362645.648439 ], [ 616841.335994, 6362746.809099 ], [ 617110.729162, 6363105.167696 ], [ 617298.859101, 6364116.884661 ], [ 617768.627352, 6364675.953516 ], [ 618258.433112, 6364933.20631 ], [ 618496.656822, 6365145.87458 ], [ 619022.084819, 6364821.729131 ], [ 619015.405649, 6364667.378559 ], [ 619478.494731, 6364533.610362 ], [ 619663.285085, 6364866.319825 ], [ 620164.222794, 6364904.050597 ], [ 620422.484013, 6364639.938755 ], [ 621133.815559, 6364370.690441 ], [ 621464.434447, 6364176.905604 ], [ 621723.80886, 6364104.880523 ], [ 622074.465256, 6363840.793853 ], [ 622359.443152, 6364053.434416 ], [ 622660.005778, 6363887.094162 ], [ 623421.431095, 6363127.45845 ], [ 623645.183271, 6362803.391017 ], [ 623504.920713, 6362407.325606 ], [ 623817.728482, 6362208.442671 ], [ 623870.048643, 6361959.845635 ], [ 623792.124999, 6361615.250895 ], [ 623985.820913, 6361452.387662 ], [ 624611.436451, 6361147.241908 ], [ 624755.038594, 6361418.101069 ], [ 624771.736518, 6361843.264735 ], [ 625159.128346, 6362258.162963 ], [ 625249.297133, 6362523.914347 ], [ 625585.481996, 6363010.861317 ], [ 625766.932766, 6363482.403818 ], [ 625658.95286, 6363856.227261 ], [ 625657.839665, 6364156.326947 ], [ 625560.991708, 6364377.550164 ], [ 625162.467931, 6364782.283714 ], [ 625294.938125, 6365169.885852 ], [ 625653.386885, 6365816.50098 ], [ 626130.947501, 6366360.245139 ], [ 626532.810862, 6366588.38805 ], [ 626683.092175, 6366828.545189 ], [ 627040.42774, 6366914.317264 ], [ 626787.732496, 6367319.173302 ], [ 627250.821578, 6367499.306215 ], [ 627191.822248, 6367718.902049 ], [ 628241.565046, 6368173.552334 ], [ 628173.660157, 6368700.291236 ], [ 628711.333297, 6368686.564721 ], [ 628968.481321, 6368921.634398 ], [ 629153.271676, 6368736.323446 ], [ 629683.152452, 6368890.748955 ], [ 629921.376162, 6369033.166113 ], [ 630125.09083, 6369324.871462 ], [ 630386.691634, 6369144.699312 ], [ 630528.067387, 6369208.188104 ], [ 630671.66953, 6368962.815166 ], [ 630947.741867, 6368741.470917 ], [ 631095.79679, 6368449.785872 ], [ 631271.681585, 6368401.744603 ], [ 631754.808175, 6368542.437668 ], [ 632168.916681, 6368532.142974 ], [ 632480.611255, 6368410.32338 ], [ 632438.309849, 6367965.954239 ], [ 633412.355393, 6368084.335994 ], [ 633570.42907, 6367828.702123 ], [ 633887.689619, 6367698.314695 ], [ 634391.966912, 6367252.267778 ], [ 634548.927394, 6366981.220091 ], [ 634752.642063, 6366873.146558 ], [ 635049.865103, 6366843.984098 ], [ 635273.617279, 6366974.358238 ], [ 635358.220092, 6366813.106309 ], [ 635716.668853, 6366898.878225 ], [ 635875.855725, 6367053.269887 ], [ 636102.947486, 6367091.010503 ], [ 636183.097519, 6366862.853914 ], [ 636461.396246, 6367042.977021 ], [ 636609.451169, 6366904.024568 ], [ 636961.22076, 6367029.253219 ], [ 637124.860411, 6367245.405703 ], [ 637095.917344, 6367456.417075 ], [ 637246.198656, 6367734.342598 ], [ 637564.5724, 6367641.699733 ], [ 638225.810175, 6367928.209683 ], [ 638146.773337, 6367686.305429 ], [ 638543.070724, 6367449.554833 ], [ 638844.746544, 6366965.78093 ], [ 638819.143061, 6366758.212743 ], [ 639795.414995, 6366892.01644 ], [ 640166.1089, 6367060.131804 ], [ 640343.10689, 6367245.405703 ], [ 640552.387533, 6367283.147184 ], [ 640731.611913, 6367483.866099 ], [ 640901.930734, 6367513.030786 ], [ 640717.140379, 6368031.149781 ], [ 640896.364759, 6368417.186409 ], [ 640950.91131, 6368777.503303 ], [ 640775.026514, 6369203.040346 ], [ 640713.800794, 6369752.152329 ], [ 640841.818209, 6369971.807196 ], [ 641147.946809, 6370081.636789 ], [ 641013.250225, 6370629.090132 ], [ 641201.380164, 6370737.212106 ], [ 641471.886527, 6370582.75257 ], [ 641765.769982, 6370634.238766 ], [ 642474.875139, 6370979.204436 ], [ 642804.380832, 6370932.864939 ], [ 642960.228119, 6370795.564227 ], [ 643120.528185, 6370416.282703 ], [ 643295.299786, 6370169.158276 ], [ 643503.467234, 6370368.23016 ], [ 643614.786725, 6370124.539364 ], [ 644028.89523, 6369911.744747 ], [ 644260.439771, 6369561.675035 ], [ 644778.075403, 6369112.097147 ], [ 644759.15109, 6368997.132628 ], [ 645343.578417, 6368815.251684 ], [ 645697.574397, 6368645.38531 ], [ 646089.419005, 6368641.953702 ], [ 646519.112239, 6368799.809144 ], [ 646760.675534, 6368648.81692 ], [ 647025.615922, 6368230.170889 ], [ 647402.988996, 6368405.176113 ], [ 647611.156444, 6368101.492909 ], [ 647598.9113, 6367955.660252 ], [ 646560.300451, 6367430.683697 ], [ 646604.828247, 6367142.475254 ], [ 646981.088126, 6367329.466507 ], [ 647075.709693, 6367296.871401 ], [ 647361.800785, 6366861.138474 ], [ 647413.00775, 6366612.403454 ], [ 647567.741843, 6366475.173499 ], [ 647794.833604, 6366540.357447 ], [ 648669.804801, 6366972.642776 ], [ 649767.414981, 6367413.528155 ], [ 649980.035208, 6366531.780583 ], [ 650760.384839, 6365265.93163 ], [ 650458.709019, 6365181.891514 ], [ 649959.9977, 6364888.615261 ], [ 649631.605202, 6364804.578927 ], [ 649484.663474, 6364639.938755 ], [ 649500.248203, 6364135.748339 ], [ 649678.359388, 6363806.497493 ], [ 649724.000379, 6363494.407064 ], [ 649906.564344, 6363446.394183 ], [ 650239.409622, 6363014.290622 ], [ 650777.082762, 6362805.105627 ], [ 651059.834269, 6362597.640417 ], [ 651142.210692, 6362364.462506 ], [ 651105.47526, 6361956.416761 ], [ 651288.039225, 6361546.676517 ], [ 651934.805466, 6361229.52731 ], [ 652200.859049, 6361157.527539 ], [ 652225.349337, 6361025.529564 ], [ 652561.5342, 6360468.418141 ], [ 652760.796088, 6360273.009362 ], [ 653344.11022, 6359921.627835 ], [ 653563.409617, 6360099.887843 ], [ 653855.066683, 6359853.067302 ], [ 654255.816849, 6359863.351346 ], [ 654717.792736, 6360012.471404 ], [ 655098.505395, 6359962.764424 ], [ 655362.332588, 6359834.213254 ], [ 655618.367417, 6359566.833131 ], [ 656050.287041, 6359601.112158 ], [ 655861.043907, 6359462.282965 ], [ 655893.326559, 6359176.062128 ], [ 656269.586438, 6358841.864528 ], [ 656246.209345, 6358350.01843 ], [ 656465.508742, 6357923.318173 ], [ 656650.299096, 6357296.159598 ], [ 656454.376793, 6356896.92733 ], [ 656552.337945, 6356838.671849 ], [ 656961.993671, 6357390.401746 ], [ 657216.915305, 6357253.322608 ], [ 657507.459176, 6357710.832968 ], [ 657734.550937, 6357291.019148 ], [ 657920.454486, 6357315.007943 ], [ 658205.432383, 6357015.152932 ], [ 658883.368082, 6357183.070418 ], [ 659126.044572, 6357433.239436 ], [ 659431.059976, 6357551.472595 ], [ 659707.132314, 6357522.342531 ], [ 660081.165803, 6357620.01432 ], [ 660122.354014, 6357356.131751 ], [ 660017.713693, 6357097.397811 ], [ 660359.46453, 6356720.448735 ], [ 660938.325882, 6356259.56583 ], [ 661248.907261, 6356293.831346 ], [ 661386.94343, 6355959.748536 ], [ 660832.572366, 6355671.934011 ], [ 660314.936733, 6355262.500598 ], [ 660593.23546, 6355062.073951 ], [ 660532.00974, 6354947.301872 ], [ 660884.892526, 6354769.151308 ], [ 661170.983618, 6354358.049055 ], [ 661174.323202, 6353957.243747 ], [ 661076.36205, 6353374.91117 ], [ 661068.569686, 6353054.645475 ], [ 661264.49199, 6352450.113057 ], [ 661529.432378, 6352061.38575 ], [ 661541.677522, 6351797.677915 ], [ 661336.849659, 6351422.679091 ], [ 660784.704985, 6351248.027823 ], [ 660616.612553, 6350962.087023 ], [ 660223.654751, 6350927.843269 ], [ 660599.91463, 6350323.463999 ], [ 660790.270959, 6349760.214842 ], [ 661293.435057, 6348902.573659 ], [ 661496.036531, 6348445.543183 ], [ 661491.583751, 6348200.776791 ], [ 660813.648052, 6347825.938594 ], [ 660706.781341, 6347683.881001 ], [ 660434.048589, 6347605.151322 ], [ 660253.711013, 6347690.727095 ], [ 659982.091456, 6347642.804555 ], [ 659792.848322, 6347226.916853 ], [ 659248.496012, 6346383.224422 ], [ 658842.17987, 6345940.020371 ], [ 658715.275651, 6345709.015949 ], [ 659024.743835, 6345276.113662 ], [ 658111.924011, 6344326.544508 ], [ 658453.674847, 6344056.236343 ], [ 659000.253547, 6343791.069064 ], [ 659807.319855, 6343775.672511 ], [ 660075.599828, 6343330.895396 ], [ 660098.976921, 6342992.196312 ], [ 660238.126285, 6342545.750202 ], [ 660467.444436, 6342335.364283 ], [ 660536.46252, 6342024.071206 ], [ 660437.388173, 6341589.648502 ], [ 660357.23814, 6340878.201567 ], [ 660595.46185, 6340536.181215 ], [ 660426.256224, 6340190.75479 ], [ 660805.855688, 6339633.314371 ], [ 660779.13901, 6339364.866994 ], [ 660537.575715, 6339159.690068 ], [ 660344.992996, 6339139.172651 ], [ 660038.864396, 6338961.357135 ], [ 660101.203311, 6338834.836847 ], [ 659559.077391, 6338390.321209 ], [ 659696.000365, 6338215.940727 ], [ 660432.935394, 6337903.090695 ], [ 660709.007731, 6337735.558307 ], [ 660580.990316, 6337494.52267 ], [ 660942.778661, 6337017.600184 ], [ 661085.26761, 6336979.994544 ], [ 661153.172499, 6336451.824016 ], [ 661250.020456, 6336233.044652 ], [ 661489.357361, 6336421.057824 ], [ 661794.372766, 6336521.902986 ], [ 661862.277655, 6336327.050712 ], [ 662202.915297, 6336417.639365 ], [ 662254.122263, 6336538.995506 ], [ 663032.245504, 6336439.859373 ], [ 663223.715028, 6335800.630315 ], [ 663661.200627, 6335486.161132 ], [ 663671.219381, 6335361.402161 ], [ 663416.297747, 6334682.950859 ], [ 663765.840948, 6334288.209682 ], [ 663603.314491, 6334119.040565 ], [ 663797.010405, 6333857.604081 ], [ 664388.116901, 6333826.847382 ], [ 664863.451127, 6333673.065575 ], [ 665510.217369, 6333580.797841 ], [ 665444.538869, 6333485.113853 ], [ 664265.665462, 6333532.955711 ], [ 663754.708999, 6333582.506494 ], [ 662826.304446, 6333249.325817 ], [ 662293.084085, 6333167.314137 ], [ 661742.052605, 6333023.795622 ], [ 661635.185894, 6332576.170276 ], [ 661650.770623, 6332090.984983 ], [ 661391.396209, 6331957.734768 ], [ 661944.654079, 6331686.115868 ], [ 662274.159771, 6331684.407601 ], [ 662434.459838, 6331006.252938 ], [ 662329.819517, 6330758.577842 ], [ 662661.551599, 6330481.873603 ], [ 663269.356019, 6330174.435126 ], [ 663613.333246, 6329843.097352 ], [ 663879.386829, 6329177.045447 ], [ 664045.25287, 6329107.027669 ], [ 664500.549587, 6329300.004905 ], [ 664645.264925, 6329139.47486 ], [ 664939.148381, 6328581.0591 ], [ 665630.442419, 6327515.561246 ], [ 665934.344629, 6327102.37564 ], [ 666271.642686, 6326801.889765 ], [ 666996.332571, 6327657.278338 ], [ 667114.331231, 6327889.49464 ], [ 667596.344626, 6328350.531295 ], [ 668332.16646, 6327954.379752 ], [ 668562.597806, 6327616.299657 ], [ 668651.653399, 6327215.060611 ], [ 668433.467197, 6326818.962538 ], [ 668502.485281, 6326347.766708 ], [ 668626.049916, 6326218.021765 ], [ 668307.676172, 6325818.556481 ], [ 668191.903902, 6325470.32017 ], [ 668372.241477, 6324939.458235 ], [ 668136.244157, 6324468.367655 ], [ 668245.337257, 6324053.624956 ], [ 668087.263581, 6323623.543007 ], [ 668169.640004, 6323275.39753 ], [ 667967.03853, 6322555.259949 ], [ 667928.076709, 6322101.366028 ], [ 667971.49131, 6321717.45231 ], [ 668186.337927, 6321560.479301 ], [ 668543.673493, 6321504.174479 ], [ 668888.763914, 6321357.442469 ], [ 669012.328549, 6321219.243729 ], [ 668621.597136, 6320579.464319 ], [ 668757.406915, 6320410.570668 ], [ 669090.252193, 6320188.796274 ], [ 668749.614551, 6319920.968833 ], [ 668963.347973, 6319564.447437 ], [ 668640.52145, 6319243.761664 ], [ 668688.388831, 6318955.496051 ], [ 668494.692917, 6318597.30993 ], [ 668764.086085, 6318651.889688 ], [ 668945.536855, 6318919.676753 ], [ 668807.500686, 6319049.309221 ], [ 669182.64737, 6319216.469822 ], [ 669324.023123, 6318655.300935 ], [ 669898.431696, 6318667.240309 ], [ 670251.314482, 6318534.202526 ], [ 670508.462505, 6318121.457657 ], [ 670905.873087, 6317688.267864 ], [ 671196.416958, 6317804.23775 ], [ 671484.73444, 6317597.880679 ], [ 671440.206643, 6317331.84101 ], [ 671020.532163, 6317045.346152 ], [ 670858.005706, 6316700.883099 ], [ 670707.724394, 6316133.061402 ], [ 670817.93069, 6316027.345075 ], [ 671041.682866, 6315416.944494 ], [ 671070.625934, 6314939.567053 ], [ 671020.532163, 6314542.341453 ], [ 671341.132296, 6314503.131359 ], [ 671272.114212, 6314216.732726 ], [ 670976.004367, 6313776.925217 ], [ 670510.688895, 6313654.192337 ], [ 670209.013075, 6313877.499327 ], [ 670060.958152, 6313384.868119 ], [ 670223.484609, 6313115.552512 ], [ 670481.745828, 6312895.674637 ], [ 670035.354669, 6312818.974403 ], [ 669553.341274, 6312542.859344 ], [ 668982.272287, 6312578.651527 ], [ 668908.801423, 6312358.787667 ], [ 668607.125603, 6311815.117958 ], [ 668437.919977, 6311615.724383 ], [ 667874.643353, 6311249.329691 ], [ 667969.26492, 6311039.725011 ], [ 667676.49466, 6310901.695508 ], [ 667765.550252, 6310712.547641 ], [ 668046.075369, 6310646.091291 ], [ 667942.548243, 6310412.646214 ], [ 667641.985617, 6310342.784347 ], [ 667430.478585, 6310092.308755 ], [ 666958.483944, 6310576.227487 ], [ 666726.939403, 6310255.883808 ], [ 666539.922659, 6310504.660289 ], [ 666140.285687, 6310102.532103 ], [ 666364.037863, 6309545.377736 ], [ 666611.167133, 6309119.44359 ], [ 666431.942752, 6309081.962416 ], [ 665786.289706, 6309122.850978 ], [ 665895.382807, 6308855.375233 ], [ 665943.250188, 6308102.399945 ], [ 665529.141682, 6308013.819041 ], [ 665638.234783, 6307671.428532 ], [ 665859.76057, 6307676.538736 ], [ 665656.045902, 6307082.072479 ], [ 665848.628621, 6306617.089423 ], [ 666005.589103, 6306569.400304 ], [ 666453.093456, 6306152.132021 ], [ 666984.087427, 6306087.41471 ], [ 667503.949449, 6306368.427695 ], [ 667668.702295, 6306206.631195 ], [ 667961.472556, 6306324.146239 ], [ 668167.413614, 6306312.224348 ], [ 668649.427009, 6306075.493154 ], [ 668573.729755, 6305656.54633 ], [ 668686.162441, 6305576.506014 ], [ 668735.143017, 6304968.565021 ], [ 669388.588428, 6305080.954169 ], [ 669552.228079, 6304360.667875 ], [ 669760.395527, 6304088.235201 ], [ 670212.35266, 6303768.138061 ], [ 671052.814815, 6303298.230237 ], [ 671382.320508, 6303328.875601 ], [ 671572.676837, 6302988.377815 ], [ 671256.529483, 6302913.470148 ], [ 670827.949444, 6302925.387232 ], [ 670407.161769, 6302755.144769 ], [ 669775.980256, 6302179.750688 ], [ 669781.54623, 6301636.737265 ], [ 669162.609862, 6300947.381892 ], [ 669021.234108, 6300845.259963 ], [ 668613.804772, 6300920.149256 ], [ 668217.507385, 6300783.9874 ], [ 668117.319843, 6301075.036042 ], [ 667869.077379, 6301330.350141 ], [ 667650.891177, 6301226.521474 ], [ 666984.087427, 6301350.775602 ], [ 666702.449115, 6301194.181659 ], [ 667090.954138, 6300705.695328 ], [ 667253.480595, 6300406.149764 ], [ 667546.250855, 6300152.56553 ], [ 667452.742483, 6299973.869812 ], [ 666966.276308, 6299711.789608 ], [ 666371.830227, 6299580.752561 ], [ 665844.175841, 6299391.858582 ], [ 666409.678854, 6298483.184525 ], [ 666290.566999, 6298244.97157 ], [ 666338.43438, 6297972.736432 ], [ 666625.638666, 6298068.01773 ], [ 666916.182537, 6297899.574736 ], [ 667096.520112, 6297499.748776 ], [ 667619.721719, 6297749.850455 ], [ 667371.479255, 6297348.330276 ], [ 667344.762577, 6297120.356987 ], [ 667460.534847, 6296968.945298 ], [ 667192.254875, 6296637.210086 ], [ 666768.127615, 6296727.372724 ], [ 666483.149718, 6296664.428894 ], [ 666565.526141, 6296499.416218 ], [ 667099.859697, 6296174.503787 ], [ 667122.123595, 6295837.696782 ], [ 667558.495999, 6295364.828833 ], [ 667723.248846, 6295247.466434 ], [ 667725.475235, 6294970.225511 ], [ 667875.756548, 6294744.017275 ], [ 668296.544223, 6294538.224074 ], [ 668464.636654, 6294225.291967 ], [ 668416.769273, 6293881.760303 ], [ 667909.152395, 6293325.676811 ], [ 667627.514084, 6293179.43464 ], [ 666306.151728, 6293196.439414 ], [ 660302.691589, 6293393.697289 ], [ 660220.315166, 6292817.241107 ], [ 660096.750531, 6292609.794537 ], [ 659984.317846, 6291985.785189 ], [ 659756.11289, 6291553.936529 ], [ 659851.847652, 6291465.529293 ], [ 659562.416976, 6290845.004563 ], [ 659544.605857, 6290469.311765 ], [ 659757.226084, 6290131.03256 ], [ 660362.804114, 6289695.879252 ], [ 660485.255554, 6289537.801769 ], [ 660776.91262, 6289583.694927 ], [ 661100.852338, 6289813.164458 ], [ 661307.906591, 6289512.305678 ], [ 661108.644703, 6289330.435798 ], [ 661440.376785, 6288772.952545 ], [ 661609.582411, 6288334.470247 ], [ 661153.172499, 6288072.751358 ], [ 660563.179198, 6287651.299035 ], [ 660557.613223, 6287367.510333 ], [ 660725.705654, 6287061.640978 ], [ 660737.950798, 6286679.319867 ], [ 660883.779331, 6286548.485064 ], [ 661412.546913, 6286424.448746 ], [ 661646.317843, 6286060.845931 ], [ 662062.652739, 6286004.777732 ], [ 662436.686228, 6285862.060359 ], [ 662586.96754, 6285128.123404 ], [ 662572.496007, 6284869.901499 ], [ 662707.192591, 6284030.734842 ], [ 662953.208665, 6283405.660841 ], [ 663269.356019, 6282840.076687 ], [ 663441.90123, 6282816.299204 ], [ 663864.915295, 6283033.695827 ], [ 664283.47658, 6282853.66385 ], [ 664383.664122, 6282717.793201 ], [ 664535.058629, 6282060.5498 ], [ 664696.471891, 6281816.007172 ], [ 664930.242822, 6281882.236768 ], [ 665479.047911, 6281877.142165 ], [ 665538.047241, 6282187.918557 ], [ 665902.061976, 6282277.92697 ], [ 666041.21134, 6282026.585123 ], [ 666261.623932, 6281977.336583 ], [ 666504.300421, 6282264.340733 ], [ 666567.752531, 6282031.679816 ], [ 667024.162443, 6281671.662416 ], [ 667468.327212, 6281253.925611 ], [ 667714.343286, 6281141.853398 ], [ 668110.640674, 6280824.323536 ], [ 668361.109528, 6280820.927559 ], [ 668522.52279, 6280703.767196 ], [ 668952.216024, 6280890.545356 ], [ 668904.348643, 6281007.70831 ], [ 669325.136318, 6281201.285447 ], [ 669551.114884, 6281150.343665 ], [ 669758.169137, 6280851.491399 ], [ 669764.848307, 6280506.80561 ], [ 669949.638662, 6279747.86727 ], [ 669993.053263, 6279097.64548 ], [ 670414.954133, 6278557.81267 ], [ 670840.194588, 6278206.430601 ], [ 671626.110193, 6277451.093503 ], [ 672015.728411, 6277600.45818 ], [ 672673.626601, 6277367.92568 ], [ 672938.566989, 6277155.766574 ], [ 672921.869066, 6276376.764027 ], [ 672699.230084, 6275876.13581 ], [ 672636.891169, 6275511.289862 ], [ 672752.66344, 6274942.840356 ], [ 672904.057947, 6274757.890403 ], [ 673066.584404, 6274354.068793 ], [ 673117.79137, 6273984.198701 ], [ 673018.717023, 6273811.145777 ], [ 672525.571678, 6273570.23486 ], [ 672886.246829, 6273147.809054 ], [ 672948.585743, 6272900.131452 ], [ 672857.303761, 6272392.923944 ], [ 672919.642676, 6271987.519091 ], [ 672574.552254, 6271933.240419 ], [ 672261.744485, 6272057.064149 ], [ 672296.253527, 6272321.679842 ], [ 671999.030487, 6272620.230569 ], [ 671200.869738, 6273254.685877 ], [ 671212.001687, 6272705.048039 ], [ 671446.885813, 6272196.15598 ], [ 671715.165786, 6271977.341814 ], [ 672041.331894, 6271914.582206 ], [ 672450.98762, 6271724.610019 ], [ 672645.796729, 6271526.16149 ], [ 672752.66344, 6271041.084696 ], [ 672944.132964, 6271098.74971 ], [ 673012.037853, 6270903.707864 ], [ 673253.601148, 6270990.204127 ], [ 674325.607845, 6271161.503261 ], [ 674810.960824, 6271114.014044 ], [ 675127.108178, 6271639.802385 ], [ 675596.876429, 6271600.791159 ], [ 675882.967521, 6271717.825377 ], [ 676136.77596, 6271605.87957 ], [ 676218.039188, 6271244.610031 ], [ 676014.32452, 6270830.78033 ], [ 675920.816148, 6270471.239821 ], [ 675644.743811, 6270123.585474 ], [ 675796.138318, 6269942.132541 ], [ 676228.057942, 6269606.370094 ], [ 676590.959482, 6269384.231562 ], [ 676697.826193, 6268958.623655 ], [ 676969.445751, 6268594.076146 ], [ 677492.647358, 6268841.627625 ], [ 677792.096788, 6269055.273769 ], [ 678346.467852, 6269363.883286 ], [ 678911.970865, 6269558.889612 ], [ 679577.66142, 6269713.202154 ], [ 679739.074682, 6269450.363797 ], [ 680045.203282, 6269660.633829 ], [ 680288.992966, 6269664.025324 ], [ 680878.986268, 6269462.233741 ], [ 680852.26959, 6269085.795088 ], [ 680500.499999, 6268889.10408 ], [ 680542.801405, 6268651.724473 ], [ 681280.849629, 6268217.67614 ], [ 681070.455792, 6267807.385309 ], [ 681716.108838, 6267454.754551 ], [ 681938.74782, 6267520.871698 ], [ 681632.61922, 6266283.380037 ], [ 682325.026453, 6266279.989898 ], [ 682252.668784, 6266040.988495 ], [ 682367.32786, 6265735.890135 ], [ 682063.42565, 6265446.056887 ], [ 681989.954786, 6265188.43567 ], [ 681786.240118, 6264932.517099 ], [ 681819.635965, 6264534.24863 ], [ 682296.083385, 6264176.670365 ], [ 682634.494637, 6263791.994036 ], [ 683483.862352, 6263581.869861 ], [ 683714.293698, 6263492.060314 ], [ 684229.70294, 6263429.363648 ], [ 684569.227387, 6263541.201269 ], [ 684589.264896, 6263929.255388 ], [ 684457.907897, 6264186.838258 ], [ 684605.962819, 6264569.837816 ], [ 684896.50669, 6264744.396464 ], [ 685030.090079, 6264996.919719 ], [ 685318.40756, 6265135.895464 ], [ 685427.500661, 6265313.855545 ], [ 685630.102135, 6265386.735517 ], [ 685861.646676, 6265335.888959 ], [ 686056.455784, 6265105.388398 ], [ 686551.827518, 6264995.224906 ], [ 687007.124236, 6265401.989543 ], [ 687262.04587, 6265218.943036 ], [ 686947.011711, 6264678.301018 ], [ 686728.825509, 6264437.650168 ], [ 686833.46583, 6264241.06723 ], [ 687056.104812, 6264291.907207 ], [ 687115.104142, 6264081.770614 ], [ 687580.419613, 6263807.245188 ], [ 688159.280965, 6264007.207271 ], [ 688247.223363, 6263917.393208 ], [ 688565.597107, 6264046.183482 ], [ 688892.87641, 6264037.710378 ], [ 689058.742451, 6264173.281069 ], [ 689612.00032, 6264115.66326 ], [ 690247.634613, 6264188.532908 ], [ 690837.627914, 6264295.29655 ], [ 690823.15638, 6264617.290295 ], [ 691359.716326, 6264505.438447 ], [ 691497.752494, 6264422.39788 ], [ 691729.297035, 6264624.069243 ], [ 692263.630591, 6264512.217305 ], [ 692676.625902, 6264537.63807 ], [ 692771.247469, 6264173.281069 ], [ 693045.093416, 6264166.502483 ], [ 692998.33923, 6263407.3352 ], [ 692845.831528, 6263398.862735 ], [ 692809.096096, 6262836.310062 ], [ 692862.529452, 6262521.161359 ], [ 693342.316457, 6262541.493179 ], [ 693774.236081, 6262671.956854 ], [ 693756.424963, 6262780.395726 ], [ 694083.704266, 6262900.696726 ], [ 694257.362671, 6262128.089105 ], [ 694719.338558, 6262272.100527 ], [ 694822.865684, 6261907.841085 ], [ 695108.956776, 6261992.551183 ], [ 695249.219334, 6261938.336622 ], [ 695695.610492, 6262319.54012 ], [ 696016.210626, 6262494.052341 ], [ 696075.209956, 6262749.897153 ], [ 696426.979547, 6262899.002333 ], [ 696325.67881, 6263195.526127 ], [ 696927.917255, 6263339.555719 ], [ 697079.311763, 6263309.05513 ], [ 697144.990262, 6263586.953449 ], [ 697444.439693, 6263456.475663 ], [ 697847.416249, 6263458.170166 ], [ 698111.243442, 6263553.062921 ], [ 698173.582357, 6263310.749605 ], [ 698457.447059, 6263068.443228 ], [ 698320.524085, 6262922.723854 ], [ 698530.917923, 6262721.093046 ], [ 698786.952752, 6262661.790781 ], [ 699134.269563, 6262934.58464 ], [ 699398.096756, 6262736.342267 ], [ 699953.581015, 6262599.100268 ], [ 700066.013701, 6261816.35513 ], [ 699855.619863, 6261719.787696 ], [ 699960.260184, 6261250.519542 ], [ 700021.485904, 6260672.864158 ], [ 700368.802716, 6260777.889477 ], [ 701381.810082, 6260932.041902 ], [ 701813.729706, 6261067.562837 ], [ 702557.343905, 6261479.220987 ], [ 702850.114165, 6261089.585194 ], [ 702434.892465, 6260586.473341 ], [ 702330.252143, 6260193.490951 ], [ 702385.911889, 6259924.173043 ], [ 702786.662056, 6259736.163734 ], [ 703058.281613, 6259714.144899 ], [ 703130.639282, 6259373.707125 ], [ 703474.616509, 6259234.825996 ], [ 703803.009007, 6259292.410578 ], [ 703810.801371, 6259146.756218 ], [ 704290.588376, 6259151.837141 ], [ 704427.51135, 6258550.615659 ], [ 704174.816106, 6258388.039158 ], [ 704469.812757, 6257930.80949 ], [ 704309.51269, 6257336.447845 ], [ 703752.915236, 6257029.969973 ], [ 703019.319791, 6256794.616047 ], [ 702713.191192, 6256637.152684 ], [ 702331.365338, 6256594.824323 ], [ 702224.498627, 6256418.740612 ], [ 702244.536136, 6256110.60293 ], [ 701879.408206, 6256095.365644 ], [ 701962.897824, 6255814.327275 ], [ 701643.410885, 6255656.882146 ], [ 701375.130912, 6255038.980635 ], [ 701084.587041, 6254702.116341 ], [ 701469.75248, 6254392.348443 ], [ 702069.764535, 6254360.187398 ], [ 702425.986906, 6254189.228105 ], [ 702157.706933, 6253889.6345 ], [ 702231.177797, 6253674.678389 ], [ 702539.532786, 6253359.870626 ], [ 702696.493268, 6252407.056085 ], [ 702616.343235, 6251787.699511 ], [ 702164.386102, 6251537.262173 ], [ 701712.42897, 6251917.997541 ], [ 701559.921267, 6252192.137606 ], [ 701087.926626, 6252310.595936 ], [ 700805.17512, 6251713.244393 ], [ 700989.965474, 6251437.427731 ], [ 701022.248127, 6251208.997418 ], [ 700797.382755, 6250977.189252 ], [ 700836.344577, 6250860.441556 ], [ 701220.39682, 6250938.273174 ], [ 701176.982219, 6250254.732967 ], [ 701306.112828, 6249967.121152 ], [ 701249.339888, 6249733.655212 ], [ 700834.118187, 6249779.332825 ], [ 700170.654022, 6249606.774249 ], [ 699974.731718, 6249320.87611 ], [ 699817.771236, 6249358.093073 ], [ 699589.56628, 6249234.601052 ], [ 699553.944043, 6248838.762053 ], [ 699691.980212, 6248564.730504 ], [ 700029.278269, 6248349.9095 ], [ 700089.390794, 6248209.517615 ], [ 700552.479876, 6248207.826161 ], [ 700957.682822, 6247950.729032 ], [ 701415.205929, 6247835.714421 ], [ 701683.485902, 6247448.397289 ], [ 701714.655359, 6246876.756321 ], [ 702019.670764, 6246614.626172 ], [ 702297.969491, 6246563.892241 ], [ 702500.570964, 6246697.492246 ], [ 702684.248124, 6246983.301861 ], [ 702865.698894, 6246957.933754 ], [ 703076.092732, 6247245.443417 ], [ 703484.635263, 6247193.014457 ], [ 703617.105457, 6247390.893198 ], [ 704027.874378, 6247270.812385 ], [ 704334.002978, 6247049.259295 ], [ 704464.246782, 6247079.701361 ], [ 705158.880405, 6246837.859077 ], [ 705648.686164, 6246751.609303 ], [ 705726.609808, 6246366.032814 ], [ 705601.931978, 6246159.722776 ], [ 705628.648656, 6245960.181781 ], [ 705509.536801, 6245723.444322 ], [ 705545.159038, 6245522.222683 ], [ 704863.883754, 6245275.352241 ], [ 704423.05857, 6245255.061839 ], [ 703961.082684, 6245439.368102 ], [ 703986.686166, 6245643.969658 ], [ 703620.445042, 6246034.586348 ], [ 703202.996951, 6246180.015344 ], [ 703099.469825, 6246085.31711 ], [ 702961.433656, 6245613.53275 ], [ 702665.323811, 6245326.078457 ], [ 702423.760516, 6245368.350535 ], [ 701992.954086, 6245552.659263 ], [ 701736.919258, 6245594.932472 ], [ 701474.205259, 6245479.949836 ], [ 701437.469827, 6245092.740377 ], [ 702093.141628, 6244570.289281 ], [ 702679.795345, 6244609.176118 ], [ 703225.260849, 6244847.573231 ], [ 703407.824814, 6244707.239366 ], [ 703918.781277, 6244626.083493 ], [ 704144.759843, 6244463.774079 ], [ 704637.905188, 6244894.915299 ], [ 704982.995609, 6244828.974633 ], [ 705069.824812, 6244451.939139 ], [ 704995.240753, 6244326.827929 ], [ 704936.241423, 6243468.006235 ], [ 705163.333184, 6243358.123912 ], [ 705540.706258, 6243009.890887 ], [ 705841.268883, 6242812.114423 ], [ 706169.661381, 6242854.373964 ], [ 706430.148989, 6243025.104652 ], [ 706885.445707, 6243167.101112 ], [ 707002.331172, 6243099.483454 ], [ 707237.215298, 6243239.790697 ], [ 707384.157025, 6243148.506202 ], [ 707242.781272, 6242744.499597 ], [ 707384.157025, 6242433.478342 ], [ 706803.069284, 6242326.989992 ], [ 706404.545507, 6241990.630815 ], [ 706387.847583, 6241664.425871 ], [ 706707.334521, 6241243.589333 ], [ 707046.858968, 6240936.003152 ], [ 707335.17645, 6240525.342297 ], [ 707496.589711, 6240104.562303 ], [ 707485.457762, 6239648.31844 ], [ 707552.249457, 6239464.138059 ], [ 707448.72233, 6239089.030758 ], [ 707582.305719, 6238595.671648 ], [ 707411.986898, 6238399.687641 ], [ 707473.212618, 6237816.830939 ], [ 707757.07732, 6237467.136149 ], [ 708052.07397, 6237450.243046 ], [ 708262.467808, 6237683.370839 ], [ 708486.219984, 6237610.728883 ], [ 708714.42494, 6237774.596503 ], [ 708676.576314, 6238080.378572 ], [ 708862.479863, 6238291.560472 ], [ 709171.948048, 6238394.619149 ], [ 709579.377384, 6238207.087081 ], [ 709754.148984, 6238212.155461 ], [ 709974.561576, 6237948.603732 ], [ 710473.272895, 6237619.17559 ], [ 710589.045165, 6237801.626518 ], [ 710910.758494, 6237852.308028 ], [ 711373.847576, 6237588.767484 ], [ 711873.672089, 6236728.938945 ], [ 711995.010334, 6236720.493125 ], [ 712226.554875, 6236953.600857 ], [ 712543.815424, 6236928.262749 ], [ 712672.946033, 6237195.161281 ], [ 712829.906515, 6237169.822452 ], [ 713034.734378, 6237457.000283 ], [ 713341.976173, 6237652.962503 ], [ 713455.522053, 6237511.058374 ], [ 713698.198543, 6237793.179629 ], [ 714129.004973, 6237908.058039 ], [ 714417.322454, 6238043.211102 ], [ 714733.469808, 6238291.560472 ], [ 715080.786619, 6238266.218366 ], [ 715441.461769, 6238762.937445 ], [ 715662.987556, 6238783.212311 ], [ 715698.609793, 6239023.135243 ], [ 716001.398808, 6239016.376758 ], [ 716175.057213, 6238860.933081 ], [ 716409.941339, 6238838.968443 ], [ 716673.768532, 6238384.482174 ], [ 716995.481861, 6238176.676866 ], [ 716964.312403, 6237859.065586 ], [ 717377.307714, 6237372.535205 ], [ 717715.718966, 6237473.893399 ], [ 717798.095389, 6237326.924413 ], [ 718247.826132, 6237620.864932 ], [ 718454.880385, 6237259.353321 ], [ 718207.751115, 6236884.343543 ], [ 718306.825462, 6236757.654798 ], [ 718174.355268, 6236279.632977 ], [ 718396.99425, 6236174.910947 ], [ 718490.502622, 6235950.269664 ], [ 718497.181791, 6235659.764947 ], [ 718410.352589, 6235306.781329 ], [ 719101.646626, 6235193.62701 ], [ 719250.814744, 6235452.026398 ], [ 719562.509318, 6235624.29703 ], [ 719722.809385, 6235882.709539 ], [ 719785.1483, 6235369.270181 ], [ 720268.27489, 6235320.292393 ], [ 720492.027066, 6235132.828298 ], [ 720676.817421, 6235374.336865 ], [ 721214.490562, 6235283.137018 ], [ 721690.937982, 6235409.803737 ], [ 721993.726997, 6235406.425934 ], [ 722214.139589, 6235237.537462 ], [ 722587.059883, 6235102.429106 ], [ 722976.678101, 6234594.103199 ], [ 723169.26082, 6234572.14961 ], [ 723921.780578, 6233786.92399 ], [ 724294.700872, 6233545.460618 ], [ 724902.505292, 6233298.938671 ], [ 724805.657335, 6233022.032151 ], [ 724617.527395, 6233070.99667 ], [ 724134.400805, 6232976.444749 ], [ 723958.51601, 6232377.077618 ], [ 724139.96678, 6232095.136458 ], [ 724423.831481, 6232275.780315 ], [ 724560.754455, 6232193.055081 ], [ 724898.052512, 6232387.207415 ], [ 725304.368653, 6232866.698304 ], [ 725177.464434, 6233177.368842 ], [ 725967.832819, 6232942.676461 ], [ 726301.791291, 6232971.379497 ], [ 726583.429603, 6232557.727478 ], [ 726880.652643, 6232589.805893 ], [ 727445.042461, 6232365.259537 ], [ 727876.962086, 6232782.278928 ], [ 728050.620491, 6233199.318821 ], [ 728350.069921, 6233114.896135 ], [ 728702.952707, 6233170.615013 ], [ 728901.101401, 6233412.067716 ], [ 729194.984857, 6233094.634815 ], [ 729548.980837, 6233386.740187 ], [ 729604.640583, 6233238.153539 ], [ 730258.085994, 6233457.657459 ], [ 730500.762484, 6233618.067762 ], [ 730536.384721, 6233037.228006 ], [ 730754.570923, 6232446.298138 ], [ 730899.286261, 6232463.181277 ], [ 731160.887064, 6232118.771884 ], [ 731554.958061, 6231416.490171 ], [ 731697.44701, 6231283.130741 ], [ 731842.162348, 6230758.153856 ], [ 731986.877686, 6230788.537485 ], [ 732141.611778, 6230422.253213 ], [ 732493.381369, 6229953.027339 ], [ 732986.526713, 6229689.732099 ], [ 733307.126847, 6229581.715903 ], [ 733538.671387, 6229590.154619 ], [ 733849.252767, 6229239.111126 ], [ 734134.230663, 6229039.967908 ], [ 734483.773864, 6227865.455515 ], [ 734593.98016, 6226756.905432 ], [ 734999.183107, 6226794.023487 ], [ 735313.104071, 6226989.739556 ], [ 735633.704204, 6226861.511277 ], [ 735807.36261, 6226893.568165 ], [ 736402.921885, 6226714.72602 ], [ 736947.274195, 6226168.099804 ], [ 737340.231998, 6226417.788894 ], [ 737746.548139, 6226227.147237 ], [ 737976.979485, 6225994.33403 ], [ 738168.449009, 6225650.187071 ], [ 738540.256109, 6225142.427088 ], [ 738882.006945, 6224886.028272 ], [ 739000.005606, 6224302.412472 ], [ 739429.69884, 6224519.998643 ], [ 739848.260126, 6224951.814072 ], [ 739825.996227, 6225091.821445 ], [ 740165.520674, 6225201.467386 ], [ 740322.481156, 6225015.913546 ], [ 740727.684103, 6225107.003106 ], [ 741248.65932, 6225464.623423 ], [ 741902.104731, 6224698.794554 ], [ 742121.404128, 6224175.911448 ], [ 742557.776531, 6223717.150213 ], [ 743006.394079, 6222826.684455 ], [ 743213.448332, 6222231.406212 ], [ 742964.092673, 6222115.053584 ], [ 742706.944649, 6222113.367326 ], [ 742667.982827, 6221828.394492 ], [ 742479.852888, 6221846.942729 ], [ 742531.059854, 6221425.401898 ], [ 742730.321742, 6220823.477865 ], [ 742594.511963, 6220396.930081 ], [ 742639.03976, 6219734.390431 ], [ 742512.13554, 6219385.439944 ], [ 742111.385373, 6219247.212315 ], [ 742250.534737, 6219051.674633 ], [ 742155.91317, 6218706.123356 ], [ 742417.513973, 6218640.385924 ], [ 742672.435607, 6219021.332982 ], [ 742773.736344, 6219506.812401 ], [ 742983.016986, 6219442.754499 ], [ 743315.862264, 6219584.356822 ], [ 743488.407474, 6220032.779754 ], [ 743429.408144, 6220449.193677 ], [ 744233.134868, 6221008.940107 ], [ 744003.816717, 6221317.490809 ], [ 744256.511961, 6221450.693758 ], [ 744495.848866, 6221349.526771 ], [ 744589.357238, 6221025.800511 ], [ 745033.522007, 6220840.337902 ], [ 745212.746387, 6220663.309189 ], [ 745241.689454, 6220236.769449 ], [ 744775.260788, 6220027.72222 ], [ 744981.201846, 6219530.412802 ], [ 745340.763801, 6219341.611428 ], [ 745793.834129, 6219280.926164 ], [ 746285.866278, 6219843.967213 ], [ 746531.882353, 6219446.125956 ], [ 746665.465742, 6219493.326486 ], [ 746854.708876, 6219233.726813 ], [ 747102.951341, 6219292.726042 ], [ 747576.059176, 6218635.32922 ], [ 747872.169022, 6218753.319775 ], [ 748193.88235, 6219055.045934 ], [ 748417.634527, 6218736.463881 ], [ 748504.46373, 6218399.353027 ], [ 748743.800635, 6218109.448392 ], [ 749142.324412, 6218050.457381 ], [ 749602.073909, 6217895.39725 ], [ 749868.127492, 6218433.06351 ], [ 750337.895743, 6218837.599746 ], [ 750573.893063, 6218733.092706 ], [ 751227.338474, 6218554.422358 ], [ 751425.487168, 6218451.604333 ], [ 751688.201166, 6218650.499342 ], [ 752071.140215, 6219078.64508 ], [ 752506.399424, 6219014.590408 ], [ 752695.642558, 6218630.272518 ], [ 752588.775847, 6218362.271649 ], [ 752264.836129, 6218124.617575 ], [ 752221.421527, 6218004.95031 ], [ 752465.211212, 6217801.014208 ], [ 752390.627153, 6217563.375835 ], [ 752451.852873, 6217187.549994 ], [ 752775.792591, 6216751.073584 ], [ 752832.565532, 6216329.785577 ], [ 752959.469751, 6216034.896401 ], [ 753424.785223, 6215945.589128 ], [ 753945.76044, 6215945.589128 ], [ 754274.152937, 6216245.530483 ], [ 754521.282207, 6216329.785577 ], [ 754602.545435, 6216058.487159 ], [ 754090.475778, 6215330.57396 ], [ 754572.489173, 6215020.555793 ], [ 755023.33311, 6214456.149585 ], [ 757689.434915, 6215123.332301 ], [ 758141.392048, 6215248.013669 ], [ 758837.138865, 6215123.332301 ], [ 759428.245361, 6214853.75722 ], [ 759999.314349, 6214877.344698 ], [ 760349.970745, 6214680.222786 ], [ 760666.118099, 6214686.961921 ], [ 761050.170342, 6214516.800395 ], [ 761053.509927, 6214056.875895 ], [ 761157.037053, 6213787.334644 ], [ 761605.654601, 6213189.32052 ], [ 761728.106041, 6212683.989276 ], [ 761759.275498, 6212080.999978 ], [ 761869.481794, 6211649.838333 ], [ 762111.045089, 6211506.684029 ], [ 762286.929885, 6211169.859884 ], [ 762729.981458, 6211105.864805 ], [ 762987.129482, 6210870.09762 ], [ 763244.277506, 6210868.413592 ], [ 763747.441604, 6210671.384642 ], [ 764391.981456, 6210710.116468 ], [ 764363.038388, 6210824.628986 ], [ 765022.049774, 6210859.993458 ], [ 765274.745018, 6211040.186146 ], [ 765616.495854, 6211082.287792 ], [ 765803.512599, 6211403.95125 ], [ 766485.901077, 6211454.475412 ], [ 766541.560823, 6211311.324399 ], [ 767119.30898, 6211294.483262 ], [ 767328.589623, 6211479.737606 ], [ 767504.474418, 6211287.746816 ], [ 767582.398062, 6211046.922396 ], [ 767800.584264, 6210912.198423 ], [ 768313.767116, 6210886.937916 ], [ 768674.442266, 6210600.657415 ], [ 769237.71889, 6210673.068631 ], [ 769564.998193, 6210826.313005 ], [ 770132.727596, 6211429.213294 ], [ 770230.688748, 6211811.521387 ], [ 770080.407435, 6212207.32101 ], [ 770283.008908, 6212572.820435 ], [ 770298.593637, 6212945.073334 ], [ 770963.170997, 6213177.529115 ], [ 771165.77247, 6213133.732612 ], [ 771445.184392, 6213246.59329 ], [ 771821.444271, 6212980.44663 ], [ 771959.48044, 6212768.209064 ], [ 771902.707499, 6212436.387935 ], [ 771938.329737, 6211910.890623 ], [ 772228.873607, 6211331.533808 ], [ 772630.736969, 6211245.644153 ], [ 772991.412119, 6210701.696491 ], [ 773118.316339, 6210427.209802 ], [ 772756.527994, 6210208.300392 ], [ 772528.323038, 6209795.755671 ], [ 773147.259407, 6209416.905705 ], [ 773772.874945, 6209095.317427 ], [ 774872.711514, 6208655.889239 ], [ 775067.520623, 6208767.006865 ], [ 775261.216537, 6208740.069126 ], [ 775398.13951, 6208893.278658 ], [ 775789.984118, 6209093.633751 ], [ 776426.731605, 6209268.737867 ], [ 776775.161611, 6209140.776812 ], [ 777031.19644, 6209245.165949 ], [ 777230.458329, 6209157.613683 ], [ 777433.059802, 6209357.975006 ], [ 777656.811979, 6209455.631816 ], [ 778131.033009, 6209169.399512 ], [ 778284.653907, 6208834.351588 ], [ 778478.349821, 6208928.635096 ], [ 778711.007556, 6208777.10854 ], [ 779200.813316, 6208610.432447 ], [ 779687.279491, 6208679.459523 ], [ 779995.63448, 6209001.032071 ], [ 780321.800588, 6209223.277798 ], [ 780453.157587, 6209056.592958 ], [ 780932.944593, 6208883.176845 ], [ 781151.130795, 6208580.128054 ], [ 781095.471049, 6207931.976619 ], [ 780477.647875, 6207628.96173 ], [ 780384.139503, 6207687.880446 ], [ 780142.576208, 6207443.79128 ], [ 778852.38331, 6206758.695675 ], [ 778461.651897, 6206669.485813 ], [ 778725.47909, 6206312.655724 ], [ 778489.48177, 6206152.760306 ], [ 778805.629124, 6205996.23402 ], [ 779167.417469, 6205996.23402 ], [ 779440.150221, 6205888.518679 ], [ 780071.331734, 6205334.816038 ], [ 780288.404741, 6205297.791616 ], [ 780491.006214, 6204905.679215 ], [ 781255.771116, 6204426.08133 ], [ 781373.769776, 6203896.03092 ], [ 781771.180358, 6203727.767856 ], [ 782003.838094, 6203833.773198 ], [ 782471.379955, 6203939.779862 ], [ 782764.150216, 6203907.809459 ], [ 783048.014918, 6203965.019738 ], [ 782990.128782, 6203537.634599 ], [ 783210.541374, 6202925.198843 ], [ 783577.895694, 6202529.831048 ], [ 784007.588928, 6202496.183574 ], [ 784184.586919, 6201954.477555 ], [ 784061.022284, 6201189.082201 ], [ 784147.851487, 6200879.579237 ], [ 784317.057113, 6200581.861467 ], [ 784705.562136, 6200260.607085 ], [ 785170.877607, 6200210.149384 ], [ 785254.367225, 6199749.316225 ], [ 785155.292878, 6199453.319769 ], [ 785233.216522, 6199160.69703 ], [ 785543.797901, 6199056.43159 ], [ 786353.090599, 6198703.283944 ], [ 786620.257377, 6198481.312924 ], [ 787549.775125, 6198143.32272 ], [ 787813.602319, 6198148.367251 ], [ 788379.105332, 6198007.121507 ], [ 788572.801246, 6198062.610627 ], [ 788543.858178, 6197383.314176 ], [ 788244.408748, 6197423.666906 ], [ 787705.622412, 6197253.85046 ], [ 787322.683364, 6197391.720979 ], [ 786737.142843, 6197354.731108 ], [ 785508.175664, 6196999.972786 ], [ 785887.775128, 6196687.259702 ], [ 786139.357177, 6196618.329869 ], [ 786517.843446, 6196631.779549 ], [ 787041.045052, 6196781.408669 ], [ 787819.168293, 6196656.997755 ], [ 788070.750342, 6196564.531363 ], [ 787628.811964, 6196290.500499 ], [ 787373.89033, 6195934.105457 ], [ 787072.21451, 6195234.807611 ], [ 786415.429514, 6194375.892961 ], [ 787134.553425, 6194192.69146 ], [ 787317.11739, 6193841.426216 ], [ 787820.281488, 6193189.355001 ], [ 788222.14485, 6192552.457363 ], [ 788354.615044, 6192693.612624 ], [ 788510.462331, 6193115.411933 ], [ 788678.554762, 6193164.147065 ], [ 788883.382625, 6193059.955054 ], [ 789303.057105, 6193123.814522 ], [ 790004.369897, 6193004.498536 ], [ 790209.19776, 6193105.328838 ], [ 790615.513902, 6193585.969686 ], [ 790855.964002, 6193564.121786 ], [ 790919.416112, 6193327.159704 ], [ 791503.843438, 6192787.717432 ], [ 792025.93185, 6192823.007003 ], [ 792349.871568, 6193075.079622 ], [ 792302.004187, 6192676.808304 ], [ 792484.568152, 6192688.571325 ], [ 792551.359847, 6192933.918036 ], [ 792947.657234, 6192727.221365 ], [ 792260.815976, 6192392.820303 ], [ 791370.260049, 6192394.500678 ], [ 791002.90573, 6192515.488514 ], [ 790437.402717, 6192431.469001 ], [ 790048.897694, 6192592.787199 ], [ 789702.694077, 6192619.673862 ], [ 789513.450943, 6192520.529711 ], [ 789178.379276, 6192105.481139 ], [ 788747.572846, 6191972.73708 ], [ 788410.274789, 6191766.063741 ], [ 787898.205132, 6191668.60976 ], [ 787665.547396, 6191448.502288 ], [ 787599.868896, 6191228.400504 ], [ 787105.610357, 6190810.054783 ], [ 786896.329714, 6190848.696297 ], [ 786589.08792, 6190539.569091 ], [ 786492.239963, 6190297.651279 ], [ 786261.808617, 6190364.849982 ], [ 785926.73695, 6190250.612502 ], [ 785284.423488, 6190133.016698 ], [ 784862.522618, 6189583.697804 ], [ 784526.337755, 6189504.746625 ], [ 784191.266088, 6189593.776731 ], [ 783843.949277, 6189377.082436 ], [ 783531.141508, 6189266.21772 ], [ 782801.998843, 6189195.668197 ], [ 782586.039031, 6189262.858206 ], [ 782311.079889, 6188947.069775 ], [ 781861.349146, 6188920.194704 ], [ 781414.957988, 6188533.874936 ], [ 781210.130125, 6188161.008995 ], [ 780955.208491, 6188095.507204 ], [ 780630.155578, 6187872.133091 ], [ 780196.009564, 6187408.608508 ], [ 779952.219879, 6187259.144002 ], [ 779729.580897, 6187238.991685 ], [ 779289.868908, 6187319.601239 ], [ 778974.83475, 6187227.236188 ], [ 778840.138166, 6187378.37952 ], [ 778606.367235, 6187385.097063 ], [ 778360.35116, 6187173.496984 ], [ 778006.35518, 6187294.410671 ], [ 777616.736962, 6186985.412437 ], [ 777175.911778, 6186800.690584 ], [ 776982.215864, 6186834.276078 ], [ 776816.349823, 6186473.238962 ], [ 776480.164961, 6186401.033375 ], [ 776383.317004, 6186065.201478 ], [ 775813.361211, 6185888.895031 ], [ 775370.309638, 6185665.578769 ], [ 775410.384654, 6185427.157342 ], [ 775159.9158, 6185148.447793 ], [ 774858.23998, 6185044.353794 ], [ 774795.901065, 6184745.510348 ], [ 774565.469719, 6184693.465651 ], [ 774341.717543, 6184530.618168 ], [ 774104.607027, 6184176.393671 ], [ 773828.53469, 6184080.705219 ], [ 773723.894369, 6183755.036786 ], [ 773779.554114, 6183432.738014 ], [ 773342.068515, 6183036.595806 ], [ 773249.673338, 6182783.141596 ], [ 772801.05579, 6182358.496801 ], [ 772605.133486, 6182340.034464 ], [ 772480.455657, 6182143.664807 ], [ 772100.856193, 6181871.775828 ], [ 771906.047084, 6181512.627139 ], [ 771622.182383, 6181304.529217 ], [ 771460.769121, 6180650.060805 ], [ 770998.793234, 6180297.67555 ], [ 770930.888345, 6180143.301836 ], [ 770547.949296, 6180265.793793 ], [ 770334.215874, 6179720.466416 ], [ 770205.085265, 6179698.654047 ], [ 769564.998193, 6178869.825362 ], [ 769056.26812, 6178732.254309 ], [ 768872.59096, 6178473.895161 ], [ 768538.632488, 6178158.506293 ], [ 768397.256734, 6178198.768052 ], [ 768321.559481, 6177809.579013 ], [ 768190.202481, 6177635.120728 ], [ 767731.566179, 6177406.988357 ], [ 767331.929207, 6176766.237434 ], [ 767157.157607, 6176648.827563 ], [ 766676.257407, 6176754.496374 ], [ 766369.015612, 6176546.514565 ], [ 765957.133496, 6176457.620662 ], [ 765642.099337, 6176491.165422 ], [ 765703.325057, 6177002.739367 ], [ 764877.334435, 6177029.57688 ], [ 764589.016954, 6177885.066878 ], [ 764350.793244, 6178435.309726 ], [ 764324.076566, 6178905.05733 ], [ 764354.132829, 6179388.253299 ], [ 764162.663305, 6179816.105926 ], [ 763395.672013, 6179227.184933 ], [ 763099.562168, 6179185.240545 ], [ 762829.055805, 6178467.184638 ], [ 762467.26746, 6177680.41244 ], [ 762233.496529, 6177542.860578 ], [ 761621.23933, 6177420.407739 ], [ 761238.300281, 6177150.346735 ], [ 761047.943952, 6177101.703116 ], [ 760118.426204, 6176445.880027 ], [ 759817.863579, 6175444.631068 ], [ 759521.753733, 6174760.42804 ], [ 759512.848174, 6174488.774415 ], [ 758661.25407, 6173467.635404 ], [ 758509.859562, 6173045.130882 ], [ 758124.694124, 6172939.508021 ], [ 757869.77249, 6173574.941473 ], [ 757718.377983, 6173697.339106 ], [ 757157.327749, 6173761.053637 ], [ 756907.97209, 6173858.30305 ], [ 756826.708861, 6174141.674041 ], [ 756304.62045, 6174225.513417 ], [ 756173.26345, 6173923.69552 ], [ 755497.554141, 6173194.346358 ], [ 755270.46238, 6172791.973516 ], [ 755199.217906, 6172342.679606 ], [ 755014.427551, 6172278.975668 ], [ 755144.671355, 6172701.442242 ], [ 755175.840813, 6173093.751368 ], [ 755296.065863, 6173341.887823 ], [ 755664.533377, 6173848.242714 ], [ 755746.909801, 6174079.633433 ], [ 754895.315696, 6174106.461749 ], [ 754647.073232, 6173955.553571 ], [ 754376.566869, 6173955.553571 ], [ 753932.402101, 6173717.459432 ], [ 753294.541418, 6173506.198367 ], [ 753231.089309, 6173940.4629 ], [ 753062.996878, 6174425.054447 ], [ 752933.866268, 6174420.023944 ], [ 752627.737669, 6174701.73671 ], [ 752765.773837, 6175115.938449 ], [ 753034.05381, 6175469.786638 ], [ 753052.978123, 6175657.617234 ], [ 752240.345841, 6175546.930846 ], [ 751412.128829, 6175677.742186 ], [ 750674.080605, 6175563.701419 ], [ 750219.897083, 6175634.138183 ], [ 750150.878998, 6175889.057051 ], [ 750164.237337, 6176242.937322 ], [ 749878.146246, 6176494.519906 ], [ 749597.621129, 6176464.329604 ], [ 749246.964733, 6176516.324079 ], [ 748928.59099, 6176360.341604 ], [ 748631.367949, 6176301.639261 ], [ 748304.088646, 6176373.759339 ], [ 747922.262793, 6176668.954854 ], [ 747706.302981, 6176975.901938 ], [ 747621.700168, 6177328.149913 ], [ 747405.740355, 6177507.634239 ], [ 746843.576927, 6176883.648921 ], [ 746627.617115, 6176434.139409 ], [ 746160.075254, 6176031.613688 ], [ 745784.92857, 6175855.514659 ], [ 745242.802649, 6176058.448144 ], [ 744790.845517, 6176278.158437 ], [ 744012.722276, 6176875.262333 ], [ 743952.609751, 6177361.698098 ], [ 743771.158981, 6177136.927778 ], [ 743407.144246, 6177383.504489 ], [ 743303.61712, 6177549.570374 ], [ 742435.325092, 6178031.011978 ], [ 742026.78256, 6178129.987663 ], [ 741662.767825, 6178088.048673 ], [ 741371.11076, 6177880.034333 ], [ 741079.453694, 6178047.787437 ], [ 740672.024357, 6178411.823025 ], [ 740415.989529, 6178185.347445 ], [ 739728.035075, 6178260.838637 ], [ 739774.789262, 6178552.7442 ], [ 740026.371311, 6179106.385655 ], [ 740084.257446, 6179342.952514 ], [ 739871.637219, 6179968.795788 ], [ 739863.844854, 6180113.098611 ], [ 739593.338492, 6180792.697073 ], [ 739473.113442, 6181195.447659 ], [ 739187.02235, 6181385.082649 ], [ 738713.914514, 6181856.671139 ], [ 738710.57493, 6182068.13922 ], [ 738908.723623, 6182262.82876 ], [ 738706.12215, 6182658.935 ], [ 739052.325766, 6183175.914907 ], [ 738998.892411, 6183300.129038 ], [ 739031.175063, 6184384.561733 ], [ 738915.402793, 6184451.713806 ], [ 738833.026369, 6184903.325244 ], [ 738574.765151, 6185114.868945 ], [ 738649.34921, 6185489.280592 ], [ 737958.055172, 6185806.619938 ], [ 737346.911167, 6185925.835127 ], [ 737056.367296, 6185867.066868 ], [ 736557.655978, 6185571.552621 ], [ 735924.248075, 6185054.427352 ], [ 735776.193152, 6185274.369653 ], [ 735374.329791, 6184782.445487 ], [ 734949.089336, 6184732.079428 ], [ 734920.146268, 6184876.462928 ], [ 734431.453704, 6184896.609657 ], [ 734243.323764, 6184492.005304 ], [ 734195.456383, 6184198.217503 ], [ 733663.349217, 6183949.764868 ], [ 733346.088668, 6183946.40745 ], [ 733035.507289, 6183812.111797 ], [ 732831.792621, 6183543.526842 ], [ 732326.402133, 6182605.2246 ], [ 732168.328456, 6182069.817559 ], [ 732163.875676, 6181843.244771 ], [ 731798.747746, 6181259.218246 ], [ 731913.406822, 6180995.748115 ], [ 731835.483178, 6180826.258895 ], [ 731599.485858, 6180650.060805 ], [ 731060.699522, 6180520.851186 ], [ 731233.244733, 6179733.88944 ], [ 731109.680098, 6179576.17024 ], [ 731090.755785, 6179220.473817 ], [ 731546.052502, 6179285.907422 ], [ 731799.860941, 6179233.896054 ], [ 732200.611108, 6178599.718443 ], [ 732339.760472, 6178146.763316 ], [ 732320.836158, 6177928.682393 ], [ 732477.79664, 6177517.698893 ], [ 732452.193157, 6177323.117696 ], [ 732913.055849, 6176549.86907 ], [ 732341.986861, 6176264.740852 ], [ 732104.876346, 6176355.309959 ], [ 731964.613788, 6176065.156772 ], [ 731816.558865, 6176154.046584 ], [ 731741.974806, 6176464.329604 ], [ 731539.373333, 6176749.464496 ], [ 731438.072596, 6176694.114036 ], [ 731477.034418, 6176336.860618 ], [ 731141.962751, 6176657.213929 ], [ 730987.228658, 6176990.997982 ], [ 731042.888404, 6177153.701478 ], [ 730710.043126, 6177150.346735 ], [ 730662.175745, 6177302.98886 ], [ 730108.917876, 6177494.214719 ], [ 729777.185793, 6177532.795895 ], [ 729557.886397, 6177698.864688 ], [ 729210.569585, 6177814.611517 ], [ 728894.422231, 6178203.800786 ], [ 728668.443665, 6178336.330497 ], [ 728311.1081, 6178274.259363 ], [ 728038.375347, 6178379.94832 ], [ 727594.210579, 6178804.39495 ], [ 727329.270191, 6178920.156789 ], [ 726895.124177, 6178549.388907 ], [ 726631.296984, 6178436.98735 ], [ 726168.207902, 6178356.461772 ], [ 725956.700869, 6178208.833522 ], [ 726062.454386, 6177945.457651 ], [ 725223.105425, 6177349.956218 ], [ 724598.603082, 6176992.675321 ], [ 724422.718286, 6176625.345783 ], [ 724245.720296, 6176393.885981 ], [ 723661.292969, 6176046.708059 ], [ 723323.994912, 6176097.022824 ], [ 723008.960753, 6176249.646094 ], [ 722620.45573, 6176566.641615 ], [ 721696.503957, 6176209.393538 ], [ 720837.117488, 6175632.461111 ], [ 720527.649303, 6175474.81776 ], [ 720347.311728, 6175204.818367 ], [ 719875.317087, 6175395.997178 ], [ 719775.129546, 6175614.013334 ], [ 719431.152319, 6175821.9724 ], [ 719126.136914, 6175875.640079 ], [ 718920.195856, 6176242.937322 ], [ 719050.439661, 6176393.885981 ], [ 718820.008315, 6176603.54133 ], [ 717872.679448, 6176095.345661 ], [ 717340.572282, 6175875.640079 ], [ 716396.583, 6175805.201319 ], [ 714938.297671, 6174881.165763 ], [ 714810.280256, 6174609.508291 ], [ 714857.034442, 6174326.121756 ], [ 714702.30035, 6173843.212551 ], [ 714322.700887, 6173782.850823 ], [ 714150.155676, 6173400.569797 ], [ 714110.080659, 6172926.095688 ], [ 713743.839535, 6172386.266784 ], [ 712897.811404, 6172086.190335 ], [ 712444.741077, 6173018.305904 ], [ 712272.195866, 6173035.071505 ], [ 712022.840207, 6172865.74045 ], [ 711613.184481, 6172419.795535 ], [ 711193.51, 6172139.834512 ], [ 710692.572292, 6172771.855372 ], [ 710961.96546, 6173299.972375 ], [ 711171.246102, 6173554.821482 ], [ 711266.980864, 6173811.354919 ], [ 711152.321789, 6173916.988577 ], [ 711467.355948, 6174314.384055 ], [ 711499.6386, 6174638.015151 ], [ 711654.372692, 6175127.677253 ], [ 711489.619846, 6175280.283175 ], [ 711374.96077, 6175090.783923 ], [ 711115.586357, 6175188.0485 ], [ 710595.724335, 6174770.489452 ], [ 710484.404844, 6174911.35046 ], [ 710673.647978, 6175082.399098 ], [ 710634.686157, 6175372.518848 ], [ 710414.273565, 6175657.617234 ], [ 710048.03244, 6175773.336357 ], [ 710443.216632, 6175999.74788 ], [ 710354.16104, 6176172.495529 ], [ 709336.700894, 6175283.637182 ], [ 708881.404177, 6174968.366292 ], [ 708394.938002, 6174693.352267 ], [ 708262.467808, 6174909.67353 ], [ 707853.925277, 6174450.207009 ], [ 707319.591721, 6174311.03043 ], [ 706859.842224, 6174569.263476 ], [ 706568.185158, 6174478.713336 ], [ 706151.850262, 6174569.263476 ], [ 705827.910544, 6174564.232888 ], [ 705157.76721, 6174403.25562 ], [ 704799.318449, 6174468.652269 ], [ 704141.420259, 6174842.596582 ], [ 703782.971498, 6175203.141379 ], [ 703492.427627, 6175255.128165 ], [ 703277.58101, 6175176.309613 ], [ 702985.923944, 6175223.265258 ], [ 702173.291661, 6175627.429895 ], [ 701943.97351, 6175872.285839 ], [ 701825.97485, 6176310.025285 ], [ 702009.65201, 6176390.531538 ], [ 702074.217315, 6176637.086665 ], [ 701746.938012, 6176992.675321 ], [ 701510.940691, 6177776.029066 ], [ 701801.484562, 6178041.077249 ], [ 701453.054556, 6178779.229541 ], [ 701349.52743, 6178905.05733 ], [ 701320.584362, 6179334.563506 ], [ 701086.813431, 6179453.688192 ], [ 700808.514704, 6179467.110796 ], [ 700787.364001, 6179061.086368 ], [ 700562.49863, 6178801.039558 ], [ 700374.36869, 6178364.849818 ], [ 700113.881082, 6178453.763608 ], [ 700099.409548, 6178598.040787 ], [ 699865.638617, 6178723.865902 ], [ 699396.983561, 6178697.023055 ], [ 699454.869696, 6178512.48077 ], [ 699203.287647, 6178140.053051 ], [ 699393.643976, 6178032.689522 ], [ 699165.43902, 6177591.506715 ], [ 699019.610487, 6177673.702542 ], [ 698664.501312, 6177640.153129 ], [ 698006.603121, 6178037.722157 ], [ 697763.926631, 6177271.118301 ], [ 697378.761193, 6176370.404903 ], [ 696908.992942, 6174733.597668 ], [ 696127.530116, 6174752.04354 ], [ 696041.814109, 6174871.10422 ], [ 695685.591738, 6174661.491459 ], [ 695377.236749, 6174669.875871 ], [ 695123.42831, 6174547.46428 ], [ 694712.659388, 6174168.502551 ], [ 694372.021747, 6173710.752652 ], [ 694121.552892, 6173512.904987 ], [ 693892.234741, 6173175.903855 ], [ 693754.198573, 6173699.015798 ], [ 693064.01773, 6173583.324816 ], [ 692803.530121, 6173791.23437 ], [ 692567.532801, 6173569.911471 ], [ 692403.893149, 6173784.527532 ], [ 692234.687523, 6173702.369183 ], [ 692125.594422, 6173932.079206 ], [ 691477.714986, 6173626.918335 ], [ 691056.927311, 6173331.828097 ], [ 690502.556247, 6173692.309031 ], [ 690198.654037, 6173330.151477 ], [ 689917.015725, 6173427.395977 ], [ 689754.489269, 6173066.926238 ], [ 689628.698244, 6173224.525087 ], [ 689183.420281, 6172890.888414 ], [ 689144.458459, 6173053.513705 ], [ 688834.990275, 6173301.648989 ], [ 688345.184515, 6173305.002218 ], [ 687778.568307, 6173258.057132 ], [ 687781.907892, 6173762.730342 ], [ 688019.018407, 6174265.75661 ], [ 688050.187865, 6174596.093332 ], [ 688472.088735, 6175057.244671 ], [ 688368.561608, 6175236.681204 ], [ 688131.451093, 6175302.084244 ], [ 688180.431669, 6175669.356784 ], [ 687835.341247, 6175414.444483 ], [ 687602.683512, 6175102.522693 ], [ 687780.794697, 6174782.22778 ], [ 687254.253505, 6174778.873971 ], [ 687237.555582, 6174591.062727 ], [ 686584.110171, 6174632.984521 ], [ 686034.191886, 6174616.215779 ], [ 685750.327185, 6174668.198988 ], [ 685221.559603, 6174929.796717 ], [ 685026.750495, 6175089.106958 ], [ 684620.434353, 6175253.451167 ], [ 684496.869718, 6174867.750376 ], [ 684268.664762, 6174825.827428 ], [ 684289.815466, 6174371.395896 ], [ 684552.529464, 6174344.566747 ], [ 684688.339243, 6174193.654357 ], [ 684597.05726, 6173752.670119 ], [ 684765.149691, 6173065.24967 ], [ 684314.305753, 6172748.384264 ], [ 684579.246142, 6172478.471165 ], [ 684546.963489, 6172161.627555 ], [ 684709.489946, 6172086.190335 ], [ 684907.638639, 6171834.737752 ], [ 685004.486596, 6171527.975638 ], [ 684797.432344, 6171313.416344 ], [ 684610.415599, 6170875.933252 ], [ 684851.978894, 6170743.51942 ], [ 684876.469182, 6170470.31763 ], [ 684580.359336, 6170425.064191 ], [ 684500.209303, 6170195.448584 ], [ 683971.441722, 6169694.338173 ], [ 683511.692225, 6169045.787455 ], [ 683635.25686, 6168993.838497 ], [ 683700.935359, 6168667.070041 ], [ 683399.259539, 6168192.859102 ], [ 683073.093431, 6167815.855075 ], [ 682564.363358, 6167442.218627 ], [ 682016.671464, 6167908.010077 ], [ 681841.899863, 6168172.7518 ], [ 681391.055925, 6167584.634178 ], [ 681257.472536, 6167311.533507 ], [ 681261.925316, 6166656.462613 ], [ 680946.891157, 6165924.384049 ], [ 680733.157735, 6166145.508713 ], [ 680313.483254, 6166033.270478 ], [ 680177.673476, 6166175.66252 ], [ 679721.263563, 6166227.594326 ], [ 679383.965506, 6166070.124661 ], [ 679286.004354, 6166393.443178 ], [ 678950.932687, 6166440.350509 ], [ 678747.218019, 6166601.1776 ], [ 678938.687543, 6166939.594503 ], [ 678801.764569, 6167246.191697 ], [ 678533.484597, 6166973.101857 ], [ 678256.299065, 6167152.368435 ], [ 678353.147022, 6167601.389105 ], [ 678613.63463, 6167676.786683 ], [ 678857.424315, 6167598.038117 ], [ 678830.707637, 6168414.04255 ], [ 678923.102814, 6168462.636652 ], [ 678772.821502, 6169035.732793 ], [ 678559.088079, 6169159.741117 ], [ 678405.467182, 6169392.680544 ], [ 678178.375421, 6169359.163688 ], [ 678169.469862, 6169654.116539 ], [ 677914.548228, 6170113.324795 ], [ 677819.926661, 6170493.782471 ], [ 678089.319828, 6170564.177381 ], [ 677976.887143, 6170750.223869 ], [ 677504.892502, 6170782.070071 ], [ 677059.614538, 6170631.220693 ], [ 676658.864372, 6170123.380726 ], [ 676492.99833, 6170267.517051 ], [ 675993.173817, 6169754.670978 ], [ 675605.781989, 6169518.369927 ], [ 675687.045217, 6169204.987847 ], [ 676165.719027, 6169595.460331 ], [ 676550.884466, 6169444.631931 ], [ 676530.846957, 6169231.800836 ], [ 676757.938718, 6168601.717851 ], [ 676816.938049, 6168159.346959 ], [ 676762.391498, 6167514.263844 ], [ 676520.828203, 6167336.665106 ], [ 676330.471874, 6167438.867702 ], [ 675801.704293, 6167117.184978 ], [ 675875.175156, 6166917.814793 ], [ 675363.105499, 6166897.710495 ], [ 675166.07, 6166839.07323 ], [ 674583.869063, 6167038.441575 ], [ 674394.625929, 6167361.796778 ], [ 673997.215347, 6167871.147957 ], [ 673724.482594, 6167800.77526 ], [ 673596.46518, 6167973.356954 ], [ 673311.487283, 6167966.654687 ], [ 673122.244149, 6167800.77526 ], [ 673308.147699, 6167453.946877 ], [ 672707.022448, 6167020.012373 ], [ 672276.216019, 6166937.919138 ], [ 672207.197935, 6167068.598537 ], [ 672432.063306, 6167209.332436 ], [ 672278.442409, 6167480.754365 ], [ 671930.012403, 6167256.244251 ], [ 671217.567662, 6166996.557083 ], [ 670656.517428, 6166436.999977 ], [ 670418.293718, 6166629.657714 ], [ 670349.275633, 6166942.945232 ], [ 670197.881126, 6167190.902865 ], [ 669842.77195, 6167026.713897 ], [ 669710.301756, 6167222.735785 ], [ 669433.116224, 6166926.191598 ], [ 669200.458488, 6167103.781794 ], [ 668934.404905, 6167063.57237 ], [ 668836.443754, 6167221.060365 ], [ 668315.468537, 6167442.218627 ], [ 668532.541544, 6166661.488541 ], [ 668339.958825, 6166572.697582 ], [ 668083.923996, 6167038.441575 ], [ 667747.739134, 6166736.877816 ], [ 667285.763247, 6166073.475049 ], [ 667132.14235, 6166021.544181 ], [ 666575.544896, 6166138.807881 ], [ 666143.625271, 6165751.843783 ], [ 666285.001025, 6165580.982102 ], [ 665735.08274, 6165108.617607 ], [ 665396.671488, 6165269.419607 ], [ 665239.711006, 6165435.249842 ], [ 664774.395535, 6165743.468131 ], [ 664158.79875, 6165478.801751 ], [ 664151.006386, 6165312.97067 ], [ 663637.823534, 6165262.719463 ], [ 663379.562315, 6165351.496795 ], [ 663316.110205, 6165776.970789 ], [ 663175.847647, 6166137.132674 ], [ 662739.475243, 6166604.528197 ], [ 662757.286361, 6166813.943096 ], [ 662939.850326, 6167187.552038 ], [ 662888.643361, 6167524.316713 ], [ 663106.829562, 6167663.382621 ], [ 663071.207325, 6168177.778621 ], [ 662827.417641, 6168130.86174 ], [ 662639.287701, 6167964.979121 ], [ 662265.254212, 6168459.285326 ], [ 662350.97022, 6168854.750906 ], [ 662659.325209, 6168854.750906 ], [ 662776.210675, 6169263.641371 ], [ 662669.343964, 6169367.54289 ], [ 662150.595137, 6169377.597943 ], [ 661755.410944, 6169607.19154 ], [ 661821.089444, 6169746.291396 ], [ 662608.118244, 6170758.604437 ], [ 662738.362048, 6170834.029918 ], [ 662609.231439, 6171407.285371 ], [ 662900.888504, 6171536.35697 ], [ 662749.493997, 6171839.766731 ], [ 662444.478592, 6172206.890208 ], [ 662474.534855, 6172696.412755 ], [ 662424.441084, 6172894.241481 ], [ 662112.74651, 6173294.942535 ], [ 661851.145706, 6173502.845059 ], [ 661677.487301, 6173782.850823 ], [ 661469.319853, 6173704.045876 ], [ 660791.384154, 6174143.35082 ], [ 660553.160444, 6174223.836621 ], [ 660396.199962, 6174079.633433 ], [ 660465.218046, 6173796.264503 ], [ 660287.106861, 6173690.632341 ], [ 660298.23881, 6173442.48574 ], [ 660555.386833, 6173460.92882 ], [ 660666.706324, 6172962.979655 ], [ 660446.293733, 6172916.036452 ], [ 659867.43238, 6172602.529542 ], [ 659541.266272, 6173018.305904 ], [ 659564.643365, 6173214.465499 ], [ 659089.30914, 6173824.768644 ], [ 659061.479267, 6174180.240051 ], [ 658867.783353, 6174535.726275 ], [ 658464.806796, 6174428.408118 ], [ 658148.659443, 6174275.817438 ], [ 657770.173174, 6173925.372256 ], [ 657654.400903, 6173688.95565 ], [ 657331.57438, 6173719.136129 ], [ 657646.608539, 6174005.856 ], [ 658111.924011, 6174619.569525 ], [ 657872.587105, 6174840.919665 ], [ 658160.904587, 6175340.655503 ], [ 657826.946114, 6175756.565373 ], [ 657941.60519, 6175939.370886 ], [ 657892.624614, 6176199.330429 ], [ 657976.114232, 6176383.822654 ], [ 657628.797421, 6176506.260608 ], [ 657701.15509, 6176751.141788 ], [ 657616.552277, 6176883.648921 ], [ 657804.682216, 6177207.377539 ], [ 658066.283019, 6177427.117438 ], [ 658005.057299, 6177616.668619 ], [ 658265.544908, 6177873.324277 ], [ 658490.410279, 6178322.909673 ], [ 659070.384826, 6178289.357705 ], [ 658866.670158, 6177791.126526 ], [ 659248.496012, 6177484.150094 ], [ 659455.550264, 6177551.247824 ], [ 659556.851001, 6177321.440292 ], [ 660272.635327, 6179354.697139 ], [ 659408.796078, 6179743.956723 ], [ 659123.818182, 6179765.769208 ], [ 658393.562322, 6179611.405127 ], [ 658046.245511, 6179604.693709 ], [ 657668.872437, 6179886.57783 ], [ 656911.8999, 6179824.495407 ], [ 656566.809478, 6179688.586818 ], [ 656585.733792, 6179423.48741 ], [ 656926.371434, 6179317.785514 ], [ 657189.085432, 6179019.142797 ], [ 657583.156429, 6178879.891623 ], [ 657794.663462, 6178559.454791 ], [ 657511.911955, 6178322.909673 ], [ 657567.571701, 6178079.6609 ], [ 657396.139685, 6176989.320642 ], [ 657327.1216, 6176793.074203 ], [ 656880.730442, 6176435.816639 ], [ 656736.015104, 6175265.19016 ], [ 656368.660785, 6174822.473601 ], [ 656195.002379, 6174809.058306 ], [ 656249.54893, 6174540.756847 ], [ 656022.457168, 6174537.403132 ], [ 655299.993673, 6174374.749546 ], [ 655069.562327, 6174408.286114 ], [ 654784.584431, 6174255.695794 ], [ 654402.758577, 6174500.512356 ], [ 654127.799435, 6174212.099061 ], [ 654103.309147, 6173865.009947 ], [ 653847.274318, 6173868.363397 ], [ 653724.822878, 6174472.005956 ], [ 653522.221405, 6174661.491459 ], [ 653191.602518, 6174844.273499 ], [ 653002.359383, 6174792.289218 ], [ 652796.418325, 6174884.519613 ], [ 652412.366082, 6174887.873464 ], [ 652099.558313, 6175144.447001 ], [ 651817.920001, 6175233.327216 ], [ 651920.333933, 6175642.523551 ], [ 652258.745185, 6176427.430491 ], [ 652749.664139, 6176933.968625 ], [ 653176.017789, 6177214.087071 ], [ 653412.015109, 6177762.609124 ], [ 653774.916649, 6178244.062758 ], [ 654067.68691, 6178562.810088 ], [ 654268.061993, 6178522.54661 ], [ 654522.983627, 6178940.289444 ], [ 654880.319193, 6179376.508628 ], [ 655071.788717, 6179911.746508 ], [ 655118.542903, 6180249.013969 ], [ 655692.951476, 6180797.731338 ], [ 656141.569024, 6181046.092096 ], [ 656668.110215, 6181497.523087 ], [ 656705.958842, 6181813.035521 ], [ 655908.911288, 6182350.104824 ], [ 655669.574383, 6182392.064789 ], [ 655559.368087, 6182585.083288 ], [ 655330.049936, 6182697.539559 ], [ 655247.673512, 6183044.988458 ], [ 655326.710351, 6183738.250091 ], [ 655917.816847, 6184124.35245 ], [ 655941.19394, 6184456.750233 ], [ 655764.19595, 6184737.11602 ], [ 655739.705662, 6184936.903259 ], [ 655531.538214, 6185103.116379 ], [ 655180.881818, 6185262.616867 ], [ 655424.671503, 6185509.428771 ], [ 655886.64739, 6185682.369262 ], [ 656310.77465, 6186100.463205 ], [ 656620.242834, 6186555.520493 ], [ 656933.050603, 6186812.445492 ], [ 657182.406262, 6187124.796122 ], [ 657263.669491, 6187576.549283 ], [ 657028.785365, 6187571.511012 ], [ 656650.299096, 6187998.095217 ], [ 657061.068017, 6188711.915783 ], [ 657430.648727, 6189540.022593 ], [ 657036.57773, 6189482.909194 ], [ 656464.395547, 6189330.048744 ], [ 655465.859714, 6189437.554708 ], [ 655263.258241, 6189590.417088 ], [ 654943.771303, 6189681.127928 ], [ 654101.082757, 6190045.660865 ], [ 653474.354024, 6190379.969763 ], [ 653250.601848, 6190608.449725 ], [ 652991.227434, 6191149.434076 ], [ 652594.930047, 6191552.674581 ], [ 652130.72777, 6191621.56341 ], [ 651567.451147, 6191495.547681 ], [ 651455.018461, 6191540.913129 ], [ 651033.117591, 6191188.07713 ], [ 650831.629313, 6191394.736441 ], [ 650787.101516, 6191586.278818 ], [ 650283.937418, 6191473.705145 ], [ 649858.696963, 6191251.922561 ], [ 649720.660795, 6191008.30441 ], [ 649729.566354, 6190591.649519 ], [ 649564.813507, 6190637.010152 ], [ 648898.009758, 6190349.730228 ], [ 648588.541573, 6189896.150078 ], [ 648215.621279, 6189791.998046 ], [ 647843.81418, 6190074.219404 ], [ 647244.915319, 6190163.255464 ], [ 646851.957517, 6190158.215662 ], [ 646820.788059, 6189773.519593 ], [ 646635.997705, 6189533.30335 ], [ 646259.737826, 6189210.785903 ], [ 646002.589802, 6189185.589742 ], [ 645335.786052, 6188987.382539 ], [ 644897.187259, 6188584.263477 ], [ 644572.134345, 6188433.098748 ], [ 644484.191948, 6188157.649917 ], [ 644208.11961, 6187573.190435 ], [ 643963.216731, 6187781.441514 ], [ 644014.423697, 6187914.120259 ], [ 643373.22343, 6188261.781964 ], [ 643270.809498, 6188124.059205 ], [ 643000.303135, 6188308.809758 ], [ 642537.214054, 6188920.194704 ], [ 641773.562347, 6189854.153137 ], [ 641740.1665, 6190469.009019 ], [ 641863.731134, 6191213.279217 ], [ 641461.867773, 6192129.005618 ], [ 641401.755248, 6192456.674768 ], [ 641509.735154, 6193154.063911 ], [ 641300.454511, 6193898.568857 ], [ 641355.001061, 6194434.719967 ], [ 641697.865093, 6195372.645429 ], [ 641928.296439, 6196428.355413 ], [ 642125.331938, 6196450.210666 ], [ 642624.043257, 6196312.355397 ], [ 642804.380832, 6196455.254194 ], [ 643001.41633, 6196809.989811 ], [ 643010.32189, 6197348.005695 ], [ 642126.445133, 6197643.928928 ], [ 642064.106218, 6197854.107929 ], [ 641419.566366, 6198010.484473 ], [ 641519.753908, 6198225.717104 ], [ 641310.473265, 6198279.526113 ], [ 640836.252234, 6198284.570725 ], [ 640766.120955, 6198403.960748 ], [ 640388.747881, 6198563.710581 ], [ 639859.9803, 6199073.24851 ], [ 639681.869115, 6199187.604448 ], [ 639030.650094, 6199404.548614 ], [ 638644.371461, 6199338.960259 ], [ 638214.678226, 6199392.776308 ], [ 637828.399593, 6199377.64051 ], [ 637181.633352, 6199937.682967 ], [ 636540.433085, 6200630.639371 ], [ 636312.228129, 6200768.564614 ], [ 636077.344003, 6201409.441717 ], [ 636048.400935, 6201629.80694 ], [ 636094.041927, 6202719.941779 ], [ 635994.96758, 6203434.998059 ], [ 636012.778698, 6204000.355691 ], [ 636258.794773, 6204700.374354 ], [ 636363.435094, 6204887.167918 ], [ 636230.9649, 6205346.59657 ], [ 636598.31922, 6205634.383204 ], [ 636661.77133, 6205858.223985 ], [ 637286.273673, 6206078.7045 ], [ 637459.932079, 6205965.938942 ], [ 638420.619284, 6206339.585774 ], [ 638645.484656, 6206612.257338 ], [ 638873.689612, 6206708.199412 ], [ 639523.795438, 6206858.005868 ], [ 639832.150427, 6207169.409755 ], [ 640338.654111, 6208351.16502 ], [ 640624.745202, 6208300.659298 ], [ 641402.868442, 6208613.799608 ], [ 641326.057994, 6208768.690477 ], [ 641572.074069, 6208864.656887 ], [ 641671.148415, 6208571.710186 ], [ 641972.824235, 6208729.967495 ], [ 643002.529525, 6208448.810265 ], [ 643575.824903, 6208415.139364 ], [ 643876.387528, 6208536.355232 ], [ 644529.832939, 6208470.696423 ], [ 645061.940105, 6208861.289626 ], [ 645195.523494, 6209272.105289 ], [ 645431.520814, 6209502.776884 ], [ 645358.04995, 6210023.073755 ], [ 645680.876474, 6210826.313005 ], [ 646013.721751, 6211462.896135 ], [ 645900.175871, 6211641.417424 ], [ 645626.329923, 6211754.258287 ], [ 645304.616595, 6212018.682295 ], [ 644855.999047, 6212123.10678 ], [ 644199.214051, 6211819.942463 ], [ 643537.976276, 6211387.109929 ], [ 643458.939437, 6211284.378595 ], [ 642551.685587, 6210674.75262 ], [ 642118.652768, 6210588.869601 ], [ 641763.543593, 6210415.422229 ], [ 641483.018476, 6210556.874189 ], [ 641250.36074, 6210796.000712 ], [ 641019.929394, 6210843.153215 ], [ 641123.456521, 6211483.105904 ], [ 641300.454511, 6211868.784872 ], [ 641343.869112, 6212358.908725 ], [ 641300.454511, 6212587.979737 ], [ 641006.571055, 6212906.331322 ], [ 640776.139709, 6213302.181936 ], [ 640791.724438, 6213490.849142 ], [ 640635.877151, 6213703.104756 ], [ 640455.539576, 6214265.776245 ], [ 640090.411646, 6214683.592353 ], [ 639950.149088, 6215303.615409 ], [ 639873.338639, 6215436.724084 ], [ 639884.470588, 6215861.337843 ], [ 639686.321894, 6216157.90607 ], [ 639450.324574, 6215942.21906 ], [ 639307.835626, 6216130.944895 ], [ 639588.360743, 6216474.706294 ], [ 639475.928057, 6216843.75975 ], [ 639753.113589, 6217126.880116 ], [ 639818.792089, 6217389.786049 ], [ 639966.847011, 6218520.711393 ], [ 639765.358733, 6218748.263003 ], [ 639526.021828, 6219284.297556 ], [ 639773.151097, 6219749.562516 ], [ 639872.225444, 6220103.585539 ], [ 639802.094165, 6220241.827107 ], [ 639977.97896, 6220423.9048 ], [ 640118.241519, 6220842.023907 ], [ 640500.067372, 6221408.5407 ], [ 640647.0091, 6222502.901877 ], [ 640945.345335, 6223384.90112 ], [ 641712.336627, 6224290.60563 ], [ 641055.551631, 6224678.553319 ], [ 640708.23482, 6225194.719903 ], [ 640404.33261, 6225483.179605 ], [ 640414.351364, 6225732.848548 ], [ 640540.142389, 6225970.715655 ], [ 640678.178557, 6226534.200506 ], [ 640199.504747, 6226478.525188 ], [ 639199.85572, 6226645.552239 ], [ 639114.139712, 6226763.654157 ], [ 639665.171191, 6226928.999604 ], [ 639352.363422, 6227337.315423 ], [ 639007.273001, 6227603.912384 ], [ 638815.803476, 6227551.604725 ], [ 636640.620626, 6229662.727921 ], [ 637386.461215, 6230427.316943 ], [ 636084.023172, 6231624.129913 ], [ 637394.253579, 6233008.524747 ], [ 638128.962218, 6232329.805393 ], [ 638804.671527, 6232870.075097 ], [ 638856.991688, 6233332.708377 ], [ 639184.270991, 6233020.343724 ], [ 639580.568378, 6234095.939592 ], [ 639113.026517, 6234323.909137 ], [ 639047.348017, 6234188.815334 ], [ 638662.182579, 6234396.522945 ], [ 638340.469251, 6234479.269671 ], [ 638450.675547, 6235068.652353 ], [ 638688.899257, 6235649.631241 ], [ 638582.032546, 6235973.915834 ], [ 640208.410306, 6237549.91284 ], [ 640789.498048, 6238176.676866 ], [ 640866.308497, 6238203.708163 ], [ 642060.766633, 6239327.272662 ], [ 642154.275005, 6239362.756071 ], [ 642509.384181, 6239185.340509 ], [ 642803.267637, 6239453.999806 ], [ 643032.585788, 6239315.444891 ], [ 643208.470583, 6240849.813422 ], [ 642990.284381, 6240876.853243 ], [ 641815.863753, 6240251.579445 ], [ 641468.546942, 6239962.617137 ], [ 641032.174538, 6240386.769872 ], [ 640885.23281, 6240964.733257 ], [ 641001.005081, 6241201.337823 ], [ 642185.444463, 6241733.722244 ], [ 642951.322559, 6243547.460494 ], [ 642647.42035, 6244710.620878 ], [ 643424.430395, 6245107.957882 ], [ 643432.22276, 6245283.806589 ], [ 643613.67353, 6245769.100317 ], [ 643594.749216, 6246005.839052 ], [ 643462.279022, 6246256.112906 ], [ 643676.012444, 6246452.278663 ], [ 643576.938098, 6246973.154609 ], [ 643168.395566, 6247296.181429 ], [ 643317.563684, 6247395.967073 ], [ 643261.903939, 6248038.682435 ], [ 643076.000389, 6248277.176065 ], [ 643245.206015, 6248497.069758 ], [ 642913.473933, 6248884.43484 ], [ 642958.001729, 6249172.009894 ], [ 642698.627315, 6249677.827354 ], [ 642983.605212, 6249748.881056 ], [ 642980.265627, 6250000.957329 ], [ 643134.999719, 6250259.808557 ], [ 642887.87045, 6250645.562322 ], [ 642424.781368, 6250855.365605 ], [ 642142.029861, 6251280.063966 ], [ 642014.012447, 6251789.39168 ], [ 642174.312514, 6251987.37783 ], [ 642081.917336, 6252288.596406 ], [ 642175.425709, 6252369.825722 ], [ 642025.144396, 6252718.443715 ], [ 641684.506754, 6253258.322232 ], [ 642298.990343, 6253718.684708 ], [ 642665.231468, 6253427.570233 ], [ 642755.400256, 6253764.38382 ], [ 642958.001729, 6253703.451726 ], [ 643141.678889, 6253871.016039 ], [ 643387.694963, 6253952.260536 ], [ 643687.144394, 6253876.093797 ], [ 644160.252229, 6254219.695845 ], [ 644424.079423, 6254703.809093 ], [ 644573.24754, 6255123.622012 ], [ 644549.870447, 6255284.442959 ], [ 644657.850353, 6255645.031556 ], [ 644338.363415, 6255788.932701 ], [ 644200.327246, 6255941.301286 ], [ 643977.688265, 6255866.809635 ], [ 643568.032538, 6256388.264957 ], [ 643342.053972, 6256444.137075 ], [ 642924.605882, 6256975.787195 ], [ 642428.120953, 6256911.445595 ], [ 641932.749219, 6257392.326223 ], [ 641805.844999, 6257734.377662 ], [ 641786.920686, 6258200.063971 ], [ 641513.074738, 6258508.277728 ], [ 641313.81285, 6258494.729634 ], [ 641068.90997, 6258919.811396 ], [ 640840.705014, 6259439.761145 ], [ 640938.666166, 6260107.105028 ], [ 640437.728457, 6260120.655703 ], [ 639835.490012, 6260430.633313 ], [ 639825.471258, 6260849.036401 ], [ 640088.185256, 6261128.547966 ], [ 640058.128994, 6261311.50599 ], [ 640238.466569, 6261563.926795 ], [ 640629.197981, 6261828.214365 ], [ 640827.346675, 6261834.991078 ], [ 641033.287733, 6261679.128054 ], [ 641294.888536, 6261751.976719 ], [ 641848.146406, 6261704.540308 ], [ 642007.333278, 6261848.54452 ], [ 642314.575072, 6261950.196028 ], [ 642562.817537, 6261868.874724 ], [ 643297.526176, 6262163.66817 ], [ 643647.069377, 6262504.218213 ], [ 643875.274333, 6262800.728169 ], [ 643747.256919, 6263005.749702 ], [ 643059.302466, 6263258.22106 ], [ 643399.940107, 6263722.516917 ], [ 644209.232805, 6263448.003149 ], [ 644396.24955, 6263729.295147 ], [ 644294.948813, 6263832.663834 ], [ 644395.136355, 6264171.586422 ], [ 644363.966898, 6264510.52259 ], [ 644503.116261, 6264571.532542 ], [ 644820.37681, 6265212.163612 ], [ 645124.27902, 6265512.158332 ], [ 645395.898577, 6265613.853873 ], [ 645680.876474, 6265830.808446 ], [ 645832.270981, 6265700.296043 ], [ 646092.75859, 6265895.217906 ], [ 646700.563009, 6265386.735517 ], [ 646899.824898, 6265398.599757 ], [ 647555.496699, 6265103.693564 ], [ 648375.921346, 6265269.788891 ], [ 648690.955505, 6265461.311021 ], [ 648942.537554, 6265320.635051 ], [ 649411.19261, 6265412.15891 ], [ 649544.775999, 6265551.141478 ], [ 649584.851016, 6265878.268 ], [ 649498.021813, 6266491.876222 ], [ 649707.302456, 6266710.548475 ], [ 649929.941437, 6266610.534882 ], [ 650178.183902, 6266719.024257 ], [ 650506.5764, 6266751.232308 ], [ 650915.118931, 6266683.426028 ], [ 651045.362735, 6267373.38031 ], [ 651256.869768, 6267639.544797 ], [ 651198.983632, 6267907.413056 ], [ 650936.269634, 6268470.303124 ], [ 650456.482629, 6268782.282432 ], [ 650034.581759, 6269177.359704 ], [ 649919.922683, 6269355.404852 ], [ 649496.908618, 6269758.987735 ], [ 649258.684908, 6269699.636103 ], [ 649223.062671, 6270067.622939 ], [ 649459.059991, 6270249.078565 ], [ 649561.473923, 6270494.982591 ], [ 649489.116254, 6270744.285697 ], [ 649156.270976, 6270783.292971 ], [ 648515.070709, 6271063.133037 ], [ 647877.210027, 6270925.755847 ], [ 647508.742513, 6271195.424293 ], [ 647634.533537, 6271478.670225 ], [ 647292.7827, 6271478.670225 ], [ 646787.392212, 6271746.660143 ], [ 646634.88451, 6271899.316426 ], [ 646293.133673, 6271907.797412 ], [ 646129.494022, 6272143.572214 ], [ 645755.460533, 6272465.864956 ], [ 645928.005743, 6272732.18981 ], [ 646341.001054, 6272920.488242 ], [ 646587.017129, 6273176.648699 ], [ 647347.329251, 6274316.741719 ], [ 647549.930724, 6274744.316254 ], [ 647507.629318, 6275141.369122 ], [ 647731.381494, 6275224.515033 ], [ 648218.960864, 6275521.471395 ], [ 648363.676202, 6275689.468473 ], [ 648777.784708, 6275916.863777 ], [ 648746.61525, 6276069.595401 ], [ 648415.996362, 6276008.50242 ], [ 648313.582431, 6276251.179925 ], [ 647860.512103, 6276179.903291 ], [ 647300.575065, 6276274.938936 ], [ 647506.516123, 6276762.013391 ], [ 647972.944789, 6277113.335392 ], [ 648087.603865, 6277476.553205 ], [ 647897.247535, 6278293.001638 ], [ 648007.453831, 6278396.548553 ], [ 648045.302458, 6278683.431062 ], [ 648463.863744, 6278841.305473 ], [ 648745.502055, 6279011.066197 ], [ 649051.630655, 6280379.462201 ], [ 649819.735141, 6280649.432506 ], [ 650924.02449, 6281165.626167 ], [ 651250.190598, 6281287.887181 ], [ 651588.60185, 6281675.058735 ], [ 651683.223417, 6282062.248037 ], [ 651503.999037, 6282108.100578 ], [ 651462.810825, 6282406.997311 ], [ 650973.005066, 6282354.34996 ], [ 650653.518127, 6283033.695827 ], [ 650171.504732, 6283315.640408 ], [ 650073.54358, 6283650.249505 ], [ 649708.415651, 6284171.722601 ], [ 649707.302456, 6284805.347257 ], [ 649484.663474, 6284771.371538 ], [ 649391.155102, 6285058.470665 ], [ 649542.549609, 6285204.572194 ], [ 649417.87178, 6285469.600023 ], [ 649809.716387, 6285887.545428 ], [ 649667.227439, 6286077.836368 ], [ 649112.856375, 6285797.498531 ], [ 648946.990334, 6285851.866354 ], [ 648387.053295, 6285456.00865 ], [ 648407.090803, 6285724.44232 ], [ 648303.563677, 6285919.826624 ], [ 647957.36006, 6285880.749402 ], [ 647507.629318, 6285697.258776 ], [ 646896.485313, 6285365.966356 ], [ 646454.546935, 6285194.378982 ], [ 646430.056647, 6285501.879622 ], [ 646223.002394, 6285816.187431 ], [ 646294.246868, 6286358.183515 ], [ 646425.603867, 6286579.069642 ], [ 646395.547605, 6286895.116766 ], [ 646552.508087, 6287347.118698 ], [ 646585.903934, 6287736.267568 ], [ 646878.674195, 6287967.386305 ], [ 646635.997705, 6288145.827894 ], [ 646968.842982, 6288597.896803 ], [ 647077.936083, 6288975.205932 ], [ 647425.252894, 6289379.727248 ], [ 647485.365419, 6289544.60074 ], [ 647728.041909, 6289495.308327 ], [ 648493.920006, 6290064.738225 ], [ 648657.559657, 6290134.432284 ], [ 648395.958854, 6290428.513554 ], [ 648215.621279, 6290306.120104 ], [ 648004.114247, 6290698.805378 ], [ 647834.908621, 6290659.706025 ], [ 647670.155774, 6290928.305231 ], [ 647970.718399, 6291120.409907 ], [ 647725.81552, 6291440.027377 ], [ 647642.325901, 6291817.463595 ], [ 647459.761937, 6292300.334542 ], [ 647587.779351, 6292577.487743 ], [ 648098.735814, 6293272.961318 ], [ 647640.099512, 6293723.604388 ], [ 647534.345995, 6293750.813796 ], [ 646353.246198, 6293791.628074 ], [ 646025.966895, 6293958.288423 ], [ 645598.50005, 6293788.226876 ], [ 644535.398913, 6293752.514387 ], [ 644411.834279, 6293888.562774 ], [ 643935.386858, 6293818.837702 ], [ 643850.784045, 6293990.600504 ], [ 643132.773329, 6293823.939517 ], [ 643260.790744, 6293427.707734 ], [ 643058.189271, 6293184.536069 ], [ 642598.439774, 6292756.026835 ], [ 642458.177215, 6292883.55707 ], [ 642060.766633, 6293046.798584 ], [ 641841.467236, 6292927.768002 ], [ 641626.620619, 6293242.352473 ], [ 641367.246205, 6293237.25101 ], [ 641292.662147, 6293419.20511 ], [ 640821.780701, 6293925.976465 ], [ 640657.027854, 6294259.305764 ], [ 640717.140379, 6294378.355134 ], [ 640569.085456, 6294638.568892 ], [ 640546.821558, 6295005.943155 ], [ 640251.824908, 6294912.397265 ], [ 639915.640046, 6295409.05277 ], [ 639746.434419, 6296029.913274 ], [ 640300.805484, 6296303.786815 ], [ 640486.709033, 6296570.864609 ], [ 640649.23549, 6296594.680874 ], [ 640638.103541, 6297025.086393 ], [ 640464.445135, 6297583.115178 ], [ 641208.059334, 6297634.156239 ], [ 641616.601865, 6297897.873309 ], [ 641919.39088, 6298166.703068 ], [ 642514.950156, 6298484.88607 ], [ 642513.836961, 6298614.204518 ], [ 641971.71104, 6298663.550238 ], [ 641681.167169, 6298959.630622 ], [ 640751.649421, 6299056.624733 ], [ 640825.120285, 6299631.805714 ], [ 641131.248885, 6299813.89781 ], [ 641215.851698, 6300835.047838 ], [ 640937.552971, 6300906.532972 ], [ 640707.121625, 6300743.139271 ], [ 640303.031873, 6300921.851294 ], [ 640052.563019, 6300964.402333 ], [ 639694.114259, 6301507.372454 ], [ 639477.041252, 6301589.076314 ], [ 639694.114259, 6302176.346106 ], [ 639729.736496, 6302603.631867 ], [ 639959.054647, 6303282.907597 ], [ 640679.291752, 6304038.857722 ], [ 640685.970922, 6305317.657429 ], [ 640985.420352, 6305525.416848 ], [ 640980.967572, 6305809.817143 ], [ 641142.380834, 6306300.302474 ], [ 641160.191953, 6306707.358852 ], [ 641323.831604, 6307083.775761 ], [ 641580.979628, 6307356.305284 ], [ 641690.072729, 6307603.292777 ], [ 641842.580431, 6308439.697297 ], [ 641816.976948, 6308540.207705 ], [ 641444.056654, 6308933.743043 ], [ 641347.208697, 6309107.517744 ], [ 641156.852368, 6309138.18424 ], [ 640907.496708, 6309032.555669 ], [ 640484.482643, 6308647.533702 ], [ 640301.918679, 6308693.530976 ], [ 640029.185926, 6308582.797223 ], [ 639784.283046, 6308749.750208 ], [ 639151.988339, 6308269.343412 ], [ 639008.386196, 6308490.804134 ], [ 638534.165165, 6308300.006857 ], [ 638012.076753, 6307923.535616 ], [ 637318.556325, 6308124.545317 ], [ 637304.084791, 6308330.670414 ], [ 637102.596513, 6308748.046589 ], [ 637520.044604, 6309248.925292 ], [ 637161.595843, 6309732.795582 ], [ 636833.203345, 6310453.541235 ], [ 637099.256928, 6310548.963721 ], [ 636814.279032, 6310860.798312 ], [ 636804.260278, 6311176.052665 ], [ 636925.598523, 6311324.311494 ], [ 636640.620626, 6311590.161445 ], [ 637040.257598, 6312314.474716 ], [ 637355.291757, 6312524.111119 ], [ 637517.818214, 6312916.128151 ], [ 637718.193297, 6313120.66602 ], [ 638194.640718, 6313314.981596 ], [ 638844.746544, 6313516.119985 ], [ 639036.216068, 6313998.530781 ], [ 638814.690282, 6314184.343017 ], [ 638641.031876, 6314445.168944 ], [ 638622.107562, 6314830.456009 ], [ 638539.731139, 6315040.155049 ], [ 638220.244201, 6315093.00685 ], [ 637737.117611, 6315566.982993 ], [ 637682.57106, 6316054.626581 ], [ 637510.025849, 6316475.796043 ], [ 637085.89859, 6316571.286786 ], [ 636851.014464, 6316997.597956 ], [ 637003.522166, 6317282.385844 ], [ 637196.104885, 6317850.285059 ], [ 637520.044604, 6318065.175833 ], [ 637910.776016, 6318568.314578 ], [ 637535.629332, 6319085.12907 ], [ 637679.231475, 6319224.998513 ], [ 637079.21942, 6319827.145949 ], [ 637479.969587, 6320415.688608 ], [ 637265.12297, 6320586.288376 ], [ 637534.516137, 6320804.661125 ], [ 637743.79678, 6320657.94131 ], [ 638300.394234, 6320946.265233 ], [ 638939.368111, 6321377.916549 ], [ 639054.027187, 6321203.888454 ], [ 639283.345338, 6321362.560984 ], [ 639334.552304, 6321644.084127 ], [ 639829.924038, 6321584.366309 ], [ 639996.903274, 6321737.927267 ], [ 639835.490012, 6322075.771236 ], [ 640336.427721, 6322490.416462 ], [ 640546.821558, 6322550.140709 ], [ 640709.348015, 6322249.817361 ], [ 640917.515463, 6322157.674846 ], [ 641352.774672, 6322341.960885 ], [ 641258.153104, 6322526.250959 ], [ 641342.755917, 6322881.191362 ], [ 641586.545602, 6323347.073362 ], [ 641761.317203, 6323493.840067 ], [ 641548.696975, 6323702.04839 ], [ 641604.356721, 6323900.021737 ], [ 641815.863753, 6324173.096065 ], [ 642081.917336, 6324331.824592 ], [ 641795.826245, 6325074.304234 ], [ 642117.539573, 6325251.826314 ], [ 641920.504075, 6325620.537987 ], [ 642121.992353, 6325880.011444 ], [ 641904.919346, 6326136.078622 ], [ 642235.538234, 6326491.17134 ], [ 642045.181904, 6326699.453851 ], [ 642059.653438, 6326844.571763 ], [ 641844.806821, 6327184.328196 ], [ 641544.244196, 6328126.839984 ], [ 641538.678221, 6328736.455481 ], [ 640862.968912, 6328381.267971 ], [ 640889.68559, 6328265.15223 ], [ 640230.674204, 6327758.018447 ], [ 639838.829597, 6327544.587444 ], [ 639552.738506, 6327496.779642 ], [ 639411.362752, 6327740.943767 ], [ 638993.914662, 6327522.39093 ], [ 638636.579096, 6327930.474653 ], [ 638256.979633, 6327631.666639 ], [ 637855.116271, 6328096.104238 ], [ 637619.11895, 6328989.194189 ], [ 637752.702339, 6329037.010475 ], [ 637762.721094, 6329605.703572 ], [ 637118.181242, 6329621.074189 ], [ 636881.070726, 6330299.117154 ], [ 637013.540921, 6330346.940888 ], [ 636795.354719, 6330763.70208 ], [ 636712.978295, 6331137.77992 ], [ 636808.713057, 6331255.643509 ], [ 637642.496044, 6331892.818761 ], [ 637982.02049, 6332256.69653 ], [ 638583.145741, 6332490.748299 ], [ 638706.710375, 6332700.88792 ], [ 638530.82558, 6333068.217758 ], [ 638594.27769, 6333435.563645 ], [ 638899.293095, 6333751.664814 ], [ 638730.087469, 6334236.945954 ], [ 638809.124307, 6334787.192965 ], [ 638690.012452, 6334899.980961 ], [ 638880.368781, 6335199.04737 ], [ 638696.691621, 6335393.873496 ], [ 638644.371461, 6335595.540383 ], [ 638412.82692, 6335727.139181 ], [ 638051.038575, 6336344.142836 ], [ 637678.118281, 6336431.313209 ], [ 637652.514798, 6336525.321487 ], [ 637160.482648, 6336530.449241 ], [ 636864.372803, 6337097.940069 ], [ 635930.402275, 6336771.457231 ], [ 635708.876488, 6337179.990107 ], [ 636112.96624, 6337631.27963 ], [ 636305.548959, 6337976.600858 ], [ 636248.776019, 6338234.746291 ], [ 636081.796783, 6338465.54528 ], [ 636058.41969, 6338657.027771 ], [ 635859.157801, 6338812.610507 ], [ 635569.727125, 6338696.350608 ], [ 635437.256931, 6339002.391151 ], [ 635619.820896, 6339140.882434 ], [ 635443.9361, 6339455.488398 ], [ 635485.124312, 6339906.90014 ], [ 635388.276355, 6340289.935181 ], [ 635209.051975, 6340404.507091 ], [ 634942.998392, 6340994.491659 ], [ 634454.305827, 6341208.264409 ], [ 634064.687609, 6341247.599187 ], [ 633696.220095, 6341420.33235 ], [ 633436.845681, 6341644.377685 ], [ 633288.790759, 6341574.255983 ], [ 633105.113599, 6341938.55315 ], [ 633698.446485, 6342335.364283 ], [ 633974.518822, 6342816.009764 ], [ 633637.220765, 6343383.925277 ], [ 633617.183256, 6344502.762743 ], [ 633658.371468, 6345578.971811 ], [ 633553.731147, 6345797.994678 ], [ 633306.601877, 6345602.927159 ], [ 633130.717082, 6345640.571415 ], [ 632725.514135, 6345474.595735 ], [ 632438.309849, 6345438.663288 ], [ 632010.843004, 6345690.193647 ], [ 631910.655463, 6345979.377313 ], [ 631928.466581, 6346419.160911 ], [ 631749.242201, 6346687.833818 ], [ 631495.433762, 6346682.699861 ], [ 631178.173213, 6346790.513633 ], [ 630886.516147, 6347149.902872 ], [ 629990.394246, 6347560.652265 ], [ 629575.172546, 6347546.960295 ], [ 629311.345353, 6347644.51607 ], [ 629217.83698, 6347786.572996 ], [ 628912.821575, 6347837.919465 ], [ 628513.184604, 6348187.083777 ], [ 628611.145755, 6348490.04693 ], [ 628573.297129, 6348715.99267 ], [ 627477.913339, 6348750.227403 ], [ 627328.745222, 6349048.075473 ], [ 627237.463239, 6349414.408854 ], [ 626913.523521, 6349375.035808 ], [ 626675.299811, 6348852.932441 ], [ 625940.591171, 6348745.092184 ], [ 625896.063375, 6348375.364677 ], [ 625657.839665, 6348419.868052 ], [ 625150.222787, 6348219.604722 ], [ 625349.484675, 6347478.500779 ], [ 625220.354066, 6347023.259194 ], [ 625299.390904, 6346571.46488 ], [ 624987.69633, 6346793.936315 ], [ 625152.449176, 6347225.205423 ], [ 625036.676906, 6347408.330354 ], [ 624750.585815, 6347327.891809 ], [ 624535.739198, 6347014.702258 ], [ 624121.630692, 6346823.029169 ], [ 624027.009125, 6346436.273579 ], [ 623500.467933, 6347011.279486 ], [ 623265.583808, 6347069.466801 ], [ 622801.381531, 6346848.699419 ], [ 622724.571082, 6346669.009322 ], [ 622330.500085, 6346278.838351 ], [ 622144.596535, 6346400.337017 ], [ 621576.867132, 6346063.225327 ], [ 621505.622658, 6346196.699403 ], [ 621120.45722, 6346314.774393 ], [ 621011.364119, 6346472.210294 ], [ 621084.834983, 6346746.018893 ], [ 620766.461239, 6346869.235675 ], [ 620422.484013, 6346891.483342 ], [ 620089.638735, 6347007.856715 ], [ 619865.886559, 6346429.428507 ], [ 619744.548314, 6346506.435881 ], [ 619299.270351, 6346277.127114 ], [ 618994.254946, 6346352.42184 ], [ 618451.015831, 6346213.811618 ], [ 618285.149789, 6346282.260824 ], [ 617785.325276, 6345919.486387 ], [ 617216.482678, 6345197.406553 ], [ 616869.165867, 6344973.266435 ], [ 616123.325278, 6344927.07036 ], [ 615956.346042, 6344432.617178 ], [ 615496.596545, 6344268.376194 ], [ 615304.013826, 6344437.74976 ], [ 614771.90666, 6344215.340729 ], [ 614499.173908, 6344280.35199 ], [ 613972.632716, 6344193.10015 ], [ 613173.358772, 6344143.486762 ], [ 612873.909342, 6344001.491445 ], [ 612655.72314, 6344436.038899 ], [ 612259.425753, 6344514.738874 ], [ 611757.374849, 6344057.947127 ], [ 611588.169223, 6343695.26875 ], [ 612034.560381, 6343351.423052 ], [ 612102.465271, 6342957.985043 ], [ 611961.089517, 6342747.5888 ], [ 611893.184628, 6342005.257159 ], [ 611687.24357, 6341488.742506 ], [ 611421.189987, 6341168.929814 ], [ 610791.121669, 6340809.796383 ], [ 610594.086171, 6340464.35871 ], [ 610588.520196, 6340149.71497 ], [ 610066.431784, 6339987.267652 ], [ 609819.302515, 6340334.395737 ], [ 609789.246252, 6340529.34095 ], [ 609589.984364, 6340878.201567 ], [ 609362.892602, 6341117.624098 ], [ 609557.701711, 6341601.62048 ], [ 609644.530914, 6341976.180988 ], [ 609578.852415, 6342477.331439 ], [ 609400.741229, 6342615.880012 ], [ 609054.537613, 6342407.202785 ], [ 608692.749268, 6342345.626888 ], [ 608417.790126, 6342225.897271 ], [ 607907.946858, 6342732.194159 ], [ 607709.798164, 6342740.746734 ], [ 607424.820268, 6342913.510601 ], [ 607293.463269, 6342874.168022 ], [ 606917.20339, 6343250.495893 ], [ 606603.282426, 6343272.733976 ], [ 606409.586512, 6343418.138281 ], [ 606337.228843, 6343690.136621 ], [ 607270.086175, 6343998.069901 ], [ 607504.970301, 6343726.061589 ], [ 608504.619328, 6344285.48448 ], [ 609241.554357, 6344832.968031 ], [ 609475.325288, 6344578.041563 ], [ 609541.003788, 6344333.387866 ], [ 609508.721135, 6343744.87949 ], [ 609589.984364, 6343616.576453 ], [ 610066.431784, 6343664.476024 ], [ 610756.612627, 6343792.779794 ], [ 611336.587174, 6344128.089563 ], [ 611959.976323, 6344341.942071 ], [ 612171.483355, 6344608.837638 ], [ 612020.088848, 6344838.100858 ], [ 612355.160515, 6345147.787233 ], [ 612193.747253, 6345330.866869 ], [ 612439.763328, 6345698.749233 ], [ 612546.630039, 6346225.790189 ], [ 612986.342028, 6346355.844343 ], [ 613171.132382, 6346645.050933 ], [ 613137.736535, 6346778.534257 ], [ 612836.060715, 6347076.312394 ], [ 612548.856429, 6347211.514 ], [ 611977.787441, 6347167.017029 ], [ 611662.753282, 6346749.441557 ], [ 611442.34069, 6346665.586691 ], [ 611164.041963, 6346792.224974 ], [ 611076.099566, 6347627.400939 ], [ 610879.064067, 6347697.573195 ], [ 610017.451208, 6347302.220095 ], [ 609817.076125, 6347658.208199 ], [ 609446.38222, 6347757.476803 ], [ 609095.725824, 6347647.9391 ], [ 609044.518859, 6347882.419991 ], [ 609686.832321, 6348202.488419 ], [ 610046.394276, 6348556.802993 ], [ 610114.299165, 6348861.49125 ], [ 609856.037947, 6348926.53849 ], [ 609779.227498, 6349292.866568 ], [ 609998.526895, 6349429.815748 ], [ 610104.280411, 6349917.715359 ], [ 610089.808877, 6350141.9875 ], [ 610178.86447, 6350578.564956 ], [ 610703.179272, 6350849.083165 ], [ 610850.120999, 6351236.042085 ], [ 610595.199365, 6351383.296625 ], [ 610211.147122, 6351215.495145 ], [ 609871.622675, 6351145.293481 ], [ 608896.463936, 6351362.749325 ], [ 608501.279744, 6351480.896988 ], [ 608155.076127, 6351987.752209 ], [ 607941.342705, 6352227.491692 ], [ 608512.411693, 6352474.088018 ], [ 608662.693005, 6352953.601615 ], [ 608822.993072, 6353277.288781 ], [ 609052.311223, 6353429.717219 ], [ 608976.613969, 6353679.774362 ], [ 608397.752617, 6353789.3908 ], [ 608373.262329, 6353905.859835 ], [ 608737.277064, 6354005.202348 ], [ 608830.785436, 6354200.465197 ], [ 608749.522208, 6354661.235017 ], [ 608392.186643, 6354767.43834 ], [ 608278.640762, 6355188.838966 ], [ 608345.432457, 6355493.768062 ], [ 608604.80687, 6356175.615908 ], [ 608885.331987, 6356636.494201 ], [ 608860.841699, 6356812.971031 ], [ 608672.711759, 6356915.774778 ], [ 608147.283763, 6357030.573785 ], [ 608470.110286, 6357184.783879 ], [ 608959.916046, 6357303.013537 ], [ 609250.459917, 6357306.440508 ], [ 609321.704391, 6357157.368544 ], [ 609784.793472, 6357746.817987 ], [ 609945.093539, 6358072.403748 ], [ 610360.31524, 6359188.059213 ], [ 609824.868489, 6359472.56653 ], [ 609573.28644, 6359498.275498 ], [ 609239.327968, 6359412.579245 ], [ 609023.368155, 6359443.429795 ], [ 609018.915376, 6359652.53096 ] ] ] ] } },
{ "type": "Feature", "properties": { "code": "55", "nom": "Meuse" }, "geometry": { "type": "MultiPolygon", "coordinates": [ [ [ [ 551141.685723, 6315149.26881 ], [ 551916.469379, 6315406.714693 ], [ 552300.521622, 6315831.261852 ], [ 552563.23562, 6316358.139296 ], [ 552630.027314, 6316953.260589 ], [ 552838.194762, 6317045.346152 ], [ 552984.023295, 6317263.627064 ], [ 553293.49148, 6317338.662435 ], [ 553939.144526, 6317659.275642 ], [ 554184.047406, 6317667.802756 ], [ 554659.381632, 6317918.503758 ], [ 554936.567164, 6318177.739857 ], [ 555182.583238, 6318251.077833 ], [ 555449.750016, 6318493.268247 ], [ 555877.216861, 6318595.604319 ], [ 556029.724563, 6318769.578496 ], [ 556532.888662, 6319003.255352 ], [ 556567.397704, 6319323.931962 ], [ 556398.192078, 6319426.278133 ], [ 556201.156579, 6319782.793677 ], [ 556325.834409, 6319820.322507 ], [ 558044.607347, 6320808.073244 ], [ 558433.11237, 6320930.910455 ], [ 559025.332061, 6321048.631131 ], [ 559463.930854, 6321509.293083 ], [ 559664.305938, 6321563.891727 ], [ 559932.585911, 6321376.210374 ], [ 559842.417123, 6321180.002525 ], [ 559982.679681, 6321052.043349 ], [ 560336.675662, 6320917.261788 ], [ 561207.19408, 6321092.990074 ], [ 561897.374923, 6321304.551325 ], [ 562294.785505, 6321490.524882 ], [ 562252.484099, 6321799.352434 ], [ 562224.654226, 6322737.848243 ], [ 562056.561795, 6323411.923451 ], [ 562146.730582, 6323563.811142 ], [ 562417.236945, 6323613.303229 ], [ 562446.180013, 6323780.554504 ], [ 562698.875257, 6323794.207817 ], [ 563080.70111, 6324019.490665 ], [ 563210.944914, 6324190.163505 ], [ 562931.532993, 6324492.262919 ], [ 562883.665611, 6324917.268594 ], [ 562636.536342, 6325055.52808 ], [ 562512.971707, 6324808.028137 ], [ 561993.109685, 6325019.682809 ], [ 561585.680349, 6325009.441332 ], [ 561029.082895, 6325099.908149 ], [ 560834.273786, 6325437.887129 ], [ 561063.591937, 6325612.002812 ], [ 561324.079545, 6325605.174678 ], [ 561164.892674, 6326093.400218 ], [ 560878.801582, 6326426.297513 ], [ 560835.386981, 6326711.404643 ], [ 560580.465347, 6326866.766488 ], [ 560583.804932, 6327182.620843 ], [ 559703.26776, 6327389.21308 ], [ 559430.535007, 6327699.964678 ], [ 559794.549742, 6327795.582863 ], [ 560045.018596, 6327952.672243 ], [ 560385.656238, 6328301.011332 ], [ 560468.032661, 6328461.525375 ], [ 560844.29254, 6328685.225588 ], [ 560639.464677, 6329154.844625 ], [ 560481.391, 6329313.667178 ], [ 560445.768763, 6329552.760549 ], [ 560278.789527, 6329774.781909 ], [ 559977.113707, 6330384.516869 ], [ 559652.060794, 6330502.369901 ], [ 559826.832394, 6331096.784276 ], [ 559770.059454, 6331443.5454 ], [ 559460.59127, 6331569.954489 ], [ 559526.269769, 6332106.360144 ], [ 559771.172649, 6332313.073368 ], [ 560414.599306, 6332741.891385 ], [ 561187.156572, 6333768.751702 ], [ 561446.530985, 6334014.806744 ], [ 561403.116384, 6334320.676871 ], [ 561882.903389, 6334773.521795 ], [ 562623.178003, 6335761.321024 ], [ 562792.383629, 6335939.068848 ], [ 562942.664942, 6336296.284977 ], [ 562639.875927, 6336646.679182 ], [ 562535.235605, 6337149.221249 ], [ 562645.441901, 6337453.496016 ], [ 563440.263065, 6338215.940727 ], [ 564531.194075, 6337791.971901 ], [ 564773.870565, 6337754.362796 ], [ 565135.65891, 6338015.920511 ], [ 565319.33607, 6337986.858141 ], [ 565845.877261, 6338137.299732 ], [ 566050.705125, 6337844.966835 ], [ 566359.060114, 6337995.405886 ], [ 566740.885967, 6338065.497728 ], [ 566912.317983, 6338352.709427 ], [ 567101.561118, 6338515.125149 ], [ 566993.581212, 6338701.479687 ], [ 567248.502845, 6338947.679174 ], [ 567857.42046, 6339270.826948 ], [ 567889.703112, 6339670.931886 ], [ 567625.875919, 6340098.415478 ], [ 567583.574513, 6340380.566563 ], [ 567827.364198, 6340719.160372 ], [ 568072.267077, 6340941.476859 ], [ 568191.378932, 6341259.570678 ], [ 568026.626086, 6341280.093273 ], [ 567949.815637, 6341617.013049 ], [ 567717.157902, 6341550.312122 ], [ 567452.217514, 6341993.284606 ], [ 567287.464667, 6341938.55315 ], [ 567131.61738, 6342260.105559 ], [ 566843.299899, 6342352.468632 ], [ 566146.439887, 6342800.614998 ], [ 566575.019926, 6343132.463973 ], [ 566404.701105, 6343361.686899 ], [ 566211.005191, 6343457.483408 ], [ 565681.124415, 6343298.393377 ], [ 565372.769426, 6343301.814636 ], [ 565140.11169, 6343532.75286 ], [ 565516.371569, 6343633.683411 ], [ 565723.425822, 6343850.944814 ], [ 565939.385634, 6343888.581219 ], [ 566780.960984, 6344234.159726 ], [ 567022.524279, 6344502.762743 ], [ 567232.918117, 6344848.366521 ], [ 567411.029302, 6345481.440028 ], [ 567930.891324, 6345447.218619 ], [ 568473.017244, 6345558.43871 ], [ 568900.484089, 6345727.838294 ], [ 569381.384289, 6346254.881075 ], [ 569508.288509, 6346742.59623 ], [ 569149.839748, 6346857.256186 ], [ 568980.634122, 6347071.178199 ], [ 568717.920124, 6347221.782565 ], [ 568321.622737, 6347327.891809 ], [ 568272.642161, 6347435.713865 ], [ 568432.942228, 6347815.66929 ], [ 568416.244304, 6348409.598021 ], [ 568071.153882, 6349262.05331 ], [ 567974.305925, 6349364.764609 ], [ 567760.572503, 6350003.314706 ], [ 567822.911418, 6350040.978695 ], [ 567734.96902, 6350612.807285 ], [ 568241.472703, 6350580.277069 ], [ 568501.960312, 6350739.505119 ], [ 568676.731912, 6351133.307889 ], [ 568715.693734, 6351987.752209 ], [ 568529.790184, 6352117.89565 ], [ 568543.148523, 6352309.689662 ], [ 568781.372234, 6352492.925535 ], [ 568978.407732, 6352855.984126 ], [ 568348.339415, 6353496.512576 ], [ 568095.64417, 6353297.840768 ], [ 567840.722536, 6353475.960102 ], [ 567178.371566, 6353215.63312 ], [ 566773.16862, 6353876.742425 ], [ 566261.098962, 6354620.124414 ], [ 566206.552412, 6354823.966464 ], [ 565832.518923, 6355051.79579 ], [ 565850.330041, 6356201.314775 ], [ 566016.196082, 6356734.155677 ], [ 565983.91343, 6357160.795456 ], [ 565893.744643, 6357409.250302 ], [ 565668.879271, 6357541.191385 ], [ 565492.994476, 6357794.798253 ], [ 564916.359513, 6357793.084667 ], [ 564633.608007, 6358235.201367 ], [ 564579.061456, 6358675.627603 ], [ 564445.478067, 6358987.538768 ], [ 564088.142502, 6359565.119183 ], [ 563648.430513, 6359935.340009 ], [ 563220.963669, 6360228.443085 ], [ 563306.679676, 6360680.97321 ], [ 563262.15188, 6360936.38925 ], [ 563471.432523, 6361414.672417 ], [ 563792.032656, 6361580.963636 ], [ 564103.727231, 6361455.816329 ], [ 564279.612026, 6361599.821611 ], [ 564461.062796, 6361524.389965 ], [ 565367.203451, 6361754.115729 ], [ 565567.578534, 6362002.706667 ], [ 565678.898025, 6362469.048855 ], [ 565857.009211, 6362554.776344 ], [ 566234.382284, 6363372.66065 ], [ 566118.610014, 6363616.155245 ], [ 566295.608004, 6363787.634555 ], [ 566601.736604, 6363746.479201 ], [ 566716.395679, 6364173.475825 ], [ 566707.49012, 6364528.465474 ], [ 566890.054085, 6364706.823435 ], [ 567191.729905, 6364758.273552 ], [ 567325.313294, 6365000.09333 ], [ 567256.29521, 6365226.484124 ], [ 567416.595277, 6365437.444684 ], [ 567652.592597, 6365543.78454 ], [ 567481.160581, 6365717.018484 ], [ 567475.594607, 6365960.581172 ], [ 567605.838411, 6366186.997904 ], [ 567834.043367, 6366332.799794 ], [ 567771.704452, 6366504.334676 ], [ 567065.938881, 6366322.507813 ], [ 566763.149866, 6366048.059639 ], [ 566595.057435, 6366108.094409 ], [ 566388.003182, 6366547.218945 ], [ 566664.075519, 6366914.317264 ], [ 566698.584561, 6367060.131804 ], [ 566578.359511, 6367557.635797 ], [ 566398.021936, 6367833.849037 ], [ 566779.847789, 6368214.729427 ], [ 566717.508874, 6368588.763951 ], [ 566916.770763, 6368540.721885 ], [ 567103.787507, 6368650.532725 ], [ 567261.861184, 6369371.202069 ], [ 567293.030642, 6370042.166613 ], [ 567770.591257, 6370016.425295 ], [ 567976.532315, 6369784.756985 ], [ 568459.658905, 6369728.127927 ], [ 568663.373573, 6369613.154958 ], [ 568823.67364, 6369985.535817 ], [ 569188.80157, 6370527.834311 ], [ 569213.291858, 6370757.806926 ], [ 568927.200767, 6370931.148666 ], [ 568747.976386, 6370659.981983 ], [ 568626.638141, 6370742.360807 ], [ 568850.390318, 6371119.940779 ], [ 569104.198757, 6371950.676609 ], [ 568816.994471, 6372108.594388 ], [ 568879.333386, 6372340.326953 ], [ 568863.748657, 6372742.011914 ], [ 568735.731242, 6372869.044499 ], [ 568238.133119, 6373141.999408 ], [ 568329.415101, 6373741.158031 ], [ 568662.260379, 6374594.47508 ], [ 569264.498824, 6375892.645171 ], [ 569510.514898, 6375659.097086 ], [ 569764.323337, 6376098.722418 ], [ 570356.543028, 6375837.692095 ], [ 570499.031977, 6375932.142917 ], [ 570791.802237, 6375743.242337 ], [ 571493.115029, 6375739.80782 ], [ 571835.979061, 6375679.704008 ], [ 572661.969683, 6375729.504279 ], [ 572585.159234, 6375490.809121 ], [ 573229.699086, 6375011.722099 ], [ 573384.433178, 6374827.993485 ], [ 573613.751329, 6373976.369547 ], [ 573591.487431, 6373322.257524 ], [ 573754.013887, 6373154.016495 ], [ 573833.050726, 6372826.12787 ], [ 573964.407725, 6372626.997586 ], [ 574296.139808, 6372421.00572 ], [ 574606.721187, 6371670.894807 ], [ 574396.327349, 6371569.626396 ], [ 574720.267068, 6371224.63642 ], [ 574714.701093, 6370853.916755 ], [ 575068.697074, 6371018.679026 ], [ 575373.712478, 6370975.771872 ], [ 576265.3816, 6371554.17878 ], [ 576529.208793, 6371797.911154 ], [ 577093.598611, 6372069.114664 ], [ 577750.383607, 6372122.32651 ], [ 578129.983071, 6371976.42387 ], [ 578445.017229, 6371770.447997 ], [ 578584.166593, 6371574.775608 ], [ 579040.576505, 6371832.240227 ], [ 579462.477375, 6372211.585848 ], [ 579827.605305, 6372659.613429 ], [ 579812.020576, 6372884.49454 ], [ 580437.636115, 6372692.229399 ], [ 580434.29653, 6372614.981254 ], [ 581045.440534, 6372482.802748 ], [ 581111.119034, 6372395.257093 ], [ 581725.602623, 6372378.091385 ], [ 581752.319301, 6372070.83117 ], [ 582508.178643, 6372048.516621 ], [ 582822.099607, 6371998.738227 ], [ 582807.628074, 6371650.297743 ], [ 582700.761362, 6371253.814127 ], [ 582721.912066, 6370805.861703 ], [ 583104.851114, 6370749.225745 ], [ 583152.718495, 6370570.73917 ], [ 583394.28179, 6370277.274316 ], [ 583889.653524, 6370133.119906 ], [ 583899.672278, 6369994.116216 ], [ 584535.306571, 6369923.757202 ], [ 584893.755331, 6369656.055135 ], [ 585005.074822, 6369108.665347 ], [ 585336.806904, 6368578.469199 ], [ 585432.541667, 6368266.201078 ], [ 585370.202752, 6367782.380042 ], [ 585570.577835, 6367442.692597 ], [ 585842.197393, 6367302.017989 ], [ 585936.81896, 6367559.351379 ], [ 586236.26839, 6367518.177506 ], [ 586447.775423, 6367809.830133 ], [ 587355.029273, 6367727.480128 ], [ 587721.270397, 6368086.051684 ], [ 587871.55171, 6368604.206102 ], [ 588101.983056, 6369040.029652 ], [ 588335.753986, 6369276.825177 ], [ 588970.275084, 6369517.059357 ], [ 589798.492095, 6369662.919184 ], [ 590415.202074, 6369870.559316 ], [ 590947.30924, 6370097.081691 ], [ 591303.531611, 6370299.584149 ], [ 590902.781444, 6370910.55342 ], [ 591637.490083, 6371416.867888 ], [ 591851.223506, 6371670.894807 ], [ 591955.863827, 6371971.274411 ], [ 592004.844403, 6372881.061195 ], [ 592253.086867, 6372949.728358 ], [ 592497.989747, 6373255.304057 ], [ 593220.453242, 6373813.265969 ], [ 593460.903343, 6374230.474079 ], [ 593510.997113, 6374522.360418 ], [ 594036.42511, 6375372.322683 ], [ 594272.42243, 6375633.338505 ], [ 594432.722497, 6375997.400471 ], [ 594463.891955, 6376390.673864 ], [ 594805.642791, 6376292.783128 ], [ 594882.45324, 6375863.451304 ], [ 595003.791485, 6375659.097086 ], [ 595707.330667, 6375298.484157 ], [ 596054.647478, 6375315.655849 ], [ 596521.076144, 6375629.904033 ], [ 596865.053371, 6375954.467813 ], [ 597372.670249, 6376103.874414 ], [ 597630.931468, 6375830.822985 ], [ 597884.739907, 6375820.519332 ], [ 597990.493423, 6375963.054327 ], [ 598294.395633, 6375890.927882 ], [ 598688.46663, 6376090.135765 ], [ 598829.842384, 6376315.108985 ], [ 599005.727179, 6376833.77256 ], [ 598838.747943, 6376933.387122 ], [ 599016.859128, 6377237.39061 ], [ 598855.445866, 6377495.029323 ], [ 599002.387594, 6377649.616355 ], [ 598997.934815, 6378024.072327 ], [ 599145.989737, 6378328.115408 ], [ 599556.758658, 6378675.115916 ], [ 599856.208089, 6379097.720111 ], [ 599882.924766, 6379422.418309 ], [ 599827.265021, 6379731.666394 ], [ 600133.393621, 6380068.416188 ], [ 600406.126373, 6380224.76891 ], [ 600939.346734, 6379877.704183 ], [ 601224.32463, 6379140.668885 ], [ 601387.964282, 6378986.054328 ], [ 602010.240235, 6378889.851155 ], [ 602348.651487, 6378714.626786 ], [ 602677.043985, 6378238.790872 ], [ 603182.434474, 6377244.260873 ], [ 603753.503461, 6377081.093653 ], [ 604121.970976, 6376833.77256 ], [ 604303.421746, 6376579.589046 ], [ 604575.041303, 6376048.919952 ], [ 604329.025229, 6375520.001689 ], [ 604383.571779, 6375138.789105 ], [ 604511.589194, 6374884.65702 ], [ 604872.264344, 6373912.844618 ], [ 605352.051349, 6372093.145778 ], [ 606007.72315, 6371725.820559 ], [ 606450.774723, 6371615.969415 ], [ 607251.161862, 6371627.984314 ], [ 607449.310556, 6371566.19359 ], [ 606957.278406, 6370658.265766 ], [ 606803.657509, 6370303.016436 ], [ 606500.868494, 6369860.26299 ], [ 606380.643444, 6369369.486116 ], [ 606181.381556, 6369201.324428 ], [ 605728.311228, 6369072.631537 ], [ 605797.329312, 6368846.136849 ], [ 606539.830316, 6368406.891868 ], [ 607286.784099, 6367634.837339 ], [ 607429.273047, 6367566.213711 ], [ 607792.174587, 6367204.233372 ], [ 608368.80955, 6366795.952031 ], [ 608476.789456, 6366279.624693 ], [ 608364.35677, 6365783.911757 ], [ 608560.279074, 6364571.339638 ], [ 608050.435806, 6364523.32059 ], [ 607852.287112, 6364399.8443 ], [ 607677.515512, 6364074.012821 ], [ 607290.123684, 6363806.497493 ], [ 607243.369498, 6363583.574573 ], [ 606901.618661, 6363352.083966 ], [ 606379.530249, 6363196.045756 ], [ 606595.490061, 6362847.970979 ], [ 607138.729176, 6362601.069552 ], [ 607112.012499, 6362287.309477 ], [ 607930.210756, 6362011.2789 ], [ 607970.285773, 6361856.980051 ], [ 608430.03527, 6361622.108364 ], [ 608371.035939, 6361106.09951 ], [ 608264.169228, 6360787.252765 ], [ 608278.640762, 6360370.713182 ], [ 608412.224151, 6360242.15576 ], [ 608382.167888, 6359942.196104 ], [ 608936.538953, 6359734.8017 ], [ 609018.915376, 6359652.53096 ], [ 609023.368155, 6359443.429795 ], [ 609239.327968, 6359412.579245 ], [ 609573.28644, 6359498.275498 ], [ 609824.868489, 6359472.56653 ], [ 610360.31524, 6359188.059213 ], [ 609945.093539, 6358072.403748 ], [ 609784.793472, 6357746.817987 ], [ 609321.704391, 6357157.368544 ], [ 609250.459917, 6357306.440508 ], [ 608959.916046, 6357303.013537 ], [ 608470.110286, 6357184.783879 ], [ 608147.283763, 6357030.573785 ], [ 608672.711759, 6356915.774778 ], [ 608860.841699, 6356812.971031 ], [ 608885.331987, 6356636.494201 ], [ 608604.80687, 6356175.615908 ], [ 608345.432457, 6355493.768062 ], [ 608278.640762, 6355188.838966 ], [ 608392.186643, 6354767.43834 ], [ 608749.522208, 6354661.235017 ], [ 608830.785436, 6354200.465197 ], [ 608737.277064, 6354005.202348 ], [ 608373.262329, 6353905.859835 ], [ 608397.752617, 6353789.3908 ], [ 608976.613969, 6353679.774362 ], [ 609052.311223, 6353429.717219 ], [ 608822.993072, 6353277.288781 ], [ 608662.693005, 6352953.601615 ], [ 608512.411693, 6352474.088018 ], [ 607941.342705, 6352227.491692 ], [ 608155.076127, 6351987.752209 ], [ 608501.279744, 6351480.896988 ], [ 608896.463936, 6351362.749325 ], [ 609871.622675, 6351145.293481 ], [ 610211.147122, 6351215.495145 ], [ 610595.199365, 6351383.296625 ], [ 610850.120999, 6351236.042085 ], [ 610703.179272, 6350849.083165 ], [ 610178.86447, 6350578.564956 ], [ 610089.808877, 6350141.9875 ], [ 610104.280411, 6349917.715359 ], [ 609998.526895, 6349429.815748 ], [ 609779.227498, 6349292.866568 ], [ 609856.037947, 6348926.53849 ], [ 610114.299165, 6348861.49125 ], [ 610046.394276, 6348556.802993 ], [ 609686.832321, 6348202.488419 ], [ 609044.518859, 6347882.419991 ], [ 609095.725824, 6347647.9391 ], [ 609446.38222, 6347757.476803 ], [ 609817.076125, 6347658.208199 ], [ 610017.451208, 6347302.220095 ], [ 610879.064067, 6347697.573195 ], [ 611076.099566, 6347627.400939 ], [ 611164.041963, 6346792.224974 ], [ 611442.34069, 6346665.586691 ], [ 611662.753282, 6346749.441557 ], [ 611977.787441, 6347167.017029 ], [ 612548.856429, 6347211.514 ], [ 612836.060715, 6347076.312394 ], [ 613137.736535, 6346778.534257 ], [ 613171.132382, 6346645.050933 ], [ 612986.342028, 6346355.844343 ], [ 612546.630039, 6346225.790189 ], [ 612439.763328, 6345698.749233 ], [ 612193.747253, 6345330.866869 ], [ 612355.160515, 6345147.787233 ], [ 612020.088848, 6344838.100858 ], [ 612171.483355, 6344608.837638 ], [ 611959.976323, 6344341.942071 ], [ 611336.587174, 6344128.089563 ], [ 610756.612627, 6343792.779794 ], [ 610066.431784, 6343664.476024 ], [ 609589.984364, 6343616.576453 ], [ 609508.721135, 6343744.87949 ], [ 609541.003788, 6344333.387866 ], [ 609475.325288, 6344578.041563 ], [ 609241.554357, 6344832.968031 ], [ 608504.619328, 6344285.48448 ], [ 607504.970301, 6343726.061589 ], [ 607270.086175, 6343998.069901 ], [ 606337.228843, 6343690.136621 ], [ 606409.586512, 6343418.138281 ], [ 606603.282426, 6343272.733976 ], [ 606917.20339, 6343250.495893 ], [ 607293.463269, 6342874.168022 ], [ 607424.820268, 6342913.510601 ], [ 607709.798164, 6342740.746734 ], [ 607907.946858, 6342732.194159 ], [ 608417.790126, 6342225.897271 ], [ 608692.749268, 6342345.626888 ], [ 609054.537613, 6342407.202785 ], [ 609400.741229, 6342615.880012 ], [ 609578.852415, 6342477.331439 ], [ 609644.530914, 6341976.180988 ], [ 609557.701711, 6341601.62048 ], [ 609362.892602, 6341117.624098 ], [ 609589.984364, 6340878.201567 ], [ 609789.246252, 6340529.34095 ], [ 609819.302515, 6340334.395737 ], [ 610066.431784, 6339987.267652 ], [ 610588.520196, 6340149.71497 ], [ 610594.086171, 6340464.35871 ], [ 610791.121669, 6340809.796383 ], [ 611421.189987, 6341168.929814 ], [ 611687.24357, 6341488.742506 ], [ 611893.184628, 6342005.257159 ], [ 611961.089517, 6342747.5888 ], [ 612102.465271, 6342957.985043 ], [ 612034.560381, 6343351.423052 ], [ 611588.169223, 6343695.26875 ], [ 611757.374849, 6344057.947127 ], [ 612259.425753, 6344514.738874 ], [ 612655.72314, 6344436.038899 ], [ 612873.909342, 6344001.491445 ], [ 613173.358772, 6344143.486762 ], [ 613972.632716, 6344193.10015 ], [ 614499.173908, 6344280.35199 ], [ 614771.90666, 6344215.340729 ], [ 615304.013826, 6344437.74976 ], [ 615496.596545, 6344268.376194 ], [ 615956.346042, 6344432.617178 ], [ 616123.325278, 6344927.07036 ], [ 616869.165867, 6344973.266435 ], [ 617216.482678, 6345197.406553 ], [ 617785.325276, 6345919.486387 ], [ 618285.149789, 6346282.260824 ], [ 618451.015831, 6346213.811618 ], [ 618994.254946, 6346352.42184 ], [ 619299.270351, 6346277.127114 ], [ 619744.548314, 6346506.435881 ], [ 619865.886559, 6346429.428507 ], [ 620089.638735, 6347007.856715 ], [ 620422.484013, 6346891.483342 ], [ 620766.461239, 6346869.235675 ], [ 621084.834983, 6346746.018893 ], [ 621011.364119, 6346472.210294 ], [ 621120.45722, 6346314.774393 ], [ 621505.622658, 6346196.699403 ], [ 621576.867132, 6346063.225327 ], [ 622144.596535, 6346400.337017 ], [ 622330.500085, 6346278.838351 ], [ 622724.571082, 6346669.009322 ], [ 622801.381531, 6346848.699419 ], [ 623265.583808, 6347069.466801 ], [ 623500.467933, 6347011.279486 ], [ 624027.009125, 6346436.273579 ], [ 624121.630692, 6346823.029169 ], [ 624535.739198, 6347014.702258 ], [ 624750.585815, 6347327.891809 ], [ 625036.676906, 6347408.330354 ], [ 625152.449176, 6347225.205423 ], [ 624987.69633, 6346793.936315 ], [ 625299.390904, 6346571.46488 ], [ 625220.354066, 6347023.259194 ], [ 625349.484675, 6347478.500779 ], [ 625150.222787, 6348219.604722 ], [ 625657.839665, 6348419.868052 ], [ 625896.063375, 6348375.364677 ], [ 625940.591171, 6348745.092184 ], [ 626675.299811, 6348852.932441 ], [ 626913.523521, 6349375.035808 ], [ 627237.463239, 6349414.408854 ], [ 627328.745222, 6349048.075473 ], [ 627477.913339, 6348750.227403 ], [ 628573.297129, 6348715.99267 ], [ 628611.145755, 6348490.04693 ], [ 628513.184604, 6348187.083777 ], [ 628912.821575, 6347837.919465 ], [ 629217.83698, 6347786.572996 ], [ 629311.345353, 6347644.51607 ], [ 629575.172546, 6347546.960295 ], [ 629990.394246, 6347560.652265 ], [ 630886.516147, 6347149.902872 ], [ 631178.173213, 6346790.513633 ], [ 631495.433762, 6346682.699861 ], [ 631749.242201, 6346687.833818 ], [ 631928.466581, 6346419.160911 ], [ 631910.655463, 6345979.377313 ], [ 632010.843004, 6345690.193647 ], [ 632438.309849, 6345438.663288 ], [ 632725.514135, 6345474.595735 ], [ 633130.717082, 6345640.571415 ], [ 633306.601877, 6345602.927159 ], [ 633553.731147, 6345797.994678 ], [ 633658.371468, 6345578.971811 ], [ 633617.183256, 6344502.762743 ], [ 633637.220765, 6343383.925277 ], [ 633974.518822, 6342816.009764 ], [ 633698.446485, 6342335.364283 ], [ 633105.113599, 6341938.55315 ], [ 633288.790759, 6341574.255983 ], [ 633436.845681, 6341644.377685 ], [ 633696.220095, 6341420.33235 ], [ 634064.687609, 6341247.599187 ], [ 634454.305827, 6341208.264409 ], [ 634942.998392, 6340994.491659 ], [ 635209.051975, 6340404.507091 ], [ 635388.276355, 6340289.935181 ], [ 635485.124312, 6339906.90014 ], [ 635443.9361, 6339455.488398 ], [ 635619.820896, 6339140.882434 ], [ 635437.256931, 6339002.391151 ], [ 635569.727125, 6338696.350608 ], [ 635859.157801, 6338812.610507 ], [ 636058.41969, 6338657.027771 ], [ 636081.796783, 6338465.54528 ], [ 636248.776019, 6338234.746291 ], [ 636305.548959, 6337976.600858 ], [ 636112.96624, 6337631.27963 ], [ 635708.876488, 6337179.990107 ], [ 635930.402275, 6336771.457231 ], [ 636864.372803, 6337097.940069 ], [ 637160.482648, 6336530.449241 ], [ 637652.514798, 6336525.321487 ], [ 637678.118281, 6336431.313209 ], [ 638051.038575, 6336344.142836 ], [ 638412.82692, 6335727.139181 ], [ 638644.371461, 6335595.540383 ], [ 638696.691621, 6335393.873496 ], [ 638880.368781, 6335199.04737 ], [ 638690.012452, 6334899.980961 ], [ 638809.124307, 6334787.192965 ], [ 638730.087469, 6334236.945954 ], [ 638899.293095, 6333751.664814 ], [ 638594.27769, 6333435.563645 ], [ 638530.82558, 6333068.217758 ], [ 638706.710375, 6332700.88792 ], [ 638583.145741, 6332490.748299 ], [ 637982.02049, 6332256.69653 ], [ 637642.496044, 6331892.818761 ], [ 636808.713057, 6331255.643509 ], [ 636712.978295, 6331137.77992 ], [ 636795.354719, 6330763.70208 ], [ 637013.540921, 6330346.940888 ], [ 636881.070726, 6330299.117154 ], [ 637118.181242, 6329621.074189 ], [ 637762.721094, 6329605.703572 ], [ 637752.702339, 6329037.010475 ], [ 637619.11895, 6328989.194189 ], [ 637855.116271, 6328096.104238 ], [ 638256.979633, 6327631.666639 ], [ 638636.579096, 6327930.474653 ], [ 638993.914662, 6327522.39093 ], [ 639411.362752, 6327740.943767 ], [ 639552.738506, 6327496.779642 ], [ 639838.829597, 6327544.587444 ], [ 640230.674204, 6327758.018447 ], [ 640889.68559, 6328265.15223 ], [ 640862.968912, 6328381.267971 ], [ 641538.678221, 6328736.455481 ], [ 641544.244196, 6328126.839984 ], [ 641844.806821, 6327184.328196 ], [ 642059.653438, 6326844.571763 ], [ 642045.181904, 6326699.453851 ], [ 642235.538234, 6326491.17134 ], [ 641904.919346, 6326136.078622 ], [ 642121.992353, 6325880.011444 ], [ 641920.504075, 6325620.537987 ], [ 642117.539573, 6325251.826314 ], [ 641795.826245, 6325074.304234 ], [ 642081.917336, 6324331.824592 ], [ 641815.863753, 6324173.096065 ], [ 641604.356721, 6323900.021737 ], [ 641548.696975, 6323702.04839 ], [ 641761.317203, 6323493.840067 ], [ 641586.545602, 6323347.073362 ], [ 641342.755917, 6322881.191362 ], [ 641258.153104, 6322526.250959 ], [ 641352.774672, 6322341.960885 ], [ 640917.515463, 6322157.674846 ], [ 640709.348015, 6322249.817361 ], [ 640546.821558, 6322550.140709 ], [ 640336.427721, 6322490.416462 ], [ 639835.490012, 6322075.771236 ], [ 639996.903274, 6321737.927267 ], [ 639829.924038, 6321584.366309 ], [ 639334.552304, 6321644.084127 ], [ 639283.345338, 6321362.560984 ], [ 639054.027187, 6321203.888454 ], [ 638939.368111, 6321377.916549 ], [ 638300.394234, 6320946.265233 ], [ 637743.79678, 6320657.94131 ], [ 637534.516137, 6320804.661125 ], [ 637265.12297, 6320586.288376 ], [ 637479.969587, 6320415.688608 ], [ 637079.21942, 6319827.145949 ], [ 637679.231475, 6319224.998513 ], [ 637535.629332, 6319085.12907 ], [ 637910.776016, 6318568.314578 ], [ 637520.044604, 6318065.175833 ], [ 637196.104885, 6317850.285059 ], [ 637003.522166, 6317282.385844 ], [ 636851.014464, 6316997.597956 ], [ 637085.89859, 6316571.286786 ], [ 637510.025849, 6316475.796043 ], [ 637682.57106, 6316054.626581 ], [ 637737.117611, 6315566.982993 ], [ 638220.244201, 6315093.00685 ], [ 638539.731139, 6315040.155049 ], [ 638622.107562, 6314830.456009 ], [ 638641.031876, 6314445.168944 ], [ 638814.690282, 6314184.343017 ], [ 639036.216068, 6313998.530781 ], [ 638844.746544, 6313516.119985 ], [ 638194.640718, 6313314.981596 ], [ 637718.193297, 6313120.66602 ], [ 637517.818214, 6312916.128151 ], [ 637355.291757, 6312524.111119 ], [ 637040.257598, 6312314.474716 ], [ 636640.620626, 6311590.161445 ], [ 636925.598523, 6311324.311494 ], [ 636804.260278, 6311176.052665 ], [ 636814.279032, 6310860.798312 ], [ 637099.256928, 6310548.963721 ], [ 636833.203345, 6310453.541235 ], [ 637161.595843, 6309732.795582 ], [ 637520.044604, 6309248.925292 ], [ 637102.596513, 6308748.046589 ], [ 637304.084791, 6308330.670414 ], [ 637318.556325, 6308124.545317 ], [ 638012.076753, 6307923.535616 ], [ 638534.165165, 6308300.006857 ], [ 639008.386196, 6308490.804134 ], [ 639151.988339, 6308269.343412 ], [ 639784.283046, 6308749.750208 ], [ 640029.185926, 6308582.797223 ], [ 640301.918679, 6308693.530976 ], [ 640484.482643, 6308647.533702 ], [ 640907.496708, 6309032.555669 ], [ 641156.852368, 6309138.18424 ], [ 641347.208697, 6309107.517744 ], [ 641444.056654, 6308933.743043 ], [ 641816.976948, 6308540.207705 ], [ 641842.580431, 6308439.697297 ], [ 641690.072729, 6307603.292777 ], [ 641580.979628, 6307356.305284 ], [ 641323.831604, 6307083.775761 ], [ 641160.191953, 6306707.358852 ], [ 641142.380834, 6306300.302474 ], [ 640980.967572, 6305809.817143 ], [ 640985.420352, 6305525.416848 ], [ 640685.970922, 6305317.657429 ], [ 640679.291752, 6304038.857722 ], [ 639959.054647, 6303282.907597 ], [ 639729.736496, 6302603.631867 ], [ 639694.114259, 6302176.346106 ], [ 639477.041252, 6301589.076314 ], [ 639694.114259, 6301507.372454 ], [ 640052.563019, 6300964.402333 ], [ 640303.031873, 6300921.851294 ], [ 640707.121625, 6300743.139271 ], [ 640937.552971, 6300906.532972 ], [ 641215.851698, 6300835.047838 ], [ 641131.248885, 6299813.89781 ], [ 640825.120285, 6299631.805714 ], [ 640751.649421, 6299056.624733 ], [ 641681.167169, 6298959.630622 ], [ 641971.71104, 6298663.550238 ], [ 642513.836961, 6298614.204518 ], [ 642514.950156, 6298484.88607 ], [ 641919.39088, 6298166.703068 ], [ 641616.601865, 6297897.873309 ], [ 641208.059334, 6297634.156239 ], [ 640464.445135, 6297583.115178 ], [ 640638.103541, 6297025.086393 ], [ 640649.23549, 6296594.680874 ], [ 640486.709033, 6296570.864609 ], [ 640300.805484, 6296303.786815 ], [ 639746.434419, 6296029.913274 ], [ 639915.640046, 6295409.05277 ], [ 640251.824908, 6294912.397265 ], [ 640546.821558, 6295005.943155 ], [ 640569.085456, 6294638.568892 ], [ 640717.140379, 6294378.355134 ], [ 640657.027854, 6294259.305764 ], [ 640821.780701, 6293925.976465 ], [ 641292.662147, 6293419.20511 ], [ 641367.246205, 6293237.25101 ], [ 641626.620619, 6293242.352473 ], [ 641841.467236, 6292927.768002 ], [ 642060.766633, 6293046.798584 ], [ 642458.177215, 6292883.55707 ], [ 642598.439774, 6292756.026835 ], [ 643058.189271, 6293184.536069 ], [ 643260.790744, 6293427.707734 ], [ 643132.773329, 6293823.939517 ], [ 643850.784045, 6293990.600504 ], [ 643935.386858, 6293818.837702 ], [ 644411.834279, 6293888.562774 ], [ 644535.398913, 6293752.514387 ], [ 645598.50005, 6293788.226876 ], [ 646025.966895, 6293958.288423 ], [ 646353.246198, 6293791.628074 ], [ 647534.345995, 6293750.813796 ], [ 647640.099512, 6293723.604388 ], [ 648098.735814, 6293272.961318 ], [ 647587.779351, 6292577.487743 ], [ 647459.761937, 6292300.334542 ], [ 647642.325901, 6291817.463595 ], [ 647725.81552, 6291440.027377 ], [ 647970.718399, 6291120.409907 ], [ 647670.155774, 6290928.305231 ], [ 647834.908621, 6290659.706025 ], [ 648004.114247, 6290698.805378 ], [ 648215.621279, 6290306.120104 ], [ 648395.958854, 6290428.513554 ], [ 648657.559657, 6290134.432284 ], [ 648493.920006, 6290064.738225 ], [ 647728.041909, 6289495.308327 ], [ 647485.365419, 6289544.60074 ], [ 647425.252894, 6289379.727248 ], [ 647077.936083, 6288975.205932 ], [ 646968.842982, 6288597.896803 ], [ 646635.997705, 6288145.827894 ], [ 646878.674195, 6287967.386305 ], [ 646585.903934, 6287736.267568 ], [ 646552.508087, 6287347.118698 ], [ 646395.547605, 6286895.116766 ], [ 646425.603867, 6286579.069642 ], [ 646294.246868, 6286358.183515 ], [ 646223.002394, 6285816.187431 ], [ 646430.056647, 6285501.879622 ], [ 646454.546935, 6285194.378982 ], [ 646896.485313, 6285365.966356 ], [ 647507.629318, 6285697.258776 ], [ 647957.36006, 6285880.749402 ], [ 648303.563677, 6285919.826624 ], [ 648407.090803, 6285724.44232 ], [ 648387.053295, 6285456.00865 ], [ 648946.990334, 6285851.866354 ], [ 649112.856375, 6285797.498531 ], [ 649667.227439, 6286077.836368 ], [ 649809.716387, 6285887.545428 ], [ 649417.87178, 6285469.600023 ], [ 649542.549609, 6285204.572194 ], [ 649391.155102, 6285058.470665 ], [ 649484.663474, 6284771.371538 ], [ 649707.302456, 6284805.347257 ], [ 649708.415651, 6284171.722601 ], [ 650073.54358, 6283650.249505 ], [ 650171.504732, 6283315.640408 ], [ 650653.518127, 6283033.695827 ], [ 650973.005066, 6282354.34996 ], [ 651462.810825, 6282406.997311 ], [ 651503.999037, 6282108.100578 ], [ 651683.223417, 6282062.248037 ], [ 651588.60185, 6281675.058735 ], [ 651250.190598, 6281287.887181 ], [ 650924.02449, 6281165.626167 ], [ 649819.735141, 6280649.432506 ], [ 649051.630655, 6280379.462201 ], [ 648745.502055, 6279011.066197 ], [ 648463.863744, 6278841.305473 ], [ 648045.302458, 6278683.431062 ], [ 648007.453831, 6278396.548553 ], [ 647897.247535, 6278293.001638 ], [ 648087.603865, 6277476.553205 ], [ 647972.944789, 6277113.335392 ], [ 647506.516123, 6276762.013391 ], [ 647300.575065, 6276274.938936 ], [ 647860.512103, 6276179.903291 ], [ 648313.582431, 6276251.179925 ], [ 648415.996362, 6276008.50242 ], [ 648746.61525, 6276069.595401 ], [ 648777.784708, 6275916.863777 ], [ 648363.676202, 6275689.468473 ], [ 648218.960864, 6275521.471395 ], [ 647731.381494, 6275224.515033 ], [ 647507.629318, 6275141.369122 ], [ 647549.930724, 6274744.316254 ], [ 647347.329251, 6274316.741719 ], [ 646587.017129, 6273176.648699 ], [ 646341.001054, 6272920.488242 ], [ 645928.005743, 6272732.18981 ], [ 645755.460533, 6272465.864956 ], [ 646129.494022, 6272143.572214 ], [ 646293.133673, 6271907.797412 ], [ 646634.88451, 6271899.316426 ], [ 646787.392212, 6271746.660143 ], [ 647292.7827, 6271478.670225 ], [ 647634.533537, 6271478.670225 ], [ 647508.742513, 6271195.424293 ], [ 647877.210027, 6270925.755847 ], [ 648515.070709, 6271063.133037 ], [ 649156.270976, 6270783.292971 ], [ 649489.116254, 6270744.285697 ], [ 649561.473923, 6270494.982591 ], [ 649459.059991, 6270249.078565 ], [ 649223.062671, 6270067.622939 ], [ 649258.684908, 6269699.636103 ], [ 649496.908618, 6269758.987735 ], [ 649919.922683, 6269355.404852 ], [ 650034.581759, 6269177.359704 ], [ 650456.482629, 6268782.282432 ], [ 650936.269634, 6268470.303124 ], [ 651198.983632, 6267907.413056 ], [ 651256.869768, 6267639.544797 ], [ 651045.362735, 6267373.38031 ], [ 650915.118931, 6266683.426028 ], [ 650506.5764, 6266751.232308 ], [ 650178.183902, 6266719.024257 ], [ 649929.941437, 6266610.534882 ], [ 649707.302456, 6266710.548475 ], [ 649498.021813, 6266491.876222 ], [ 649584.851016, 6265878.268 ], [ 649544.775999, 6265551.141478 ], [ 649411.19261, 6265412.15891 ], [ 648942.537554, 6265320.635051 ], [ 648690.955505, 6265461.311021 ], [ 648375.921346, 6265269.788891 ], [ 647555.496699, 6265103.693564 ], [ 646899.824898, 6265398.599757 ], [ 646700.563009, 6265386.735517 ], [ 646092.75859, 6265895.217906 ], [ 645832.270981, 6265700.296043 ], [ 645680.876474, 6265830.808446 ], [ 645395.898577, 6265613.853873 ], [ 645124.27902, 6265512.158332 ], [ 644820.37681, 6265212.163612 ], [ 644503.116261, 6264571.532542 ], [ 644363.966898, 6264510.52259 ], [ 644395.136355, 6264171.586422 ], [ 644294.948813, 6263832.663834 ], [ 644396.24955, 6263729.295147 ], [ 644209.232805, 6263448.003149 ], [ 643399.940107, 6263722.516917 ], [ 643059.302466, 6263258.22106 ], [ 643747.256919, 6263005.749702 ], [ 643875.274333, 6262800.728169 ], [ 643647.069377, 6262504.218213 ], [ 643297.526176, 6262163.66817 ], [ 642562.817537, 6261868.874724 ], [ 642314.575072, 6261950.196028 ], [ 642007.333278, 6261848.54452 ], [ 641848.146406, 6261704.540308 ], [ 641294.888536, 6261751.976719 ], [ 641033.287733, 6261679.128054 ], [ 640827.346675, 6261834.991078 ], [ 640629.197981, 6261828.214365 ], [ 640238.466569, 6261563.926795 ], [ 640058.128994, 6261311.50599 ], [ 640088.185256, 6261128.547966 ], [ 639825.471258, 6260849.036401 ], [ 639835.490012, 6260430.633313 ], [ 640437.728457, 6260120.655703 ], [ 640938.666166, 6260107.105028 ], [ 640840.705014, 6259439.761145 ], [ 641068.90997, 6258919.811396 ], [ 641313.81285, 6258494.729634 ], [ 641513.074738, 6258508.277728 ], [ 641786.920686, 6258200.063971 ], [ 641805.844999, 6257734.377662 ], [ 641932.749219, 6257392.326223 ], [ 642428.120953, 6256911.445595 ], [ 642924.605882, 6256975.787195 ], [ 643342.053972, 6256444.137075 ], [ 643568.032538, 6256388.264957 ], [ 643977.688265, 6255866.809635 ], [ 644200.327246, 6255941.301286 ], [ 644338.363415, 6255788.932701 ], [ 644657.850353, 6255645.031556 ], [ 644549.870447, 6255284.442959 ], [ 644573.24754, 6255123.622012 ], [ 644424.079423, 6254703.809093 ], [ 644160.252229, 6254219.695845 ], [ 643687.144394, 6253876.093797 ], [ 643387.694963, 6253952.260536 ], [ 643141.678889, 6253871.016039 ], [ 642958.001729, 6253703.451726 ], [ 642755.400256, 6253764.38382 ], [ 642665.231468, 6253427.570233 ], [ 642298.990343, 6253718.684708 ], [ 641684.506754, 6253258.322232 ], [ 642025.144396, 6252718.443715 ], [ 642175.425709, 6252369.825722 ], [ 642081.917336, 6252288.596406 ], [ 642174.312514, 6251987.37783 ], [ 642014.012447, 6251789.39168 ], [ 642142.029861, 6251280.063966 ], [ 642424.781368, 6250855.365605 ], [ 642887.87045, 6250645.562322 ], [ 643134.999719, 6250259.808557 ], [ 642980.265627, 6250000.957329 ], [ 642983.605212, 6249748.881056 ], [ 642698.627315, 6249677.827354 ], [ 642958.001729, 6249172.009894 ], [ 642913.473933, 6248884.43484 ], [ 643245.206015, 6248497.069758 ], [ 643076.000389, 6248277.176065 ], [ 643261.903939, 6248038.682435 ], [ 643317.563684, 6247395.967073 ], [ 643168.395566, 6247296.181429 ], [ 643576.938098, 6246973.154609 ], [ 643676.012444, 6246452.278663 ], [ 643462.279022, 6246256.112906 ], [ 643594.749216, 6246005.839052 ], [ 643613.67353, 6245769.100317 ], [ 643432.22276, 6245283.806589 ], [ 643424.430395, 6245107.957882 ], [ 642647.42035, 6244710.620878 ], [ 642951.322559, 6243547.460494 ], [ 642185.444463, 6241733.722244 ], [ 641001.005081, 6241201.337823 ], [ 640885.23281, 6240964.733257 ], [ 641032.174538, 6240386.769872 ], [ 641468.546942, 6239962.617137 ], [ 641815.863753, 6240251.579445 ], [ 642990.284381, 6240876.853243 ], [ 643208.470583, 6240849.813422 ], [ 643032.585788, 6239315.444891 ], [ 642803.267637, 6239453.999806 ], [ 642509.384181, 6239185.340509 ], [ 642154.275005, 6239362.756071 ], [ 642060.766633, 6239327.272662 ], [ 640866.308497, 6238203.708163 ], [ 640789.498048, 6238176.676866 ], [ 640208.410306, 6237549.91284 ], [ 638582.032546, 6235973.915834 ], [ 638688.899257, 6235649.631241 ], [ 638450.675547, 6235068.652353 ], [ 638340.469251, 6234479.269671 ], [ 638662.182579, 6234396.522945 ], [ 639047.348017, 6234188.815334 ], [ 639113.026517, 6234323.909137 ], [ 639580.568378, 6234095.939592 ], [ 639184.270991, 6233020.343724 ], [ 638856.991688, 6233332.708377 ], [ 638804.671527, 6232870.075097 ], [ 638128.962218, 6232329.805393 ], [ 637394.253579, 6233008.524747 ], [ 636084.023172, 6231624.129913 ], [ 637386.461215, 6230427.316943 ], [ 636640.620626, 6229662.727921 ], [ 638815.803476, 6227551.604725 ], [ 639007.273001, 6227603.912384 ], [ 639352.363422, 6227337.315423 ], [ 639665.171191, 6226928.999604 ], [ 639114.139712, 6226763.654157 ], [ 639199.85572, 6226645.552239 ], [ 640199.504747, 6226478.525188 ], [ 640678.178557, 6226534.200506 ], [ 640540.142389, 6225970.715655 ], [ 640414.351364, 6225732.848548 ], [ 640404.33261, 6225483.179605 ], [ 640708.23482, 6225194.719903 ], [ 641055.551631, 6224678.553319 ], [ 641712.336627, 6224290.60563 ], [ 640945.345335, 6223384.90112 ], [ 640647.0091, 6222502.901877 ], [ 640500.067372, 6221408.5407 ], [ 640118.241519, 6220842.023907 ], [ 639977.97896, 6220423.9048 ], [ 639802.094165, 6220241.827107 ], [ 639872.225444, 6220103.585539 ], [ 639773.151097, 6219749.562516 ], [ 639526.021828, 6219284.297556 ], [ 639765.358733, 6218748.263003 ], [ 639966.847011, 6218520.711393 ], [ 639818.792089, 6217389.786049 ], [ 639753.113589, 6217126.880116 ], [ 639475.928057, 6216843.75975 ], [ 639588.360743, 6216474.706294 ], [ 639307.835626, 6216130.944895 ], [ 639450.324574, 6215942.21906 ], [ 639686.321894, 6216157.90607 ], [ 639884.470588, 6215861.337843 ], [ 639873.338639, 6215436.724084 ], [ 639950.149088, 6215303.615409 ], [ 640090.411646, 6214683.592353 ], [ 640455.539576, 6214265.776245 ], [ 640635.877151, 6213703.104756 ], [ 640791.724438, 6213490.849142 ], [ 640776.139709, 6213302.181936 ], [ 641006.571055, 6212906.331322 ], [ 641300.454511, 6212587.979737 ], [ 641343.869112, 6212358.908725 ], [ 641300.454511, 6211868.784872 ], [ 641123.456521, 6211483.105904 ], [ 641019.929394, 6210843.153215 ], [ 641250.36074, 6210796.000712 ], [ 641483.018476, 6210556.874189 ], [ 641763.543593, 6210415.422229 ], [ 642118.652768, 6210588.869601 ], [ 642551.685587, 6210674.75262 ], [ 643458.939437, 6211284.378595 ], [ 643537.976276, 6211387.109929 ], [ 644199.214051, 6211819.942463 ], [ 644855.999047, 6212123.10678 ], [ 645304.616595, 6212018.682295 ], [ 645626.329923, 6211754.258287 ], [ 645900.175871, 6211641.417424 ], [ 646013.721751, 6211462.896135 ], [ 645680.876474, 6210826.313005 ], [ 645358.04995, 6210023.073755 ], [ 645431.520814, 6209502.776884 ], [ 645195.523494, 6209272.105289 ], [ 645061.940105, 6208861.289626 ], [ 644529.832939, 6208470.696423 ], [ 643876.387528, 6208536.355232 ], [ 643575.824903, 6208415.139364 ], [ 643002.529525, 6208448.810265 ], [ 641972.824235, 6208729.967495 ], [ 641671.148415, 6208571.710186 ], [ 641572.074069, 6208864.656887 ], [ 641326.057994, 6208768.690477 ], [ 641402.868442, 6208613.799608 ], [ 640624.745202, 6208300.659298 ], [ 640338.654111, 6208351.16502 ], [ 639832.150427, 6207169.409755 ], [ 639523.795438, 6206858.005868 ], [ 638873.689612, 6206708.199412 ], [ 638645.484656, 6206612.257338 ], [ 638420.619284, 6206339.585774 ], [ 637459.932079, 6205965.938942 ], [ 637286.273673, 6206078.7045 ], [ 636661.77133, 6205858.223985 ], [ 636598.31922, 6205634.383204 ], [ 636230.9649, 6205346.59657 ], [ 636363.435094, 6204887.167918 ], [ 636258.794773, 6204700.374354 ], [ 636012.778698, 6204000.355691 ], [ 635994.96758, 6203434.998059 ], [ 636094.041927, 6202719.941779 ], [ 636048.400935, 6201629.80694 ], [ 636077.344003, 6201409.441717 ], [ 636312.228129, 6200768.564614 ], [ 636540.433085, 6200630.639371 ], [ 637181.633352, 6199937.682967 ], [ 637828.399593, 6199377.64051 ], [ 638214.678226, 6199392.776308 ], [ 638644.371461, 6199338.960259 ], [ 639030.650094, 6199404.548614 ], [ 639681.869115, 6199187.604448 ], [ 639859.9803, 6199073.24851 ], [ 640388.747881, 6198563.710581 ], [ 640766.120955, 6198403.960748 ], [ 640836.252234, 6198284.570725 ], [ 641310.473265, 6198279.526113 ], [ 641519.753908, 6198225.717104 ], [ 641419.566366, 6198010.484473 ], [ 642064.106218, 6197854.107929 ], [ 642126.445133, 6197643.928928 ], [ 643010.32189, 6197348.005695 ], [ 643001.41633, 6196809.989811 ], [ 642804.380832, 6196455.254194 ], [ 642624.043257, 6196312.355397 ], [ 642125.331938, 6196450.210666 ], [ 641928.296439, 6196428.355413 ], [ 641697.865093, 6195372.645429 ], [ 641355.001061, 6194434.719967 ], [ 641300.454511, 6193898.568857 ], [ 641509.735154, 6193154.063911 ], [ 641401.755248, 6192456.674768 ], [ 641461.867773, 6192129.005618 ], [ 641863.731134, 6191213.279217 ], [ 641740.1665, 6190469.009019 ], [ 641773.562347, 6189854.153137 ], [ 640680.404947, 6189056.250621 ], [ 640137.165832, 6187692.430349 ], [ 639974.639376, 6186545.445161 ], [ 639718.604547, 6186501.785526 ], [ 639174.252237, 6186125.650242 ], [ 639306.722431, 6185783.112914 ], [ 639091.875814, 6185707.555064 ], [ 638950.50006, 6185328.09688 ], [ 638937.141721, 6184898.288553 ], [ 638815.803476, 6184745.510348 ], [ 638205.772667, 6184658.209746 ], [ 637821.720424, 6184540.691118 ], [ 637146.011115, 6184245.222871 ], [ 636659.54494, 6183750.000774 ], [ 636040.608571, 6183981.660409 ], [ 635993.854385, 6183783.574244 ], [ 634767.113596, 6184050.488036 ], [ 633973.405627, 6184305.658724 ], [ 633936.670195, 6184533.975817 ], [ 633515.88252, 6184732.079428 ], [ 633489.165842, 6184921.793136 ], [ 632701.023847, 6185176.989918 ], [ 632377.084129, 6185192.100494 ], [ 632577.459212, 6185454.021394 ], [ 632358.159816, 6185593.380027 ], [ 631204.889891, 6185764.643156 ], [ 630233.070736, 6185603.454233 ], [ 629585.1913, 6185768.00129 ], [ 629601.889224, 6185480.885532 ], [ 629505.041267, 6185151.805685 ], [ 628982.952855, 6185432.194345 ], [ 628611.145755, 6185561.478452 ], [ 628091.283733, 6185815.015319 ], [ 627727.268999, 6185494.317632 ], [ 627590.346025, 6185296.196298 ], [ 628200.376834, 6184955.371223 ], [ 628500.93946, 6184396.313308 ], [ 628810.407644, 6184246.901638 ], [ 628954.009787, 6183922.905558 ], [ 629313.571742, 6183528.41919 ], [ 628769.219432, 6182796.569444 ], [ 628396.299138, 6182724.395007 ], [ 627657.137719, 6182672.362653 ], [ 627346.55634, 6182474.306919 ], [ 627150.634036, 6182497.804816 ], [ 626787.732496, 6182257.793629 ], [ 626267.870474, 6181766.043567 ], [ 626103.117628, 6181504.235996 ], [ 625674.537588, 6181123.286779 ], [ 625421.842344, 6180772.560044 ], [ 625429.634709, 6180316.133463 ], [ 625565.444487, 6179646.64016 ], [ 625754.687622, 6179131.55203 ], [ 625900.516155, 6178505.770216 ], [ 625852.648774, 6178086.371117 ], [ 625478.615285, 6178470.539898 ], [ 625143.543617, 6179081.219355 ], [ 625165.807515, 6180327.879429 ], [ 625065.619974, 6180455.408101 ], [ 624595.851723, 6180517.495118 ], [ 624397.703029, 6180806.121786 ], [ 623040.718436, 6180782.628553 ], [ 622704.533574, 6180834.649371 ], [ 622397.291779, 6180713.827312 ], [ 622166.860433, 6180767.525794 ], [ 621601.35742, 6180374.863455 ], [ 621191.701694, 6180168.471273 ], [ 621018.043288, 6179797.649095 ], [ 620903.384213, 6179237.251617 ], [ 620789.838332, 6179020.820536 ], [ 619802.434449, 6179178.529462 ], [ 619674.417035, 6179358.052749 ], [ 619716.718441, 6179634.895133 ], [ 619891.490042, 6180025.845449 ], [ 619843.622661, 6180301.031531 ], [ 619376.080799, 6180284.251637 ], [ 619454.004443, 6180552.733897 ], [ 619028.763988, 6180616.499676 ], [ 619047.688301, 6180364.795427 ], [ 617879.946843, 6180341.30341 ], [ 617472.517507, 6179987.252989 ], [ 617304.425076, 6179752.346133 ], [ 617256.557695, 6179475.499935 ], [ 617025.013154, 6179388.253299 ], [ 616617.583817, 6179366.44178 ], [ 616042.06205, 6179173.496154 ], [ 616030.930101, 6179081.219355 ], [ 615637.972298, 6178933.578554 ], [ 615383.050664, 6179161.751778 ], [ 614891.018515, 6179092.963619 ], [ 614514.758636, 6179092.963619 ], [ 614059.461919, 6178849.692874 ], [ 613800.087505, 6178384.981161 ], [ 613891.369488, 6178086.371117 ], [ 613754.446514, 6178000.816235 ], [ 613586.354083, 6177601.571467 ], [ 613638.674244, 6176996.030002 ], [ 613310.281746, 6176427.430491 ], [ 613309.168551, 6176216.102284 ], [ 613749.993735, 6175759.919567 ], [ 613782.276387, 6175471.463678 ], [ 613588.580473, 6175350.717599 ], [ 613294.697017, 6175333.947445 ], [ 612843.853079, 6175164.570742 ], [ 612472.04598, 6175255.128165 ], [ 612329.557032, 6175654.26308 ], [ 612161.464601, 6175932.662357 ], [ 611887.618654, 6176224.488225 ], [ 611325.455225, 6176466.00684 ], [ 611002.628702, 6176132.243336 ], [ 610723.21678, 6176113.794479 ], [ 610295.749935, 6176313.379697 ], [ 608924.293809, 6177170.475211 ], [ 608792.93681, 6177304.666262 ], [ 608732.824284, 6177646.863001 ], [ 608323.168558, 6177911.907169 ], [ 608007.021205, 6177730.736846 ], [ 607706.458579, 6177403.633515 ], [ 606980.655499, 6177479.117785 ], [ 606776.940831, 6177464.020878 ], [ 606670.07412, 6177618.346081 ], [ 606335.002453, 6177730.736846 ], [ 606152.438488, 6177866.614227 ], [ 606065.609285, 6178294.390492 ], [ 605792.876533, 6178975.521703 ], [ 605432.201382, 6179581.203786 ], [ 605142.770706, 6179653.351612 ], [ 605175.053359, 6179349.663726 ], [ 604837.755302, 6179024.176015 ], [ 604428.099576, 6179282.551841 ], [ 603789.125698, 6179881.544103 ], [ 603440.695692, 6180378.219466 ], [ 603106.73722, 6180499.036769 ], [ 602701.534273, 6180733.964203 ], [ 602412.103597, 6181025.954468 ], [ 602139.370845, 6181151.815426 ], [ 601942.335346, 6181672.060437 ], [ 601903.373524, 6182027.859181 ], [ 601787.601254, 6182298.074755 ], [ 601481.472654, 6182732.787352 ], [ 601539.358789, 6183424.344979 ], [ 601654.017865, 6183662.710371 ], [ 601839.921415, 6183785.252921 ], [ 601592.792145, 6184178.072425 ], [ 601607.263679, 6184359.379843 ], [ 601798.733203, 6184631.348203 ], [ 600869.215455, 6186045.051985 ], [ 600592.029923, 6185897.290493 ], [ 600305.938831, 6186081.992758 ], [ 600202.411705, 6185942.626133 ], [ 599944.150486, 6186066.880604 ], [ 599749.341377, 6185887.21594 ], [ 599051.36817, 6185596.738095 ], [ 598455.808894, 6185764.643156 ], [ 598184.189337, 6185949.342545 ], [ 597846.89128, 6186387.599845 ], [ 597530.743926, 6186587.425791 ], [ 597299.199385, 6186453.088504 ], [ 597119.975005, 6186615.972737 ], [ 596999.749955, 6186506.823164 ], [ 596803.827651, 6186715.048175 ], [ 596449.83167, 6186676.42541 ], [ 596020.138436, 6187057.622977 ], [ 595529.219481, 6187395.173389 ], [ 595226.430467, 6187731.057722 ], [ 595206.392958, 6187972.902643 ], [ 594992.659536, 6188858.046428 ], [ 594728.832343, 6189044.492616 ], [ 594578.55103, 6189427.475966 ], [ 594365.930803, 6189382.121776 ], [ 594123.254313, 6189718.084474 ], [ 593768.145137, 6190327.89063 ], [ 593317.301199, 6190868.857157 ], [ 593161.453912, 6190942.780717 ], [ 593199.302539, 6191183.036722 ], [ 593030.096913, 6191250.242412 ], [ 593167.019887, 6191645.086553 ], [ 593174.812251, 6191871.92019 ], [ 593060.153176, 6192019.78537 ], [ 592804.118347, 6192031.547484 ], [ 591883.506158, 6191848.396421 ], [ 590894.98908, 6192900.308479 ], [ 590618.916743, 6193117.092451 ], [ 590143.582517, 6192416.345577 ], [ 589810.737239, 6192187.817101 ], [ 589571.400334, 6191856.79776 ], [ 589206.272404, 6191954.253894 ], [ 588785.484729, 6192213.022147 ], [ 588639.656196, 6192498.684545 ], [ 588585.109646, 6192846.533465 ], [ 588455.979036, 6193043.150011 ], [ 587939.456599, 6192903.669429 ], [ 587654.478703, 6192723.860485 ], [ 587095.654859, 6192762.510685 ], [ 586777.281115, 6192720.499606 ], [ 586560.208108, 6193145.661292 ], [ 585862.234901, 6193807.813077 ], [ 585307.863837, 6194095.2097 ], [ 584415.081521, 6194370.850665 ], [ 583732.693042, 6194670.032056 ], [ 583229.528944, 6194757.435346 ], [ 582824.325997, 6194977.628381 ], [ 582165.314612, 6195495.356584 ], [ 581905.940198, 6195814.750076 ], [ 581668.829683, 6195537.381359 ], [ 581304.814948, 6194893.584566 ], [ 580994.233569, 6195056.630324 ], [ 580225.015887, 6195281.873932 ], [ 580120.375566, 6195475.184766 ], [ 580217.223523, 6195841.646917 ], [ 580075.84777, 6196097.171148 ], [ 579833.17128, 6196250.153141 ], [ 579587.155205, 6196517.457949 ], [ 579799.775432, 6196932.72169 ], [ 579452.458621, 6196937.765504 ], [ 578467.281128, 6196830.164793 ], [ 578314.773425, 6196783.08991 ], [ 578251.321315, 6197506.054323 ], [ 578382.678315, 6197749.858496 ], [ 578508.469339, 6198289.61534 ], [ 577881.740606, 6198715.055296 ], [ 577518.839066, 6198704.965564 ], [ 577433.123058, 6198800.818495 ], [ 577401.953601, 6199157.333609 ], [ 577196.012543, 6199315.415845 ], [ 576836.450587, 6199382.685773 ], [ 576439.040005, 6199631.589128 ], [ 576043.855813, 6199754.361708 ], [ 575867.971018, 6199909.091318 ], [ 575545.144494, 6200960.318056 ], [ 575205.620047, 6201374.116525 ], [ 574972.962312, 6201427.945447 ], [ 574277.215494, 6201143.665301 ], [ 573957.728556, 6201051.150142 ], [ 573918.766734, 6200847.620334 ], [ 573643.807592, 6200570.087532 ], [ 573532.488101, 6200650.823414 ], [ 573171.812951, 6200474.214669 ], [ 572882.382275, 6200576.815493 ], [ 572887.948249, 6200726.513998 ], [ 572644.158564, 6201113.387502 ], [ 572491.650862, 6201210.949684 ], [ 572078.655551, 6201673.544228 ], [ 571871.601298, 6202021.768352 ], [ 571151.364193, 6202708.164885 ], [ 570740.595272, 6203298.712108 ], [ 570525.748654, 6203783.294299 ], [ 570742.821661, 6203911.174759 ], [ 570550.238942, 6204244.34604 ], [ 570363.222198, 6204069.345356 ], [ 570123.885293, 6204387.378119 ], [ 569723.135126, 6204727.299299 ], [ 569683.060109, 6205274.230704 ], [ 569753.191388, 6205567.06382 ], [ 570096.05542, 6206048.409128 ], [ 569965.811616, 6206218.401219 ], [ 569894.567142, 6206539.8807 ], [ 569267.838408, 6206289.092 ], [ 568773.579869, 6206238.598525 ], [ 568235.906729, 6206379.98101 ], [ 568200.284492, 6206245.330971 ], [ 567249.61604, 6206061.873724 ], [ 566608.415773, 6206068.606031 ], [ 565495.220865, 6206634.138768 ], [ 564773.870565, 6206492.752058 ], [ 564488.892669, 6206541.563871 ], [ 564035.822341, 6207571.726796 ], [ 563854.371571, 6208223.217774 ], [ 563851.031986, 6208554.874476 ], [ 563697.411089, 6208856.238738 ], [ 563704.090259, 6209075.113334 ], [ 563412.433193, 6209184.552746 ], [ 563232.095618, 6209359.658734 ], [ 563187.567821, 6209861.424715 ], [ 563237.661592, 6210154.415863 ], [ 563223.190058, 6210622.549113 ], [ 563085.15389, 6211158.07128 ], [ 563026.15456, 6212261.218554 ], [ 562905.92951, 6212704.201949 ], [ 562629.857172, 6212842.323167 ], [ 562390.520267, 6212867.589486 ], [ 561709.244984, 6211983.313002 ], [ 561465.455299, 6211520.157272 ], [ 560901.06548, 6210972.823947 ], [ 560916.650209, 6210723.588449 ], [ 560668.407745, 6210472.67631 ], [ 560558.201449, 6210023.073755 ], [ 560285.468696, 6209770.498481 ], [ 560262.091603, 6209543.187151 ], [ 559765.606674, 6209391.649641 ], [ 559571.91076, 6209270.421578 ], [ 559155.575865, 6209226.645202 ], [ 558666.8833, 6209295.677282 ], [ 558171.511566, 6208979.144548 ], [ 557444.595291, 6209134.042073 ], [ 557050.524294, 6209300.728431 ], [ 556675.37761, 6209571.811206 ], [ 556522.869908, 6209758.711818 ], [ 556103.195427, 6210508.039318 ], [ 556004.12108, 6210935.774964 ], [ 556328.060799, 6211092.392218 ], [ 556461.644188, 6211254.064669 ], [ 556186.685045, 6211572.366292 ], [ 556615.265085, 6211771.100335 ], [ 556351.437892, 6211961.417799 ], [ 556873.526304, 6212224.163956 ], [ 557157.391005, 6212567.767341 ], [ 557057.203463, 6212726.099066 ], [ 557283.18203, 6212897.909169 ], [ 557159.617395, 6213266.807301 ], [ 556928.072854, 6213554.862182 ], [ 557026.034006, 6213794.073071 ], [ 556683.169974, 6214078.776497 ], [ 556480.568501, 6214147.847997 ], [ 556459.417798, 6214398.868663 ], [ 556296.891341, 6214958.216549 ], [ 556006.34747, 6215034.034608 ], [ 556102.082232, 6215608.589002 ], [ 556108.761402, 6216048.376826 ], [ 555886.12242, 6216592.666843 ], [ 555877.216861, 6216949.928781 ], [ 555797.066828, 6217074.636958 ], [ 556026.384979, 6217506.07396 ], [ 556672.038025, 6217871.801391 ], [ 556646.434542, 6217993.152221 ], [ 557827.53434, 6218685.8964 ], [ 557554.801587, 6218876.368814 ], [ 557496.915452, 6219577.613801 ], [ 557583.744655, 6219899.599043 ], [ 557509.160596, 6220358.154072 ], [ 557604.895358, 6220493.02791 ], [ 557424.557783, 6220749.294103 ], [ 557109.523624, 6221054.463276 ], [ 556879.092278, 6221184.289951 ], [ 556488.360865, 6221017.370305 ], [ 555586.67299, 6221405.168464 ], [ 555309.487458, 6221482.730222 ], [ 555618.955642, 6221875.608265 ], [ 555518.768101, 6222052.662252 ], [ 555582.22021, 6222966.656787 ], [ 556026.384979, 6222701.891791 ], [ 556329.173994, 6222926.182623 ], [ 556496.15323, 6222958.224654 ], [ 556830.111702, 6223196.014031 ], [ 557177.428513, 6223821.718607 ], [ 557311.011902, 6223953.274223 ], [ 556890.224227, 6224902.896377 ], [ 556459.417798, 6225349.913378 ], [ 556292.438562, 6225729.474594 ], [ 556792.263075, 6226014.578403 ], [ 557204.145191, 6225667.056695 ], [ 557909.910763, 6225238.578641 ], [ 558227.171312, 6225478.118824 ], [ 558378.565819, 6225715.978794 ], [ 558144.794888, 6225928.54015 ], [ 558035.701787, 6226691.105641 ], [ 557862.043382, 6227129.780548 ], [ 557492.462672, 6227166.900234 ], [ 557264.257716, 6227106.159014 ], [ 557108.410429, 6227436.866473 ], [ 557429.010563, 6227965.012761 ], [ 557681.705807, 6229072.033026 ], [ 557248.672988, 6229907.456425 ], [ 557238.654233, 6230066.111777 ], [ 557660.555103, 6230645.060195 ], [ 557623.819671, 6231094.067799 ], [ 557029.373591, 6231168.342023 ], [ 556639.755373, 6231097.443886 ], [ 556584.095627, 6231252.745341 ], [ 555497.617397, 6231170.030082 ], [ 555112.451959, 6231389.480497 ], [ 554522.458658, 6231811.516482 ], [ 554432.28987, 6232096.824701 ], [ 554428.950286, 6232453.05139 ], [ 554165.123093, 6233084.504174 ], [ 553964.748009, 6233197.630359 ], [ 553665.298579, 6233526.886797 ], [ 553509.451292, 6233829.138572 ], [ 552850.439906, 6234050.346418 ], [ 552703.498178, 6233996.310381 ], [ 552257.10702, 6234619.434333 ], [ 552190.315326, 6234855.861904 ], [ 551967.676344, 6235001.099251 ], [ 551792.904744, 6235462.159867 ], [ 551548.001864, 6235609.096539 ], [ 551059.309299, 6235723.945365 ], [ 550795.482106, 6236195.179626 ], [ 550559.484786, 6236796.505812 ], [ 550323.487465, 6237017.791067 ], [ 550251.129796, 6237325.23513 ], [ 549977.283849, 6237590.45682 ], [ 549648.891351, 6238082.068007 ], [ 549370.592624, 6238154.714001 ], [ 549585.439241, 6238443.614697 ], [ 549676.721224, 6238712.250492 ], [ 549587.665631, 6239171.823285 ], [ 549467.440581, 6239192.099129 ], [ 549153.519617, 6239535.106173 ], [ 548997.67233, 6239457.379222 ], [ 548728.279162, 6239545.244523 ], [ 548579.111045, 6239389.791149 ], [ 548408.792224, 6239479.345462 ], [ 548400.999859, 6239692.251966 ], [ 548089.305285, 6239670.285174 ], [ 548018.060811, 6239504.691194 ], [ 547775.384321, 6239399.929326 ], [ 547856.647549, 6239758.152682 ], [ 547488.180035, 6239639.869711 ], [ 546838.074209, 6239905.163816 ], [ 546861.451302, 6240087.663944 ], [ 545788.33141, 6240260.028784 ], [ 545641.389682, 6240182.295187 ], [ 545340.827057, 6240246.509846 ], [ 545217.262423, 6240393.52945 ], [ 544926.718552, 6240327.623795 ], [ 544678.476087, 6240603.079039 ], [ 544303.329403, 6240690.956215 ], [ 544194.236302, 6241096.554986 ], [ 544504.817681, 6241253.729727 ], [ 544435.799597, 6241485.27202 ], [ 544622.816342, 6241645.834258 ], [ 544448.044741, 6241894.289189 ], [ 544632.835096, 6242100.49541 ], [ 545114.848491, 6242487.568175 ], [ 544917.812992, 6242759.712885 ], [ 544823.191425, 6243053.841839 ], [ 544479.214199, 6243430.815135 ], [ 544226.518955, 6243841.616788 ], [ 544481.440588, 6243993.770602 ], [ 544676.249697, 6244304.849123 ], [ 544979.038712, 6244539.85623 ], [ 544944.52967, 6244715.693148 ], [ 545285.167312, 6244879.698177 ], [ 545839.538376, 6245530.677277 ], [ 545790.5578, 6245682.861422 ], [ 546134.535027, 6245953.417762 ], [ 546733.433887, 6246592.641431 ], [ 547092.995842, 6246930.874523 ], [ 547688.555118, 6247049.259295 ], [ 547966.853845, 6247159.189493 ], [ 548200.624776, 6247372.289017 ], [ 548583.563824, 6247465.310331 ], [ 549132.368914, 6247766.368131 ], [ 549478.57253, 6247876.307635 ], [ 549426.252369, 6248167.231358 ], [ 549587.665631, 6248185.837285 ], [ 549469.666971, 6248547.815267 ], [ 549489.704479, 6248889.509609 ], [ 549626.627453, 6249128.027194 ], [ 549226.990481, 6249224.451103 ], [ 549004.351499, 6249361.476441 ], [ 548583.563824, 6249452.827898 ], [ 548631.431205, 6249968.812957 ], [ 548813.99517, 6250181.983173 ], [ 548846.277822, 6250462.834665 ], [ 548209.530335, 6250493.289 ], [ 548050.343463, 6250728.467837 ], [ 547846.628795, 6251244.530618 ], [ 548082.626116, 6251440.81193 ], [ 548276.32203, 6251823.235138 ], [ 548189.492827, 6251933.227312 ], [ 547927.892023, 6251811.389913 ], [ 547786.51627, 6252137.985779 ], [ 547356.823036, 6252188.753107 ], [ 547216.560477, 6252559.363821 ], [ 546763.49015, 6252613.518343 ], [ 546939.374945, 6253322.636073 ], [ 547601.725915, 6254047.046768 ], [ 547883.364227, 6255171.021553 ], [ 547710.819016, 6255443.574062 ], [ 548036.985124, 6255866.809635 ], [ 548215.09631, 6256447.523276 ], [ 547689.668313, 6257045.208943 ], [ 547156.447952, 6257449.89827 ], [ 546850.319353, 6257598.910092 ], [ 547111.920156, 6257925.729299 ], [ 547560.537704, 6258853.761434 ], [ 547838.836431, 6258975.700227 ], [ 548353.132478, 6259322.896692 ], [ 548661.487468, 6259715.838653 ], [ 549196.934218, 6260047.821081 ], [ 549091.180702, 6260508.552968 ], [ 549194.707829, 6260642.373181 ], [ 549645.551766, 6260908.325961 ], [ 549594.344801, 6261435.174302 ], [ 549496.383649, 6261660.49245 ], [ 549942.774807, 6262277.183328 ], [ 550824.425174, 6262956.611857 ], [ 551106.063486, 6263142.998297 ], [ 551485.662949, 6263146.38718 ], [ 551684.924838, 6262712.621268 ], [ 551870.828387, 6262614.349269 ], [ 552063.411106, 6262295.82029 ], [ 552454.142519, 6262549.964785 ], [ 552881.609364, 6262892.224768 ], [ 553246.737293, 6262649.930378 ], [ 553863.447272, 6262882.058431 ], [ 554138.406415, 6262937.973439 ], [ 554571.439234, 6263153.164949 ], [ 555201.507552, 6263344.639162 ], [ 555832.689065, 6263968.23124 ], [ 556089.837088, 6264144.472116 ], [ 556629.736619, 6264391.893386 ], [ 557318.804267, 6264122.441805 ], [ 557828.647535, 6264073.297474 ], [ 558168.171981, 6264237.677909 ], [ 558336.264413, 6264490.186037 ], [ 558282.831057, 6264903.705559 ], [ 558352.962336, 6265168.097487 ], [ 558170.398371, 6265634.193128 ], [ 558504.356844, 6265796.908927 ], [ 559007.520942, 6265846.063273 ], [ 559135.538356, 6266215.577508 ], [ 559109.934874, 6266566.461471 ], [ 559322.555101, 6266552.900468 ], [ 559654.287184, 6266715.633943 ], [ 560033.886647, 6267091.967098 ], [ 559940.378275, 6267239.453578 ], [ 559951.510224, 6267551.387479 ], [ 560170.809621, 6267993.878673 ], [ 560059.49013, 6268226.153433 ], [ 560170.809621, 6268826.367393 ], [ 560563.767423, 6269138.359839 ], [ 560651.709821, 6269487.669389 ], [ 560649.483431, 6269847.168072 ], [ 560816.462667, 6270284.691808 ], [ 560989.007878, 6270428.842184 ], [ 560750.784168, 6270949.499893 ], [ 560460.240297, 6270729.02203 ], [ 560274.336747, 6270881.659938 ], [ 560233.148536, 6271181.855864 ], [ 559745.569166, 6271395.561153 ], [ 559635.36287, 6271293.796056 ], [ 559330.347465, 6271266.658904 ], [ 558998.615383, 6271149.630932 ], [ 558509.922818, 6271059.740981 ], [ 558484.319335, 6271463.405232 ], [ 558403.056107, 6271728.002342 ], [ 558210.473388, 6271682.206096 ], [ 557637.17801, 6271410.826024 ], [ 557450.161266, 6271271.747113 ], [ 557295.427174, 6271429.483125 ], [ 557240.880623, 6271799.241441 ], [ 557115.089599, 6272085.900072 ], [ 556732.15055, 6272014.658558 ], [ 556321.381629, 6272053.671694 ], [ 556079.818334, 6271909.49361 ], [ 555907.273123, 6272174.104684 ], [ 556492.813645, 6272596.481829 ], [ 556852.3756, 6272650.76476 ], [ 556749.961669, 6273207.1849 ], [ 556990.411769, 6273297.09769 ], [ 557117.315988, 6273675.420472 ], [ 557612.687722, 6273656.758413 ], [ 558196.001854, 6274031.704046 ], [ 558480.979751, 6273923.120794 ], [ 558596.752021, 6274170.828376 ], [ 558908.446595, 6273929.907206 ], [ 559119.953628, 6273868.829691 ], [ 559904.756038, 6273933.300415 ], [ 560446.881958, 6273753.462256 ], [ 560491.409754, 6274369.339007 ], [ 560282.129112, 6274469.444427 ], [ 560109.583901, 6274786.735542 ], [ 560125.16863, 6275412.869001 ], [ 560096.225562, 6275888.01478 ], [ 560242.054095, 6275898.196768 ], [ 560626.106338, 6276425.979927 ], [ 560915.537014, 6276675.458039 ], [ 560878.801582, 6276945.310003 ], [ 560672.860524, 6277535.959473 ], [ 560677.313304, 6277848.273581 ], [ 561002.366217, 6277832.997079 ], [ 561014.611361, 6278152.111972 ], [ 560540.39033, 6278116.465562 ], [ 560573.786178, 6278596.856024 ], [ 560662.84177, 6278905.814146 ], [ 560313.298569, 6279238.550915 ], [ 558844.994485, 6280085.730728 ], [ 558301.75537, 6280656.224323 ], [ 557735.139162, 6280822.625547 ], [ 557452.387656, 6280793.759794 ], [ 556931.412439, 6280491.524299 ], [ 556466.096967, 6280272.495222 ], [ 555910.612708, 6279795.40503 ], [ 555843.821014, 6279674.863374 ], [ 554693.890674, 6279265.713679 ], [ 554349.913447, 6279185.923309 ], [ 553597.393689, 6278807.353738 ], [ 553412.603335, 6278545.929946 ], [ 553060.833744, 6278717.382299 ], [ 552891.628118, 6278425.406117 ], [ 552749.13917, 6278500.096738 ], [ 553110.927515, 6279060.297445 ], [ 553252.303268, 6279124.80779 ], [ 553405.924165, 6279432.087513 ], [ 553715.39235, 6279550.927972 ], [ 556480.568501, 6283235.81177 ], [ 556990.411769, 6283905.036897 ], [ 556658.679686, 6284200.599903 ], [ 557236.427844, 6285026.192761 ], [ 557067.222218, 6285430.524884 ], [ 556982.619405, 6286657.230732 ], [ 556836.790872, 6287090.528165 ], [ 556639.755373, 6287311.433455 ], [ 556518.417128, 6287574.828086 ], [ 556405.984442, 6288259.692593 ], [ 556473.889332, 6288883.426484 ], [ 556389.286519, 6289286.243709 ], [ 556202.269774, 6289835.261854 ], [ 556401.531663, 6290760.004729 ], [ 556346.985112, 6291185.012462 ], [ 556302.457316, 6292065.696616 ], [ 556323.608019, 6292232.322877 ], [ 556221.194087, 6292970.278731 ], [ 555721.369574, 6294380.055852 ], [ 555449.750016, 6294910.69644 ], [ 555065.697773, 6295466.884421 ], [ 554794.078216, 6295776.460589 ], [ 554437.855845, 6296291.879085 ], [ 554433.403065, 6296407.55489 ], [ 554142.859194, 6296809.030285 ], [ 553906.861874, 6297268.368794 ], [ 553409.26375, 6298098.644091 ], [ 553384.773462, 6298481.48298 ], [ 553440.433207, 6298746.928146 ], [ 553293.49148, 6298935.807678 ], [ 553191.077548, 6299298.264034 ], [ 553014.079558, 6299480.348928 ], [ 552900.533677, 6299938.131122 ], [ 552807.025305, 6300086.192392 ], [ 552731.328051, 6300571.2389 ], [ 552742.46, 6300869.088302 ], [ 552605.537027, 6301340.562865 ], [ 552322.78552, 6301987.39397 ], [ 551963.223565, 6302436.800587 ], [ 551777.320015, 6302845.372846 ], [ 551799.583913, 6303003.69992 ], [ 551485.662949, 6303638.74054 ], [ 551492.342119, 6303798.785133 ], [ 551240.760069, 6304498.590273 ], [ 551069.328054, 6304840.851898 ], [ 550739.822361, 6305222.294165 ], [ 550293.431203, 6306017.588694 ], [ 549891.567841, 6306322.443111 ], [ 550134.244331, 6306506.382953 ], [ 550298.997177, 6306836.803494 ], [ 550704.200124, 6307076.962636 ], [ 550922.386326, 6307436.362506 ], [ 551152.817672, 6307666.318331 ], [ 551463.399051, 6307800.887984 ], [ 552170.277818, 6308342.59516 ], [ 552691.253034, 6308616.868992 ], [ 553000.721219, 6308705.456236 ], [ 553349.151225, 6308630.497738 ], [ 553791.089603, 6308616.868992 ], [ 554205.198109, 6308848.560675 ], [ 554515.779489, 6309458.485422 ], [ 554876.454639, 6309674.865984 ], [ 555457.542381, 6309944.071607 ], [ 555861.632132, 6310543.851775 ], [ 555638.993151, 6310751.740094 ], [ 555466.44794, 6311063.582191 ], [ 555035.641511, 6311394.181502 ], [ 554618.19342, 6311898.626071 ], [ 554150.651559, 6312091.209161 ], [ 553926.899382, 6312674.098089 ], [ 553759.920146, 6312979.193464 ], [ 553715.39235, 6313219.52777 ], [ 553516.130461, 6313608.167968 ], [ 553417.056114, 6314555.97979 ], [ 553342.472056, 6315011.171944 ], [ 553061.946939, 6315113.465701 ], [ 552596.631467, 6315128.809872 ], [ 551721.66027, 6315052.089298 ], [ 551141.685723, 6315149.26881 ] ], [ [ 606963.957576, 6345120.411181 ], [ 606880.467958, 6344954.445781 ], [ 606900.505466, 6344513.027997 ], [ 606854.864475, 6344169.148822 ], [ 607356.915378, 6344396.689188 ], [ 607674.175927, 6344483.943144 ], [ 609017.802181, 6345188.851477 ], [ 608824.106267, 6345527.639152 ], [ 608988.859113, 6345635.438097 ], [ 608996.651478, 6345998.200264 ], [ 609089.046655, 6346408.893327 ], [ 608858.615309, 6346574.887472 ], [ 608640.429107, 6346075.203683 ], [ 608226.320601, 6345536.194574 ], [ 607964.719798, 6345371.932008 ], [ 606963.957576, 6345120.411181 ] ], [ [ 604018.443849, 6357755.385871 ], [ 604423.646796, 6357892.473213 ], [ 604565.022549, 6357779.375994 ], [ 604910.112971, 6357935.313467 ], [ 605119.393613, 6357779.375994 ], [ 605255.203392, 6357895.900425 ], [ 605660.406339, 6357904.468462 ], [ 605922.007142, 6357705.692263 ], [ 606060.043311, 6357493.212569 ], [ 606699.017188, 6357505.207247 ], [ 607122.031253, 6356955.183216 ], [ 607309.047997, 6356864.372747 ], [ 607327.972311, 6357448.661058 ], [ 607527.234199, 6357839.351602 ], [ 607826.683629, 6358079.258321 ], [ 608258.603254, 6357885.618793 ], [ 608407.771371, 6357707.405831 ], [ 608785.144445, 6357918.177339 ], [ 609033.38691, 6357885.618793 ], [ 608304.244245, 6358469.978234 ], [ 607327.972311, 6359136.643257 ], [ 607101.993744, 6359253.186542 ], [ 606950.599237, 6359508.559107 ], [ 606419.605266, 6360070.748929 ], [ 606145.759318, 6360303.863077 ], [ 606083.420404, 6360507.843271 ], [ 605800.668897, 6360751.254701 ], [ 605662.632728, 6360555.839332 ], [ 605547.973653, 6360168.450393 ], [ 605269.674926, 6359755.369511 ], [ 604940.169233, 6359637.105286 ], [ 605006.960928, 6359155.495737 ], [ 605001.394953, 6358509.393973 ], [ 604018.443849, 6357755.385871 ] ] ] ] } },
{ "type": "Feature", "properties": { "code": "57", "nom": "Moselle" }, "geometry": { "type": "MultiPolygon", "coordinates": [ [ [ [ 849956.594859, 6284056.214383 ], [ 850141.385214, 6283850.681608 ], [ 850484.249245, 6283198.445433 ], [ 850241.572755, 6282688.92097 ], [ 849115.019509, 6280999.218186 ], [ 849072.718102, 6280696.97534 ], [ 848695.345028, 6280372.670607 ], [ 848226.689972, 6280235.141993 ], [ 847956.183609, 6279827.662948 ], [ 847794.770348, 6279754.658363 ], [ 847770.28006, 6279522.066564 ], [ 847542.075104, 6279179.132674 ], [ 847353.945164, 6279067.087984 ], [ 847182.513148, 6278764.914261 ], [ 847223.70136, 6278500.096738 ], [ 846743.914355, 6278260.74958 ], [ 846824.064388, 6278130.045129 ], [ 846730.556016, 6277658.167966 ], [ 847001.062378, 6277277.969568 ], [ 847316.096537, 6276972.465395 ], [ 847130.192988, 6276824.809005 ], [ 846561.35039, 6276213.84447 ], [ 846537.973297, 6275886.317783 ], [ 846235.184282, 6275579.166985 ], [ 845953.54597, 6275392.506208 ], [ 845727.567404, 6275087.070193 ], [ 845632.945837, 6274505.075456 ], [ 845378.024203, 6274131.805467 ], [ 844802.502435, 6273509.159944 ], [ 844643.315563, 6273112.183747 ], [ 844991.74557, 6272942.541485 ], [ 845193.233848, 6272684.691769 ], [ 845174.309534, 6272289.450564 ], [ 844914.935121, 6271955.291088 ], [ 844459.638404, 6271231.041523 ], [ 844281.527218, 6270861.308058 ], [ 844038.850728, 6270111.714602 ], [ 843787.268679, 6269658.938082 ], [ 844304.904311, 6269231.620685 ], [ 844035.511144, 6268951.841232 ], [ 843859.626348, 6268619.509183 ], [ 843622.515833, 6267636.154114 ], [ 842847.732177, 6267108.919436 ], [ 842550.509136, 6267214.024691 ], [ 842189.833986, 6266841.076468 ], [ 841940.478327, 6266324.061816 ], [ 841353.82461, 6265669.786941 ], [ 840917.452207, 6265425.718084 ], [ 840649.172234, 6265054.543531 ], [ 840862.905656, 6264890.147221 ], [ 841010.960579, 6264632.542935 ], [ 840805.019521, 6264376.641181 ], [ 840763.831309, 6264154.63997 ], [ 841169.034256, 6264100.411553 ], [ 841144.543968, 6263980.093492 ], [ 840456.589515, 6263807.245188 ], [ 839510.373843, 6263681.847648 ], [ 838934.852076, 6263400.557227 ], [ 838597.554018, 6263585.258919 ], [ 838384.933791, 6264135.998913 ], [ 838126.672572, 6265039.290131 ], [ 837781.582151, 6265451.141595 ], [ 837502.170229, 6265478.260091 ], [ 837334.077798, 6265017.25749 ], [ 837091.401308, 6264727.448864 ], [ 836790.838683, 6264902.010765 ], [ 836569.312896, 6265205.384193 ], [ 835104.348397, 6265407.074225 ], [ 834670.202383, 6265635.888068 ], [ 834454.242571, 6265901.997878 ], [ 833244.199706, 6266496.961559 ], [ 833057.182962, 6266769.879131 ], [ 832978.146123, 6267036.024624 ], [ 833136.2198, 6267368.294446 ], [ 832852.355099, 6267670.061006 ], [ 832762.186311, 6268119.34016 ], [ 832621.923753, 6268312.622309 ], [ 832090.929782, 6268448.261543 ], [ 831742.499775, 6268371.964206 ], [ 831456.408684, 6268424.52452 ], [ 831037.847399, 6268322.795176 ], [ 830550.268029, 6268555.078971 ], [ 830274.195692, 6268634.769042 ], [ 829921.312906, 6268582.207421 ], [ 829678.636416, 6268958.623655 ], [ 829710.919068, 6269214.664091 ], [ 829511.65718, 6269426.623961 ], [ 828654.497101, 6268782.282432 ], [ 828034.447537, 6268748.37108 ], [ 827123.854102, 6268236.326196 ], [ 826294.523896, 6268148.162656 ], [ 825285.969309, 6267865.028273 ], [ 824737.16422, 6267971.838334 ], [ 823888.9097, 6267600.552024 ], [ 823483.706753, 6267473.402925 ], [ 823188.710103, 6267251.320418 ], [ 822908.184986, 6266841.076468 ], [ 822193.513855, 6266637.657096 ], [ 821528.936495, 6266583.412756 ], [ 820701.832679, 6266668.16969 ], [ 820335.591554, 6266763.098463 ], [ 820243.196376, 6266952.959208 ], [ 819952.652505, 6267178.424378 ], [ 819599.76972, 6267183.510128 ], [ 819186.774409, 6267670.061006 ], [ 818614.592226, 6266991.948995 ], [ 818286.199728, 6266852.942749 ], [ 817647.225851, 6266171.506155 ], [ 817528.113996, 6266108.789625 ], [ 816757.78312, 6266215.577508 ], [ 816265.75097, 6266018.953245 ], [ 815621.211119, 6265257.924831 ], [ 814994.482386, 6265698.60109 ], [ 813871.268723, 6266435.937717 ], [ 813313.558075, 6266976.6921 ], [ 813325.803219, 6267505.613849 ], [ 811657.124052, 6267509.00448 ], [ 811541.351781, 6267486.965404 ], [ 811558.049705, 6267965.056703 ], [ 811681.61434, 6268193.939764 ], [ 811733.9345, 6268527.950607 ], [ 811890.894982, 6268870.452584 ], [ 811867.517889, 6269024.752561 ], [ 811566.955264, 6269279.09933 ], [ 811958.799872, 6270038.793899 ], [ 811858.61233, 6270352.526973 ], [ 811456.748968, 6270501.766251 ], [ 810445.967992, 6270644.224383 ], [ 809813.673284, 6270784.988943 ], [ 809230.359152, 6271297.188206 ], [ 808613.649173, 6271651.675403 ], [ 808270.785142, 6271765.317986 ], [ 807753.149509, 6271661.852288 ], [ 807185.420106, 6272313.198441 ], [ 806508.597602, 6272649.068413 ], [ 806494.126069, 6272479.435446 ], [ 805862.944556, 6272791.562736 ], [ 805511.174965, 6272794.955488 ], [ 804242.13277, 6272165.623431 ], [ 803449.537995, 6271806.026148 ], [ 802536.718171, 6271483.758562 ], [ 801753.028956, 6272901.827849 ], [ 801332.24128, 6273387.011436 ], [ 800864.699419, 6274043.580423 ], [ 800040.935187, 6273792.483418 ], [ 799686.939207, 6273975.715632 ], [ 799701.41074, 6275022.590667 ], [ 799209.378591, 6275312.752406 ], [ 798966.702101, 6275680.983692 ], [ 798632.743629, 6275942.318856 ], [ 798362.237266, 6275888.01478 ], [ 797949.241955, 6275674.195874 ], [ 797319.173637, 6275502.80526 ], [ 797194.495808, 6275879.5298 ], [ 793764.742296, 6275640.256862 ], [ 793682.365873, 6275789.589532 ], [ 793217.050402, 6275933.833821 ], [ 793241.54069, 6276448.042321 ], [ 793415.199095, 6276593.994989 ], [ 793481.99079, 6277099.757458 ], [ 793434.123409, 6277376.412155 ], [ 793022.241293, 6277890.708454 ], [ 792787.357167, 6278034.988617 ], [ 792745.055761, 6278384.666056 ], [ 792962.128768, 6278517.071971 ], [ 792796.262726, 6278691.918858 ], [ 792816.300235, 6278890.535732 ], [ 792976.600302, 6279009.368573 ], [ 792984.392666, 6279206.295247 ], [ 792762.866879, 6279472.832625 ], [ 792652.660583, 6279769.93834 ], [ 792779.564803, 6279924.437442 ], [ 792563.604991, 6280111.19837 ], [ 792248.570832, 6280087.428568 ], [ 792038.176994, 6279985.558746 ], [ 791856.726224, 6280382.858001 ], [ 792142.817315, 6280500.013913 ], [ 792356.550738, 6280975.445885 ], [ 792536.888313, 6281179.210637 ], [ 792255.250001, 6281427.131047 ], [ 792207.38262, 6281651.284531 ], [ 791862.292199, 6281612.227057 ], [ 791559.503184, 6281770.156217 ], [ 791299.015575, 6282114.893568 ], [ 791076.376594, 6282558.147982 ], [ 791189.922474, 6282933.488876 ], [ 791031.848797, 6283325.831352 ], [ 790919.416112, 6283796.326669 ], [ 790958.377933, 6284149.640026 ], [ 791064.13145, 6284324.603555 ], [ 790695.663935, 6284599.796247 ], [ 790581.00486, 6284900.479997 ], [ 790556.514572, 6285681.96807 ], [ 790753.55007, 6285816.187431 ], [ 791396.976727, 6285941.91383 ], [ 791850.047055, 6285855.264354 ], [ 792060.440892, 6286155.992819 ], [ 792515.73761, 6286466.926732 ], [ 791990.309613, 6286878.124684 ], [ 791762.104657, 6287136.408019 ], [ 791386.957973, 6287022.55847 ], [ 790862.643171, 6287063.340221 ], [ 790803.643841, 6287571.429393 ], [ 790720.154223, 6287814.439373 ], [ 790294.913768, 6288086.346945 ], [ 790241.480413, 6287838.230936 ], [ 789411.037011, 6286895.116766 ], [ 788548.310958, 6286521.298866 ], [ 787688.924489, 6287425.2869 ], [ 787508.586914, 6287251.958385 ], [ 786751.614376, 6286130.50694 ], [ 786768.3123, 6285892.64245 ], [ 786905.235274, 6285546.051905 ], [ 786934.178341, 6285031.289264 ], [ 787289.287517, 6284581.11004 ], [ 787720.093946, 6283794.628083 ], [ 787992.826699, 6283410.756366 ], [ 787784.659251, 6283240.907192 ], [ 787341.607678, 6282748.363907 ], [ 787304.872246, 6282284.720096 ], [ 786842.896359, 6281739.589052 ], [ 786090.376601, 6281036.574794 ], [ 785057.331726, 6279662.979079 ], [ 785202.047065, 6279333.62097 ], [ 785251.02764, 6278953.347168 ], [ 784913.729583, 6278618.924087 ], [ 785036.181023, 6278242.077392 ], [ 784654.35517, 6277975.57884 ], [ 784676.619068, 6277456.185437 ], [ 784516.319001, 6277342.466306 ], [ 784618.732933, 6277137.096827 ], [ 785033.954633, 6277081.087836 ], [ 785307.800581, 6276848.569629 ], [ 785304.460996, 6276544.778109 ], [ 785064.010896, 6276337.73093 ], [ 785137.48176, 6276098.445018 ], [ 784951.57821, 6275923.651791 ], [ 784462.885646, 6275641.95381 ], [ 784494.055103, 6275353.477657 ], [ 784325.962672, 6275098.948054 ], [ 784478.470374, 6274905.510682 ], [ 784030.966021, 6274388.002639 ], [ 783747.10132, 6274661.175067 ], [ 783660.272117, 6274481.32142 ], [ 783353.030322, 6274211.548125 ], [ 783484.387322, 6273631.310217 ], [ 783189.390671, 6273549.876506 ], [ 783073.618401, 6273388.707931 ], [ 783236.144857, 6273171.559343 ], [ 783051.354502, 6273040.933582 ], [ 782747.452293, 6273091.826496 ], [ 782639.472386, 6272674.513652 ], [ 782837.62108, 6272208.029779 ], [ 782826.489131, 6272035.013215 ], [ 783189.390671, 6271901.012623 ], [ 783217.220544, 6271168.287456 ], [ 783410.916458, 6271348.070622 ], [ 783543.386652, 6271132.67049 ], [ 783833.930523, 6271012.252336 ], [ 783813.893014, 6270835.868277 ], [ 783527.801923, 6270813.820528 ], [ 783424.274797, 6271012.252336 ], [ 783210.541374, 6270878.267955 ], [ 783290.691408, 6270722.238187 ], [ 783176.032332, 6270389.836546 ], [ 782787.527309, 6270379.661191 ], [ 782656.17031, 6270115.106278 ], [ 782244.288194, 6269604.674358 ], [ 782272.118067, 6269190.924917 ], [ 782470.26676, 6268841.627625 ], [ 782688.452962, 6268171.898903 ], [ 782823.149546, 6267407.286149 ], [ 782121.836754, 6267407.286149 ], [ 781086.56549, 6267775.173235 ], [ 780957.434881, 6267783.650084 ], [ 780404.177011, 6267573.426722 ], [ 779866.503871, 6267622.591395 ], [ 779629.393355, 6267841.292887 ], [ 778689.856853, 6267817.557568 ], [ 778403.765762, 6268165.117112 ], [ 778036.411442, 6268065.086315 ], [ 778024.166298, 6267648.021511 ], [ 777900.601663, 6267586.989362 ], [ 777995.223231, 6267305.569042 ], [ 777730.282842, 6267152.995674 ], [ 777956.261409, 6266929.226382 ], [ 777819.338435, 6266571.546853 ], [ 777716.924504, 6265901.997878 ], [ 777486.493158, 6265342.668482 ], [ 777365.154913, 6265347.753128 ], [ 777181.477753, 6264815.576753 ], [ 776895.386662, 6264776.596997 ], [ 776720.615061, 6264517.301452 ], [ 776690.558798, 6264274.960514 ], [ 776855.311645, 6264105.495452 ], [ 776988.895034, 6263807.245188 ], [ 776463.467037, 6263205.692841 ], [ 776265.318344, 6263092.165225 ], [ 776020.415464, 6262660.096437 ], [ 775693.136161, 6262507.606839 ], [ 775379.215197, 6262533.021581 ], [ 775232.273469, 6262351.731424 ], [ 774803.69343, 6262177.222138 ], [ 774432.999525, 6262590.628613 ], [ 774240.416806, 6262719.39869 ], [ 774030.022969, 6263019.305019 ], [ 773612.574878, 6263039.638037 ], [ 773515.726921, 6263166.720502 ], [ 773553.575548, 6263422.585658 ], [ 773473.425515, 6263707.265918 ], [ 773247.446948, 6263861.471726 ], [ 773042.619085, 6263751.324434 ], [ 772765.433553, 6263075.220935 ], [ 772787.697451, 6262311.068745 ], [ 772598.454317, 6261963.749655 ], [ 772858.941925, 6261733.340954 ], [ 773257.465702, 6261801.107568 ], [ 773846.345809, 6261680.822202 ], [ 774288.284187, 6261690.987096 ], [ 774386.245339, 6261463.974032 ], [ 774126.870926, 6261174.287101 ], [ 774388.471729, 6261079.421022 ], [ 774605.544736, 6260889.692055 ], [ 774734.675345, 6260593.24906 ], [ 774860.46637, 6260020.719987 ], [ 775004.068513, 6259795.445497 ], [ 775295.725579, 6258677.630724 ], [ 774190.323035, 6256875.888605 ], [ 776507.994834, 6256235.888327 ], [ 777346.230599, 6256496.62334 ], [ 778003.015595, 6256418.740612 ], [ 778972.60836, 6255770.310062 ], [ 779462.414119, 6255655.189203 ], [ 780074.671319, 6255260.742838 ], [ 780700.286857, 6255030.516544 ], [ 782155.232602, 6254595.473654 ], [ 782344.475736, 6254311.099723 ], [ 782767.489801, 6254128.292954 ], [ 782849.866224, 6253661.13803 ], [ 782926.676673, 6253618.824545 ], [ 783434.293551, 6253766.076384 ], [ 783941.910429, 6253307.403804 ], [ 784216.869571, 6253295.556502 ], [ 784618.732933, 6253451.265223 ], [ 784389.414782, 6252757.367974 ], [ 784411.67868, 6252464.594241 ], [ 784961.596964, 6252178.599617 ], [ 784993.879617, 6251711.552239 ], [ 785119.670641, 6251393.433266 ], [ 784849.164279, 6251073.634215 ], [ 784862.522618, 6250958.577192 ], [ 785471.440232, 6250951.809181 ], [ 786266.261397, 6251144.699627 ], [ 787370.550745, 6251662.479916 ], [ 788212.126096, 6251845.233459 ], [ 788685.233931, 6251777.546502 ], [ 789012.513234, 6251640.48207 ], [ 789432.187715, 6251684.477819 ], [ 789753.901043, 6251618.484282 ], [ 789893.050407, 6251501.727745 ], [ 789925.333059, 6250730.159795 ], [ 790326.083226, 6250315.640252 ], [ 790021.067821, 6249931.593311 ], [ 790007.709482, 6249726.88818 ], [ 789452.225223, 6249356.401389 ], [ 788878.929845, 6249065.436823 ], [ 788242.182358, 6249012.996598 ], [ 788133.089257, 6249116.185737 ], [ 787892.639157, 6249072.203328 ], [ 787927.148199, 6248647.615655 ], [ 787277.042373, 6248710.202938 ], [ 786850.688723, 6249195.692981 ], [ 786702.6338, 6249273.509303 ], [ 786024.698101, 6249117.877373 ], [ 785705.211163, 6248992.697244 ], [ 785360.120741, 6249067.128449 ], [ 784968.276134, 6248864.135793 ], [ 784942.672651, 6248439.558548 ], [ 784971.615719, 6247949.037629 ], [ 785178.669971, 6247279.268725 ], [ 785308.913776, 6246518.231963 ], [ 785213.179014, 6246188.470595 ], [ 785015.03032, 6245828.284381 ], [ 784708.90172, 6244827.283853 ], [ 784491.828713, 6244397.836767 ], [ 784878.107346, 6243863.594392 ], [ 785025.049074, 6243564.365752 ], [ 785304.460996, 6243309.099951 ], [ 785650.664612, 6243501.816467 ], [ 786139.357177, 6243647.202001 ], [ 787084.459654, 6243588.033169 ], [ 788064.071173, 6243366.576348 ], [ 788484.858848, 6243155.267983 ], [ 789040.343107, 6242808.733669 ], [ 789005.834065, 6242514.613221 ], [ 789157.228572, 6242137.680672 ], [ 788877.816651, 6241921.332342 ], [ 787903.771106, 6241510.62375 ], [ 787726.773116, 6241622.172263 ], [ 786927.499172, 6241091.484882 ], [ 786715.992139, 6240905.583147 ], [ 786867.386647, 6240121.460695 ], [ 786795.028978, 6239820.674347 ], [ 787087.799239, 6239764.911758 ], [ 787337.154898, 6239528.347279 ], [ 787537.529981, 6239058.61738 ], [ 787900.431521, 6238556.81239 ], [ 788057.392003, 6238676.769804 ], [ 788381.331722, 6239095.789301 ], [ 788565.008881, 6239252.926952 ], [ 788818.81732, 6239656.767177 ], [ 789399.905062, 6239830.813039 ], [ 789785.0705, 6240065.696128 ], [ 790198.065811, 6240216.092315 ], [ 790876.00151, 6240393.52945 ], [ 791079.716178, 6240364.801281 ], [ 791286.770431, 6240631.808016 ], [ 791694.199768, 6240827.843631 ], [ 792277.513899, 6240814.323788 ], [ 792670.471702, 6240895.44317 ], [ 793351.746986, 6241186.127331 ], [ 792835.224548, 6241943.304967 ], [ 792988.845446, 6242376.008272 ], [ 792843.016913, 6242543.348677 ], [ 793090.146182, 6243107.935631 ], [ 793592.197086, 6243594.7953 ], [ 794034.135464, 6243846.688538 ], [ 794587.393333, 6243834.85446 ], [ 794846.767747, 6243971.79266 ], [ 795154.009541, 6244384.311229 ], [ 795667.192394, 6244688.641077 ], [ 795609.306259, 6245209.408614 ], [ 795159.575516, 6246144.503382 ], [ 795180.726219, 6246240.893339 ], [ 794944.728899, 6246810.80023 ], [ 795081.651872, 6247186.249453 ], [ 795392.233252, 6247637.82529 ], [ 795126.179669, 6247899.987099 ], [ 795443.440218, 6248199.368894 ], [ 795639.362521, 6248292.39929 ], [ 795806.341757, 6248534.283101 ], [ 795972.207799, 6248470.00561 ], [ 796332.882949, 6248520.750957 ], [ 796824.915098, 6248451.399059 ], [ 796868.3297, 6248260.261401 ], [ 797719.923804, 6248152.008358 ], [ 798240.899021, 6248118.179565 ], [ 798322.162249, 6248189.220185 ], [ 798663.913086, 6248067.43663 ], [ 798878.759703, 6248114.796693 ], [ 798596.008197, 6248552.889834 ], [ 798485.801901, 6248842.145214 ], [ 798784.138136, 6248996.080466 ], [ 798957.796542, 6248977.472759 ], [ 799257.245972, 6249249.825999 ], [ 799560.034987, 6249366.551496 ], [ 799931.842086, 6249364.859811 ], [ 800103.274102, 6249293.809331 ], [ 800660.984751, 6248647.615655 ], [ 800721.097276, 6248177.380041 ], [ 801041.69741, 6247823.87477 ], [ 800852.454275, 6247346.919745 ], [ 800587.513887, 6247379.054169 ], [ 800091.028958, 6247106.761067 ], [ 800173.405381, 6246827.711999 ], [ 800068.76506, 6246643.375534 ], [ 800331.479058, 6246587.568038 ], [ 800527.401362, 6246438.749844 ], [ 800862.473029, 6245966.945806 ], [ 801130.753002, 6245777.555158 ], [ 801574.91777, 6245601.696205 ], [ 801912.215828, 6245549.277415 ], [ 802243.94791, 6245726.826239 ], [ 802513.341078, 6245654.115319 ], [ 802992.014888, 6245304.097059 ], [ 803153.42815, 6245111.339554 ], [ 803344.897674, 6244419.815814 ], [ 803725.610333, 6244220.315786 ], [ 804070.700754, 6244739.363781 ], [ 803549.725537, 6245364.968761 ], [ 803476.254673, 6245745.426808 ], [ 804001.68267, 6246000.766009 ], [ 804690.750318, 6245733.590078 ], [ 805000.218502, 6245256.752704 ], [ 805282.970009, 6245025.107352 ], [ 805655.890303, 6244565.217099 ], [ 806284.845426, 6243971.79266 ], [ 806560.917763, 6243838.235623 ], [ 806790.235914, 6243921.07455 ], [ 807556.114011, 6244352.18816 ], [ 807890.072483, 6244571.98001 ], [ 808325.331692, 6244367.404335 ], [ 808441.103963, 6244186.502688 ], [ 808178.389964, 6244120.567534 ], [ 807779.866187, 6243831.473298 ], [ 807330.135444, 6243679.322398 ], [ 807120.854802, 6243525.48371 ], [ 806732.349779, 6243033.556756 ], [ 806536.427475, 6242688.717771 ], [ 806805.820643, 6242624.484608 ], [ 807016.21448, 6242139.370915 ], [ 807206.57081, 6242071.761455 ], [ 807381.34241, 6241867.246122 ], [ 807759.828679, 6241850.344249 ], [ 807804.356475, 6241642.453969 ], [ 808077.089228, 6241635.693395 ], [ 808186.182329, 6240858.263357 ], [ 808405.481725, 6240731.515219 ], [ 808958.739595, 6241052.614182 ], [ 809347.244618, 6241422.738077 ], [ 810241.140129, 6240694.336125 ], [ 811251.921105, 6240611.528728 ], [ 811337.637113, 6240400.289033 ], [ 811656.010857, 6239979.515246 ], [ 811707.217822, 6239660.146675 ], [ 811590.332357, 6238928.516938 ], [ 811595.898332, 6238563.570509 ], [ 811851.93316, 6238181.745228 ], [ 812284.96598, 6238065.173678 ], [ 812725.791163, 6237149.551443 ], [ 812990.731551, 6236796.505812 ], [ 813350.293507, 6235774.61446 ], [ 813677.572809, 6235484.11576 ], [ 814117.284798, 6235458.782043 ], [ 813870.155529, 6235039.942219 ], [ 813840.099266, 6234776.489056 ], [ 813623.026259, 6234519.798974 ], [ 813304.652515, 6234291.824164 ], [ 813045.278102, 6233962.538033 ], [ 812178.099268, 6233444.149361 ], [ 811851.93316, 6233049.047023 ], [ 811647.105297, 6232311.234233 ], [ 811477.899671, 6231129.516779 ], [ 811247.468325, 6230483.018173 ], [ 811171.771072, 6229397.753983 ], [ 810969.169598, 6229223.922072 ], [ 810414.798534, 6228506.692134 ], [ 810034.085876, 6227794.584968 ], [ 809660.052387, 6226853.075274 ], [ 809309.395991, 6226557.820449 ], [ 808917.551383, 6226507.206367 ], [ 808630.347097, 6224847.231757 ], [ 808741.666588, 6224665.059189 ], [ 808786.194384, 6224358.07352 ], [ 808644.818631, 6223939.781246 ], [ 808259.653193, 6223615.956219 ], [ 808198.427473, 6223148.792916 ], [ 807380.229215, 6223201.073452 ], [ 807234.400682, 6223342.738459 ], [ 806717.878245, 6223288.770559 ], [ 806460.730221, 6223035.800598 ], [ 806230.298875, 6222683.341686 ], [ 806789.122719, 6222101.563527 ], [ 806793.575499, 6221698.55797 ], [ 806864.819973, 6221155.626748 ], [ 807452.586884, 6220295.775646 ], [ 807877.827339, 6219606.271678 ], [ 808140.541337, 6219582.671066 ], [ 808342.029616, 6219417.468619 ], [ 808520.140801, 6218556.10791 ], [ 808697.138791, 6218139.786786 ], [ 808691.572817, 6217821.239057 ], [ 809137.963975, 6217693.149158 ], [ 809933.898334, 6217703.261448 ], [ 810293.460289, 6217634.161038 ], [ 810584.00416, 6217462.25514 ], [ 810897.925124, 6217403.268623 ], [ 811558.049705, 6217420.121872 ], [ 813116.522576, 6217399.897978 ], [ 813040.825322, 6217170.697207 ], [ 812749.168256, 6216766.240342 ], [ 812150.269396, 6216075.33774 ], [ 811965.479041, 6215783.827399 ], [ 811943.215143, 6215214.315822 ], [ 811751.745619, 6215076.156045 ], [ 811323.165579, 6214557.234508 ], [ 810905.717489, 6214516.800395 ], [ 810725.379914, 6214414.031222 ], [ 810640.777101, 6214056.875895 ], [ 810749.870202, 6213745.219596 ], [ 810531.684, 6213418.413916 ], [ 810182.140799, 6213177.529115 ], [ 809933.898334, 6212835.585495 ], [ 809066.719501, 6212892.855881 ], [ 808704.931156, 6212795.159572 ], [ 808391.010192, 6212613.2453 ], [ 808723.855469, 6212505.446087 ], [ 809337.225863, 6212402.701236 ], [ 809655.599607, 6212288.167455 ], [ 809783.617021, 6212158.476655 ], [ 810368.044348, 6212005.208261 ], [ 810231.121374, 6211503.315721 ], [ 810044.10463, 6211188.384865 ], [ 809948.369868, 6210647.808835 ], [ 809294.924457, 6210336.277516 ], [ 809239.264712, 6210137.577018 ], [ 809378.414075, 6209364.709922 ], [ 809103.454933, 6209049.858285 ], [ 809028.870874, 6208745.119945 ], [ 808793.986748, 6208728.283891 ], [ 808482.292174, 6208250.153877 ], [ 808477.839394, 6208044.768253 ], [ 808281.917091, 6207844.437875 ], [ 807777.639797, 6207514.492248 ], [ 807690.810595, 6207250.208303 ], [ 807788.771746, 6206657.703449 ], [ 808346.482395, 6206376.614733 ], [ 808688.233232, 6206066.922953 ], [ 808751.685342, 6205866.639167 ], [ 808492.310928, 6205624.285262 ], [ 808217.351786, 6205573.795735 ], [ 807765.394653, 6205355.011246 ], [ 807352.399343, 6204804.708992 ], [ 806895.98943, 6204311.654954 ], [ 806529.748306, 6203790.024801 ], [ 806334.939197, 6203596.524976 ], [ 806205.808587, 6203128.778364 ], [ 805793.926471, 6202608.903137 ], [ 805467.760363, 6201969.617938 ], [ 804876.653867, 6201623.078147 ], [ 804716.353801, 6201141.983198 ], [ 804382.395328, 6200647.459403 ], [ 803902.608323, 6200245.469743 ], [ 803756.77979, 6199633.270933 ], [ 803539.706783, 6199291.871496 ], [ 803003.146837, 6199184.241016 ], [ 802613.52862, 6199246.464722 ], [ 801651.728219, 6199301.961924 ], [ 801416.844093, 6199180.877586 ], [ 800664.324336, 6198644.427427 ], [ 800529.627752, 6198183.679053 ], [ 800380.459634, 6197990.306693 ], [ 800392.704778, 6197238.718466 ], [ 800064.31228, 6196707.434393 ], [ 798875.420119, 6196179.545726 ], [ 798366.690046, 6195892.078724 ], [ 798076.146175, 6195503.761522 ], [ 797928.091252, 6195081.843865 ], [ 797291.343765, 6195165.889539 ], [ 797059.799224, 6195302.045292 ], [ 796359.599627, 6195567.639325 ], [ 796054.584222, 6195764.318728 ], [ 795698.361851, 6195283.554877 ], [ 795748.455622, 6194977.628381 ], [ 795510.231912, 6195029.735964 ], [ 794271.245979, 6195170.932306 ], [ 793987.381278, 6195576.044335 ], [ 793437.462993, 6195708.84459 ], [ 793067.882284, 6196557.806573 ], [ 791969.15891, 6196727.609132 ], [ 790222.556099, 6195602.940422 ], [ 789493.413435, 6195323.897653 ], [ 789004.72087, 6195655.051832 ], [ 788354.615044, 6196389.688566 ], [ 788070.750342, 6196564.531363 ], [ 787819.168293, 6196656.997755 ], [ 787041.045052, 6196781.408669 ], [ 786517.843446, 6196631.779549 ], [ 786139.357177, 6196618.329869 ], [ 785887.775128, 6196687.259702 ], [ 785508.175664, 6196999.972786 ], [ 786737.142843, 6197354.731108 ], [ 787322.683364, 6197391.720979 ], [ 787705.622412, 6197253.85046 ], [ 788244.408748, 6197423.666906 ], [ 788543.858178, 6197383.314176 ], [ 788572.801246, 6198062.610627 ], [ 788379.105332, 6198007.121507 ], [ 787813.602319, 6198148.367251 ], [ 787549.775125, 6198143.32272 ], [ 786620.257377, 6198481.312924 ], [ 786353.090599, 6198703.283944 ], [ 785543.797901, 6199056.43159 ], [ 785233.216522, 6199160.69703 ], [ 785155.292878, 6199453.319769 ], [ 785254.367225, 6199749.316225 ], [ 785170.877607, 6200210.149384 ], [ 784705.562136, 6200260.607085 ], [ 784317.057113, 6200581.861467 ], [ 784147.851487, 6200879.579237 ], [ 784061.022284, 6201189.082201 ], [ 784184.586919, 6201954.477555 ], [ 784007.588928, 6202496.183574 ], [ 783577.895694, 6202529.831048 ], [ 783210.541374, 6202925.198843 ], [ 782990.128782, 6203537.634599 ], [ 783048.014918, 6203965.019738 ], [ 782764.150216, 6203907.809459 ], [ 782471.379955, 6203939.779862 ], [ 782003.838094, 6203833.773198 ], [ 781771.180358, 6203727.767856 ], [ 781373.769776, 6203896.03092 ], [ 781255.771116, 6204426.08133 ], [ 780491.006214, 6204905.679215 ], [ 780288.404741, 6205297.791616 ], [ 780071.331734, 6205334.816038 ], [ 779440.150221, 6205888.518679 ], [ 779167.417469, 6205996.23402 ], [ 778805.629124, 6205996.23402 ], [ 778489.48177, 6206152.760306 ], [ 778725.47909, 6206312.655724 ], [ 778461.651897, 6206669.485813 ], [ 778852.38331, 6206758.695675 ], [ 780142.576208, 6207443.79128 ], [ 780384.139503, 6207687.880446 ], [ 780477.647875, 6207628.96173 ], [ 781095.471049, 6207931.976619 ], [ 781151.130795, 6208580.128054 ], [ 780932.944593, 6208883.176845 ], [ 780453.157587, 6209056.592958 ], [ 780321.800588, 6209223.277798 ], [ 779995.63448, 6209001.032071 ], [ 779687.279491, 6208679.459523 ], [ 779200.813316, 6208610.432447 ], [ 778711.007556, 6208777.10854 ], [ 778478.349821, 6208928.635096 ], [ 778284.653907, 6208834.351588 ], [ 778131.033009, 6209169.399512 ], [ 777656.811979, 6209455.631816 ], [ 777433.059802, 6209357.975006 ], [ 777230.458329, 6209157.613683 ], [ 777031.19644, 6209245.165949 ], [ 776775.161611, 6209140.776812 ], [ 776426.731605, 6209268.737867 ], [ 775789.984118, 6209093.633751 ], [ 775398.13951, 6208893.278658 ], [ 775261.216537, 6208740.069126 ], [ 775067.520623, 6208767.006865 ], [ 774872.711514, 6208655.889239 ], [ 773772.874945, 6209095.317427 ], [ 773147.259407, 6209416.905705 ], [ 772528.323038, 6209795.755671 ], [ 772756.527994, 6210208.300392 ], [ 773118.316339, 6210427.209802 ], [ 772991.412119, 6210701.696491 ], [ 772630.736969, 6211245.644153 ], [ 772228.873607, 6211331.533808 ], [ 771938.329737, 6211910.890623 ], [ 771902.707499, 6212436.387935 ], [ 771959.48044, 6212768.209064 ], [ 771821.444271, 6212980.44663 ], [ 771445.184392, 6213246.59329 ], [ 771165.77247, 6213133.732612 ], [ 770963.170997, 6213177.529115 ], [ 770298.593637, 6212945.073334 ], [ 770283.008908, 6212572.820435 ], [ 770080.407435, 6212207.32101 ], [ 770230.688748, 6211811.521387 ], [ 770132.727596, 6211429.213294 ], [ 769564.998193, 6210826.313005 ], [ 769237.71889, 6210673.068631 ], [ 768674.442266, 6210600.657415 ], [ 768313.767116, 6210886.937916 ], [ 767800.584264, 6210912.198423 ], [ 767582.398062, 6211046.922396 ], [ 767504.474418, 6211287.746816 ], [ 767328.589623, 6211479.737606 ], [ 767119.30898, 6211294.483262 ], [ 766541.560823, 6211311.324399 ], [ 766485.901077, 6211454.475412 ], [ 765803.512599, 6211403.95125 ], [ 765616.495854, 6211082.287792 ], [ 765274.745018, 6211040.186146 ], [ 765022.049774, 6210859.993458 ], [ 764363.038388, 6210824.628986 ], [ 764391.981456, 6210710.116468 ], [ 763747.441604, 6210671.384642 ], [ 763244.277506, 6210868.413592 ], [ 762987.129482, 6210870.09762 ], [ 762729.981458, 6211105.864805 ], [ 762286.929885, 6211169.859884 ], [ 762111.045089, 6211506.684029 ], [ 761869.481794, 6211649.838333 ], [ 761759.275498, 6212080.999978 ], [ 761728.106041, 6212683.989276 ], [ 761605.654601, 6213189.32052 ], [ 761157.037053, 6213787.334644 ], [ 761053.509927, 6214056.875895 ], [ 761050.170342, 6214516.800395 ], [ 760666.118099, 6214686.961921 ], [ 760349.970745, 6214680.222786 ], [ 759999.314349, 6214877.344698 ], [ 759428.245361, 6214853.75722 ], [ 758837.138865, 6215123.332301 ], [ 758141.392048, 6215248.013669 ], [ 757689.434915, 6215123.332301 ], [ 755023.33311, 6214456.149585 ], [ 754572.489173, 6215020.555793 ], [ 754090.475778, 6215330.57396 ], [ 754602.545435, 6216058.487159 ], [ 754521.282207, 6216329.785577 ], [ 754274.152937, 6216245.530483 ], [ 753945.76044, 6215945.589128 ], [ 753424.785223, 6215945.589128 ], [ 752959.469751, 6216034.896401 ], [ 752832.565532, 6216329.785577 ], [ 752775.792591, 6216751.073584 ], [ 752451.852873, 6217187.549994 ], [ 752390.627153, 6217563.375835 ], [ 752465.211212, 6217801.014208 ], [ 752221.421527, 6218004.95031 ], [ 752264.836129, 6218124.617575 ], [ 752588.775847, 6218362.271649 ], [ 752695.642558, 6218630.272518 ], [ 752506.399424, 6219014.590408 ], [ 752071.140215, 6219078.64508 ], [ 751688.201166, 6218650.499342 ], [ 751425.487168, 6218451.604333 ], [ 751227.338474, 6218554.422358 ], [ 750573.893063, 6218733.092706 ], [ 750337.895743, 6218837.599746 ], [ 749868.127492, 6218433.06351 ], [ 749602.073909, 6217895.39725 ], [ 749142.324412, 6218050.457381 ], [ 748743.800635, 6218109.448392 ], [ 748504.46373, 6218399.353027 ], [ 748417.634527, 6218736.463881 ], [ 748193.88235, 6219055.045934 ], [ 747872.169022, 6218753.319775 ], [ 747576.059176, 6218635.32922 ], [ 747102.951341, 6219292.726042 ], [ 746854.708876, 6219233.726813 ], [ 746665.465742, 6219493.326486 ], [ 746531.882353, 6219446.125956 ], [ 746285.866278, 6219843.967213 ], [ 745793.834129, 6219280.926164 ], [ 745340.763801, 6219341.611428 ], [ 744981.201846, 6219530.412802 ], [ 744775.260788, 6220027.72222 ], [ 745241.689454, 6220236.769449 ], [ 745212.746387, 6220663.309189 ], [ 745033.522007, 6220840.337902 ], [ 744589.357238, 6221025.800511 ], [ 744495.848866, 6221349.526771 ], [ 744256.511961, 6221450.693758 ], [ 744003.816717, 6221317.490809 ], [ 744233.134868, 6221008.940107 ], [ 743429.408144, 6220449.193677 ], [ 743488.407474, 6220032.779754 ], [ 743315.862264, 6219584.356822 ], [ 742983.016986, 6219442.754499 ], [ 742773.736344, 6219506.812401 ], [ 742672.435607, 6219021.332982 ], [ 742417.513973, 6218640.385924 ], [ 742155.91317, 6218706.123356 ], [ 742250.534737, 6219051.674633 ], [ 742111.385373, 6219247.212315 ], [ 742512.13554, 6219385.439944 ], [ 742639.03976, 6219734.390431 ], [ 742594.511963, 6220396.930081 ], [ 742730.321742, 6220823.477865 ], [ 742531.059854, 6221425.401898 ], [ 742479.852888, 6221846.942729 ], [ 742667.982827, 6221828.394492 ], [ 742706.944649, 6222113.367326 ], [ 742964.092673, 6222115.053584 ], [ 743213.448332, 6222231.406212 ], [ 743006.394079, 6222826.684455 ], [ 742557.776531, 6223717.150213 ], [ 742121.404128, 6224175.911448 ], [ 741902.104731, 6224698.794554 ], [ 741248.65932, 6225464.623423 ], [ 740727.684103, 6225107.003106 ], [ 740322.481156, 6225015.913546 ], [ 740165.520674, 6225201.467386 ], [ 739825.996227, 6225091.821445 ], [ 739848.260126, 6224951.814072 ], [ 739429.69884, 6224519.998643 ], [ 739000.005606, 6224302.412472 ], [ 738882.006945, 6224886.028272 ], [ 738540.256109, 6225142.427088 ], [ 738168.449009, 6225650.187071 ], [ 737976.979485, 6225994.33403 ], [ 737746.548139, 6226227.147237 ], [ 737340.231998, 6226417.788894 ], [ 736947.274195, 6226168.099804 ], [ 736402.921885, 6226714.72602 ], [ 735807.36261, 6226893.568165 ], [ 735633.704204, 6226861.511277 ], [ 735313.104071, 6226989.739556 ], [ 734999.183107, 6226794.023487 ], [ 734593.98016, 6226756.905432 ], [ 734483.773864, 6227865.455515 ], [ 734134.230663, 6229039.967908 ], [ 733849.252767, 6229239.111126 ], [ 733538.671387, 6229590.154619 ], [ 733307.126847, 6229581.715903 ], [ 732986.526713, 6229689.732099 ], [ 732493.381369, 6229953.027339 ], [ 732141.611778, 6230422.253213 ], [ 731986.877686, 6230788.537485 ], [ 731842.162348, 6230758.153856 ], [ 731697.44701, 6231283.130741 ], [ 731554.958061, 6231416.490171 ], [ 731160.887064, 6232118.771884 ], [ 730899.286261, 6232463.181277 ], [ 730754.570923, 6232446.298138 ], [ 730536.384721, 6233037.228006 ], [ 730500.762484, 6233618.067762 ], [ 730258.085994, 6233457.657459 ], [ 729604.640583, 6233238.153539 ], [ 729548.980837, 6233386.740187 ], [ 729194.984857, 6233094.634815 ], [ 728901.101401, 6233412.067716 ], [ 728702.952707, 6233170.615013 ], [ 728350.069921, 6233114.896135 ], [ 728050.620491, 6233199.318821 ], [ 727876.962086, 6232782.278928 ], [ 727445.042461, 6232365.259537 ], [ 726880.652643, 6232589.805893 ], [ 726583.429603, 6232557.727478 ], [ 726301.791291, 6232971.379497 ], [ 725967.832819, 6232942.676461 ], [ 725177.464434, 6233177.368842 ], [ 725304.368653, 6232866.698304 ], [ 724898.052512, 6232387.207415 ], [ 724560.754455, 6232193.055081 ], [ 724423.831481, 6232275.780315 ], [ 724139.96678, 6232095.136458 ], [ 723958.51601, 6232377.077618 ], [ 724134.400805, 6232976.444749 ], [ 724617.527395, 6233070.99667 ], [ 724805.657335, 6233022.032151 ], [ 724902.505292, 6233298.938671 ], [ 724294.700872, 6233545.460618 ], [ 723921.780578, 6233786.92399 ], [ 723169.26082, 6234572.14961 ], [ 722976.678101, 6234594.103199 ], [ 722587.059883, 6235102.429106 ], [ 722214.139589, 6235237.537462 ], [ 721993.726997, 6235406.425934 ], [ 721690.937982, 6235409.803737 ], [ 721214.490562, 6235283.137018 ], [ 720676.817421, 6235374.336865 ], [ 720492.027066, 6235132.828298 ], [ 720268.27489, 6235320.292393 ], [ 719785.1483, 6235369.270181 ], [ 719722.809385, 6235882.709539 ], [ 719562.509318, 6235624.29703 ], [ 719250.814744, 6235452.026398 ], [ 719101.646626, 6235193.62701 ], [ 718410.352589, 6235306.781329 ], [ 718497.181791, 6235659.764947 ], [ 718490.502622, 6235950.269664 ], [ 718396.99425, 6236174.910947 ], [ 718174.355268, 6236279.632977 ], [ 718306.825462, 6236757.654798 ], [ 718207.751115, 6236884.343543 ], [ 718454.880385, 6237259.353321 ], [ 718247.826132, 6237620.864932 ], [ 717798.095389, 6237326.924413 ], [ 717715.718966, 6237473.893399 ], [ 717377.307714, 6237372.535205 ], [ 716964.312403, 6237859.065586 ], [ 716995.481861, 6238176.676866 ], [ 716673.768532, 6238384.482174 ], [ 716409.941339, 6238838.968443 ], [ 716175.057213, 6238860.933081 ], [ 716001.398808, 6239016.376758 ], [ 715698.609793, 6239023.135243 ], [ 715662.987556, 6238783.212311 ], [ 715441.461769, 6238762.937445 ], [ 715080.786619, 6238266.218366 ], [ 714733.469808, 6238291.560472 ], [ 714417.322454, 6238043.211102 ], [ 714129.004973, 6237908.058039 ], [ 713698.198543, 6237793.179629 ], [ 713455.522053, 6237511.058374 ], [ 713341.976173, 6237652.962503 ], [ 713034.734378, 6237457.000283 ], [ 712829.906515, 6237169.822452 ], [ 712672.946033, 6237195.161281 ], [ 712543.815424, 6236928.262749 ], [ 712226.554875, 6236953.600857 ], [ 711995.010334, 6236720.493125 ], [ 711873.672089, 6236728.938945 ], [ 711373.847576, 6237588.767484 ], [ 710910.758494, 6237852.308028 ], [ 710589.045165, 6237801.626518 ], [ 710473.272895, 6237619.17559 ], [ 709974.561576, 6237948.603732 ], [ 709754.148984, 6238212.155461 ], [ 709579.377384, 6238207.087081 ], [ 709171.948048, 6238394.619149 ], [ 708862.479863, 6238291.560472 ], [ 708676.576314, 6238080.378572 ], [ 708714.42494, 6237774.596503 ], [ 708486.219984, 6237610.728883 ], [ 708262.467808, 6237683.370839 ], [ 708052.07397, 6237450.243046 ], [ 707757.07732, 6237467.136149 ], [ 707473.212618, 6237816.830939 ], [ 707411.986898, 6238399.687641 ], [ 707582.305719, 6238595.671648 ], [ 707448.72233, 6239089.030758 ], [ 707552.249457, 6239464.138059 ], [ 707485.457762, 6239648.31844 ], [ 707496.589711, 6240104.562303 ], [ 707335.17645, 6240525.342297 ], [ 707046.858968, 6240936.003152 ], [ 706707.334521, 6241243.589333 ], [ 706387.847583, 6241664.425871 ], [ 706404.545507, 6241990.630815 ], [ 706803.069284, 6242326.989992 ], [ 707384.157025, 6242433.478342 ], [ 707242.781272, 6242744.499597 ], [ 707384.157025, 6243148.506202 ], [ 707237.215298, 6243239.790697 ], [ 707002.331172, 6243099.483454 ], [ 706885.445707, 6243167.101112 ], [ 706430.148989, 6243025.104652 ], [ 706169.661381, 6242854.373964 ], [ 705841.268883, 6242812.114423 ], [ 705540.706258, 6243009.890887 ], [ 705163.333184, 6243358.123912 ], [ 704936.241423, 6243468.006235 ], [ 704995.240753, 6244326.827929 ], [ 705069.824812, 6244451.939139 ], [ 704982.995609, 6244828.974633 ], [ 704637.905188, 6244894.915299 ], [ 704144.759843, 6244463.774079 ], [ 703918.781277, 6244626.083493 ], [ 703407.824814, 6244707.239366 ], [ 703225.260849, 6244847.573231 ], [ 702679.795345, 6244609.176118 ], [ 702093.141628, 6244570.289281 ], [ 701437.469827, 6245092.740377 ], [ 701474.205259, 6245479.949836 ], [ 701736.919258, 6245594.932472 ], [ 701992.954086, 6245552.659263 ], [ 702423.760516, 6245368.350535 ], [ 702665.323811, 6245326.078457 ], [ 702961.433656, 6245613.53275 ], [ 703099.469825, 6246085.31711 ], [ 703202.996951, 6246180.015344 ], [ 703620.445042, 6246034.586348 ], [ 703986.686166, 6245643.969658 ], [ 703961.082684, 6245439.368102 ], [ 704423.05857, 6245255.061839 ], [ 704863.883754, 6245275.352241 ], [ 705545.159038, 6245522.222683 ], [ 705509.536801, 6245723.444322 ], [ 705628.648656, 6245960.181781 ], [ 705601.931978, 6246159.722776 ], [ 705726.609808, 6246366.032814 ], [ 705648.686164, 6246751.609303 ], [ 705158.880405, 6246837.859077 ], [ 704464.246782, 6247079.701361 ], [ 704334.002978, 6247049.259295 ], [ 704027.874378, 6247270.812385 ], [ 703617.105457, 6247390.893198 ], [ 703484.635263, 6247193.014457 ], [ 703076.092732, 6247245.443417 ], [ 702865.698894, 6246957.933754 ], [ 702684.248124, 6246983.301861 ], [ 702500.570964, 6246697.492246 ], [ 702297.969491, 6246563.892241 ], [ 702019.670764, 6246614.626172 ], [ 701714.655359, 6246876.756321 ], [ 701683.485902, 6247448.397289 ], [ 701415.205929, 6247835.714421 ], [ 700957.682822, 6247950.729032 ], [ 700552.479876, 6248207.826161 ], [ 700089.390794, 6248209.517615 ], [ 700029.278269, 6248349.9095 ], [ 699691.980212, 6248564.730504 ], [ 699553.944043, 6248838.762053 ], [ 699589.56628, 6249234.601052 ], [ 699817.771236, 6249358.093073 ], [ 699974.731718, 6249320.87611 ], [ 700170.654022, 6249606.774249 ], [ 700834.118187, 6249779.332825 ], [ 701249.339888, 6249733.655212 ], [ 701306.112828, 6249967.121152 ], [ 701176.982219, 6250254.732967 ], [ 701220.39682, 6250938.273174 ], [ 700836.344577, 6250860.441556 ], [ 700797.382755, 6250977.189252 ], [ 701022.248127, 6251208.997418 ], [ 700989.965474, 6251437.427731 ], [ 700805.17512, 6251713.244393 ], [ 701087.926626, 6252310.595936 ], [ 701559.921267, 6252192.137606 ], [ 701712.42897, 6251917.997541 ], [ 702164.386102, 6251537.262173 ], [ 702616.343235, 6251787.699511 ], [ 702696.493268, 6252407.056085 ], [ 702539.532786, 6253359.870626 ], [ 702231.177797, 6253674.678389 ], [ 702157.706933, 6253889.6345 ], [ 702425.986906, 6254189.228105 ], [ 702069.764535, 6254360.187398 ], [ 701469.75248, 6254392.348443 ], [ 701084.587041, 6254702.116341 ], [ 701375.130912, 6255038.980635 ], [ 701643.410885, 6255656.882146 ], [ 701962.897824, 6255814.327275 ], [ 701879.408206, 6256095.365644 ], [ 702244.536136, 6256110.60293 ], [ 702224.498627, 6256418.740612 ], [ 702331.365338, 6256594.824323 ], [ 702713.191192, 6256637.152684 ], [ 703019.319791, 6256794.616047 ], [ 703752.915236, 6257029.969973 ], [ 704309.51269, 6257336.447845 ], [ 704469.812757, 6257930.80949 ], [ 704174.816106, 6258388.039158 ], [ 704427.51135, 6258550.615659 ], [ 704290.588376, 6259151.837141 ], [ 703810.801371, 6259146.756218 ], [ 703803.009007, 6259292.410578 ], [ 703474.616509, 6259234.825996 ], [ 703130.639282, 6259373.707125 ], [ 703058.281613, 6259714.144899 ], [ 702786.662056, 6259736.163734 ], [ 702385.911889, 6259924.173043 ], [ 702330.252143, 6260193.490951 ], [ 702434.892465, 6260586.473341 ], [ 702850.114165, 6261089.585194 ], [ 702557.343905, 6261479.220987 ], [ 701813.729706, 6261067.562837 ], [ 701381.810082, 6260932.041902 ], [ 700368.802716, 6260777.889477 ], [ 700021.485904, 6260672.864158 ], [ 699960.260184, 6261250.519542 ], [ 699855.619863, 6261719.787696 ], [ 700066.013701, 6261816.35513 ], [ 699953.581015, 6262599.100268 ], [ 699398.096756, 6262736.342267 ], [ 699134.269563, 6262934.58464 ], [ 698786.952752, 6262661.790781 ], [ 698530.917923, 6262721.093046 ], [ 698320.524085, 6262922.723854 ], [ 698457.447059, 6263068.443228 ], [ 698173.582357, 6263310.749605 ], [ 698111.243442, 6263553.062921 ], [ 697847.416249, 6263458.170166 ], [ 697444.439693, 6263456.475663 ], [ 697144.990262, 6263586.953449 ], [ 697079.311763, 6263309.05513 ], [ 696927.917255, 6263339.555719 ], [ 696325.67881, 6263195.526127 ], [ 696426.979547, 6262899.002333 ], [ 696075.209956, 6262749.897153 ], [ 696016.210626, 6262494.052341 ], [ 695695.610492, 6262319.54012 ], [ 695249.219334, 6261938.336622 ], [ 695108.956776, 6261992.551183 ], [ 694822.865684, 6261907.841085 ], [ 694719.338558, 6262272.100527 ], [ 694257.362671, 6262128.089105 ], [ 694083.704266, 6262900.696726 ], [ 693756.424963, 6262780.395726 ], [ 693774.236081, 6262671.956854 ], [ 693342.316457, 6262541.493179 ], [ 692862.529452, 6262521.161359 ], [ 692809.096096, 6262836.310062 ], [ 692845.831528, 6263398.862735 ], [ 692998.33923, 6263407.3352 ], [ 693045.093416, 6264166.502483 ], [ 692771.247469, 6264173.281069 ], [ 692676.625902, 6264537.63807 ], [ 692263.630591, 6264512.217305 ], [ 691729.297035, 6264624.069243 ], [ 691497.752494, 6264422.39788 ], [ 691359.716326, 6264505.438447 ], [ 690823.15638, 6264617.290295 ], [ 690837.627914, 6264295.29655 ], [ 690247.634613, 6264188.532908 ], [ 689612.00032, 6264115.66326 ], [ 689058.742451, 6264173.281069 ], [ 688892.87641, 6264037.710378 ], [ 688565.597107, 6264046.183482 ], [ 688247.223363, 6263917.393208 ], [ 688159.280965, 6264007.207271 ], [ 687580.419613, 6263807.245188 ], [ 687115.104142, 6264081.770614 ], [ 687056.104812, 6264291.907207 ], [ 686833.46583, 6264241.06723 ], [ 686728.825509, 6264437.650168 ], [ 686947.011711, 6264678.301018 ], [ 687262.04587, 6265218.943036 ], [ 687007.124236, 6265401.989543 ], [ 686551.827518, 6264995.224906 ], [ 686056.455784, 6265105.388398 ], [ 685861.646676, 6265335.888959 ], [ 685630.102135, 6265386.735517 ], [ 685427.500661, 6265313.855545 ], [ 685318.40756, 6265135.895464 ], [ 685030.090079, 6264996.919719 ], [ 684896.50669, 6264744.396464 ], [ 684605.962819, 6264569.837816 ], [ 684457.907897, 6264186.838258 ], [ 684589.264896, 6263929.255388 ], [ 684569.227387, 6263541.201269 ], [ 684229.70294, 6263429.363648 ], [ 683714.293698, 6263492.060314 ], [ 683483.862352, 6263581.869861 ], [ 682634.494637, 6263791.994036 ], [ 682296.083385, 6264176.670365 ], [ 681819.635965, 6264534.24863 ], [ 681786.240118, 6264932.517099 ], [ 681989.954786, 6265188.43567 ], [ 682063.42565, 6265446.056887 ], [ 682367.32786, 6265735.890135 ], [ 682252.668784, 6266040.988495 ], [ 682325.026453, 6266279.989898 ], [ 681632.61922, 6266283.380037 ], [ 681938.74782, 6267520.871698 ], [ 681716.108838, 6267454.754551 ], [ 681070.455792, 6267807.385309 ], [ 681280.849629, 6268217.67614 ], [ 680542.801405, 6268651.724473 ], [ 680500.499999, 6268889.10408 ], [ 680852.26959, 6269085.795088 ], [ 680878.986268, 6269462.233741 ], [ 680288.992966, 6269664.025324 ], [ 680045.203282, 6269660.633829 ], [ 679739.074682, 6269450.363797 ], [ 679577.66142, 6269713.202154 ], [ 678911.970865, 6269558.889612 ], [ 678346.467852, 6269363.883286 ], [ 677792.096788, 6269055.273769 ], [ 677492.647358, 6268841.627625 ], [ 676969.445751, 6268594.076146 ], [ 676697.826193, 6268958.623655 ], [ 676590.959482, 6269384.231562 ], [ 676228.057942, 6269606.370094 ], [ 675796.138318, 6269942.132541 ], [ 675644.743811, 6270123.585474 ], [ 675920.816148, 6270471.239821 ], [ 676014.32452, 6270830.78033 ], [ 676218.039188, 6271244.610031 ], [ 676136.77596, 6271605.87957 ], [ 675882.967521, 6271717.825377 ], [ 675596.876429, 6271600.791159 ], [ 675127.108178, 6271639.802385 ], [ 674810.960824, 6271114.014044 ], [ 674325.607845, 6271161.503261 ], [ 673253.601148, 6270990.204127 ], [ 673012.037853, 6270903.707864 ], [ 672944.132964, 6271098.74971 ], [ 672752.66344, 6271041.084696 ], [ 672645.796729, 6271526.16149 ], [ 672450.98762, 6271724.610019 ], [ 672041.331894, 6271914.582206 ], [ 671715.165786, 6271977.341814 ], [ 671446.885813, 6272196.15598 ], [ 671212.001687, 6272705.048039 ], [ 671200.869738, 6273254.685877 ], [ 671999.030487, 6272620.230569 ], [ 672296.253527, 6272321.679842 ], [ 672261.744485, 6272057.064149 ], [ 672574.552254, 6271933.240419 ], [ 672919.642676, 6271987.519091 ], [ 672857.303761, 6272392.923944 ], [ 672948.585743, 6272900.131452 ], [ 672886.246829, 6273147.809054 ], [ 672525.571678, 6273570.23486 ], [ 673018.717023, 6273811.145777 ], [ 673117.79137, 6273984.198701 ], [ 673066.584404, 6274354.068793 ], [ 672904.057947, 6274757.890403 ], [ 672752.66344, 6274942.840356 ], [ 672636.891169, 6275511.289862 ], [ 672699.230084, 6275876.13581 ], [ 672921.869066, 6276376.764027 ], [ 672938.566989, 6277155.766574 ], [ 672673.626601, 6277367.92568 ], [ 672015.728411, 6277600.45818 ], [ 671626.110193, 6277451.093503 ], [ 670840.194588, 6278206.430601 ], [ 670414.954133, 6278557.81267 ], [ 669993.053263, 6279097.64548 ], [ 669949.638662, 6279747.86727 ], [ 669764.848307, 6280506.80561 ], [ 669758.169137, 6280851.491399 ], [ 669551.114884, 6281150.343665 ], [ 669325.136318, 6281201.285447 ], [ 668904.348643, 6281007.70831 ], [ 668952.216024, 6280890.545356 ], [ 668522.52279, 6280703.767196 ], [ 668361.109528, 6280820.927559 ], [ 668110.640674, 6280824.323536 ], [ 667714.343286, 6281141.853398 ], [ 667468.327212, 6281253.925611 ], [ 667024.162443, 6281671.662416 ], [ 666567.752531, 6282031.679816 ], [ 666504.300421, 6282264.340733 ], [ 666261.623932, 6281977.336583 ], [ 666041.21134, 6282026.585123 ], [ 665902.061976, 6282277.92697 ], [ 665538.047241, 6282187.918557 ], [ 665479.047911, 6281877.142165 ], [ 664930.242822, 6281882.236768 ], [ 664696.471891, 6281816.007172 ], [ 664535.058629, 6282060.5498 ], [ 664383.664122, 6282717.793201 ], [ 664283.47658, 6282853.66385 ], [ 663864.915295, 6283033.695827 ], [ 663441.90123, 6282816.299204 ], [ 663269.356019, 6282840.076687 ], [ 662953.208665, 6283405.660841 ], [ 662707.192591, 6284030.734842 ], [ 662572.496007, 6284869.901499 ], [ 662586.96754, 6285128.123404 ], [ 662436.686228, 6285862.060359 ], [ 662062.652739, 6286004.777732 ], [ 661646.317843, 6286060.845931 ], [ 661412.546913, 6286424.448746 ], [ 660883.779331, 6286548.485064 ], [ 660737.950798, 6286679.319867 ], [ 660725.705654, 6287061.640978 ], [ 660557.613223, 6287367.510333 ], [ 660563.179198, 6287651.299035 ], [ 661153.172499, 6288072.751358 ], [ 661609.582411, 6288334.470247 ], [ 661440.376785, 6288772.952545 ], [ 661108.644703, 6289330.435798 ], [ 661307.906591, 6289512.305678 ], [ 661100.852338, 6289813.164458 ], [ 660776.91262, 6289583.694927 ], [ 660485.255554, 6289537.801769 ], [ 660362.804114, 6289695.879252 ], [ 659757.226084, 6290131.03256 ], [ 659544.605857, 6290469.311765 ], [ 659562.416976, 6290845.004563 ], [ 659851.847652, 6291465.529293 ], [ 659756.11289, 6291553.936529 ], [ 659984.317846, 6291985.785189 ], [ 660096.750531, 6292609.794537 ], [ 660220.315166, 6292817.241107 ], [ 660302.691589, 6293393.697289 ], [ 666306.151728, 6293196.439414 ], [ 667627.514084, 6293179.43464 ], [ 667909.152395, 6293325.676811 ], [ 668416.769273, 6293881.760303 ], [ 668464.636654, 6294225.291967 ], [ 668296.544223, 6294538.224074 ], [ 667875.756548, 6294744.017275 ], [ 667725.475235, 6294970.225511 ], [ 667723.248846, 6295247.466434 ], [ 667558.495999, 6295364.828833 ], [ 667122.123595, 6295837.696782 ], [ 667099.859697, 6296174.503787 ], [ 666565.526141, 6296499.416218 ], [ 666483.149718, 6296664.428894 ], [ 666768.127615, 6296727.372724 ], [ 667192.254875, 6296637.210086 ], [ 667460.534847, 6296968.945298 ], [ 667344.762577, 6297120.356987 ], [ 667371.479255, 6297348.330276 ], [ 667619.721719, 6297749.850455 ], [ 667096.520112, 6297499.748776 ], [ 666916.182537, 6297899.574736 ], [ 666625.638666, 6298068.01773 ], [ 666338.43438, 6297972.736432 ], [ 666290.566999, 6298244.97157 ], [ 666409.678854, 6298483.184525 ], [ 665844.175841, 6299391.858582 ], [ 666371.830227, 6299580.752561 ], [ 666966.276308, 6299711.789608 ], [ 667452.742483, 6299973.869812 ], [ 667546.250855, 6300152.56553 ], [ 667253.480595, 6300406.149764 ], [ 667090.954138, 6300705.695328 ], [ 666702.449115, 6301194.181659 ], [ 666984.087427, 6301350.775602 ], [ 667650.891177, 6301226.521474 ], [ 667869.077379, 6301330.350141 ], [ 668117.319843, 6301075.036042 ], [ 668217.507385, 6300783.9874 ], [ 668613.804772, 6300920.149256 ], [ 669021.234108, 6300845.259963 ], [ 669162.609862, 6300947.381892 ], [ 669781.54623, 6301636.737265 ], [ 669775.980256, 6302179.750688 ], [ 670407.161769, 6302755.144769 ], [ 670827.949444, 6302925.387232 ], [ 671256.529483, 6302913.470148 ], [ 671572.676837, 6302988.377815 ], [ 671382.320508, 6303328.875601 ], [ 671052.814815, 6303298.230237 ], [ 670212.35266, 6303768.138061 ], [ 669760.395527, 6304088.235201 ], [ 669552.228079, 6304360.667875 ], [ 669388.588428, 6305080.954169 ], [ 668735.143017, 6304968.565021 ], [ 668686.162441, 6305576.506014 ], [ 668573.729755, 6305656.54633 ], [ 668649.427009, 6306075.493154 ], [ 668167.413614, 6306312.224348 ], [ 667961.472556, 6306324.146239 ], [ 667668.702295, 6306206.631195 ], [ 667503.949449, 6306368.427695 ], [ 666984.087427, 6306087.41471 ], [ 666453.093456, 6306152.132021 ], [ 666005.589103, 6306569.400304 ], [ 665848.628621, 6306617.089423 ], [ 665656.045902, 6307082.072479 ], [ 665859.76057, 6307676.538736 ], [ 665638.234783, 6307671.428532 ], [ 665529.141682, 6308013.819041 ], [ 665943.250188, 6308102.399945 ], [ 665895.382807, 6308855.375233 ], [ 665786.289706, 6309122.850978 ], [ 666431.942752, 6309081.962416 ], [ 666611.167133, 6309119.44359 ], [ 666364.037863, 6309545.377736 ], [ 666140.285687, 6310102.532103 ], [ 666539.922659, 6310504.660289 ], [ 666726.939403, 6310255.883808 ], [ 666958.483944, 6310576.227487 ], [ 667430.478585, 6310092.308755 ], [ 667641.985617, 6310342.784347 ], [ 667942.548243, 6310412.646214 ], [ 668046.075369, 6310646.091291 ], [ 667765.550252, 6310712.547641 ], [ 667676.49466, 6310901.695508 ], [ 667969.26492, 6311039.725011 ], [ 667874.643353, 6311249.329691 ], [ 668437.919977, 6311615.724383 ], [ 668607.125603, 6311815.117958 ], [ 668908.801423, 6312358.787667 ], [ 668982.272287, 6312578.651527 ], [ 669553.341274, 6312542.859344 ], [ 670035.354669, 6312818.974403 ], [ 670481.745828, 6312895.674637 ], [ 670223.484609, 6313115.552512 ], [ 670060.958152, 6313384.868119 ], [ 670209.013075, 6313877.499327 ], [ 670510.688895, 6313654.192337 ], [ 670976.004367, 6313776.925217 ], [ 671272.114212, 6314216.732726 ], [ 671341.132296, 6314503.131359 ], [ 671020.532163, 6314542.341453 ], [ 671070.625934, 6314939.567053 ], [ 671041.682866, 6315416.944494 ], [ 670817.93069, 6316027.345075 ], [ 670707.724394, 6316133.061402 ], [ 670858.005706, 6316700.883099 ], [ 671020.532163, 6317045.346152 ], [ 671440.206643, 6317331.84101 ], [ 671484.73444, 6317597.880679 ], [ 671196.416958, 6317804.23775 ], [ 670905.873087, 6317688.267864 ], [ 670508.462505, 6318121.457657 ], [ 670251.314482, 6318534.202526 ], [ 669898.431696, 6318667.240309 ], [ 669324.023123, 6318655.300935 ], [ 669182.64737, 6319216.469822 ], [ 668807.500686, 6319049.309221 ], [ 668945.536855, 6318919.676753 ], [ 668764.086085, 6318651.889688 ], [ 668494.692917, 6318597.30993 ], [ 668688.388831, 6318955.496051 ], [ 668640.52145, 6319243.761664 ], [ 668963.347973, 6319564.447437 ], [ 668749.614551, 6319920.968833 ], [ 669090.252193, 6320188.796274 ], [ 668757.406915, 6320410.570668 ], [ 668621.597136, 6320579.464319 ], [ 669012.328549, 6321219.243729 ], [ 668888.763914, 6321357.442469 ], [ 668543.673493, 6321504.174479 ], [ 668186.337927, 6321560.479301 ], [ 667971.49131, 6321717.45231 ], [ 667928.076709, 6322101.366028 ], [ 667967.03853, 6322555.259949 ], [ 668169.640004, 6323275.39753 ], [ 668087.263581, 6323623.543007 ], [ 668245.337257, 6324053.624956 ], [ 668136.244157, 6324468.367655 ], [ 668372.241477, 6324939.458235 ], [ 668191.903902, 6325470.32017 ], [ 668307.676172, 6325818.556481 ], [ 668626.049916, 6326218.021765 ], [ 668502.485281, 6326347.766708 ], [ 668433.467197, 6326818.962538 ], [ 668651.653399, 6327215.060611 ], [ 668562.597806, 6327616.299657 ], [ 668332.16646, 6327954.379752 ], [ 667596.344626, 6328350.531295 ], [ 667114.331231, 6327889.49464 ], [ 666996.332571, 6327657.278338 ], [ 666271.642686, 6326801.889765 ], [ 665934.344629, 6327102.37564 ], [ 665630.442419, 6327515.561246 ], [ 664939.148381, 6328581.0591 ], [ 664645.264925, 6329139.47486 ], [ 664500.549587, 6329300.004905 ], [ 664045.25287, 6329107.027669 ], [ 663879.386829, 6329177.045447 ], [ 663613.333246, 6329843.097352 ], [ 663269.356019, 6330174.435126 ], [ 662661.551599, 6330481.873603 ], [ 662329.819517, 6330758.577842 ], [ 662434.459838, 6331006.252938 ], [ 662274.159771, 6331684.407601 ], [ 661944.654079, 6331686.115868 ], [ 661391.396209, 6331957.734768 ], [ 661650.770623, 6332090.984983 ], [ 661635.185894, 6332576.170276 ], [ 661742.052605, 6333023.795622 ], [ 662293.084085, 6333167.314137 ], [ 662826.304446, 6333249.325817 ], [ 663754.708999, 6333582.506494 ], [ 664265.665462, 6333532.955711 ], [ 665444.538869, 6333485.113853 ], [ 665510.217369, 6333580.797841 ], [ 664863.451127, 6333673.065575 ], [ 664388.116901, 6333826.847382 ], [ 663797.010405, 6333857.604081 ], [ 663603.314491, 6334119.040565 ], [ 663765.840948, 6334288.209682 ], [ 663416.297747, 6334682.950859 ], [ 663671.219381, 6335361.402161 ], [ 663661.200627, 6335486.161132 ], [ 663223.715028, 6335800.630315 ], [ 663032.245504, 6336439.859373 ], [ 662254.122263, 6336538.995506 ], [ 662202.915297, 6336417.639365 ], [ 661862.277655, 6336327.050712 ], [ 661794.372766, 6336521.902986 ], [ 661489.357361, 6336421.057824 ], [ 661250.020456, 6336233.044652 ], [ 661153.172499, 6336451.824016 ], [ 661085.26761, 6336979.994544 ], [ 660942.778661, 6337017.600184 ], [ 660580.990316, 6337494.52267 ], [ 660709.007731, 6337735.558307 ], [ 660432.935394, 6337903.090695 ], [ 659696.000365, 6338215.940727 ], [ 659559.077391, 6338390.321209 ], [ 660101.203311, 6338834.836847 ], [ 660038.864396, 6338961.357135 ], [ 660344.992996, 6339139.172651 ], [ 660537.575715, 6339159.690068 ], [ 660779.13901, 6339364.866994 ], [ 660805.855688, 6339633.314371 ], [ 660426.256224, 6340190.75479 ], [ 660595.46185, 6340536.181215 ], [ 660357.23814, 6340878.201567 ], [ 660437.388173, 6341589.648502 ], [ 660536.46252, 6342024.071206 ], [ 660467.444436, 6342335.364283 ], [ 660238.126285, 6342545.750202 ], [ 660098.976921, 6342992.196312 ], [ 660075.599828, 6343330.895396 ], [ 659807.319855, 6343775.672511 ], [ 659000.253547, 6343791.069064 ], [ 658453.674847, 6344056.236343 ], [ 658111.924011, 6344326.544508 ], [ 659024.743835, 6345276.113662 ], [ 658715.275651, 6345709.015949 ], [ 658842.17987, 6345940.020371 ], [ 659248.496012, 6346383.224422 ], [ 659792.848322, 6347226.916853 ], [ 659982.091456, 6347642.804555 ], [ 660253.711013, 6347690.727095 ], [ 660434.048589, 6347605.151322 ], [ 660706.781341, 6347683.881001 ], [ 660813.648052, 6347825.938594 ], [ 661491.583751, 6348200.776791 ], [ 661496.036531, 6348445.543183 ], [ 661293.435057, 6348902.573659 ], [ 660790.270959, 6349760.214842 ], [ 660599.91463, 6350323.463999 ], [ 660223.654751, 6350927.843269 ], [ 660616.612553, 6350962.087023 ], [ 660784.704985, 6351248.027823 ], [ 661336.849659, 6351422.679091 ], [ 661541.677522, 6351797.677915 ], [ 661529.432378, 6352061.38575 ], [ 661264.49199, 6352450.113057 ], [ 661068.569686, 6353054.645475 ], [ 661076.36205, 6353374.91117 ], [ 661174.323202, 6353957.243747 ], [ 661170.983618, 6354358.049055 ], [ 660884.892526, 6354769.151308 ], [ 660532.00974, 6354947.301872 ], [ 660593.23546, 6355062.073951 ], [ 660314.936733, 6355262.500598 ], [ 660832.572366, 6355671.934011 ], [ 661386.94343, 6355959.748536 ], [ 661248.907261, 6356293.831346 ], [ 660938.325882, 6356259.56583 ], [ 660359.46453, 6356720.448735 ], [ 660017.713693, 6357097.397811 ], [ 660122.354014, 6357356.131751 ], [ 660081.165803, 6357620.01432 ], [ 659707.132314, 6357522.342531 ], [ 659431.059976, 6357551.472595 ], [ 659126.044572, 6357433.239436 ], [ 658883.368082, 6357183.070418 ], [ 658205.432383, 6357015.152932 ], [ 657920.454486, 6357315.007943 ], [ 657734.550937, 6357291.019148 ], [ 657507.459176, 6357710.832968 ], [ 657216.915305, 6357253.322608 ], [ 656961.993671, 6357390.401746 ], [ 656552.337945, 6356838.671849 ], [ 656454.376793, 6356896.92733 ], [ 656650.299096, 6357296.159598 ], [ 656465.508742, 6357923.318173 ], [ 656246.209345, 6358350.01843 ], [ 656269.586438, 6358841.864528 ], [ 655893.326559, 6359176.062128 ], [ 655861.043907, 6359462.282965 ], [ 656050.287041, 6359601.112158 ], [ 656295.189921, 6359518.842729 ], [ 656542.31919, 6359570.261027 ], [ 657146.784025, 6359834.213254 ], [ 657488.534862, 6360048.466298 ], [ 657592.061989, 6360285.008015 ], [ 657767.946784, 6360406.709614 ], [ 658108.584426, 6360476.988806 ], [ 658579.465872, 6360351.85797 ], [ 658971.310479, 6360189.019268 ], [ 659136.063326, 6360233.585335 ], [ 659531.247518, 6359954.194284 ], [ 659855.187236, 6359825.643246 ], [ 660185.806124, 6360247.298019 ], [ 660395.086767, 6360069.034878 ], [ 660568.745172, 6360240.441675 ], [ 661231.096143, 6360297.006686 ], [ 661583.978928, 6360170.164464 ], [ 661454.848319, 6359846.21128 ], [ 661612.921996, 6359683.382393 ], [ 662209.594467, 6359515.414854 ], [ 662461.176516, 6359296.033745 ], [ 662565.816837, 6359097.224571 ], [ 662835.210005, 6359107.507689 ], [ 663093.471224, 6359018.387755 ], [ 663980.687565, 6358905.275357 ], [ 664123.176513, 6358651.634917 ], [ 664356.947444, 6358733.895841 ], [ 664842.300424, 6358608.791005 ], [ 665002.600491, 6358247.197106 ], [ 664752.131636, 6358144.377043 ], [ 664420.399554, 6357820.502079 ], [ 664707.60384, 6357227.620519 ], [ 664894.620585, 6357272.170856 ], [ 665125.051931, 6356806.117492 ], [ 665092.769278, 6356329.810288 ], [ 664919.110873, 6356021.424361 ], [ 664736.546908, 6355930.623998 ], [ 664810.017772, 6355695.918178 ], [ 664838.960839, 6355169.995397 ], [ 664772.169145, 6354909.615861 ], [ 665003.713686, 6354614.985603 ], [ 665041.562312, 6354102.833205 ], [ 665224.126277, 6353763.699319 ], [ 665426.727751, 6353674.636126 ], [ 665540.273631, 6353486.236333 ], [ 665860.873765, 6353547.893981 ], [ 665974.419645, 6353864.752932 ], [ 666542.149048, 6353690.050842 ], [ 666574.431701, 6353373.198487 ], [ 666436.395532, 6353080.334785 ], [ 666312.830897, 6352568.276027 ], [ 665945.476578, 6352772.068245 ], [ 665574.782673, 6352419.288208 ], [ 665579.235453, 6352064.810582 ], [ 665973.30645, 6351746.307223 ], [ 667633.080058, 6352681.303033 ], [ 668017.132301, 6352693.290835 ], [ 668761.859695, 6351864.460285 ], [ 669134.779989, 6352155.569128 ], [ 669465.398877, 6351991.177011 ], [ 669686.924663, 6352227.491692 ], [ 670003.072017, 6352272.015493 ], [ 670333.690905, 6352419.288208 ], [ 670596.404903, 6352438.125603 ], [ 670852.439732, 6352345.651527 ], [ 671014.966188, 6352546.013311 ], [ 671226.473221, 6352444.975575 ], [ 670929.250181, 6352035.699558 ], [ 670859.118901, 6351537.40298 ], [ 670976.004367, 6351261.725831 ], [ 671331.113542, 6351460.349449 ], [ 671660.619235, 6351444.938828 ], [ 672609.061297, 6351188.099304 ], [ 672863.98293, 6351831.925218 ], [ 673028.735777, 6352085.359601 ], [ 673176.7907, 6352564.85099 ], [ 673776.802755, 6353982.93582 ], [ 674347.871743, 6354340.920231 ], [ 674830.998333, 6354162.782539 ], [ 675412.086075, 6354095.981879 ], [ 675948.64602, 6354207.316608 ], [ 676102.266918, 6353890.444723 ], [ 676787.994981, 6353917.849386 ], [ 676860.35265, 6353515.352388 ], [ 676822.504023, 6353099.173663 ], [ 677419.176494, 6352730.966895 ], [ 677634.023111, 6352412.438257 ], [ 678169.469862, 6352307.977196 ], [ 678199.526124, 6352090.496864 ], [ 678591.370732, 6352136.732368 ], [ 679139.062627, 6352059.673335 ], [ 679237.023778, 6352316.53953 ], [ 679144.628601, 6352628.214401 ], [ 679204.741126, 6352903.936435 ], [ 678992.120899, 6353123.150478 ], [ 678893.046552, 6353429.717219 ], [ 678923.102814, 6353705.465586 ], [ 678840.726391, 6354070.289459 ], [ 678967.630611, 6354287.8211 ], [ 678994.347288, 6354565.31059 ], [ 679348.343269, 6354854.800146 ], [ 679280.43838, 6355027.813465 ], [ 679751.319826, 6355205.96952 ], [ 679981.751172, 6355348.154471 ], [ 680342.426322, 6355420.1044 ], [ 680581.763227, 6355103.186719 ], [ 681073.795376, 6355192.265074 ], [ 681499.035831, 6355425.243705 ], [ 681661.562288, 6355579.424296 ], [ 681534.658068, 6355976.880664 ], [ 681745.051906, 6356307.537592 ], [ 682030.029802, 6356965.463708 ], [ 682061.19926, 6357594.311107 ], [ 681987.728396, 6358418.56668 ], [ 682150.254852, 6359057.806071 ], [ 682483.10013, 6358769.885249 ], [ 682694.607162, 6358413.425541 ], [ 683687.57702, 6358732.182063 ], [ 683700.935359, 6358516.248903 ], [ 683590.729063, 6358027.849161 ], [ 683610.766572, 6357803.366186 ], [ 683925.800731, 6357949.022394 ], [ 684113.93067, 6358163.227294 ], [ 684539.171125, 6358480.260583 ], [ 684932.128927, 6358677.341369 ], [ 684919.883783, 6358893.278677 ], [ 685217.106824, 6359008.104747 ], [ 685396.331204, 6358697.906587 ], [ 685636.781304, 6358764.743895 ], [ 685969.626582, 6358970.400491 ], [ 685738.082041, 6359392.012274 ], [ 685382.972865, 6359693.666229 ], [ 685040.108833, 6360367.284959 ], [ 685199.295705, 6360783.824371 ], [ 685606.725042, 6360903.818987 ], [ 685843.835557, 6361039.243543 ], [ 685972.966166, 6360838.67884 ], [ 686965.936024, 6361467.816675 ], [ 687345.535488, 6361808.976544 ], [ 687569.287664, 6361829.549442 ], [ 687531.439037, 6361553.53393 ], [ 687740.71968, 6361241.527332 ], [ 688042.3955, 6361457.530663 ], [ 688408.636625, 6361385.528935 ], [ 689166.722357, 6361145.527638 ], [ 689622.019075, 6361176.384562 ], [ 689707.735082, 6361056.386048 ], [ 690351.161739, 6361286.098993 ], [ 690551.536823, 6361298.099096 ], [ 691098.115522, 6361162.67036 ], [ 691817.239433, 6361226.098736 ], [ 692043.217999, 6361299.813397 ], [ 691984.218669, 6361692.397741 ], [ 692079.953431, 6361820.977395 ], [ 692384.968836, 6361635.823318 ], [ 693166.431661, 6361874.124227 ], [ 693276.637957, 6361743.829366 ], [ 693783.14164, 6361726.685456 ], [ 694148.26957, 6361514.103884 ], [ 694452.17178, 6362184.439877 ], [ 694515.62389, 6362482.765195 ], [ 694712.659388, 6362618.21525 ], [ 694737.149676, 6362162.15163 ], [ 695120.088725, 6362119.289783 ], [ 695342.727706, 6361666.682047 ], [ 695624.366018, 6361598.107248 ], [ 695985.041168, 6361748.972546 ], [ 696460.375394, 6361848.407976 ], [ 696578.374054, 6361464.388003 ], [ 696763.164409, 6361322.099353 ], [ 697070.406203, 6361299.813397 ], [ 697129.405534, 6360939.817706 ], [ 697398.798701, 6360811.251561 ], [ 698053.357307, 6360939.817706 ], [ 698445.201915, 6360788.966962 ], [ 698986.21464, 6360706.685882 ], [ 699120.911224, 6360185.591119 ], [ 698962.837547, 6359510.273043 ], [ 699061.911894, 6359194.914697 ], [ 699355.795349, 6358949.834604 ], [ 699586.226695, 6358927.554951 ], [ 699975.844913, 6359186.345342 ], [ 700149.503319, 6358968.686665 ], [ 699995.882422, 6358677.341369 ], [ 699793.280948, 6358778.454178 ], [ 699581.773916, 6358682.482669 ], [ 699588.453085, 6358519.67637 ], [ 699795.507338, 6358101.535722 ], [ 700072.69287, 6357962.731344 ], [ 699926.864337, 6357786.230328 ], [ 700089.390794, 6357506.920774 ], [ 700296.445047, 6357488.071998 ], [ 700468.990257, 6357981.581186 ], [ 700701.647993, 6357890.759607 ], [ 700873.080009, 6357943.881544 ], [ 701116.869694, 6358194.07325 ], [ 701180.321804, 6357943.881544 ], [ 700771.779272, 6356907.207751 ], [ 700885.325153, 6356730.728939 ], [ 701178.095414, 6356741.009157 ], [ 701368.451743, 6356567.96051 ], [ 701937.294341, 6356242.433125 ], [ 702214.479873, 6356530.267219 ], [ 702733.2287, 6356749.576014 ], [ 702981.471165, 6356213.307606 ], [ 703421.183153, 6356372.642564 ], [ 703644.93533, 6356247.572933 ], [ 704077.968149, 6355829.545504 ], [ 704035.666742, 6355771.297434 ], [ 704389.662723, 6355358.432995 ], [ 704611.18851, 6355014.109309 ], [ 704967.41088, 6354904.476872 ], [ 705073.164397, 6354457.396921 ], [ 705605.271563, 6354753.73461 ], [ 705803.420256, 6354728.040176 ], [ 706040.530772, 6354846.235223 ], [ 706482.46915, 6354366.61348 ], [ 706649.448386, 6354304.949816 ], [ 706857.615834, 6354440.267894 ], [ 707206.04584, 6354513.922955 ], [ 707713.662718, 6353892.157512 ], [ 708164.506656, 6353436.568001 ], [ 708480.65401, 6353189.943395 ], [ 708978.252134, 6353246.460894 ], [ 708753.386762, 6354253.563775 ], [ 708734.462449, 6354462.535635 ], [ 708846.895135, 6354890.772918 ], [ 709326.68214, 6354755.447575 ], [ 709343.380063, 6354337.494471 ], [ 709581.603774, 6354325.50432 ], [ 709682.90451, 6354065.150985 ], [ 709980.127551, 6354024.043302 ], [ 710265.105447, 6354173.059611 ], [ 710197.200558, 6354344.345993 ], [ 710822.816096, 6354250.13805 ], [ 711183.491246, 6354101.120373 ], [ 711694.447709, 6354010.340786 ], [ 712107.44302, 6354118.248707 ], [ 712626.191847, 6354346.058875 ], [ 712800.963447, 6354296.385454 ], [ 713292.995597, 6354565.31059 ], [ 714147.929286, 6355281.344375 ], [ 714727.903833, 6356074.534463 ], [ 715366.87771, 6355925.484384 ], [ 715571.705573, 6356175.615908 ], [ 715947.965452, 6355860.382882 ], [ 716293.055874, 6355426.956807 ], [ 716168.378044, 6355277.918231 ], [ 716448.903161, 6354902.763877 ], [ 716945.38809, 6354419.713109 ], [ 717229.252791, 6354695.494007 ], [ 717975.09338, 6354277.543888 ], [ 718146.525395, 6354299.811197 ], [ 718261.184471, 6354006.91516 ], [ 718563.973486, 6353929.838955 ], [ 718665.274222, 6353792.816337 ], [ 719209.626532, 6354032.607386 ], [ 719651.564911, 6354387.168135 ], [ 719767.337181, 6354116.535872 ], [ 720066.786612, 6354116.535872 ], [ 720246.010992, 6353749.997228 ], [ 721061.982859, 6352898.798674 ], [ 721349.187146, 6352648.764799 ], [ 721626.372678, 6352249.753563 ], [ 722126.197191, 6351843.911807 ], [ 722371.100071, 6351830.212849 ], [ 723046.80938, 6351662.402435 ], [ 723370.749098, 6351681.238131 ], [ 724575.225989, 6350775.460257 ], [ 725060.578969, 6350116.30718 ], [ 725380.065907, 6349789.317976 ], [ 725739.627862, 6349599.293452 ], [ 726399.752443, 6349046.363673 ], [ 726653.560882, 6349024.110295 ], [ 727423.891758, 6349080.599753 ], [ 727469.532749, 6348931.67382 ], [ 727812.396781, 6348611.577595 ], [ 727920.376687, 6348753.650884 ], [ 728240.976821, 6348558.514694 ], [ 728195.335829, 6348445.543183 ], [ 728460.276217, 6348084.386884 ], [ 728905.554181, 6347665.054272 ], [ 729156.023035, 6347343.294875 ], [ 729387.567576, 6347228.628282 ], [ 729380.888406, 6346814.472437 ], [ 729547.867642, 6346526.9713 ], [ 729823.93998, 6346603.979568 ], [ 729926.353911, 6346273.704643 ], [ 729484.415533, 6346052.958179 ], [ 729405.378694, 6345880.129726 ], [ 728976.798655, 6346035.846292 ], [ 728809.819418, 6345936.598037 ], [ 728331.145608, 6345486.573252 ], [ 727794.585662, 6344829.546148 ], [ 727738.925917, 6344377.869826 ], [ 727913.697518, 6343666.186728 ], [ 728088.469118, 6343204.309292 ], [ 728547.10542, 6343308.657159 ], [ 728908.893765, 6343011.01257 ], [ 729348.605754, 6342976.801224 ], [ 729274.021695, 6342532.066405 ], [ 729370.869652, 6342071.961698 ], [ 729831.732344, 6341803.436396 ], [ 730210.218613, 6341728.182437 ], [ 730636.572262, 6340980.810388 ], [ 730820.249422, 6340970.54945 ], [ 732118.234685, 6341251.019611 ], [ 732327.515328, 6340999.622141 ], [ 732485.589004, 6340529.34095 ], [ 733032.167704, 6340575.512847 ], [ 733269.27822, 6340431.867778 ], [ 733337.183109, 6340096.7055 ], [ 733152.392754, 6339829.953242 ], [ 733185.788602, 6339590.5674 ], [ 732996.545467, 6338983.583869 ], [ 733013.243391, 6338159.524286 ], [ 732917.508629, 6337971.472221 ], [ 732915.282239, 6337643.24597 ], [ 734160.947341, 6338123.623113 ], [ 734541.659999, 6337810.776517 ], [ 734669.677414, 6337304.776074 ], [ 734912.353904, 6337274.006759 ], [ 734314.568238, 6336075.800501 ], [ 733786.913852, 6335836.521567 ], [ 733893.780563, 6335414.381772 ], [ 733609.915861, 6335270.824891 ], [ 733558.708896, 6334633.39359 ], [ 733368.352566, 6334412.952726 ], [ 733194.694161, 6334438.585087 ], [ 733036.620484, 6334640.229058 ], [ 733086.714255, 6334959.793392 ], [ 732670.379359, 6335506.669633 ], [ 732368.703539, 6335617.758217 ], [ 732123.800659, 6335614.340085 ], [ 731841.049153, 6335916.850164 ], [ 731052.907158, 6335660.484987 ], [ 730674.420889, 6335465.652681 ], [ 730815.796643, 6334867.511535 ], [ 730799.098719, 6334281.3745 ], [ 730905.96543, 6334006.263046 ], [ 731196.509301, 6333591.049762 ], [ 731465.902469, 6333327.921094 ], [ 731965.726982, 6333061.383568 ], [ 732139.385388, 6332606.9224 ], [ 732309.704209, 6332473.664008 ], [ 732182.79999, 6332149.069071 ], [ 732254.044464, 6331930.401651 ], [ 732484.47581, 6331918.443441 ], [ 732604.70086, 6331749.321999 ], [ 732779.47246, 6331829.611552 ], [ 733132.355246, 6332249.862999 ], [ 733410.653973, 6331865.485856 ], [ 733602.123497, 6331860.360946 ], [ 734090.816062, 6331288.09899 ], [ 734218.833476, 6330958.425454 ], [ 733829.215258, 6330456.2533 ], [ 733470.766498, 6329691.096246 ], [ 733704.537429, 6329323.913898 ], [ 734183.211239, 6328912.347157 ], [ 734825.524701, 6328499.092934 ], [ 735295.292952, 6327995.360081 ], [ 735817.381364, 6327061.399661 ], [ 736127.962743, 6326928.229109 ], [ 736460.808021, 6326206.071674 ], [ 736676.767833, 6326368.252934 ], [ 737153.215253, 6326441.662322 ], [ 737519.456378, 6326404.10395 ], [ 737492.7397, 6326258.993636 ], [ 737831.150952, 6325675.163313 ], [ 738096.09134, 6325512.995413 ], [ 738295.353229, 6325519.823472 ], [ 738244.146263, 6325241.584554 ], [ 738576.991541, 6325176.720362 ], [ 738775.140234, 6325256.947199 ], [ 739128.02302, 6324994.079139 ], [ 739574.414178, 6324217.471481 ], [ 739752.525363, 6324205.52423 ], [ 739860.50527, 6323976.822996 ], [ 740051.974794, 6323852.23464 ], [ 740319.141572, 6323934.155543 ], [ 740508.384706, 6323618.423117 ], [ 740430.461062, 6323500.666488 ], [ 740634.175731, 6322696.893515 ], [ 740968.134203, 6322722.490197 ], [ 741423.43092, 6323135.460759 ], [ 741709.522012, 6322812.93243 ], [ 741799.690799, 6322894.843215 ], [ 742352.948668, 6322575.736944 ], [ 742542.191803, 6322555.259949 ], [ 742337.36394, 6322082.596506 ], [ 742060.178408, 6321940.973278 ], [ 742263.893076, 6321028.157852 ], [ 742131.422882, 6320762.009752 ], [ 742063.517992, 6320388.392966 ], [ 741765.181757, 6319912.439436 ], [ 741424.544115, 6319259.113364 ], [ 741558.127504, 6318638.244716 ], [ 741882.067222, 6318165.801177 ], [ 742465.381354, 6318271.544359 ], [ 742492.098032, 6318372.172169 ], [ 742842.754428, 6318421.633737 ], [ 743112.147596, 6318626.305383 ], [ 743337.012967, 6318310.772006 ], [ 743754.461057, 6318015.71636 ], [ 744027.19381, 6317957.729761 ], [ 744490.282892, 6317241.457651 ], [ 744700.676729, 6317335.251721 ], [ 744788.619127, 6316985.66095 ], [ 744620.526696, 6316798.081642 ], [ 744485.830112, 6316467.270137 ], [ 744181.927902, 6316320.625896 ], [ 744128.494547, 6316078.497971 ], [ 744199.739021, 6315720.434224 ], [ 744577.112094, 6315345.336152 ], [ 744679.526026, 6314888.421075 ], [ 744648.356569, 6314351.40706 ], [ 744770.808008, 6314197.980774 ], [ 744786.392737, 6313928.639166 ], [ 744672.846857, 6313689.989242 ], [ 744520.339154, 6313032.032333 ], [ 744559.300976, 6312660.4628 ], [ 744716.261458, 6312305.953021 ], [ 745387.517987, 6311423.152163 ], [ 746026.491865, 6311692.413661 ], [ 746396.072574, 6311697.526304 ], [ 746784.577597, 6311878.175028 ], [ 747109.63051, 6311949.753896 ], [ 747567.153617, 6312294.022663 ], [ 748029.129504, 6312508.771693 ], [ 748438.78523, 6312111.660722 ], [ 748827.290253, 6311078.918986 ], [ 749347.152275, 6309903.17906 ], [ 748684.801305, 6308892.855399 ], [ 748611.330441, 6308833.227941 ], [ 747105.17773, 6306913.449285 ], [ 748098.147588, 6304748.899649 ], [ 748350.842832, 6304459.426893 ], [ 748648.065873, 6304338.532391 ], [ 749053.268819, 6303735.788495 ], [ 750127.501905, 6302676.83439 ], [ 750669.627826, 6302799.407478 ], [ 751367.601033, 6303170.54242 ], [ 751839.595674, 6303105.847997 ], [ 752307.137535, 6302877.718996 ], [ 752749.075914, 6302852.182552 ], [ 753582.8589, 6303117.765354 ], [ 754054.853541, 6303356.116018 ], [ 754377.680064, 6303376.546389 ], [ 754721.65729, 6303500.83221 ], [ 755253.764456, 6303431.027619 ], [ 755880.49319, 6303122.872797 ], [ 756136.528018, 6302736.418307 ], [ 756432.637864, 6302574.691511 ], [ 756702.031032, 6302571.286769 ], [ 757256.402096, 6302380.62345 ], [ 757604.832102, 6302166.132369 ], [ 757912.073897, 6301835.894867 ], [ 758204.844157, 6301703.122609 ], [ 758869.421517, 6301667.37659 ], [ 759352.548107, 6301393.328807 ], [ 759825.655943, 6301035.888564 ], [ 760140.690102, 6300857.174124 ], [ 760817.512606, 6300601.874353 ], [ 762276.911131, 6301594.182832 ], [ 762015.310327, 6302055.484342 ], [ 761910.670006, 6302630.869941 ], [ 761920.68876, 6303058.178741 ], [ 761995.272819, 6303398.679346 ], [ 761863.91582, 6304013.31776 ], [ 761856.123455, 6304289.153446 ], [ 762235.722919, 6304350.45149 ], [ 763199.749709, 6304629.703781 ], [ 763504.765114, 6304587.134236 ], [ 763614.97141, 6305058.816794 ], [ 763848.742341, 6305363.636532 ], [ 763855.42151, 6305726.369355 ], [ 763533.708182, 6306128.288743 ], [ 763491.406775, 6306545.555845 ], [ 763252.06987, 6306775.487363 ], [ 763274.333768, 6306887.900611 ], [ 762914.771813, 6307293.282048 ], [ 762888.055135, 6307463.616202 ], [ 762657.623789, 6307555.598077 ], [ 762514.021646, 6307870.728778 ], [ 762597.511264, 6307988.26703 ], [ 762643.152255, 6308376.665958 ], [ 762781.188424, 6308635.608524 ], [ 762709.94395, 6308947.372302 ], [ 762556.323052, 6309209.73983 ], [ 762101.026335, 6309637.382339 ], [ 761872.821379, 6309935.55231 ], [ 761664.653931, 6310322.337081 ], [ 761477.637187, 6310496.140426 ], [ 761287.280857, 6310514.884138 ], [ 760911.020979, 6310794.340792 ], [ 761178.187756, 6311135.154137 ], [ 761774.860227, 6311513.473098 ], [ 762052.045759, 6311642.991602 ], [ 762860.225262, 6312270.161997 ], [ 763089.543413, 6312355.37897 ], [ 763367.84214, 6312662.16721 ], [ 764000.136848, 6312609.330661 ], [ 764554.507912, 6312154.268298 ], [ 764770.467724, 6312062.236203 ], [ 764879.560825, 6311818.526436 ], [ 764912.956673, 6311503.248038 ], [ 765125.5769, 6311343.057049 ], [ 766273.28085, 6310835.237666 ], [ 767262.911123, 6310370.047446 ], [ 767593.530011, 6310779.004516 ], [ 768133.429541, 6311205.022576 ], [ 768701.158944, 6311348.16948 ], [ 769294.49183, 6311443.602101 ], [ 769696.355192, 6311733.314894 ], [ 770199.51929, 6312225.849512 ], [ 770126.048426, 6312619.557064 ], [ 770319.74434, 6312800.225564 ], [ 770801.757736, 6312793.407814 ], [ 770937.567514, 6312885.447899 ], [ 771340.544071, 6312599.10427 ], [ 772323.495175, 6312648.53194 ], [ 772422.569521, 6312394.579067 ], [ 772600.680707, 6311663.442074 ], [ 772954.676687, 6311211.83904 ], [ 773209.598321, 6311003.939367 ], [ 773863.043732, 6310104.235996 ], [ 774379.56617, 6309587.972335 ], [ 774750.260074, 6309375.001493 ], [ 775320.215867, 6309823.098396 ], [ 775398.13951, 6309993.4837 ], [ 775956.963354, 6310351.304056 ], [ 776450.108698, 6310528.515955 ], [ 776678.313654, 6310383.679028 ], [ 777229.345134, 6309896.363654 ], [ 778291.333076, 6309102.406672 ], [ 778850.15692, 6308499.321971 ], [ 779103.965359, 6307891.170095 ], [ 779815.296905, 6307877.542545 ], [ 780255.008894, 6307829.846292 ], [ 780373.007554, 6307375.042012 ], [ 780427.554104, 6306841.913192 ], [ 780794.908424, 6306925.372026 ], [ 780965.227245, 6307422.735691 ], [ 781573.031665, 6307714.013659 ], [ 781733.331731, 6307490.869986 ], [ 781708.841443, 6307194.489817 ], [ 781836.858858, 6307030.974185 ], [ 782116.27078, 6307112.731605 ], [ 782334.456982, 6307322.238612 ], [ 782500.323023, 6307272.842181 ], [ 782944.487791, 6307376.745353 ], [ 783135.957315, 6307271.138861 ], [ 782931.129452, 6306816.364734 ], [ 782997.921147, 6306029.510168 ], [ 782974.544054, 6305779.162757 ], [ 782824.262741, 6305350.013068 ], [ 782384.550753, 6304680.787518 ], [ 782312.193084, 6304123.991488 ], [ 782314.419473, 6303769.840673 ], [ 782456.908422, 6303248.857385 ], [ 782858.771783, 6302816.431659 ], [ 782941.148207, 6302552.560717 ], [ 782908.865554, 6302161.025505 ], [ 782761.923826, 6301648.652545 ], [ 783120.372587, 6300875.896412 ], [ 783332.992814, 6300617.192121 ], [ 783527.801923, 6300183.199462 ], [ 783812.779819, 6299842.828692 ], [ 783927.438895, 6299606.279098 ], [ 784051.00353, 6299116.183072 ], [ 784340.434206, 6298500.199994 ], [ 784451.753697, 6297955.722027 ], [ 784418.357849, 6297421.487189 ], [ 784275.868901, 6296349.716789 ], [ 784203.511232, 6295579.146993 ], [ 784269.189732, 6295147.114373 ], [ 784476.243985, 6294689.592139 ], [ 784775.693415, 6294317.129534 ], [ 785281.083903, 6293994.001783 ], [ 785569.401384, 6293954.887159 ], [ 785974.604331, 6294058.626343 ], [ 786593.540699, 6294325.633063 ], [ 786790.576198, 6294567.136865 ], [ 786788.349808, 6295266.176272 ], [ 787244.759721, 6296055.429067 ], [ 787675.56615, 6296342.912333 ], [ 788202.107341, 6296577.66925 ], [ 788670.762398, 6296723.970343 ], [ 789130.511895, 6296985.957711 ], [ 789257.416114, 6297333.018444 ], [ 788353.501849, 6298859.234385 ], [ 788353.501849, 6298988.558573 ], [ 788597.291534, 6299219.985756 ], [ 788590.612364, 6299357.824081 ], [ 788236.616384, 6299810.494183 ], [ 788173.164274, 6300142.354244 ], [ 788301.181688, 6300334.668872 ], [ 788391.350476, 6300697.185363 ], [ 788511.575526, 6300896.320773 ], [ 788672.988787, 6300909.937041 ], [ 788858.892337, 6300698.887356 ], [ 789384.320334, 6300664.847579 ], [ 789854.088585, 6300819.729674 ], [ 790129.047727, 6301209.500503 ], [ 790471.911759, 6301308.222613 ], [ 790989.547391, 6301267.371945 ], [ 791128.696754, 6301151.62946 ], [ 791178.790525, 6300766.967322 ], [ 791578.427497, 6300787.391419 ], [ 791845.594275, 6300639.317836 ], [ 791449.296888, 6300181.497574 ], [ 791154.300237, 6300007.906799 ], [ 790820.341765, 6299684.560963 ], [ 790677.852817, 6299356.12236 ], [ 790677.852817, 6298735.016966 ], [ 790803.643841, 6298466.169091 ], [ 790955.038349, 6298435.541396 ], [ 791274.525287, 6298612.502947 ], [ 792220.740959, 6298627.817102 ], [ 792509.05844, 6298826.903647 ], [ 792869.73359, 6298964.735548 ], [ 793291.63446, 6298968.138833 ], [ 793347.294206, 6298665.25182 ], [ 793582.178331, 6298520.618601 ], [ 793634.498492, 6298233.061099 ], [ 793936.174312, 6297562.69884 ], [ 793884.967346, 6297258.161 ], [ 794207.79387, 6297045.50143 ], [ 794378.112691, 6296698.452528 ], [ 794699.826019, 6296715.464396 ], [ 794906.880272, 6296618.497206 ], [ 795248.631109, 6296228.938505 ], [ 795971.094604, 6296152.389783 ], [ 796455.334389, 6295752.646635 ], [ 796544.389981, 6295577.446034 ], [ 796913.970691, 6295380.137093 ], [ 796994.120724, 6295657.391488 ], [ 797151.081206, 6295859.809961 ], [ 797448.304247, 6296448.382024 ], [ 797765.564795, 6296725.671533 ], [ 797962.600294, 6296484.105927 ], [ 798405.651868, 6296599.784368 ], [ 798711.780467, 6296848.158146 ], [ 798935.532644, 6296657.624184 ], [ 799061.323668, 6296696.751343 ], [ 799042.399355, 6296989.360198 ], [ 799688.052401, 6296940.024273 ], [ 799735.919782, 6297205.420926 ], [ 799989.728222, 6296980.853984 ], [ 800102.160907, 6296591.278547 ], [ 800431.6666, 6296608.290199 ], [ 800596.419446, 6296322.498997 ], [ 800476.194396, 6296220.433057 ], [ 800866.925809, 6295781.563589 ], [ 801130.753002, 6295606.362387 ], [ 801240.959298, 6295053.566917 ], [ 801155.24329, 6294783.135559 ], [ 801276.581535, 6294422.5739 ], [ 801570.464991, 6294587.545954 ], [ 801926.687361, 6295261.073585 ], [ 801951.177649, 6295628.47496 ], [ 802122.609665, 6295815.583661 ], [ 802417.606316, 6295881.923197 ], [ 802466.586892, 6296040.119582 ], [ 802944.147507, 6296092.852369 ], [ 803269.20042, 6296184.71027 ], [ 803802.420781, 6296126.873697 ], [ 804885.559427, 6296334.40677 ], [ 805476.665923, 6296732.476299 ], [ 806543.106645, 6296916.207033 ], [ 806967.233904, 6296504.519655 ], [ 807724.206442, 6296155.791934 ], [ 808886.381926, 6295688.009096 ], [ 809044.455603, 6295876.820138 ], [ 809616.637785, 6295977.18088 ], [ 810168.78246, 6295665.896368 ], [ 810418.138119, 6295749.244647 ], [ 810597.362499, 6296012.902788 ], [ 810838.925794, 6295858.108945 ], [ 810830.020235, 6295369.931583 ], [ 810695.323651, 6294725.308595 ], [ 811622.615009, 6294528.019583 ], [ 811935.422779, 6294414.070273 ], [ 812431.907707, 6294755.92282 ], [ 812764.752985, 6295393.744458 ], [ 813100.937847, 6295740.739683 ], [ 813099.824652, 6296053.728011 ], [ 813312.44488, 6296523.232281 ], [ 813798.911054, 6296919.609491 ], [ 814109.492434, 6298057.808968 ], [ 814287.603619, 6298330.046853 ], [ 815271.667918, 6299107.674712 ], [ 815954.056396, 6299490.559412 ], [ 816676.519891, 6299543.313778 ], [ 817188.589549, 6299539.910261 ], [ 817678.395309, 6299199.565455 ], [ 818780.458267, 6299310.17601 ], [ 819305.886264, 6299291.457199 ], [ 819674.353778, 6299543.313778 ], [ 819586.411381, 6299824.108698 ], [ 819566.373872, 6300224.044878 ], [ 819468.412721, 6300814.623626 ], [ 819657.655855, 6301560.13944 ], [ 819963.784455, 6302053.782076 ], [ 820317.780435, 6302315.935089 ], [ 819971.576819, 6302743.227925 ], [ 819845.785794, 6303150.112549 ], [ 819876.955252, 6304069.505779 ], [ 819989.387937, 6304176.774854 ], [ 820541.532612, 6304292.558881 ], [ 821690.349757, 6304655.24561 ], [ 822511.887599, 6304805.092571 ], [ 824708.221152, 6305278.490244 ], [ 825091.1602, 6305390.883525 ], [ 826706.406012, 6305719.557327 ], [ 827141.665221, 6305843.877702 ], [ 827760.60159, 6305932.435799 ], [ 828011.070444, 6306027.807099 ], [ 828749.118668, 6306179.381564 ], [ 828904.965955, 6305983.527433 ], [ 828436.310899, 6305731.478379 ], [ 828162.464951, 6305528.822783 ], [ 827800.676606, 6305459.001395 ], [ 827739.450886, 6305172.910042 ], [ 827849.657182, 6304857.880203 ], [ 828146.880223, 6304747.196839 ], [ 828388.443518, 6304253.396459 ], [ 828291.595561, 6303837.945444 ], [ 827918.675267, 6303611.499209 ], [ 827471.170914, 6303451.458171 ], [ 827397.70005, 6303054.773804 ], [ 827822.940505, 6302773.871271 ], [ 828152.446197, 6302790.895401 ], [ 828418.49978, 6302986.675361 ], [ 828725.741575, 6303333.983173 ], [ 829028.53059, 6303536.586005 ], [ 829634.10862, 6303209.699812 ], [ 829912.407347, 6303131.38521 ], [ 830202.951218, 6302564.477291 ], [ 830388.854767, 6302491.275744 ], [ 830897.58484, 6302763.65681 ], [ 831135.808551, 6303008.807294 ], [ 831269.39194, 6303282.907597 ], [ 831905.026232, 6303531.47831 ], [ 832527.302185, 6303558.719382 ], [ 833015.99475, 6303785.164199 ], [ 834228.264005, 6303694.926062 ], [ 834237.169564, 6303385.059058 ], [ 834067.963938, 6302814.72924 ], [ 834115.831319, 6302176.346106 ], [ 834388.564072, 6301473.329413 ], [ 834426.412698, 6301216.308888 ], [ 834639.032926, 6301333.754381 ], [ 835301.383896, 6301187.373293 ], [ 835608.625691, 6301189.075384 ], [ 835531.815242, 6300397.640102 ], [ 835074.292135, 6300191.708907 ], [ 834563.335672, 6299543.313778 ], [ 834413.05436, 6299262.528208 ], [ 834551.090528, 6299024.293238 ], [ 834398.582826, 6298825.202033 ], [ 833814.155499, 6298997.066813 ], [ 833722.873517, 6298626.115528 ], [ 833736.231855, 6298059.510428 ], [ 834377.432122, 6297945.513401 ], [ 834533.27941, 6297867.247678 ], [ 834740.333662, 6297552.49069 ], [ 835030.877533, 6296766.500207 ], [ 835419.382556, 6296079.243876 ], [ 835528.475657, 6295674.401257 ], [ 836173.015509, 6295684.607134 ], [ 836616.067082, 6295446.473204 ], [ 836816.442166, 6295170.926618 ], [ 837161.532587, 6294397.063045 ], [ 837301.795146, 6293764.418533 ], [ 837237.229841, 6293502.531195 ], [ 837318.493069, 6293235.550523 ], [ 837685.847389, 6292589.390231 ], [ 838092.16353, 6292470.366101 ], [ 838224.633724, 6292177.913941 ], [ 838122.219793, 6291372.022646 ], [ 839150.811888, 6291208.813528 ], [ 838904.795813, 6290734.504945 ], [ 839462.506462, 6290312.919694 ], [ 839948.972637, 6289819.963651 ], [ 840691.47364, 6289299.84125 ], [ 841205.769688, 6289019.396393 ], [ 841930.459573, 6288524.816354 ], [ 842578.339009, 6288410.948077 ], [ 843416.574775, 6288591.098595 ], [ 845209.931772, 6288908.920675 ], [ 846025.903639, 6289012.597846 ], [ 846568.029559, 6288774.652133 ], [ 847379.548647, 6288037.063048 ], [ 848271.217768, 6287460.972624 ], [ 849295.357084, 6287372.608249 ], [ 849461.223125, 6287224.769921 ], [ 849434.506447, 6286980.077688 ], [ 849526.901625, 6286752.384341 ], [ 849445.638396, 6286014.971922 ], [ 849687.201691, 6285659.881544 ], [ 849703.899615, 6284801.949679 ], [ 849549.165523, 6284239.66935 ], [ 849956.594859, 6284056.214383 ] ] ] ] } },
{ "type": "Feature", "properties": { "code": "67", "nom": "Bas-Rhin" }, "geometry": { "type": "MultiPolygon", "coordinates": [ [ [ [ 849956.594859, 6284056.214383 ], [ 851645.311534, 6283539.844023 ], [ 852434.566724, 6283276.575236 ], [ 854320.318898, 6282507.198016 ], [ 854451.675897, 6282536.069626 ], [ 855085.0838, 6283172.96848 ], [ 855391.2124, 6283065.966115 ], [ 855609.398601, 6283242.605667 ], [ 856417.578105, 6283213.731642 ], [ 856835.026195, 6283307.147964 ], [ 856856.176898, 6283590.80022 ], [ 856473.23785, 6283906.735505 ], [ 856346.333631, 6284154.736 ], [ 856624.632357, 6284616.783744 ], [ 856727.046289, 6284677.939017 ], [ 856926.308178, 6284387.455417 ], [ 857227.983998, 6284542.039012 ], [ 857701.091833, 6284431.621869 ], [ 857890.334968, 6284282.136346 ], [ 858032.823916, 6283833.695652 ], [ 858391.272676, 6283825.202687 ], [ 858799.815208, 6283971.282878 ], [ 859144.905629, 6284015.447154 ], [ 859413.185602, 6283597.594403 ], [ 859692.597524, 6283570.417704 ], [ 859778.313532, 6283786.135157 ], [ 860127.856733, 6284197.202568 ], [ 860702.265305, 6284302.52058 ], [ 860657.737509, 6283928.817446 ], [ 860700.038915, 6283658.742294 ], [ 860651.058339, 6282965.758781 ], [ 860747.906296, 6282391.712563 ], [ 861138.637709, 6282316.987523 ], [ 861347.918352, 6282469.834902 ], [ 861704.140722, 6282874.044636 ], [ 862331.98265, 6282751.760659 ], [ 862806.203681, 6283001.425662 ], [ 862973.182917, 6282989.536685 ], [ 863449.630338, 6282602.304868 ], [ 863636.647083, 6282558.147982 ], [ 864301.224443, 6282663.445554 ], [ 864573.957195, 6282751.760659 ], [ 864888.991354, 6282965.758781 ], [ 864982.499726, 6283426.042959 ], [ 865097.158802, 6283541.542558 ], [ 865710.529196, 6284513.160543 ], [ 866142.44882, 6284805.347257 ], [ 866985.137366, 6284728.902082 ], [ 867068.626984, 6284936.155051 ], [ 867415.943795, 6285292.913879 ], [ 867615.205684, 6285945.311867 ], [ 867689.789742, 6286031.962267 ], [ 868341.008763, 6285748.227994 ], [ 868861.98398, 6285433.922715 ], [ 869446.411307, 6285284.419446 ], [ 869559.957188, 6285175.691458 ], [ 869744.747542, 6284548.833961 ], [ 869879.444126, 6284324.603555 ], [ 870202.27065, 6284132.653469 ], [ 871160.731465, 6283772.546494 ], [ 871294.314854, 6283502.47634 ], [ 871746.271987, 6282894.425471 ], [ 872076.890875, 6282940.28253 ], [ 872999.729453, 6282610.796604 ], [ 873126.633673, 6282466.438264 ], [ 873109.935749, 6282243.961418 ], [ 873416.064349, 6282130.177816 ], [ 873681.004737, 6282199.806405 ], [ 873791.211033, 6282362.841446 ], [ 874018.302794, 6282007.904608 ], [ 874095.113243, 6281291.283346 ], [ 874469.146732, 6280873.565352 ], [ 875046.894889, 6280846.397418 ], [ 875672.510427, 6280530.576592 ], [ 875949.695959, 6280659.620234 ], [ 876359.351685, 6281354.112636 ], [ 876993.872783, 6282087.72164 ], [ 877230.983298, 6282206.599469 ], [ 877440.263941, 6282675.334072 ], [ 877746.392541, 6282797.616943 ], [ 878113.74686, 6283115.221003 ], [ 878328.593477, 6283123.713255 ], [ 878628.042908, 6282831.584721 ], [ 879140.112565, 6282626.081749 ], [ 879563.12663, 6282556.449645 ], [ 879622.12596, 6282435.868579 ], [ 880575.020802, 6282519.086314 ], [ 880556.096488, 6282367.936342 ], [ 880777.622275, 6282045.265678 ], [ 881079.298095, 6281800.723493 ], [ 881283.012763, 6281816.007172 ], [ 882001.023479, 6282383.221047 ], [ 882237.020799, 6282807.807262 ], [ 882308.265273, 6283140.697782 ], [ 882461.886171, 6283443.028095 ], [ 882918.296083, 6284066.406221 ], [ 882881.560651, 6284385.756711 ], [ 882963.937074, 6284677.939017 ], [ 883182.123276, 6284713.61313 ], [ 883555.04357, 6284609.988741 ], [ 883904.586771, 6284394.25024 ], [ 883945.774983, 6284112.269645 ], [ 884500.146047, 6284278.738978 ], [ 884565.824547, 6284136.050777 ], [ 884521.29675, 6283320.735879 ], [ 884971.027493, 6283088.045857 ], [ 884944.310815, 6282860.45744 ], [ 885842.659106, 6282517.387984 ], [ 885741.358369, 6282194.711611 ], [ 886245.635663, 6282087.72164 ], [ 886661.970558, 6282118.290065 ], [ 886865.685226, 6281895.82239 ], [ 886925.797751, 6281462.791431 ], [ 886879.043565, 6281038.272826 ], [ 887052.701971, 6280909.223399 ], [ 887460.131307, 6280961.861743 ], [ 887522.470222, 6280469.451344 ], [ 887619.318179, 6280323.43171 ], [ 887545.847315, 6280077.241531 ], [ 887800.768949, 6279904.063772 ], [ 887739.543229, 6279438.878351 ], [ 888154.76493, 6279469.437191 ], [ 888336.2157, 6279294.574211 ], [ 888704.683214, 6279286.085809 ], [ 889171.111881, 6279554.323438 ], [ 889942.555952, 6279773.333894 ], [ 890306.570687, 6279618.837556 ], [ 890611.586092, 6279652.792553 ], [ 890831.998683, 6279306.457988 ], [ 890929.959835, 6279370.970213 ], [ 891276.163452, 6279240.248585 ], [ 891473.19895, 6278985.601871 ], [ 891691.385152, 6279146.877232 ], [ 892007.532506, 6278829.42235 ], [ 891956.32554, 6278454.263778 ], [ 892687.694595, 6278298.09408 ], [ 892945.955814, 6278036.686045 ], [ 893277.687896, 6277931.446133 ], [ 893802.002698, 6277950.117635 ], [ 893889.945095, 6278018.014352 ], [ 894249.507051, 6277919.56429 ], [ 894484.391176, 6277678.536221 ], [ 894799.425335, 6277515.591562 ], [ 895165.66646, 6277459.580062 ], [ 895555.284678, 6277220.262378 ], [ 896035.071683, 6277267.785918 ], [ 896323.389164, 6277060.721022 ], [ 896404.652392, 6276733.161508 ], [ 896676.27195, 6276677.155194 ], [ 896876.647033, 6276190.085631 ], [ 897205.039531, 6276037.351829 ], [ 897394.282666, 6275842.195988 ], [ 897603.563308, 6275787.892555 ], [ 897787.240468, 6275265.23986 ], [ 897697.071681, 6275083.676521 ], [ 897762.75018, 6274856.303636 ], [ 898180.198271, 6274718.864783 ], [ 898204.688559, 6274435.510253 ], [ 898422.874761, 6274170.828376 ], [ 898752.380453, 6274179.311641 ], [ 898890.416622, 6274026.614175 ], [ 899157.5834, 6274046.973677 ], [ 899311.204297, 6273811.145777 ], [ 899972.442072, 6273663.544612 ], [ 900256.306774, 6273487.105222 ], [ 900230.703291, 6273256.382346 ], [ 900728.301415, 6273039.237157 ], [ 901268.200945, 6273046.02286 ], [ 901417.369063, 6272922.184643 ], [ 901695.66779, 6273076.558589 ], [ 901883.797729, 6273071.469293 ], [ 902693.090427, 6272652.461107 ], [ 903111.651713, 6272635.49765 ], [ 903539.118557, 6272548.984551 ], [ 903886.435369, 6272269.095294 ], [ 904056.75419, 6272411.583212 ], [ 904291.638315, 6272401.405424 ], [ 904548.786339, 6272099.469952 ], [ 904860.480913, 6271890.83545 ], [ 905164.383123, 6271992.607734 ], [ 905326.90958, 6271668.636885 ], [ 905626.35901, 6271653.37155 ], [ 905738.791695, 6271368.423674 ], [ 906079.429337, 6271180.159812 ], [ 906381.105157, 6271132.67049 ], [ 906532.499665, 6271244.610031 ], [ 906841.967849, 6271059.740981 ], [ 907414.150032, 6271025.820493 ], [ 907566.657734, 6270951.195899 ], [ 907948.483588, 6271158.111165 ], [ 908208.971196, 6271056.348926 ], [ 908426.044203, 6271198.816404 ], [ 908643.11721, 6271030.908558 ], [ 909181.903546, 6271056.348926 ], [ 909238.676486, 6270927.451848 ], [ 909515.862018, 6270832.476312 ], [ 909496.937705, 6271358.247142 ], [ 910452.058936, 6271259.874629 ], [ 910634.622901, 6271020.732432 ], [ 910922.940382, 6271193.728238 ], [ 911116.636296, 6271215.776978 ], [ 911529.631607, 6270885.051923 ], [ 911836.873401, 6271007.164283 ], [ 912197.548551, 6271032.60458 ], [ 912351.169449, 6270852.828122 ], [ 912412.395169, 6270366.094071 ], [ 912581.600795, 6270184.635934 ], [ 912384.565296, 6269794.598914 ], [ 912374.546542, 6269596.195683 ], [ 912660.637633, 6269345.230743 ], [ 913066.953774, 6269563.976794 ], [ 913145.990613, 6269696.244594 ], [ 913577.910237, 6269845.472288 ], [ 914416.146003, 6270635.744666 ], [ 914799.085051, 6270759.549392 ], [ 915351.229725, 6270784.988943 ], [ 915596.132605, 6270691.710961 ], [ 915906.713985, 6270298.258798 ], [ 916079.259195, 6269870.909089 ], [ 916166.088398, 6269513.105114 ], [ 916531.216328, 6269209.57712 ], [ 916203.937025, 6269028.143801 ], [ 913157.122562, 6268066.781743 ], [ 912635.03415, 6267732.789114 ], [ 912352.282644, 6267434.410917 ], [ 911976.022765, 6266822.429488 ], [ 911768.968512, 6266417.291631 ], [ 911270.257193, 6265263.009426 ], [ 910841.677153, 6264380.030558 ], [ 910234.985929, 6263332.777801 ], [ 909737.387805, 6262624.515285 ], [ 908537.363694, 6260984.556006 ], [ 907551.073006, 6259439.761145 ], [ 907024.531814, 6258555.696225 ], [ 906465.70797, 6257531.177121 ], [ 905682.018755, 6255958.231298 ], [ 905110.949767, 6254651.333942 ], [ 904699.067651, 6253657.752943 ], [ 904202.582723, 6252347.826039 ], [ 903634.853319, 6250604.955835 ], [ 902664.14736, 6247247.134679 ], [ 902570.638988, 6246711.021478 ], [ 902500.507708, 6245796.155838 ], [ 902362.47154, 6244998.054294 ], [ 902118.681855, 6244314.99318 ], [ 901760.233095, 6243571.127864 ], [ 901278.219699, 6242747.880325 ], [ 900747.225728, 6241956.826611 ], [ 900476.719366, 6241606.961016 ], [ 899745.350311, 6240785.594192 ], [ 899139.772281, 6240199.193734 ], [ 898314.894854, 6239545.244523 ], [ 897806.164782, 6239264.754635 ], [ 897117.097134, 6239102.54785 ], [ 896674.04556, 6239159.995731 ], [ 896064.014751, 6239322.203615 ], [ 895371.607518, 6239426.964523 ], [ 894959.725402, 6239398.239629 ], [ 894428.731431, 6239210.685362 ], [ 893798.663113, 6238708.871372 ], [ 893558.213013, 6238330.418515 ], [ 893392.346972, 6237848.929251 ], [ 893243.178854, 6236267.809458 ], [ 893097.350321, 6235647.942292 ], [ 892820.164789, 6235088.918389 ], [ 892665.430697, 6234871.061045 ], [ 892193.436056, 6234435.363144 ], [ 891641.291381, 6234149.976263 ], [ 891106.957826, 6234030.082864 ], [ 890331.060975, 6234090.873672 ], [ 888898.379128, 6234418.476079 ], [ 888525.458834, 6234406.655154 ], [ 887829.712017, 6234148.287612 ], [ 887412.263926, 6233835.892925 ], [ 887185.172165, 6233466.100031 ], [ 887080.531844, 6233069.308234 ], [ 886950.288039, 6232333.181971 ], [ 886907.986633, 6231772.688294 ], [ 886977.004717, 6229453.448455 ], [ 886911.326218, 6228668.696421 ], [ 886755.478931, 6228216.442189 ], [ 886452.689916, 6227711.90341 ], [ 885370.664465, 6226417.788894 ], [ 881293.031517, 6221450.693758 ], [ 881284.125958, 6221398.423997 ], [ 879006.529176, 6218581.391226 ], [ 878409.856706, 6217888.655569 ], [ 877590.545253, 6217265.073246 ], [ 875803.867426, 6216144.425472 ], [ 874825.369102, 6215600.16417 ], [ 873666.533203, 6215168.82394 ], [ 873314.763612, 6214936.31368 ], [ 873021.993351, 6214661.690192 ], [ 872724.770311, 6214227.028212 ], [ 872508.810499, 6213743.534998 ], [ 872352.963212, 6213184.267059 ], [ 871994.514451, 6211570.682125 ], [ 871729.574063, 6210745.480464 ], [ 871488.010768, 6210241.978396 ], [ 871102.84533, 6209608.854244 ], [ 868756.230464, 6205969.305057 ], [ 868487.950491, 6205286.011151 ], [ 868336.555984, 6204658.304297 ], [ 868290.914993, 6204131.604802 ], [ 868352.140713, 6203419.855067 ], [ 868709.476278, 6201961.206611 ], [ 868874.229124, 6200903.12798 ], [ 868898.719412, 6200408.618068 ], [ 868910.964556, 6198913.48911 ], [ 868865.323565, 6198279.526113 ], [ 868658.269312, 6197097.487818 ], [ 868630.43944, 6196507.370822 ], [ 868747.324905, 6195614.707486 ], [ 869006.699318, 6194715.414421 ], [ 869075.717403, 6193989.325605 ], [ 869021.170852, 6193342.284746 ], [ 868870.88954, 6192723.860485 ], [ 868639.344999, 6192152.530163 ], [ 868418.932407, 6191712.295889 ], [ 868130.614926, 6191278.804991 ], [ 867702.034886, 6190794.934238 ], [ 867142.097848, 6190351.410199 ], [ 865992.167508, 6189775.199451 ], [ 865572.493027, 6189526.584112 ], [ 865037.046277, 6189103.282801 ], [ 864752.06838, 6188706.87684 ], [ 864606.239847, 6188263.461524 ], [ 864581.749559, 6187915.79975 ], [ 864618.484991, 6186537.04906 ], [ 864606.239847, 6185637.035007 ], [ 864494.920357, 6183986.696558 ], [ 864383.600866, 6183170.879237 ], [ 864176.546613, 6182284.647692 ], [ 863907.153445, 6181472.349726 ], [ 863310.480975, 6179987.252989 ], [ 862402.11393, 6177618.346081 ], [ 861995.797788, 6176482.77922 ], [ 861165.354387, 6174357.981311 ], [ 860894.848024, 6173440.809098 ], [ 860705.60489, 6172470.088908 ], [ 860626.568052, 6171683.86976 ], [ 860594.285399, 6170907.779923 ], [ 860662.190289, 6169982.59876 ], [ 860770.170195, 6169270.344657 ], [ 861169.807167, 6167467.350611 ], [ 861795.422705, 6164545.834461 ], [ 862172.795779, 6162881.151518 ], [ 862220.66316, 6162400.56401 ], [ 862202.852041, 6161928.375453 ], [ 862131.607567, 6161570.065393 ], [ 861857.76162, 6160895.34474 ], [ 861599.500401, 6160550.470901 ], [ 861145.316879, 6160100.146904 ], [ 860860.338982, 6159889.222641 ], [ 860274.798461, 6159597.95484 ], [ 858481.441464, 6158918.368602 ], [ 857921.504425, 6158650.566218 ], [ 857510.735504, 6158384.445918 ], [ 857147.833964, 6158049.715175 ], [ 856715.91434, 6157581.114171 ], [ 856423.144079, 6157166.089035 ], [ 856189.373148, 6156630.602523 ], [ 856026.846692, 6156128.614401 ], [ 855973.413336, 6155785.606149 ], [ 855946.696659, 6155012.633158 ], [ 855981.205701, 6154315.009785 ], [ 855956.715413, 6153662.607812 ], [ 855460.230484, 6151548.498534 ], [ 855006.046961, 6149689.049888 ], [ 854698.805167, 6148520.412828 ], [ 854506.222448, 6147706.306598 ], [ 853853.890232, 6145289.519718 ], [ 853575.591505, 6144186.648957 ], [ 853377.442811, 6143680.378646 ], [ 853214.916354, 6143389.662706 ], [ 852876.505102, 6143043.823853 ], [ 852305.436115, 6142601.103701 ], [ 851564.048306, 6142078.222242 ], [ 851147.71341, 6141685.664517 ], [ 850866.075099, 6141276.421386 ], [ 850686.850719, 6140860.516793 ], [ 849860.860097, 6138726.192063 ], [ 849647.126675, 6138108.372688 ], [ 849308.715423, 6137415.466185 ], [ 848211.105243, 6135948.02535 ], [ 847581.036925, 6135140.12209 ], [ 847321.662512, 6134752.88971 ], [ 846563.57678, 6133848.303012 ], [ 846156.147443, 6133244.185795 ], [ 845966.904309, 6132766.92996 ], [ 845924.602902, 6132251.323307 ], [ 845962.451529, 6131685.693471 ], [ 846119.412011, 6130561.218877 ], [ 846096.034918, 6129985.69183 ], [ 845934.621657, 6129470.252612 ], [ 845701.963921, 6129034.905787 ], [ 845506.041617, 6128784.716476 ], [ 845178.762314, 6128491.170335 ], [ 844897.124002, 6128314.380354 ], [ 844511.958564, 6128159.275169 ], [ 844122.340346, 6127929.124263 ], [ 843747.193663, 6127475.511597 ], [ 843502.290783, 6126903.526927 ], [ 842513.773705, 6127053.606672 ], [ 841749.008803, 6127043.601274 ], [ 841594.274711, 6127106.968993 ], [ 840781.642428, 6127146.990952 ], [ 840226.158169, 6127252.049484 ], [ 839461.393267, 6127460.502765 ], [ 839081.793803, 6127402.135335 ], [ 838577.51651, 6127692.308772 ], [ 837584.546652, 6127864.082736 ], [ 837052.439486, 6127860.747287 ], [ 836839.819259, 6128596.245354 ], [ 836604.935133, 6129031.569882 ], [ 836564.860117, 6130117.475769 ], [ 836999.006131, 6131028.341728 ], [ 837159.306197, 6131762.443411 ], [ 836727.386573, 6131902.59725 ], [ 836626.085836, 6131623.960323 ], [ 836107.337009, 6131719.062925 ], [ 836291.014169, 6132232.96895 ], [ 834837.181619, 6132585.045751 ], [ 834758.144781, 6132506.619807 ], [ 834330.677936, 6132633.436585 ], [ 832387.039627, 6132940.474458 ], [ 832182.211764, 6133007.223279 ], [ 832217.834001, 6133312.60577 ], [ 832074.231858, 6133541.23258 ], [ 831572.180954, 6133542.901411 ], [ 831733.594216, 6134884.747045 ], [ 831288.316253, 6135016.606411 ], [ 831438.597566, 6135402.181527 ], [ 831868.2908, 6135682.610703 ], [ 831722.462267, 6136068.215822 ], [ 831863.83802, 6137225.135426 ], [ 832023.024892, 6137455.536358 ], [ 832113.19368, 6137784.452785 ], [ 831911.705401, 6137994.832357 ], [ 831848.253292, 6138233.602741 ], [ 831814.857444, 6138874.809325 ], [ 831900.573452, 6139614.594325 ], [ 832110.96729, 6140307.678936 ], [ 832329.153492, 6140783.685225 ], [ 831343.975998, 6141192.904785 ], [ 830142.838693, 6141760.83375 ], [ 829861.200381, 6141832.662747 ], [ 829311.282096, 6142138.360336 ], [ 828893.834006, 6142654.563031 ], [ 828736.873524, 6143102.29804 ], [ 828621.101254, 6143192.516139 ], [ 828071.182969, 6143152.419089 ], [ 827660.414048, 6143179.150435 ], [ 827180.627043, 6143406.370251 ], [ 827232.947203, 6143651.974929 ], [ 826477.087861, 6143565.093557 ], [ 826047.394626, 6143758.907061 ], [ 825516.400655, 6144154.901753 ], [ 825358.326978, 6144353.741446 ], [ 825175.763013, 6144208.370796 ], [ 824234.000121, 6144636.135173 ], [ 824297.452231, 6144911.854021 ], [ 824069.247275, 6144978.696292 ], [ 824178.340376, 6145272.808494 ], [ 824041.417402, 6145485.043468 ], [ 823540.479694, 6145622.079871 ], [ 823174.238569, 6145662.188502 ], [ 822903.732206, 6145762.460903 ], [ 822687.772394, 6146145.178041 ], [ 822032.100593, 6146564.682443 ], [ 821602.407359, 6146537.940512 ], [ 821179.393294, 6146731.821403 ], [ 820913.339711, 6146992.564706 ], [ 820202.008165, 6147137.982694 ], [ 819580.845406, 6147382.023037 ], [ 819167.850095, 6147612.69771 ], [ 819069.888943, 6147928.631817 ], [ 818596.781108, 6148299.743933 ], [ 817850.940519, 6148003.855944 ], [ 816650.916409, 6147955.378097 ], [ 815807.114668, 6147769.827499 ], [ 815581.136102, 6147552.521108 ], [ 814578.14749, 6148485.306032 ], [ 813811.156198, 6149167.40674 ], [ 814226.377899, 6149789.369528 ], [ 814333.24461, 6150257.543414 ], [ 814223.038314, 6150627.084481 ], [ 814293.169594, 6150779.253094 ], [ 814876.483725, 6150418.066078 ], [ 815424.17562, 6151058.51463 ], [ 816163.337039, 6151872.940195 ], [ 816089.866175, 6152013.42391 ], [ 816296.920428, 6152341.228227 ], [ 815998.584192, 6152376.350863 ], [ 814492.431482, 6151995.027102 ], [ 814287.603619, 6151714.062585 ], [ 813912.456935, 6151633.788705 ], [ 813712.081852, 6151683.959792 ], [ 813089.805898, 6151566.894381 ], [ 812670.131418, 6151735.803557 ], [ 812355.097259, 6151585.290268 ], [ 812053.421439, 6152020.113668 ], [ 811798.499805, 6152021.786109 ], [ 811551.370535, 6152384.713417 ], [ 811580.313603, 6152593.779923 ], [ 812001.101278, 6153047.053673 ], [ 812260.475692, 6153227.700834 ], [ 812710.206434, 6153679.335446 ], [ 812738.036307, 6153995.493877 ], [ 812409.643809, 6154688.072273 ], [ 812055.647829, 6154786.777629 ], [ 811642.652518, 6155159.860717 ], [ 811573.634433, 6155358.956565 ], [ 811570.294849, 6155880.977793 ], [ 810927.981387, 6156165.425861 ], [ 810595.136109, 6156381.278069 ], [ 810444.854797, 6157048.948492 ], [ 810051.896994, 6157539.276046 ], [ 809858.20108, 6157848.883025 ], [ 809641.128073, 6157877.333959 ], [ 809346.131423, 6157632.993731 ], [ 808775.062435, 6157497.438126 ], [ 807940.166254, 6157853.903772 ], [ 807806.582865, 6157969.381748 ], [ 807323.456275, 6157857.250937 ], [ 807088.572149, 6157586.13476 ], [ 806858.140803, 6157606.217145 ], [ 806560.917763, 6157447.232892 ], [ 806145.696062, 6157316.700665 ], [ 806010.999479, 6157663.117491 ], [ 805660.343083, 6157815.41146 ], [ 805563.495126, 6157942.604107 ], [ 805402.081864, 6158473.151763 ], [ 804692.976708, 6158307.456685 ], [ 804264.396668, 6158424.614488 ], [ 803905.947908, 6158464.783248 ], [ 803586.460969, 6158756.012404 ], [ 803383.859496, 6158769.40249 ], [ 803058.806583, 6158623.786442 ], [ 802353.041011, 6158761.033684 ], [ 802118.156885, 6158724.211037 ], [ 801963.422793, 6158553.489928 ], [ 801308.864187, 6158662.282397 ], [ 801161.92246, 6158838.027005 ], [ 801131.866197, 6159566.150337 ], [ 800361.535321, 6160051.600382 ], [ 800548.552065, 6160522.011061 ], [ 800584.174302, 6161069.461095 ], [ 800121.085221, 6161101.271197 ], [ 799459.847445, 6161022.583265 ], [ 798963.362516, 6161146.47523 ], [ 798942.211813, 6161673.873303 ], [ 799330.716836, 6161802.797786 ], [ 799410.866869, 6162603.177745 ], [ 799370.791853, 6162794.074423 ], [ 799810.503841, 6162961.531164 ], [ 799680.260037, 6163497.414807 ], [ 799030.154211, 6163684.982029 ], [ 798712.893662, 6163907.723458 ], [ 798109.542022, 6163991.462341 ], [ 797585.22722, 6163217.746334 ], [ 796958.498487, 6162827.565509 ], [ 796320.637805, 6162499.358537 ], [ 795909.868884, 6162541.220969 ], [ 795299.838074, 6162280.002747 ], [ 794530.620393, 6162266.607157 ], [ 794107.606328, 6162469.217712 ], [ 793399.614367, 6162445.774923 ], [ 792649.320999, 6162492.660566 ], [ 792157.288849, 6162660.111395 ], [ 791796.613699, 6162924.690399 ], [ 791842.25469, 6163170.856709 ], [ 791785.48175, 6163460.57173 ], [ 791222.205127, 6164318.051831 ], [ 790951.698764, 6164314.702132 ], [ 790682.305596, 6164473.814296 ], [ 790430.723547, 6164514.011523 ], [ 790140.179676, 6164658.053139 ], [ 790110.123414, 6164805.447076 ], [ 789673.75101, 6165043.29266 ], [ 789297.491131, 6165029.892733 ], [ 788636.253355, 6165297.895277 ], [ 787977.24197, 6165460.375916 ], [ 787692.264074, 6165713.315851 ], [ 788138.655232, 6166100.278202 ], [ 788480.406068, 6166289.577864 ], [ 788772.063134, 6166979.803343 ], [ 788960.193074, 6167202.630769 ], [ 789296.377936, 6167897.956755 ], [ 789786.183695, 6168479.393303 ], [ 789886.371237, 6168767.612848 ], [ 790064.482422, 6168973.729307 ], [ 790533.137479, 6169344.081146 ], [ 790908.284163, 6169463.06637 ], [ 791262.280143, 6169803.272715 ], [ 791408.108676, 6170096.564935 ], [ 790977.302247, 6171015.053795 ], [ 790918.302917, 6171501.155431 ], [ 790824.794544, 6171703.985339 ], [ 790409.572844, 6172071.102971 ], [ 790047.784499, 6172049.310159 ], [ 789955.389321, 6172476.794713 ], [ 789691.562128, 6172480.147618 ], [ 789583.582222, 6172683.000804 ], [ 789255.189724, 6172952.920375 ], [ 789004.72087, 6172937.831478 ], [ 788848.873583, 6173219.495291 ], [ 788696.365881, 6173306.678833 ], [ 789079.304929, 6174111.492067 ], [ 789191.737615, 6174104.784976 ], [ 789722.731586, 6174304.323182 ], [ 790082.293541, 6174606.15455 ], [ 789930.899033, 6174857.688849 ], [ 789512.337748, 6175377.549913 ], [ 789978.766414, 6175957.819366 ], [ 790083.406736, 6176677.34124 ], [ 790121.255363, 6177279.505279 ], [ 789888.597627, 6178109.856922 ], [ 790037.765745, 6178463.829378 ], [ 790322.743641, 6179393.286735 ], [ 790552.061792, 6179668.452396 ], [ 791074.150204, 6179938.59318 ], [ 791386.957973, 6180017.455769 ], [ 791474.900371, 6180316.133463 ], [ 791075.263399, 6180582.93868 ], [ 791114.225221, 6180952.116904 ], [ 790921.642501, 6181129.999393 ], [ 790948.359179, 6181301.172841 ], [ 791133.149534, 6181477.384392 ], [ 791134.262729, 6181735.834591 ], [ 790912.736942, 6181818.070389 ], [ 790581.00486, 6182286.326074 ], [ 790821.45496, 6182517.945923 ], [ 791031.848797, 6183337.057912 ], [ 791513.862193, 6184131.067428 ], [ 791551.710819, 6184416.458902 ], [ 791458.202447, 6184814.344145 ], [ 791988.083223, 6185801.582713 ], [ 792399.965339, 6186011.469603 ], [ 792454.51189, 6186159.233074 ], [ 792297.551408, 6186659.632958 ], [ 792260.815976, 6187494.25789 ], [ 792482.341762, 6187647.085397 ], [ 792247.457637, 6187905.722809 ], [ 791676.388649, 6188046.801071 ], [ 791375.826024, 6188073.673386 ], [ 791020.716848, 6188276.898012 ], [ 790111.236609, 6188364.235705 ], [ 789662.619061, 6188643.050486 ], [ 789675.9774, 6189338.447599 ], [ 789758.353823, 6189681.127928 ], [ 789687.109349, 6189862.552509 ], [ 789357.603656, 6190154.855796 ], [ 789324.207809, 6191058.707594 ], [ 789835.164271, 6191381.295033 ], [ 789979.879609, 6190794.934238 ], [ 790232.574853, 6190643.730266 ], [ 790383.969361, 6190991.503415 ], [ 790727.946588, 6190415.249357 ], [ 791473.787176, 6190329.570597 ], [ 791915.725554, 6190385.009696 ], [ 792202.929841, 6190524.449027 ], [ 792304.230577, 6190428.689241 ], [ 792543.567482, 6190549.649149 ], [ 792825.205794, 6190561.409232 ], [ 793372.897689, 6190269.091991 ], [ 793948.419456, 6190186.774578 ], [ 794075.323676, 6190057.420252 ], [ 794353.622403, 6190033.901495 ], [ 794315.773776, 6190277.491771 ], [ 794028.56949, 6190259.012265 ], [ 793725.780475, 6190374.929833 ], [ 793703.516576, 6190512.688995 ], [ 793975.136134, 6190616.849841 ], [ 793987.381278, 6190805.014598 ], [ 793572.159577, 6190801.654477 ], [ 793409.633121, 6191100.710474 ], [ 792682.716846, 6191305.687505 ], [ 792945.430844, 6191621.56341 ], [ 793455.274112, 6192043.309613 ], [ 792947.657234, 6192727.221365 ], [ 792551.359847, 6192933.918036 ], [ 792484.568152, 6192688.571325 ], [ 792302.004187, 6192676.808304 ], [ 792349.871568, 6193075.079622 ], [ 792025.93185, 6192823.007003 ], [ 791503.843438, 6192787.717432 ], [ 790919.416112, 6193327.159704 ], [ 790855.964002, 6193564.121786 ], [ 790615.513902, 6193585.969686 ], [ 790209.19776, 6193105.328838 ], [ 790004.369897, 6193004.498536 ], [ 789303.057105, 6193123.814522 ], [ 788883.382625, 6193059.955054 ], [ 788678.554762, 6193164.147065 ], [ 788510.462331, 6193115.411933 ], [ 788354.615044, 6192693.612624 ], [ 788222.14485, 6192552.457363 ], [ 787820.281488, 6193189.355001 ], [ 787317.11739, 6193841.426216 ], [ 787134.553425, 6194192.69146 ], [ 786415.429514, 6194375.892961 ], [ 787072.21451, 6195234.807611 ], [ 787373.89033, 6195934.105457 ], [ 787628.811964, 6196290.500499 ], [ 788070.750342, 6196564.531363 ], [ 788354.615044, 6196389.688566 ], [ 789004.72087, 6195655.051832 ], [ 789493.413435, 6195323.897653 ], [ 790222.556099, 6195602.940422 ], [ 791969.15891, 6196727.609132 ], [ 793067.882284, 6196557.806573 ], [ 793437.462993, 6195708.84459 ], [ 793987.381278, 6195576.044335 ], [ 794271.245979, 6195170.932306 ], [ 795510.231912, 6195029.735964 ], [ 795748.455622, 6194977.628381 ], [ 795698.361851, 6195283.554877 ], [ 796054.584222, 6195764.318728 ], [ 796359.599627, 6195567.639325 ], [ 797059.799224, 6195302.045292 ], [ 797291.343765, 6195165.889539 ], [ 797928.091252, 6195081.843865 ], [ 798076.146175, 6195503.761522 ], [ 798366.690046, 6195892.078724 ], [ 798875.420119, 6196179.545726 ], [ 800064.31228, 6196707.434393 ], [ 800392.704778, 6197238.718466 ], [ 800380.459634, 6197990.306693 ], [ 800529.627752, 6198183.679053 ], [ 800664.324336, 6198644.427427 ], [ 801416.844093, 6199180.877586 ], [ 801651.728219, 6199301.961924 ], [ 802613.52862, 6199246.464722 ], [ 803003.146837, 6199184.241016 ], [ 803539.706783, 6199291.871496 ], [ 803756.77979, 6199633.270933 ], [ 803902.608323, 6200245.469743 ], [ 804382.395328, 6200647.459403 ], [ 804716.353801, 6201141.983198 ], [ 804876.653867, 6201623.078147 ], [ 805467.760363, 6201969.617938 ], [ 805793.926471, 6202608.903137 ], [ 806205.808587, 6203128.778364 ], [ 806334.939197, 6203596.524976 ], [ 806529.748306, 6203790.024801 ], [ 806895.98943, 6204311.654954 ], [ 807352.399343, 6204804.708992 ], [ 807765.394653, 6205355.011246 ], [ 808217.351786, 6205573.795735 ], [ 808492.310928, 6205624.285262 ], [ 808751.685342, 6205866.639167 ], [ 808688.233232, 6206066.922953 ], [ 808346.482395, 6206376.614733 ], [ 807788.771746, 6206657.703449 ], [ 807690.810595, 6207250.208303 ], [ 807777.639797, 6207514.492248 ], [ 808281.917091, 6207844.437875 ], [ 808477.839394, 6208044.768253 ], [ 808482.292174, 6208250.153877 ], [ 808793.986748, 6208728.283891 ], [ 809028.870874, 6208745.119945 ], [ 809103.454933, 6209049.858285 ], [ 809378.414075, 6209364.709922 ], [ 809239.264712, 6210137.577018 ], [ 809294.924457, 6210336.277516 ], [ 809948.369868, 6210647.808835 ], [ 810044.10463, 6211188.384865 ], [ 810231.121374, 6211503.315721 ], [ 810368.044348, 6212005.208261 ], [ 809783.617021, 6212158.476655 ], [ 809655.599607, 6212288.167455 ], [ 809337.225863, 6212402.701236 ], [ 808723.855469, 6212505.446087 ], [ 808391.010192, 6212613.2453 ], [ 808704.931156, 6212795.159572 ], [ 809066.719501, 6212892.855881 ], [ 809933.898334, 6212835.585495 ], [ 810182.140799, 6213177.529115 ], [ 810531.684, 6213418.413916 ], [ 810749.870202, 6213745.219596 ], [ 810640.777101, 6214056.875895 ], [ 810725.379914, 6214414.031222 ], [ 810905.717489, 6214516.800395 ], [ 811323.165579, 6214557.234508 ], [ 811751.745619, 6215076.156045 ], [ 811943.215143, 6215214.315822 ], [ 811965.479041, 6215783.827399 ], [ 812150.269396, 6216075.33774 ], [ 812749.168256, 6216766.240342 ], [ 813040.825322, 6217170.697207 ], [ 813116.522576, 6217399.897978 ], [ 811558.049705, 6217420.121872 ], [ 810897.925124, 6217403.268623 ], [ 810584.00416, 6217462.25514 ], [ 810293.460289, 6217634.161038 ], [ 809933.898334, 6217703.261448 ], [ 809137.963975, 6217693.149158 ], [ 808691.572817, 6217821.239057 ], [ 808697.138791, 6218139.786786 ], [ 808520.140801, 6218556.10791 ], [ 808342.029616, 6219417.468619 ], [ 808140.541337, 6219582.671066 ], [ 807877.827339, 6219606.271678 ], [ 807452.586884, 6220295.775646 ], [ 806864.819973, 6221155.626748 ], [ 806793.575499, 6221698.55797 ], [ 806789.122719, 6222101.563527 ], [ 806230.298875, 6222683.341686 ], [ 806460.730221, 6223035.800598 ], [ 806717.878245, 6223288.770559 ], [ 807234.400682, 6223342.738459 ], [ 807380.229215, 6223201.073452 ], [ 808198.427473, 6223148.792916 ], [ 808259.653193, 6223615.956219 ], [ 808644.818631, 6223939.781246 ], [ 808786.194384, 6224358.07352 ], [ 808741.666588, 6224665.059189 ], [ 808630.347097, 6224847.231757 ], [ 808917.551383, 6226507.206367 ], [ 809309.395991, 6226557.820449 ], [ 809660.052387, 6226853.075274 ], [ 810034.085876, 6227794.584968 ], [ 810414.798534, 6228506.692134 ], [ 810969.169598, 6229223.922072 ], [ 811171.771072, 6229397.753983 ], [ 811247.468325, 6230483.018173 ], [ 811477.899671, 6231129.516779 ], [ 811647.105297, 6232311.234233 ], [ 811851.93316, 6233049.047023 ], [ 812178.099268, 6233444.149361 ], [ 813045.278102, 6233962.538033 ], [ 813304.652515, 6234291.824164 ], [ 813623.026259, 6234519.798974 ], [ 813840.099266, 6234776.489056 ], [ 813870.155529, 6235039.942219 ], [ 814117.284798, 6235458.782043 ], [ 813677.572809, 6235484.11576 ], [ 813350.293507, 6235774.61446 ], [ 812990.731551, 6236796.505812 ], [ 812725.791163, 6237149.551443 ], [ 812284.96598, 6238065.173678 ], [ 811851.93316, 6238181.745228 ], [ 811595.898332, 6238563.570509 ], [ 811590.332357, 6238928.516938 ], [ 811707.217822, 6239660.146675 ], [ 811656.010857, 6239979.515246 ], [ 811337.637113, 6240400.289033 ], [ 811251.921105, 6240611.528728 ], [ 810241.140129, 6240694.336125 ], [ 809347.244618, 6241422.738077 ], [ 808958.739595, 6241052.614182 ], [ 808405.481725, 6240731.515219 ], [ 808186.182329, 6240858.263357 ], [ 808077.089228, 6241635.693395 ], [ 807804.356475, 6241642.453969 ], [ 807759.828679, 6241850.344249 ], [ 807381.34241, 6241867.246122 ], [ 807206.57081, 6242071.761455 ], [ 807016.21448, 6242139.370915 ], [ 806805.820643, 6242624.484608 ], [ 806536.427475, 6242688.717771 ], [ 806732.349779, 6243033.556756 ], [ 807120.854802, 6243525.48371 ], [ 807330.135444, 6243679.322398 ], [ 807779.866187, 6243831.473298 ], [ 808178.389964, 6244120.567534 ], [ 808441.103963, 6244186.502688 ], [ 808325.331692, 6244367.404335 ], [ 807890.072483, 6244571.98001 ], [ 807556.114011, 6244352.18816 ], [ 806790.235914, 6243921.07455 ], [ 806560.917763, 6243838.235623 ], [ 806284.845426, 6243971.79266 ], [ 805655.890303, 6244565.217099 ], [ 805282.970009, 6245025.107352 ], [ 805000.218502, 6245256.752704 ], [ 804690.750318, 6245733.590078 ], [ 804001.68267, 6246000.766009 ], [ 803476.254673, 6245745.426808 ], [ 803549.725537, 6245364.968761 ], [ 804070.700754, 6244739.363781 ], [ 803725.610333, 6244220.315786 ], [ 803344.897674, 6244419.815814 ], [ 803153.42815, 6245111.339554 ], [ 802992.014888, 6245304.097059 ], [ 802513.341078, 6245654.115319 ], [ 802243.94791, 6245726.826239 ], [ 801912.215828, 6245549.277415 ], [ 801574.91777, 6245601.696205 ], [ 801130.753002, 6245777.555158 ], [ 800862.473029, 6245966.945806 ], [ 800527.401362, 6246438.749844 ], [ 800331.479058, 6246587.568038 ], [ 800068.76506, 6246643.375534 ], [ 800173.405381, 6246827.711999 ], [ 800091.028958, 6247106.761067 ], [ 800587.513887, 6247379.054169 ], [ 800852.454275, 6247346.919745 ], [ 801041.69741, 6247823.87477 ], [ 800721.097276, 6248177.380041 ], [ 800660.984751, 6248647.615655 ], [ 800103.274102, 6249293.809331 ], [ 799931.842086, 6249364.859811 ], [ 799560.034987, 6249366.551496 ], [ 799257.245972, 6249249.825999 ], [ 798957.796542, 6248977.472759 ], [ 798784.138136, 6248996.080466 ], [ 798485.801901, 6248842.145214 ], [ 798596.008197, 6248552.889834 ], [ 798878.759703, 6248114.796693 ], [ 798663.913086, 6248067.43663 ], [ 798322.162249, 6248189.220185 ], [ 798240.899021, 6248118.179565 ], [ 797719.923804, 6248152.008358 ], [ 796868.3297, 6248260.261401 ], [ 796824.915098, 6248451.399059 ], [ 796332.882949, 6248520.750957 ], [ 795972.207799, 6248470.00561 ], [ 795806.341757, 6248534.283101 ], [ 795639.362521, 6248292.39929 ], [ 795443.440218, 6248199.368894 ], [ 795126.179669, 6247899.987099 ], [ 795392.233252, 6247637.82529 ], [ 795081.651872, 6247186.249453 ], [ 794944.728899, 6246810.80023 ], [ 795180.726219, 6246240.893339 ], [ 795159.575516, 6246144.503382 ], [ 795609.306259, 6245209.408614 ], [ 795667.192394, 6244688.641077 ], [ 795154.009541, 6244384.311229 ], [ 794846.767747, 6243971.79266 ], [ 794587.393333, 6243834.85446 ], [ 794034.135464, 6243846.688538 ], [ 793592.197086, 6243594.7953 ], [ 793090.146182, 6243107.935631 ], [ 792843.016913, 6242543.348677 ], [ 792988.845446, 6242376.008272 ], [ 792835.224548, 6241943.304967 ], [ 793351.746986, 6241186.127331 ], [ 792670.471702, 6240895.44317 ], [ 792277.513899, 6240814.323788 ], [ 791694.199768, 6240827.843631 ], [ 791286.770431, 6240631.808016 ], [ 791079.716178, 6240364.801281 ], [ 790876.00151, 6240393.52945 ], [ 790198.065811, 6240216.092315 ], [ 789785.0705, 6240065.696128 ], [ 789399.905062, 6239830.813039 ], [ 788818.81732, 6239656.767177 ], [ 788565.008881, 6239252.926952 ], [ 788381.331722, 6239095.789301 ], [ 788057.392003, 6238676.769804 ], [ 787900.431521, 6238556.81239 ], [ 787537.529981, 6239058.61738 ], [ 787337.154898, 6239528.347279 ], [ 787087.799239, 6239764.911758 ], [ 786795.028978, 6239820.674347 ], [ 786867.386647, 6240121.460695 ], [ 786715.992139, 6240905.583147 ], [ 786927.499172, 6241091.484882 ], [ 787726.773116, 6241622.172263 ], [ 787903.771106, 6241510.62375 ], [ 788877.816651, 6241921.332342 ], [ 789157.228572, 6242137.680672 ], [ 789005.834065, 6242514.613221 ], [ 789040.343107, 6242808.733669 ], [ 788484.858848, 6243155.267983 ], [ 788064.071173, 6243366.576348 ], [ 787084.459654, 6243588.033169 ], [ 786139.357177, 6243647.202001 ], [ 785650.664612, 6243501.816467 ], [ 785304.460996, 6243309.099951 ], [ 785025.049074, 6243564.365752 ], [ 784878.107346, 6243863.594392 ], [ 784491.828713, 6244397.836767 ], [ 784708.90172, 6244827.283853 ], [ 785015.03032, 6245828.284381 ], [ 785213.179014, 6246188.470595 ], [ 785308.913776, 6246518.231963 ], [ 785178.669971, 6247279.268725 ], [ 784971.615719, 6247949.037629 ], [ 784942.672651, 6248439.558548 ], [ 784968.276134, 6248864.135793 ], [ 785360.120741, 6249067.128449 ], [ 785705.211163, 6248992.697244 ], [ 786024.698101, 6249117.877373 ], [ 786702.6338, 6249273.509303 ], [ 786850.688723, 6249195.692981 ], [ 787277.042373, 6248710.202938 ], [ 787927.148199, 6248647.615655 ], [ 787892.639157, 6249072.203328 ], [ 788133.089257, 6249116.185737 ], [ 788242.182358, 6249012.996598 ], [ 788878.929845, 6249065.436823 ], [ 789452.225223, 6249356.401389 ], [ 790007.709482, 6249726.88818 ], [ 790021.067821, 6249931.593311 ], [ 790326.083226, 6250315.640252 ], [ 789925.333059, 6250730.159795 ], [ 789893.050407, 6251501.727745 ], [ 789753.901043, 6251618.484282 ], [ 789432.187715, 6251684.477819 ], [ 789012.513234, 6251640.48207 ], [ 788685.233931, 6251777.546502 ], [ 788212.126096, 6251845.233459 ], [ 787370.550745, 6251662.479916 ], [ 786266.261397, 6251144.699627 ], [ 785471.440232, 6250951.809181 ], [ 784862.522618, 6250958.577192 ], [ 784849.164279, 6251073.634215 ], [ 785119.670641, 6251393.433266 ], [ 784993.879617, 6251711.552239 ], [ 784961.596964, 6252178.599617 ], [ 784411.67868, 6252464.594241 ], [ 784389.414782, 6252757.367974 ], [ 784618.732933, 6253451.265223 ], [ 784216.869571, 6253295.556502 ], [ 783941.910429, 6253307.403804 ], [ 783434.293551, 6253766.076384 ], [ 782926.676673, 6253618.824545 ], [ 782849.866224, 6253661.13803 ], [ 782767.489801, 6254128.292954 ], [ 782344.475736, 6254311.099723 ], [ 782155.232602, 6254595.473654 ], [ 780700.286857, 6255030.516544 ], [ 780074.671319, 6255260.742838 ], [ 779462.414119, 6255655.189203 ], [ 778972.60836, 6255770.310062 ], [ 778003.015595, 6256418.740612 ], [ 777346.230599, 6256496.62334 ], [ 776507.994834, 6256235.888327 ], [ 774190.323035, 6256875.888605 ], [ 775295.725579, 6258677.630724 ], [ 775004.068513, 6259795.445497 ], [ 774860.46637, 6260020.719987 ], [ 774734.675345, 6260593.24906 ], [ 774605.544736, 6260889.692055 ], [ 774388.471729, 6261079.421022 ], [ 774126.870926, 6261174.287101 ], [ 774386.245339, 6261463.974032 ], [ 774288.284187, 6261690.987096 ], [ 773846.345809, 6261680.822202 ], [ 773257.465702, 6261801.107568 ], [ 772858.941925, 6261733.340954 ], [ 772598.454317, 6261963.749655 ], [ 772787.697451, 6262311.068745 ], [ 772765.433553, 6263075.220935 ], [ 773042.619085, 6263751.324434 ], [ 773247.446948, 6263861.471726 ], [ 773473.425515, 6263707.265918 ], [ 773553.575548, 6263422.585658 ], [ 773515.726921, 6263166.720502 ], [ 773612.574878, 6263039.638037 ], [ 774030.022969, 6263019.305019 ], [ 774240.416806, 6262719.39869 ], [ 774432.999525, 6262590.628613 ], [ 774803.69343, 6262177.222138 ], [ 775232.273469, 6262351.731424 ], [ 775379.215197, 6262533.021581 ], [ 775693.136161, 6262507.606839 ], [ 776020.415464, 6262660.096437 ], [ 776265.318344, 6263092.165225 ], [ 776463.467037, 6263205.692841 ], [ 776988.895034, 6263807.245188 ], [ 776855.311645, 6264105.495452 ], [ 776690.558798, 6264274.960514 ], [ 776720.615061, 6264517.301452 ], [ 776895.386662, 6264776.596997 ], [ 777181.477753, 6264815.576753 ], [ 777365.154913, 6265347.753128 ], [ 777486.493158, 6265342.668482 ], [ 777716.924504, 6265901.997878 ], [ 777819.338435, 6266571.546853 ], [ 777956.261409, 6266929.226382 ], [ 777730.282842, 6267152.995674 ], [ 777995.223231, 6267305.569042 ], [ 777900.601663, 6267586.989362 ], [ 778024.166298, 6267648.021511 ], [ 778036.411442, 6268065.086315 ], [ 778403.765762, 6268165.117112 ], [ 778689.856853, 6267817.557568 ], [ 779629.393355, 6267841.292887 ], [ 779866.503871, 6267622.591395 ], [ 780404.177011, 6267573.426722 ], [ 780957.434881, 6267783.650084 ], [ 781086.56549, 6267775.173235 ], [ 782121.836754, 6267407.286149 ], [ 782823.149546, 6267407.286149 ], [ 782688.452962, 6268171.898903 ], [ 782470.26676, 6268841.627625 ], [ 782272.118067, 6269190.924917 ], [ 782244.288194, 6269604.674358 ], [ 782656.17031, 6270115.106278 ], [ 782787.527309, 6270379.661191 ], [ 783176.032332, 6270389.836546 ], [ 783290.691408, 6270722.238187 ], [ 783210.541374, 6270878.267955 ], [ 783424.274797, 6271012.252336 ], [ 783527.801923, 6270813.820528 ], [ 783813.893014, 6270835.868277 ], [ 783833.930523, 6271012.252336 ], [ 783543.386652, 6271132.67049 ], [ 783410.916458, 6271348.070622 ], [ 783217.220544, 6271168.287456 ], [ 783189.390671, 6271901.012623 ], [ 782826.489131, 6272035.013215 ], [ 782837.62108, 6272208.029779 ], [ 782639.472386, 6272674.513652 ], [ 782747.452293, 6273091.826496 ], [ 783051.354502, 6273040.933582 ], [ 783236.144857, 6273171.559343 ], [ 783073.618401, 6273388.707931 ], [ 783189.390671, 6273549.876506 ], [ 783484.387322, 6273631.310217 ], [ 783353.030322, 6274211.548125 ], [ 783660.272117, 6274481.32142 ], [ 783747.10132, 6274661.175067 ], [ 784030.966021, 6274388.002639 ], [ 784478.470374, 6274905.510682 ], [ 784325.962672, 6275098.948054 ], [ 784494.055103, 6275353.477657 ], [ 784462.885646, 6275641.95381 ], [ 784951.57821, 6275923.651791 ], [ 785137.48176, 6276098.445018 ], [ 785064.010896, 6276337.73093 ], [ 785304.460996, 6276544.778109 ], [ 785307.800581, 6276848.569629 ], [ 785033.954633, 6277081.087836 ], [ 784618.732933, 6277137.096827 ], [ 784516.319001, 6277342.466306 ], [ 784676.619068, 6277456.185437 ], [ 784654.35517, 6277975.57884 ], [ 785036.181023, 6278242.077392 ], [ 784913.729583, 6278618.924087 ], [ 785251.02764, 6278953.347168 ], [ 785202.047065, 6279333.62097 ], [ 785057.331726, 6279662.979079 ], [ 786090.376601, 6281036.574794 ], [ 786842.896359, 6281739.589052 ], [ 787304.872246, 6282284.720096 ], [ 787341.607678, 6282748.363907 ], [ 787784.659251, 6283240.907192 ], [ 787992.826699, 6283410.756366 ], [ 787720.093946, 6283794.628083 ], [ 787289.287517, 6284581.11004 ], [ 786934.178341, 6285031.289264 ], [ 786905.235274, 6285546.051905 ], [ 786768.3123, 6285892.64245 ], [ 786751.614376, 6286130.50694 ], [ 787508.586914, 6287251.958385 ], [ 787688.924489, 6287425.2869 ], [ 788548.310958, 6286521.298866 ], [ 789411.037011, 6286895.116766 ], [ 790241.480413, 6287838.230936 ], [ 790294.913768, 6288086.346945 ], [ 790720.154223, 6287814.439373 ], [ 790803.643841, 6287571.429393 ], [ 790862.643171, 6287063.340221 ], [ 791386.957973, 6287022.55847 ], [ 791762.104657, 6287136.408019 ], [ 791990.309613, 6286878.124684 ], [ 792515.73761, 6286466.926732 ], [ 792060.440892, 6286155.992819 ], [ 791850.047055, 6285855.264354 ], [ 791396.976727, 6285941.91383 ], [ 790753.55007, 6285816.187431 ], [ 790556.514572, 6285681.96807 ], [ 790581.00486, 6284900.479997 ], [ 790695.663935, 6284599.796247 ], [ 791064.13145, 6284324.603555 ], [ 790958.377933, 6284149.640026 ], [ 790919.416112, 6283796.326669 ], [ 791031.848797, 6283325.831352 ], [ 791189.922474, 6282933.488876 ], [ 791076.376594, 6282558.147982 ], [ 791299.015575, 6282114.893568 ], [ 791559.503184, 6281770.156217 ], [ 791862.292199, 6281612.227057 ], [ 792207.38262, 6281651.284531 ], [ 792255.250001, 6281427.131047 ], [ 792536.888313, 6281179.210637 ], [ 792356.550738, 6280975.445885 ], [ 792142.817315, 6280500.013913 ], [ 791856.726224, 6280382.858001 ], [ 792038.176994, 6279985.558746 ], [ 792248.570832, 6280087.428568 ], [ 792563.604991, 6280111.19837 ], [ 792779.564803, 6279924.437442 ], [ 792652.660583, 6279769.93834 ], [ 792762.866879, 6279472.832625 ], [ 792984.392666, 6279206.295247 ], [ 792976.600302, 6279009.368573 ], [ 792816.300235, 6278890.535732 ], [ 792796.262726, 6278691.918858 ], [ 792962.128768, 6278517.071971 ], [ 792745.055761, 6278384.666056 ], [ 792787.357167, 6278034.988617 ], [ 793022.241293, 6277890.708454 ], [ 793434.123409, 6277376.412155 ], [ 793481.99079, 6277099.757458 ], [ 793415.199095, 6276593.994989 ], [ 793241.54069, 6276448.042321 ], [ 793217.050402, 6275933.833821 ], [ 793682.365873, 6275789.589532 ], [ 793764.742296, 6275640.256862 ], [ 797194.495808, 6275879.5298 ], [ 797319.173637, 6275502.80526 ], [ 797949.241955, 6275674.195874 ], [ 798362.237266, 6275888.01478 ], [ 798632.743629, 6275942.318856 ], [ 798966.702101, 6275680.983692 ], [ 799209.378591, 6275312.752406 ], [ 799701.41074, 6275022.590667 ], [ 799686.939207, 6273975.715632 ], [ 800040.935187, 6273792.483418 ], [ 800864.699419, 6274043.580423 ], [ 801332.24128, 6273387.011436 ], [ 801753.028956, 6272901.827849 ], [ 802536.718171, 6271483.758562 ], [ 803449.537995, 6271806.026148 ], [ 804242.13277, 6272165.623431 ], [ 805511.174965, 6272794.955488 ], [ 805862.944556, 6272791.562736 ], [ 806494.126069, 6272479.435446 ], [ 806508.597602, 6272649.068413 ], [ 807185.420106, 6272313.198441 ], [ 807753.149509, 6271661.852288 ], [ 808270.785142, 6271765.317986 ], [ 808613.649173, 6271651.675403 ], [ 809230.359152, 6271297.188206 ], [ 809813.673284, 6270784.988943 ], [ 810445.967992, 6270644.224383 ], [ 811456.748968, 6270501.766251 ], [ 811858.61233, 6270352.526973 ], [ 811958.799872, 6270038.793899 ], [ 811566.955264, 6269279.09933 ], [ 811867.517889, 6269024.752561 ], [ 811890.894982, 6268870.452584 ], [ 811733.9345, 6268527.950607 ], [ 811681.61434, 6268193.939764 ], [ 811558.049705, 6267965.056703 ], [ 811541.351781, 6267486.965404 ], [ 811657.124052, 6267509.00448 ], [ 813325.803219, 6267505.613849 ], [ 813313.558075, 6266976.6921 ], [ 813871.268723, 6266435.937717 ], [ 814994.482386, 6265698.60109 ], [ 815621.211119, 6265257.924831 ], [ 816265.75097, 6266018.953245 ], [ 816757.78312, 6266215.577508 ], [ 817528.113996, 6266108.789625 ], [ 817647.225851, 6266171.506155 ], [ 818286.199728, 6266852.942749 ], [ 818614.592226, 6266991.948995 ], [ 819186.774409, 6267670.061006 ], [ 819599.76972, 6267183.510128 ], [ 819952.652505, 6267178.424378 ], [ 820243.196376, 6266952.959208 ], [ 820335.591554, 6266763.098463 ], [ 820701.832679, 6266668.16969 ], [ 821528.936495, 6266583.412756 ], [ 822193.513855, 6266637.657096 ], [ 822908.184986, 6266841.076468 ], [ 823188.710103, 6267251.320418 ], [ 823483.706753, 6267473.402925 ], [ 823888.9097, 6267600.552024 ], [ 824737.16422, 6267971.838334 ], [ 825285.969309, 6267865.028273 ], [ 826294.523896, 6268148.162656 ], [ 827123.854102, 6268236.326196 ], [ 828034.447537, 6268748.37108 ], [ 828654.497101, 6268782.282432 ], [ 829511.65718, 6269426.623961 ], [ 829710.919068, 6269214.664091 ], [ 829678.636416, 6268958.623655 ], [ 829921.312906, 6268582.207421 ], [ 830274.195692, 6268634.769042 ], [ 830550.268029, 6268555.078971 ], [ 831037.847399, 6268322.795176 ], [ 831456.408684, 6268424.52452 ], [ 831742.499775, 6268371.964206 ], [ 832090.929782, 6268448.261543 ], [ 832621.923753, 6268312.622309 ], [ 832762.186311, 6268119.34016 ], [ 832852.355099, 6267670.061006 ], [ 833136.2198, 6267368.294446 ], [ 832978.146123, 6267036.024624 ], [ 833057.182962, 6266769.879131 ], [ 833244.199706, 6266496.961559 ], [ 834454.242571, 6265901.997878 ], [ 834670.202383, 6265635.888068 ], [ 835104.348397, 6265407.074225 ], [ 836569.312896, 6265205.384193 ], [ 836790.838683, 6264902.010765 ], [ 837091.401308, 6264727.448864 ], [ 837334.077798, 6265017.25749 ], [ 837502.170229, 6265478.260091 ], [ 837781.582151, 6265451.141595 ], [ 838126.672572, 6265039.290131 ], [ 838384.933791, 6264135.998913 ], [ 838597.554018, 6263585.258919 ], [ 838934.852076, 6263400.557227 ], [ 839510.373843, 6263681.847648 ], [ 840456.589515, 6263807.245188 ], [ 841144.543968, 6263980.093492 ], [ 841169.034256, 6264100.411553 ], [ 840763.831309, 6264154.63997 ], [ 840805.019521, 6264376.641181 ], [ 841010.960579, 6264632.542935 ], [ 840862.905656, 6264890.147221 ], [ 840649.172234, 6265054.543531 ], [ 840917.452207, 6265425.718084 ], [ 841353.82461, 6265669.786941 ], [ 841940.478327, 6266324.061816 ], [ 842189.833986, 6266841.076468 ], [ 842550.509136, 6267214.024691 ], [ 842847.732177, 6267108.919436 ], [ 843622.515833, 6267636.154114 ], [ 843859.626348, 6268619.509183 ], [ 844035.511144, 6268951.841232 ], [ 844304.904311, 6269231.620685 ], [ 843787.268679, 6269658.938082 ], [ 844038.850728, 6270111.714602 ], [ 844281.527218, 6270861.308058 ], [ 844459.638404, 6271231.041523 ], [ 844914.935121, 6271955.291088 ], [ 845174.309534, 6272289.450564 ], [ 845193.233848, 6272684.691769 ], [ 844991.74557, 6272942.541485 ], [ 844643.315563, 6273112.183747 ], [ 844802.502435, 6273509.159944 ], [ 845378.024203, 6274131.805467 ], [ 845632.945837, 6274505.075456 ], [ 845727.567404, 6275087.070193 ], [ 845953.54597, 6275392.506208 ], [ 846235.184282, 6275579.166985 ], [ 846537.973297, 6275886.317783 ], [ 846561.35039, 6276213.84447 ], [ 847130.192988, 6276824.809005 ], [ 847316.096537, 6276972.465395 ], [ 847001.062378, 6277277.969568 ], [ 846730.556016, 6277658.167966 ], [ 846824.064388, 6278130.045129 ], [ 846743.914355, 6278260.74958 ], [ 847223.70136, 6278500.096738 ], [ 847182.513148, 6278764.914261 ], [ 847353.945164, 6279067.087984 ], [ 847542.075104, 6279179.132674 ], [ 847770.28006, 6279522.066564 ], [ 847794.770348, 6279754.658363 ], [ 847956.183609, 6279827.662948 ], [ 848226.689972, 6280235.141993 ], [ 848695.345028, 6280372.670607 ], [ 849072.718102, 6280696.97534 ], [ 849115.019509, 6280999.218186 ], [ 850241.572755, 6282688.92097 ], [ 850484.249245, 6283198.445433 ], [ 850141.385214, 6283850.681608 ], [ 849956.594859, 6284056.214383 ] ] ] ] } },
{ "type": "Feature", "properties": { "code": "68", "nom": "Haut-Rhin" }, "geometry": { "type": "MultiPolygon", "coordinates": [ [ [ [ 801308.864187, 6158662.282397 ], [ 801963.422793, 6158553.489928 ], [ 802118.156885, 6158724.211037 ], [ 802353.041011, 6158761.033684 ], [ 803058.806583, 6158623.786442 ], [ 803383.859496, 6158769.40249 ], [ 803586.460969, 6158756.012404 ], [ 803905.947908, 6158464.783248 ], [ 804264.396668, 6158424.614488 ], [ 804692.976708, 6158307.456685 ], [ 805402.081864, 6158473.151763 ], [ 805563.495126, 6157942.604107 ], [ 805660.343083, 6157815.41146 ], [ 806010.999479, 6157663.117491 ], [ 806145.696062, 6157316.700665 ], [ 806560.917763, 6157447.232892 ], [ 806858.140803, 6157606.217145 ], [ 807088.572149, 6157586.13476 ], [ 807323.456275, 6157857.250937 ], [ 807806.582865, 6157969.381748 ], [ 807940.166254, 6157853.903772 ], [ 808775.062435, 6157497.438126 ], [ 809346.131423, 6157632.993731 ], [ 809641.128073, 6157877.333959 ], [ 809858.20108, 6157848.883025 ], [ 810051.896994, 6157539.276046 ], [ 810444.854797, 6157048.948492 ], [ 810595.136109, 6156381.278069 ], [ 810927.981387, 6156165.425861 ], [ 811570.294849, 6155880.977793 ], [ 811573.634433, 6155358.956565 ], [ 811642.652518, 6155159.860717 ], [ 812055.647829, 6154786.777629 ], [ 812409.643809, 6154688.072273 ], [ 812738.036307, 6153995.493877 ], [ 812710.206434, 6153679.335446 ], [ 812260.475692, 6153227.700834 ], [ 812001.101278, 6153047.053673 ], [ 811580.313603, 6152593.779923 ], [ 811551.370535, 6152384.713417 ], [ 811798.499805, 6152021.786109 ], [ 812053.421439, 6152020.113668 ], [ 812355.097259, 6151585.290268 ], [ 812670.131418, 6151735.803557 ], [ 813089.805898, 6151566.894381 ], [ 813712.081852, 6151683.959792 ], [ 813912.456935, 6151633.788705 ], [ 814287.603619, 6151714.062585 ], [ 814492.431482, 6151995.027102 ], [ 815998.584192, 6152376.350863 ], [ 816296.920428, 6152341.228227 ], [ 816089.866175, 6152013.42391 ], [ 816163.337039, 6151872.940195 ], [ 815424.17562, 6151058.51463 ], [ 814876.483725, 6150418.066078 ], [ 814293.169594, 6150779.253094 ], [ 814223.038314, 6150627.084481 ], [ 814333.24461, 6150257.543414 ], [ 814226.377899, 6149789.369528 ], [ 813811.156198, 6149167.40674 ], [ 814578.14749, 6148485.306032 ], [ 815581.136102, 6147552.521108 ], [ 815807.114668, 6147769.827499 ], [ 816650.916409, 6147955.378097 ], [ 817850.940519, 6148003.855944 ], [ 818596.781108, 6148299.743933 ], [ 819069.888943, 6147928.631817 ], [ 819167.850095, 6147612.69771 ], [ 819580.845406, 6147382.023037 ], [ 820202.008165, 6147137.982694 ], [ 820913.339711, 6146992.564706 ], [ 821179.393294, 6146731.821403 ], [ 821602.407359, 6146537.940512 ], [ 822032.100593, 6146564.682443 ], [ 822687.772394, 6146145.178041 ], [ 822903.732206, 6145762.460903 ], [ 823174.238569, 6145662.188502 ], [ 823540.479694, 6145622.079871 ], [ 824041.417402, 6145485.043468 ], [ 824178.340376, 6145272.808494 ], [ 824069.247275, 6144978.696292 ], [ 824297.452231, 6144911.854021 ], [ 824234.000121, 6144636.135173 ], [ 825175.763013, 6144208.370796 ], [ 825358.326978, 6144353.741446 ], [ 825516.400655, 6144154.901753 ], [ 826047.394626, 6143758.907061 ], [ 826477.087861, 6143565.093557 ], [ 827232.947203, 6143651.974929 ], [ 827180.627043, 6143406.370251 ], [ 827660.414048, 6143179.150435 ], [ 828071.182969, 6143152.419089 ], [ 828621.101254, 6143192.516139 ], [ 828736.873524, 6143102.29804 ], [ 828893.834006, 6142654.563031 ], [ 829311.282096, 6142138.360336 ], [ 829861.200381, 6141832.662747 ], [ 830142.838693, 6141760.83375 ], [ 831343.975998, 6141192.904785 ], [ 832329.153492, 6140783.685225 ], [ 832110.96729, 6140307.678936 ], [ 831900.573452, 6139614.594325 ], [ 831814.857444, 6138874.809325 ], [ 831848.253292, 6138233.602741 ], [ 831911.705401, 6137994.832357 ], [ 832113.19368, 6137784.452785 ], [ 832023.024892, 6137455.536358 ], [ 831863.83802, 6137225.135426 ], [ 831722.462267, 6136068.215822 ], [ 831868.2908, 6135682.610703 ], [ 831438.597566, 6135402.181527 ], [ 831288.316253, 6135016.606411 ], [ 831733.594216, 6134884.747045 ], [ 831572.180954, 6133542.901411 ], [ 832074.231858, 6133541.23258 ], [ 832217.834001, 6133312.60577 ], [ 832182.211764, 6133007.223279 ], [ 832387.039627, 6132940.474458 ], [ 834330.677936, 6132633.436585 ], [ 834758.144781, 6132506.619807 ], [ 834837.181619, 6132585.045751 ], [ 836291.014169, 6132232.96895 ], [ 836107.337009, 6131719.062925 ], [ 836626.085836, 6131623.960323 ], [ 836727.386573, 6131902.59725 ], [ 837159.306197, 6131762.443411 ], [ 836999.006131, 6131028.341728 ], [ 836564.860117, 6130117.475769 ], [ 836604.935133, 6129031.569882 ], [ 836839.819259, 6128596.245354 ], [ 837052.439486, 6127860.747287 ], [ 837584.546652, 6127864.082736 ], [ 838577.51651, 6127692.308772 ], [ 839081.793803, 6127402.135335 ], [ 839461.393267, 6127460.502765 ], [ 840226.158169, 6127252.049484 ], [ 840781.642428, 6127146.990952 ], [ 841594.274711, 6127106.968993 ], [ 841749.008803, 6127043.601274 ], [ 842513.773705, 6127053.606672 ], [ 843502.290783, 6126903.526927 ], [ 843487.819249, 6126289.894878 ], [ 843797.287433, 6124510.943855 ], [ 843765.004781, 6123897.483136 ], [ 843700.439476, 6123510.758733 ], [ 843512.309537, 6122834.033018 ], [ 842905.618312, 6121685.721758 ], [ 842681.866136, 6121025.804064 ], [ 842602.829297, 6120407.593935 ], [ 842613.961246, 6119896.06293 ], [ 842892.259973, 6117881.893924 ], [ 843058.126015, 6116879.150811 ], [ 843107.10659, 6116282.890738 ], [ 843112.672565, 6115683.34141 ], [ 842987.994735, 6114724.149662 ], [ 842590.584153, 6113345.499442 ], [ 842520.452874, 6112744.490628 ], [ 842542.716772, 6112531.400662 ], [ 842868.88288, 6111910.473369 ], [ 843453.310207, 6111239.656051 ], [ 845654.09654, 6108611.822455 ], [ 846633.708059, 6107480.387708 ], [ 847005.515158, 6106899.753382 ], [ 847540.961909, 6105949.860432 ], [ 847862.675237, 6105193.015731 ], [ 848100.898947, 6104509.417766 ], [ 848413.706717, 6103162.340234 ], [ 848472.706047, 6102813.13241 ], [ 848487.177581, 6102242.790174 ], [ 848378.08448, 6101734.003709 ], [ 847956.183609, 6100794.656931 ], [ 847011.081133, 6099069.186689 ], [ 846691.594194, 6098633.718157 ], [ 846310.881535, 6098201.595638 ], [ 845322.364457, 6097159.604975 ], [ 844826.992723, 6096549.75839 ], [ 844399.525879, 6095845.248383 ], [ 844167.981338, 6095403.297536 ], [ 843897.474975, 6094462.981526 ], [ 843859.626348, 6094225.426802 ], [ 843911.946509, 6093683.893031 ], [ 843996.549322, 6093265.307489 ], [ 844055.548652, 6092685.633402 ], [ 844101.189643, 6091358.675746 ], [ 844192.471626, 6090828.946365 ], [ 844193.584821, 6090506.807157 ], [ 844009.907661, 6089651.70235 ], [ 843846.268009, 6089324.626496 ], [ 843461.102571, 6088819.924723 ], [ 843080.389913, 6088477.939703 ], [ 842206.53191, 6088021.427503 ], [ 841582.029567, 6087478.624541 ], [ 841207.996078, 6086904.319877 ], [ 841071.073104, 6085837.144575 ], [ 841121.166875, 6084914.46833 ], [ 841261.429433, 6084232.481709 ], [ 841499.653143, 6083535.616935 ], [ 841838.064395, 6082689.499887 ], [ 841970.534589, 6082289.69706 ], [ 841972.760979, 6081559.814512 ], [ 841921.554014, 6080906.290412 ], [ 841738.990049, 6080058.773444 ], [ 841338.239882, 6079181.490581 ], [ 840751.586165, 6078090.401532 ], [ 840429.872837, 6077387.402234 ], [ 840180.517178, 6076545.205095 ], [ 840064.744907, 6075941.791677 ], [ 839941.180272, 6075515.780755 ], [ 839234.301506, 6073613.078832 ], [ 838902.569423, 6072761.308487 ], [ 838612.025552, 6072093.539691 ], [ 838376.028232, 6071452.331544 ], [ 838230.199699, 6070700.174054 ], [ 838194.577462, 6070151.836318 ], [ 838248.010817, 6069161.272353 ], [ 838485.121333, 6068361.284613 ], [ 839332.262658, 6066080.981949 ], [ 839567.146783, 6065491.546537 ], [ 840248.422067, 6063640.716526 ], [ 840312.987372, 6063159.03616 ], [ 840202.781076, 6062040.184977 ], [ 840017.990721, 6061403.034344 ], [ 839735.239214, 6060721.252582 ], [ 839377.903649, 6060133.83824 ], [ 838762.306865, 6059488.555944 ], [ 836426.823948, 6057556.30705 ], [ 836285.448195, 6057319.768655 ], [ 836215.316915, 6056600.268669 ], [ 836295.466949, 6056238.060359 ], [ 836870.988716, 6055148.21934 ], [ 837069.13741, 6054561.18451 ], [ 837121.457571, 6054222.210763 ], [ 837041.307537, 6053006.975346 ], [ 837044.647122, 6052157.238952 ], [ 837078.042969, 6051758.850512 ], [ 837249.474985, 6051092.706789 ], [ 837384.171569, 6050859.651279 ], [ 837848.373845, 6050254.728051 ], [ 838500.706061, 6049459.7978 ], [ 838662.119323, 6049182.167897 ], [ 839173.075786, 6048626.934883 ], [ 839935.614298, 6048002.340438 ], [ 840786.095207, 6047402.574028 ], [ 841428.408669, 6046911.887053 ], [ 841940.478327, 6046454.26811 ], [ 842295.587503, 6045998.325348 ], [ 842513.773705, 6045588.658189 ], [ 842723.054347, 6045038.611489 ], [ 842795.412016, 6044481.993297 ], [ 842976.862786, 6043644.656078 ], [ 843090.408667, 6043317.67069 ], [ 843366.481004, 6042911.433366 ], [ 844452.959234, 6042064.341397 ], [ 844814.747579, 6041682.929454 ], [ 845029.594196, 6041347.763166 ], [ 845226.629695, 6040859.071101 ], [ 845253.346373, 6040334.088136 ], [ 845156.498416, 6039799.232648 ], [ 844805.84202, 6038897.977027 ], [ 844476.336327, 6037955.555697 ], [ 844310.470286, 6037036.340063 ], [ 844346.092523, 6036542.941486 ], [ 843730.495739, 6036681.552287 ], [ 843281.878191, 6036613.896737 ], [ 842637.338339, 6036828.416157 ], [ 842364.605587, 6036869.670502 ], [ 842077.401301, 6036554.492301 ], [ 841209.109272, 6035995.120556 ], [ 841165.694671, 6035782.271793 ], [ 841471.823271, 6035478.682628 ], [ 841263.655823, 6034793.996221 ], [ 840659.190988, 6034521.786576 ], [ 840212.79983, 6034269.381657 ], [ 839404.620327, 6033499.014842 ], [ 839277.716107, 6033581.491947 ], [ 838880.305525, 6033160.866941 ], [ 838313.689317, 6033012.415944 ], [ 837675.828635, 6032563.779537 ], [ 837738.16755, 6032471.416108 ], [ 837351.888916, 6032125.06204 ], [ 837412.001441, 6032047.546602 ], [ 837040.194342, 6031678.120871 ], [ 836583.78443, 6031506.607148 ], [ 836059.469628, 6031401.061934 ], [ 835855.75496, 6031473.62413 ], [ 835576.343038, 6031381.272349 ], [ 835227.913032, 6030927.773455 ], [ 834896.18095, 6030630.950697 ], [ 834677.994748, 6030004.358337 ], [ 834932.916382, 6029720.757776 ], [ 835080.971304, 6029376.162636 ], [ 834984.123347, 6029026.635185 ], [ 835052.028237, 6028805.714744 ], [ 835505.098564, 6028828.79572 ], [ 835718.831987, 6028710.094213 ], [ 836129.600908, 6028861.768649 ], [ 836769.68798, 6029585.556132 ], [ 837040.194342, 6029766.924675 ], [ 837625.734864, 6029326.700346 ], [ 837945.221802, 6029447.059079 ], [ 838240.218453, 6029085.987907 ], [ 838394.952545, 6028734.823559 ], [ 838369.349062, 6028461.156068 ], [ 838160.06842, 6028088.586538 ], [ 837980.844039, 6027623.721404 ], [ 837560.056364, 6027191.84782 ], [ 837573.414703, 6026626.488664 ], [ 837449.850068, 6026418.814989 ], [ 837182.68329, 6026644.619142 ], [ 837026.836003, 6026514.410188 ], [ 836857.630377, 6026867.13265 ], [ 836149.638416, 6026794.6091 ], [ 835712.152817, 6026578.690313 ], [ 835530.702047, 6026420.463174 ], [ 835283.572778, 6026479.798012 ], [ 834818.257306, 6027506.684829 ], [ 834651.27807, 6027570.972329 ], [ 834758.144781, 6026819.332969 ], [ 834975.217788, 6026522.651203 ], [ 835298.044311, 6026361.128743 ], [ 835525.136073, 6025990.297771 ], [ 835805.661189, 6025866.690981 ], [ 835980.43279, 6025461.273106 ], [ 836108.450204, 6024495.59812 ], [ 835860.20774, 6024421.446648 ], [ 836118.468958, 6023521.792757 ], [ 835647.587512, 6023352.088317 ], [ 835155.555363, 6023043.992649 ], [ 835040.896288, 6022894.067709 ], [ 835171.140092, 6022551.391888 ], [ 834881.709416, 6022589.283258 ], [ 834684.673917, 6022249.914287 ], [ 834221.584835, 6022146.129347 ], [ 833900.984702, 6021439.436423 ], [ 833433.442841, 6021062.227696 ], [ 832894.656505, 6020965.045578 ], [ 832237.871509, 6020777.273053 ], [ 831657.896962, 6020846.45193 ], [ 831417.446862, 6021246.712006 ], [ 831123.563407, 6021505.326097 ], [ 830965.48973, 6021907.263976 ], [ 830678.285443, 6022276.272565 ], [ 830205.177608, 6022187.313698 ], [ 829430.393952, 6022437.718772 ], [ 829171.019538, 6022678.246259 ], [ 829152.095225, 6022836.404962 ], [ 828926.116658, 6023006.099287 ], [ 828299.387925, 6023269.708722 ], [ 828161.351757, 6023427.878238 ], [ 827633.69737, 6023737.635251 ], [ 827309.757652, 6023424.58301 ], [ 827110.495763, 6023095.066573 ], [ 826858.913714, 6022503.616048 ], [ 826622.916394, 6022190.608454 ], [ 826464.842717, 6021800.188536 ], [ 826208.807888, 6021401.550088 ], [ 826114.186321, 6020851.3933 ], [ 826668.557385, 6020933.749874 ], [ 826873.385248, 6021128.114498 ], [ 827053.722823, 6021175.882743 ], [ 827308.644457, 6020892.571489 ], [ 827593.622354, 6020821.745125 ], [ 827781.752293, 6020876.10019 ], [ 828402.915052, 6020428.092875 ], [ 828516.460932, 6020561.504393 ], [ 828910.53193, 6020260.096111 ], [ 828955.059726, 6020027.87066 ], [ 829137.623691, 6019764.359965 ], [ 829353.583503, 6020008.107079 ], [ 829956.935143, 6019621.079392 ], [ 829960.274728, 6019212.660431 ], [ 829659.712103, 6019016.692047 ], [ 829285.678614, 6018618.181791 ], [ 829177.698708, 6018313.547895 ], [ 828888.268031, 6017967.760248 ], [ 828815.910362, 6017765.233899 ], [ 828016.636419, 6017551.186809 ], [ 827500.113981, 6017340.437923 ], [ 827111.608958, 6017365.134793 ], [ 826872.272053, 6017007.860275 ], [ 826929.044993, 6016382.253777 ], [ 826300.08987, 6015926.248054 ], [ 826459.276742, 6015766.569417 ], [ 826105.280762, 6015197.018058 ], [ 825693.398646, 6014890.858534 ], [ 825344.968639, 6014533.686103 ], [ 824695.976008, 6014339.469491 ], [ 824083.718809, 6013895.091933 ], [ 824143.831334, 6013454.028611 ], [ 823386.858796, 6013401.365835 ], [ 822953.825977, 6013338.829205 ], [ 822159.004813, 6012812.222861 ], [ 821809.461612, 6013027.798462 ], [ 821665.859469, 6012851.717226 ], [ 821261.769717, 6013017.924653 ], [ 820543.759002, 6013108.434989 ], [ 820217.592894, 6013233.505374 ], [ 819968.237234, 6013138.056759 ], [ 819563.034288, 6013164.387307 ], [ 819133.341053, 6013258.190532 ], [ 818831.665233, 6013167.678631 ], [ 818525.536633, 6013230.214025 ], [ 818093.617009, 6013414.531499 ], [ 817650.565436, 6013537.960573 ], [ 817627.188343, 6013748.616921 ], [ 817361.13476, 6013876.988146 ], [ 816975.969322, 6014337.823606 ], [ 816604.162222, 6014316.427131 ], [ 816050.904353, 6014449.744491 ], [ 815305.063765, 6013985.611438 ], [ 814945.50181, 6013926.362201 ], [ 814779.635768, 6013980.673986 ], [ 814334.357805, 6013951.049334 ], [ 814069.417417, 6013855.59281 ], [ 813795.57147, 6013865.467574 ], [ 813441.575489, 6013992.194712 ], [ 812952.882924, 6013979.028169 ], [ 812606.679308, 6013533.023376 ], [ 812201.476362, 6013419.468629 ], [ 811952.120702, 6013115.017596 ], [ 811676.048365, 6013073.876386 ], [ 811199.600944, 6013356.931867 ], [ 810791.058413, 6013337.18351 ], [ 810577.324991, 6013240.088076 ], [ 810443.741602, 6012988.303294 ], [ 810224.442205, 6012912.604725 ], [ 809819.239259, 6012590.070413 ], [ 809498.639125, 6012188.56489 ], [ 809235.925127, 6012004.273505 ], [ 808894.17429, 6011966.428439 ], [ 807552.774426, 6011568.242541 ], [ 807104.156878, 6011344.476682 ], [ 806641.067796, 6010936.447938 ], [ 806654.426135, 6011262.211275 ], [ 806555.351788, 6011935.165247 ], [ 806373.901018, 6012221.474479 ], [ 805836.227878, 6012254.384192 ], [ 805680.380591, 6012604.880399 ], [ 805803.945226, 6013161.095984 ], [ 805400.968669, 6013811.156511 ], [ 805152.726204, 6013995.48635 ], [ 804651.788496, 6014130.444614 ], [ 804133.039669, 6014127.152924 ], [ 803556.404707, 6013880.279741 ], [ 802671.414755, 6013557.709388 ], [ 802243.94791, 6013338.829205 ], [ 802058.04436, 6013424.405761 ], [ 801469.164254, 6013373.388866 ], [ 801089.564791, 6013426.051472 ], [ 800813.492453, 6013867.113369 ], [ 800282.498482, 6014137.027998 ], [ 799406.41409, 6014434.931349 ], [ 799213.831371, 6014543.561641 ], [ 798646.101968, 6014681.820346 ], [ 798246.464996, 6014693.342005 ], [ 798211.955954, 6014834.89506 ], [ 798479.122731, 6015233.231191 ], [ 798519.197748, 6015639.816307 ], [ 798679.497815, 6015955.879465 ], [ 799076.908397, 6017236.71184 ], [ 798983.400025, 6017399.710529 ], [ 799133.681337, 6017559.419292 ], [ 799191.567473, 6018038.563261 ], [ 799113.643829, 6018229.569625 ], [ 799100.28549, 6018586.894573 ], [ 798967.815296, 6018735.098187 ], [ 799189.341083, 6019084.210065 ], [ 799371.905048, 6019533.794688 ], [ 799792.692723, 6020352.329224 ], [ 800078.783814, 6021271.420024 ], [ 800460.609668, 6021833.134684 ], [ 800545.212481, 6022221.908704 ], [ 801021.659901, 6022289.451734 ], [ 801757.481735, 6022702.958366 ], [ 801599.408058, 6022890.772685 ], [ 801617.219177, 6023068.7058 ], [ 801051.716164, 6023007.746821 ], [ 800580.834718, 6022813.339971 ], [ 800006.426145, 6022627.174795 ], [ 798985.626415, 6022505.263487 ], [ 798339.973368, 6022343.81602 ], [ 797886.90304, 6022327.341958 ], [ 797706.565465, 6022411.360002 ], [ 797242.363189, 6022432.776496 ], [ 796930.668615, 6022549.744441 ], [ 796485.390651, 6022999.509154 ], [ 796181.488441, 6023470.716313 ], [ 794588.506528, 6024423.094451 ], [ 793746.931178, 6024571.398059 ], [ 794188.869556, 6024900.970736 ], [ 794370.320326, 6025222.316186 ], [ 794585.166943, 6025818.896829 ], [ 794761.051739, 6027264.374701 ], [ 794959.200433, 6027720.978354 ], [ 795206.329702, 6028128.150682 ], [ 794800.013561, 6028367.187903 ], [ 794585.166943, 6029123.907915 ], [ 794438.225216, 6029252.507442 ], [ 794400.376589, 6029493.224517 ], [ 794472.734258, 6029687.78157 ], [ 794350.282818, 6029859.259213 ], [ 794369.207131, 6030192.331277 ], [ 794115.398692, 6030365.467863 ], [ 794112.059108, 6030494.085858 ], [ 793738.025619, 6030871.706154 ], [ 793262.691393, 6031201.519033 ], [ 793087.919792, 6031203.168129 ], [ 792844.130107, 6031363.131937 ], [ 792458.964669, 6031917.256261 ], [ 792263.042366, 6031900.763953 ], [ 791489.371905, 6032144.853328 ], [ 791429.25938, 6032304.834562 ], [ 791133.149534, 6032403.793509 ], [ 791268.959313, 6032662.741448 ], [ 791276.751677, 6033042.105939 ], [ 791160.979407, 6033322.516482 ], [ 791305.694745, 6034464.046238 ], [ 791221.091932, 6034756.051332 ], [ 791050.773111, 6034977.123898 ], [ 790983.981416, 6035430.835309 ], [ 790705.682689, 6035625.526055 ], [ 790261.517921, 6036113.922146 ], [ 789719.392001, 6036214.574771 ], [ 789673.75101, 6036557.792537 ], [ 789513.450943, 6036991.784519 ], [ 789329.773783, 6037130.402521 ], [ 789221.793877, 6037780.616641 ], [ 788937.929176, 6037978.66112 ], [ 788808.798566, 6038417.675902 ], [ 788976.890997, 6038660.298906 ], [ 788849.986778, 6039016.81854 ], [ 788839.968024, 6039337.038532 ], [ 788685.233931, 6039474.043495 ], [ 788241.069163, 6039612.701332 ], [ 788261.106672, 6039924.689604 ], [ 787997.279478, 6039990.720313 ], [ 787834.753022, 6040246.594078 ], [ 787477.417456, 6040378.660922 ], [ 787437.34244, 6040187.164657 ], [ 787225.835407, 6039984.11722 ], [ 787046.611027, 6039959.355664 ], [ 786986.498502, 6040165.704133 ], [ 787074.4409, 6040682.422327 ], [ 786679.256707, 6040525.587659 ], [ 786569.050411, 6040776.524495 ], [ 785957.906407, 6040573.463203 ], [ 785702.984773, 6040411.677948 ], [ 785288.876267, 6040325.833942 ], [ 785176.443582, 6040581.717634 ], [ 785009.464345, 6040646.102467 ], [ 784533.016925, 6040347.294864 ], [ 784550.828043, 6040702.233225 ], [ 784394.980756, 6040735.251488 ], [ 783827.251353, 6040660.960573 ], [ 783664.724897, 6040755.062507 ], [ 783013.505876, 6039592.892933 ], [ 782581.586251, 6039551.625582 ], [ 782066.177009, 6039356.846344 ], [ 781979.347806, 6038785.739322 ], [ 781413.844793, 6038673.503075 ], [ 781400.486454, 6038934.289538 ], [ 781243.525972, 6038957.397579 ], [ 780988.604338, 6039209.939486 ], [ 781056.509227, 6039353.545039 ], [ 781478.410097, 6039332.086586 ], [ 781638.710164, 6039541.721447 ], [ 781387.128115, 6039921.388082 ], [ 780676.909764, 6040454.600272 ], [ 780591.193756, 6040637.847974 ], [ 780261.688063, 6040464.505454 ], [ 780106.953971, 6040599.87741 ], [ 779897.673328, 6040954.826152 ], [ 780405.290206, 6041393.992226 ], [ 780355.196435, 6041542.587307 ], [ 780057.973395, 6041644.954295 ], [ 780203.801928, 6041859.598692 ], [ 780211.594292, 6042112.225472 ], [ 780053.520615, 6042313.671729 ], [ 779912.144862, 6042693.460241 ], [ 780045.728251, 6042818.959247 ], [ 780035.709497, 6043035.284184 ], [ 779827.542049, 6043510.887832 ], [ 779790.806617, 6043765.214421 ], [ 780079.124098, 6043765.214421 ], [ 780055.747005, 6044029.457773 ], [ 780116.972725, 6044366.379776 ], [ 779970.030997, 6044780.944007 ], [ 779962.238633, 6045217.001173 ], [ 779896.560133, 6045340.885067 ], [ 780492.119409, 6045583.702657 ], [ 780817.172322, 6044804.067698 ], [ 780944.076542, 6044820.584658 ], [ 781121.074532, 6045055.128897 ], [ 780883.964017, 6045456.511639 ], [ 780642.400722, 6045752.192344 ], [ 780790.455644, 6045848.001673 ], [ 780655.759061, 6046117.264617 ], [ 780744.814653, 6046335.324198 ], [ 781007.528651, 6046512.088659 ], [ 780865.039703, 6046745.026794 ], [ 780592.306951, 6046783.024391 ], [ 780580.061807, 6047058.925004 ], [ 780737.022289, 6047205.96546 ], [ 781370.430191, 6047377.791189 ], [ 781115.508558, 6047853.634137 ], [ 781093.244659, 6048337.765169 ], [ 781193.432201, 6048534.399521 ], [ 781195.658591, 6048800.441363 ], [ 781441.674666, 6048935.944087 ], [ 781929.254035, 6048772.349601 ], [ 782665.075869, 6048803.746282 ], [ 783120.372587, 6048731.038352 ], [ 783253.955976, 6048841.752943 ], [ 783599.046397, 6048917.766769 ], [ 783041.335748, 6050656.352676 ], [ 783150.428849, 6050724.118345 ], [ 783191.617061, 6051034.855543 ], [ 783733.742981, 6051292.7098 ], [ 783876.231929, 6051707.606861 ], [ 784252.491808, 6052021.685634 ], [ 784391.641172, 6052377.104351 ], [ 783953.042378, 6052471.334094 ], [ 783456.557449, 6052873.061915 ], [ 783556.744991, 6053168.996844 ], [ 783572.329719, 6053540.996491 ], [ 783839.496497, 6053542.649859 ], [ 784018.720877, 6053699.721223 ], [ 784009.815318, 6053934.506911 ], [ 784547.488459, 6054111.427109 ], [ 784583.110696, 6054460.317759 ], [ 783947.476403, 6054743.078355 ], [ 783701.460329, 6054728.195987 ], [ 783513.330389, 6054948.126924 ], [ 783536.707482, 6055096.955552 ], [ 783289.578213, 6055662.527759 ], [ 783281.785848, 6055803.099706 ], [ 783538.933872, 6055862.63675 ], [ 783426.501186, 6056211.598247 ], [ 782927.789868, 6056309.177685 ], [ 782984.562808, 6057028.653384 ], [ 782724.075199, 6057007.150941 ], [ 782185.288864, 6057255.25931 ], [ 782271.004872, 6057392.549009 ], [ 782284.363211, 6057875.561466 ], [ 782494.757048, 6058533.957636 ], [ 782796.432868, 6059104.718616 ], [ 783000.147537, 6059650.69926 ], [ 783326.313645, 6059900.538297 ], [ 783213.880959, 6060607.075956 ], [ 783402.010898, 6060669.95565 ], [ 783034.656579, 6061235.893534 ], [ 782780.84814, 6061446.061216 ], [ 782551.529989, 6061742.290507 ], [ 782227.590271, 6061919.370979 ], [ 782068.403399, 6062248.717233 ], [ 781839.085248, 6062374.501032 ], [ 781635.37058, 6062594.627099 ], [ 781402.712844, 6063049.792812 ], [ 781013.094626, 6064243.268701 ], [ 780689.154908, 6063920.467654 ], [ 780414.195766, 6064054.552774 ], [ 780041.275471, 6064137.322409 ], [ 779699.524635, 6064418.745113 ], [ 779282.076544, 6064630.64592 ], [ 778721.026311, 6064723.354162 ], [ 778244.57889, 6064930.295799 ], [ 777920.639172, 6065003.140438 ], [ 777516.54942, 6065211.744402 ], [ 777161.440245, 6065620.689049 ], [ 776776.274806, 6065650.491442 ], [ 776428.957995, 6065537.905165 ], [ 776149.546073, 6065607.443574 ], [ 775948.057795, 6066087.605048 ], [ 775260.103342, 6066360.812314 ], [ 775028.558801, 6066720.134453 ], [ 774778.089947, 6066948.651259 ], [ 774483.093296, 6066995.017727 ], [ 774198.1154, 6067183.798068 ], [ 773945.420156, 6067690.544701 ], [ 773478.991489, 6067867.747453 ], [ 773219.617076, 6067884.308644 ], [ 772949.110713, 6068101.263189 ], [ 772843.357197, 6068447.408088 ], [ 772605.133486, 6068936.009491 ], [ 771962.820024, 6068939.322137 ], [ 771627.748357, 6068627.938938 ], [ 771085.622437, 6068593.15747 ], [ 770834.040388, 6068654.439197 ], [ 770571.32639, 6069141.395981 ], [ 770225.122773, 6069335.192563 ], [ 769660.732955, 6069866.913272 ], [ 769287.812661, 6069986.182238 ], [ 768705.611724, 6069931.51709 ], [ 768337.144209, 6069744.333001 ], [ 767282.948632, 6069909.98243 ], [ 767180.5347, 6070057.413102 ], [ 766552.692772, 6070398.66681 ], [ 766323.374621, 6070561.015553 ], [ 765888.115412, 6070743.24738 ], [ 765485.138855, 6070729.994026 ], [ 764919.635842, 6070614.02805 ], [ 764429.830083, 6070880.752129 ], [ 764262.850846, 6071084.528264 ], [ 764039.09867, 6071187.246518 ], [ 763923.326399, 6071387.716317 ], [ 763734.083265, 6071957.672479 ], [ 763893.270137, 6072149.875505 ], [ 763661.725596, 6072711.596867 ], [ 763376.7477, 6072754.680255 ], [ 763029.430888, 6072923.70178 ], [ 762681.000882, 6073324.726908 ], [ 762365.966723, 6073956.13077 ], [ 762377.098672, 6074388.694001 ], [ 762557.436247, 6074620.729212 ], [ 762566.341807, 6074829.566248 ], [ 762146.667326, 6075379.859528 ], [ 761723.653261, 6075661.649826 ], [ 761740.351185, 6075785.972007 ], [ 761634.597669, 6076513.707194 ], [ 761538.862907, 6076795.534614 ], [ 762113.271479, 6077450.404545 ], [ 762551.870273, 6077700.760393 ], [ 762791.207178, 6077738.894705 ], [ 762928.130152, 6077634.440254 ], [ 763366.728945, 6077495.169626 ], [ 763573.783198, 6077617.860299 ], [ 764027.966721, 6078145.118508 ], [ 764498.848167, 6078529.805256 ], [ 765307.02767, 6078481.718472 ], [ 765594.231956, 6078637.586954 ], [ 765913.718895, 6078904.559744 ], [ 766432.467722, 6078894.610299 ], [ 766835.444279, 6079222.94806 ], [ 767220.609717, 6079201.390146 ], [ 767669.227265, 6079111.842466 ], [ 767836.206501, 6079597.732735 ], [ 767832.866916, 6080045.50574 ], [ 768142.3351, 6080337.399948 ], [ 768425.086607, 6080771.942624 ], [ 768932.703485, 6081296.07673 ], [ 769709.713531, 6081349.155382 ], [ 769980.219893, 6081503.417074 ], [ 770170.576223, 6081836.830824 ], [ 770336.442264, 6081984.465915 ], [ 770157.217884, 6082638.071926 ], [ 770031.426859, 6082777.425823 ], [ 770119.369257, 6083147.388192 ], [ 769857.768454, 6083378.000589 ], [ 769739.769793, 6083633.506435 ], [ 769354.604355, 6084186.022301 ], [ 769088.550772, 6084154.496417 ], [ 768883.722909, 6084255.711507 ], [ 768831.402748, 6084448.189392 ], [ 768917.118756, 6084756.826714 ], [ 768898.194443, 6085468.726001 ], [ 769039.570196, 6085579.913727 ], [ 768851.440257, 6085800.633921 ], [ 768654.404758, 6086252.049252 ], [ 768628.801275, 6086852.866707 ], [ 768947.175019, 6086922.577527 ], [ 769184.285534, 6087186.487895 ], [ 768887.062494, 6087584.858509 ], [ 768087.78855, 6087556.639983 ], [ 767861.809984, 6087621.376739 ], [ 767815.055798, 6087855.429076 ], [ 767898.545416, 6088008.147511 ], [ 767759.396052, 6088712.015359 ], [ 768127.863567, 6088771.780378 ], [ 768583.160284, 6089022.465954 ], [ 769217.681382, 6089308.023993 ], [ 769675.204489, 6089586.950304 ], [ 770159.444274, 6089968.828384 ], [ 770065.935901, 6090163.094612 ], [ 769994.691427, 6090584.850084 ], [ 770147.19913, 6090777.469702 ], [ 770506.761085, 6090943.524561 ], [ 770939.793904, 6091219.182711 ], [ 771307.148224, 6091876.812553 ], [ 771113.45231, 6092285.365522 ], [ 771114.565505, 6092815.184677 ], [ 770991.00087, 6093107.512675 ], [ 770629.212525, 6093039.412651 ], [ 770274.103349, 6093104.19071 ], [ 770034.766444, 6092963.008388 ], [ 769625.110718, 6093232.087287 ], [ 769570.564167, 6093453.00404 ], [ 769911.201809, 6093800.170412 ], [ 770323.083925, 6094330.082969 ], [ 770790.625786, 6094788.591677 ], [ 770969.850167, 6095188.976175 ], [ 770965.397387, 6095376.714751 ], [ 770810.663295, 6095536.212693 ], [ 770934.22793, 6095856.878975 ], [ 770899.718887, 6096150.972045 ], [ 770634.778499, 6096345.378076 ], [ 770475.591627, 6096699.308042 ], [ 770649.250033, 6096973.489165 ], [ 770492.289551, 6097350.710225 ], [ 770267.42418, 6097599.984331 ], [ 770416.592297, 6098115.173742 ], [ 770564.64722, 6098213.229421 ], [ 770578.005559, 6098452.556454 ], [ 770858.530676, 6098695.214283 ], [ 770731.626456, 6098899.650514 ], [ 770723.834092, 6099281.942702 ], [ 770925.32237, 6099532.935087 ], [ 771053.339785, 6099817.180354 ], [ 770934.22793, 6100214.47459 ], [ 771228.111385, 6100503.729654 ], [ 771249.262088, 6100989.168093 ], [ 771314.940588, 6101248.523164 ], [ 771219.205826, 6101394.829479 ], [ 771324.959342, 6101657.522075 ], [ 771524.221231, 6101743.979624 ], [ 771519.768451, 6102186.256856 ], [ 771869.311652, 6102532.113571 ], [ 772267.835429, 6102720.012723 ], [ 772455.965369, 6102738.30401 ], [ 772442.60703, 6103150.699744 ], [ 772823.319688, 6103277.083048 ], [ 772813.300934, 6103503.247286 ], [ 772973.601001, 6103681.189515 ], [ 772763.207163, 6104158.492025 ], [ 772779.905087, 6104328.132061 ], [ 773124.995508, 6104742.267407 ], [ 772951.337103, 6105209.648963 ], [ 773006.996848, 6105524.023115 ], [ 772906.809306, 6105721.968302 ], [ 772995.864899, 6106099.573883 ], [ 772931.299594, 6106515.458283 ], [ 772982.50656, 6106774.98036 ], [ 773427.784523, 6106979.609068 ], [ 773994.400731, 6107343.960066 ], [ 774211.473739, 6107353.942503 ], [ 774549.884991, 6107012.88249 ], [ 774878.277488, 6106879.789577 ], [ 775030.785191, 6107051.147085 ], [ 775381.441587, 6107285.729416 ], [ 775683.117407, 6107573.559051 ], [ 775788.870923, 6107899.666717 ], [ 775899.077219, 6107927.952149 ], [ 776506.881639, 6108387.187512 ], [ 777069.045067, 6108407.154824 ], [ 777303.929193, 6108488.688498 ], [ 777356.249353, 6108726.638141 ], [ 777563.303606, 6109052.78963 ], [ 777692.434216, 6109493.779467 ], [ 777866.092621, 6109648.547311 ], [ 778146.617738, 6110081.246418 ], [ 778472.783846, 6110279.296751 ], [ 778904.70347, 6110397.463413 ], [ 779187.454977, 6110364.176864 ], [ 779381.150891, 6110480.680348 ], [ 780067.992149, 6111495.99196 ], [ 780085.803268, 6111669.106258 ], [ 780588.967366, 6112136.865246 ], [ 780248.329724, 6112309.992477 ], [ 780604.552095, 6112836.054349 ], [ 780976.359194, 6113180.67566 ], [ 780775.984111, 6113455.383723 ], [ 780386.365893, 6113825.004819 ], [ 780321.800588, 6113993.17104 ], [ 780537.7604, 6114242.928938 ], [ 780650.193086, 6114625.905175 ], [ 780820.511907, 6114825.725654 ], [ 780948.529321, 6115230.376382 ], [ 781318.110031, 6116034.738848 ], [ 781702.162274, 6116084.701739 ], [ 781845.764417, 6116227.930305 ], [ 781742.237291, 6116517.72565 ], [ 781933.706815, 6117084.020686 ], [ 781783.425502, 6117447.135417 ], [ 782117.383975, 6117658.681822 ], [ 782562.661938, 6117850.244093 ], [ 782553.756379, 6118824.779311 ], [ 782766.376606, 6119142.984885 ], [ 783272.880289, 6119601.155018 ], [ 783399.784509, 6119856.074822 ], [ 783609.065151, 6119962.710192 ], [ 784272.529316, 6120066.014471 ], [ 784535.243315, 6120184.316062 ], [ 784986.087252, 6120609.215519 ], [ 785051.765752, 6121077.462454 ], [ 785265.499174, 6121387.419336 ], [ 785459.195088, 6121375.754089 ], [ 785746.399375, 6121920.70472 ], [ 786051.414779, 6122375.690045 ], [ 786318.581557, 6123089.048996 ], [ 786818.406071, 6123807.468139 ], [ 786872.952621, 6124225.8792 ], [ 787174.628441, 6124769.343988 ], [ 787407.286177, 6124899.380551 ], [ 787775.753692, 6124922.720656 ], [ 788322.332391, 6126398.277777 ], [ 788579.480415, 6127208.691838 ], [ 788642.932525, 6127767.355226 ], [ 788605.083898, 6128377.757475 ], [ 787632.151549, 6128384.428778 ], [ 787456.266753, 6128447.806417 ], [ 787012.101985, 6128422.788872 ], [ 786741.595622, 6128769.70535 ], [ 786546.786513, 6129141.655451 ], [ 786063.659923, 6129598.692492 ], [ 785695.192409, 6129793.858076 ], [ 785765.323688, 6130339.344449 ], [ 785972.377941, 6130941.588415 ], [ 786249.563473, 6130926.573508 ], [ 786461.070505, 6131076.723766 ], [ 786674.803928, 6131665.67186 ], [ 787113.402721, 6132353.107274 ], [ 787159.043713, 6132967.173924 ], [ 787320.456974, 6133280.898885 ], [ 787625.472379, 6133623.005695 ], [ 787681.132124, 6133943.430326 ], [ 788032.901715, 6134170.405029 ], [ 788133.089257, 6134479.167044 ], [ 787870.375259, 6135337.083211 ], [ 788501.556772, 6135599.148678 ], [ 788336.803925, 6136091.586387 ], [ 788521.59428, 6136425.458577 ], [ 788735.327702, 6136998.079706 ], [ 788711.950609, 6137353.691703 ], [ 788789.874253, 6137528.998829 ], [ 789382.093944, 6137523.990005 ], [ 789850.749, 6138203.547361 ], [ 790348.347124, 6138375.532349 ], [ 790760.22924, 6138988.361333 ], [ 791101.980077, 6139298.967168 ], [ 791304.58155, 6139791.617827 ], [ 790987.321001, 6140269.265548 ], [ 791233.337076, 6140486.386964 ], [ 791331.298228, 6140736.918522 ], [ 791799.953284, 6140942.359874 ], [ 792340.966009, 6141563.72472 ], [ 792173.986773, 6141784.219869 ], [ 792081.591596, 6142210.192502 ], [ 792590.321668, 6142721.387664 ], [ 792950.996819, 6142948.59532 ], [ 793222.616376, 6143728.832264 ], [ 793320.577528, 6144333.690175 ], [ 793495.349129, 6144495.772628 ], [ 793700.176992, 6145023.815121 ], [ 793669.007534, 6145523.480286 ], [ 793785.893, 6146329.022058 ], [ 794156.586904, 6146487.799618 ], [ 793995.173642, 6147437.183805 ], [ 794104.266743, 6147868.452991 ], [ 794047.493803, 6148135.917679 ], [ 794385.905055, 6148288.041953 ], [ 794713.184358, 6148588.955084 ], [ 794712.071163, 6149162.391095 ], [ 794925.804585, 6149344.628085 ], [ 794989.256695, 6149874.642147 ], [ 795176.27344, 6150090.335511 ], [ 795486.854819, 6150128.793039 ], [ 795642.702106, 6150436.459492 ], [ 795682.777123, 6150953.163398 ], [ 796106.904383, 6151122.060445 ], [ 796336.222534, 6151085.270705 ], [ 796715.821997, 6151361.197616 ], [ 796990.78114, 6151682.287417 ], [ 797142.175647, 6152050.217646 ], [ 796926.215835, 6152426.526309 ], [ 796985.215165, 6152767.727154 ], [ 797374.833383, 6153451.842435 ], [ 797440.511882, 6153665.953336 ], [ 798006.014896, 6154412.037923 ], [ 798407.878257, 6154569.292763 ], [ 798561.499155, 6154868.754131 ], [ 798906.589576, 6155071.18927 ], [ 798755.195069, 6155427.553688 ], [ 798366.690046, 6155815.723395 ], [ 798518.084553, 6156182.158396 ], [ 798432.368545, 6156488.36956 ], [ 798717.346442, 6156592.115723 ], [ 798842.024271, 6156756.104163 ], [ 799305.113353, 6156953.563808 ], [ 799721.448249, 6157017.153479 ], [ 799920.710137, 6157162.74214 ], [ 800398.270753, 6157259.802626 ], [ 800789.002165, 6157249.761835 ], [ 800875.831368, 6157643.034973 ], [ 801107.375909, 6157982.7706 ], [ 801222.034985, 6158608.722854 ], [ 801308.864187, 6158662.282397 ] ] ] ] } },
{ "type": "Feature", "properties": { "code": "88", "nom": "Vosges" }, "geometry": { "type": "MultiPolygon", "coordinates": [ [ [ [ 608924.293809, 6177170.475211 ], [ 610295.749935, 6176313.379697 ], [ 610723.21678, 6176113.794479 ], [ 611002.628702, 6176132.243336 ], [ 611325.455225, 6176466.00684 ], [ 611887.618654, 6176224.488225 ], [ 612161.464601, 6175932.662357 ], [ 612329.557032, 6175654.26308 ], [ 612472.04598, 6175255.128165 ], [ 612843.853079, 6175164.570742 ], [ 613294.697017, 6175333.947445 ], [ 613588.580473, 6175350.717599 ], [ 613782.276387, 6175471.463678 ], [ 613749.993735, 6175759.919567 ], [ 613309.168551, 6176216.102284 ], [ 613310.281746, 6176427.430491 ], [ 613638.674244, 6176996.030002 ], [ 613586.354083, 6177601.571467 ], [ 613754.446514, 6178000.816235 ], [ 613891.369488, 6178086.371117 ], [ 613800.087505, 6178384.981161 ], [ 614059.461919, 6178849.692874 ], [ 614514.758636, 6179092.963619 ], [ 614891.018515, 6179092.963619 ], [ 615383.050664, 6179161.751778 ], [ 615637.972298, 6178933.578554 ], [ 616030.930101, 6179081.219355 ], [ 616042.06205, 6179173.496154 ], [ 616617.583817, 6179366.44178 ], [ 617025.013154, 6179388.253299 ], [ 617256.557695, 6179475.499935 ], [ 617304.425076, 6179752.346133 ], [ 617472.517507, 6179987.252989 ], [ 617879.946843, 6180341.30341 ], [ 619047.688301, 6180364.795427 ], [ 619028.763988, 6180616.499676 ], [ 619454.004443, 6180552.733897 ], [ 619376.080799, 6180284.251637 ], [ 619843.622661, 6180301.031531 ], [ 619891.490042, 6180025.845449 ], [ 619716.718441, 6179634.895133 ], [ 619674.417035, 6179358.052749 ], [ 619802.434449, 6179178.529462 ], [ 620789.838332, 6179020.820536 ], [ 620903.384213, 6179237.251617 ], [ 621018.043288, 6179797.649095 ], [ 621191.701694, 6180168.471273 ], [ 621601.35742, 6180374.863455 ], [ 622166.860433, 6180767.525794 ], [ 622397.291779, 6180713.827312 ], [ 622704.533574, 6180834.649371 ], [ 623040.718436, 6180782.628553 ], [ 624397.703029, 6180806.121786 ], [ 624595.851723, 6180517.495118 ], [ 625065.619974, 6180455.408101 ], [ 625165.807515, 6180327.879429 ], [ 625143.543617, 6179081.219355 ], [ 625478.615285, 6178470.539898 ], [ 625852.648774, 6178086.371117 ], [ 625900.516155, 6178505.770216 ], [ 625754.687622, 6179131.55203 ], [ 625565.444487, 6179646.64016 ], [ 625429.634709, 6180316.133463 ], [ 625421.842344, 6180772.560044 ], [ 625674.537588, 6181123.286779 ], [ 626103.117628, 6181504.235996 ], [ 626267.870474, 6181766.043567 ], [ 626787.732496, 6182257.793629 ], [ 627150.634036, 6182497.804816 ], [ 627346.55634, 6182474.306919 ], [ 627657.137719, 6182672.362653 ], [ 628396.299138, 6182724.395007 ], [ 628769.219432, 6182796.569444 ], [ 629313.571742, 6183528.41919 ], [ 628954.009787, 6183922.905558 ], [ 628810.407644, 6184246.901638 ], [ 628500.93946, 6184396.313308 ], [ 628200.376834, 6184955.371223 ], [ 627590.346025, 6185296.196298 ], [ 627727.268999, 6185494.317632 ], [ 628091.283733, 6185815.015319 ], [ 628611.145755, 6185561.478452 ], [ 628982.952855, 6185432.194345 ], [ 629505.041267, 6185151.805685 ], [ 629601.889224, 6185480.885532 ], [ 629585.1913, 6185768.00129 ], [ 630233.070736, 6185603.454233 ], [ 631204.889891, 6185764.643156 ], [ 632358.159816, 6185593.380027 ], [ 632577.459212, 6185454.021394 ], [ 632377.084129, 6185192.100494 ], [ 632701.023847, 6185176.989918 ], [ 633489.165842, 6184921.793136 ], [ 633515.88252, 6184732.079428 ], [ 633936.670195, 6184533.975817 ], [ 633973.405627, 6184305.658724 ], [ 634767.113596, 6184050.488036 ], [ 635993.854385, 6183783.574244 ], [ 636040.608571, 6183981.660409 ], [ 636659.54494, 6183750.000774 ], [ 637146.011115, 6184245.222871 ], [ 637821.720424, 6184540.691118 ], [ 638205.772667, 6184658.209746 ], [ 638815.803476, 6184745.510348 ], [ 638937.141721, 6184898.288553 ], [ 638950.50006, 6185328.09688 ], [ 639091.875814, 6185707.555064 ], [ 639306.722431, 6185783.112914 ], [ 639174.252237, 6186125.650242 ], [ 639718.604547, 6186501.785526 ], [ 639974.639376, 6186545.445161 ], [ 640137.165832, 6187692.430349 ], [ 640680.404947, 6189056.250621 ], [ 641773.562347, 6189854.153137 ], [ 642537.214054, 6188920.194704 ], [ 643000.303135, 6188308.809758 ], [ 643270.809498, 6188124.059205 ], [ 643373.22343, 6188261.781964 ], [ 644014.423697, 6187914.120259 ], [ 643963.216731, 6187781.441514 ], [ 644208.11961, 6187573.190435 ], [ 644484.191948, 6188157.649917 ], [ 644572.134345, 6188433.098748 ], [ 644897.187259, 6188584.263477 ], [ 645335.786052, 6188987.382539 ], [ 646002.589802, 6189185.589742 ], [ 646259.737826, 6189210.785903 ], [ 646635.997705, 6189533.30335 ], [ 646820.788059, 6189773.519593 ], [ 646851.957517, 6190158.215662 ], [ 647244.915319, 6190163.255464 ], [ 647843.81418, 6190074.219404 ], [ 648215.621279, 6189791.998046 ], [ 648588.541573, 6189896.150078 ], [ 648898.009758, 6190349.730228 ], [ 649564.813507, 6190637.010152 ], [ 649729.566354, 6190591.649519 ], [ 649720.660795, 6191008.30441 ], [ 649858.696963, 6191251.922561 ], [ 650283.937418, 6191473.705145 ], [ 650787.101516, 6191586.278818 ], [ 650831.629313, 6191394.736441 ], [ 651033.117591, 6191188.07713 ], [ 651455.018461, 6191540.913129 ], [ 651567.451147, 6191495.547681 ], [ 652130.72777, 6191621.56341 ], [ 652594.930047, 6191552.674581 ], [ 652991.227434, 6191149.434076 ], [ 653250.601848, 6190608.449725 ], [ 653474.354024, 6190379.969763 ], [ 654101.082757, 6190045.660865 ], [ 654943.771303, 6189681.127928 ], [ 655263.258241, 6189590.417088 ], [ 655465.859714, 6189437.554708 ], [ 656464.395547, 6189330.048744 ], [ 657036.57773, 6189482.909194 ], [ 657430.648727, 6189540.022593 ], [ 657061.068017, 6188711.915783 ], [ 656650.299096, 6187998.095217 ], [ 657028.785365, 6187571.511012 ], [ 657263.669491, 6187576.549283 ], [ 657182.406262, 6187124.796122 ], [ 656933.050603, 6186812.445492 ], [ 656620.242834, 6186555.520493 ], [ 656310.77465, 6186100.463205 ], [ 655886.64739, 6185682.369262 ], [ 655424.671503, 6185509.428771 ], [ 655180.881818, 6185262.616867 ], [ 655531.538214, 6185103.116379 ], [ 655739.705662, 6184936.903259 ], [ 655764.19595, 6184737.11602 ], [ 655941.19394, 6184456.750233 ], [ 655917.816847, 6184124.35245 ], [ 655326.710351, 6183738.250091 ], [ 655247.673512, 6183044.988458 ], [ 655330.049936, 6182697.539559 ], [ 655559.368087, 6182585.083288 ], [ 655669.574383, 6182392.064789 ], [ 655908.911288, 6182350.104824 ], [ 656705.958842, 6181813.035521 ], [ 656668.110215, 6181497.523087 ], [ 656141.569024, 6181046.092096 ], [ 655692.951476, 6180797.731338 ], [ 655118.542903, 6180249.013969 ], [ 655071.788717, 6179911.746508 ], [ 654880.319193, 6179376.508628 ], [ 654522.983627, 6178940.289444 ], [ 654268.061993, 6178522.54661 ], [ 654067.68691, 6178562.810088 ], [ 653774.916649, 6178244.062758 ], [ 653412.015109, 6177762.609124 ], [ 653176.017789, 6177214.087071 ], [ 652749.664139, 6176933.968625 ], [ 652258.745185, 6176427.430491 ], [ 651920.333933, 6175642.523551 ], [ 651817.920001, 6175233.327216 ], [ 652099.558313, 6175144.447001 ], [ 652412.366082, 6174887.873464 ], [ 652796.418325, 6174884.519613 ], [ 653002.359383, 6174792.289218 ], [ 653191.602518, 6174844.273499 ], [ 653522.221405, 6174661.491459 ], [ 653724.822878, 6174472.005956 ], [ 653847.274318, 6173868.363397 ], [ 654103.309147, 6173865.009947 ], [ 654127.799435, 6174212.099061 ], [ 654402.758577, 6174500.512356 ], [ 654784.584431, 6174255.695794 ], [ 655069.562327, 6174408.286114 ], [ 655299.993673, 6174374.749546 ], [ 656022.457168, 6174537.403132 ], [ 656249.54893, 6174540.756847 ], [ 656195.002379, 6174809.058306 ], [ 656368.660785, 6174822.473601 ], [ 656736.015104, 6175265.19016 ], [ 656880.730442, 6176435.816639 ], [ 657327.1216, 6176793.074203 ], [ 657396.139685, 6176989.320642 ], [ 657567.571701, 6178079.6609 ], [ 657511.911955, 6178322.909673 ], [ 657794.663462, 6178559.454791 ], [ 657583.156429, 6178879.891623 ], [ 657189.085432, 6179019.142797 ], [ 656926.371434, 6179317.785514 ], [ 656585.733792, 6179423.48741 ], [ 656566.809478, 6179688.586818 ], [ 656911.8999, 6179824.495407 ], [ 657668.872437, 6179886.57783 ], [ 658046.245511, 6179604.693709 ], [ 658393.562322, 6179611.405127 ], [ 659123.818182, 6179765.769208 ], [ 659408.796078, 6179743.956723 ], [ 660272.635327, 6179354.697139 ], [ 659556.851001, 6177321.440292 ], [ 659455.550264, 6177551.247824 ], [ 659248.496012, 6177484.150094 ], [ 658866.670158, 6177791.126526 ], [ 659070.384826, 6178289.357705 ], [ 658490.410279, 6178322.909673 ], [ 658265.544908, 6177873.324277 ], [ 658005.057299, 6177616.668619 ], [ 658066.283019, 6177427.117438 ], [ 657804.682216, 6177207.377539 ], [ 657616.552277, 6176883.648921 ], [ 657701.15509, 6176751.141788 ], [ 657628.797421, 6176506.260608 ], [ 657976.114232, 6176383.822654 ], [ 657892.624614, 6176199.330429 ], [ 657941.60519, 6175939.370886 ], [ 657826.946114, 6175756.565373 ], [ 658160.904587, 6175340.655503 ], [ 657872.587105, 6174840.919665 ], [ 658111.924011, 6174619.569525 ], [ 657646.608539, 6174005.856 ], [ 657331.57438, 6173719.136129 ], [ 657654.400903, 6173688.95565 ], [ 657770.173174, 6173925.372256 ], [ 658148.659443, 6174275.817438 ], [ 658464.806796, 6174428.408118 ], [ 658867.783353, 6174535.726275 ], [ 659061.479267, 6174180.240051 ], [ 659089.30914, 6173824.768644 ], [ 659564.643365, 6173214.465499 ], [ 659541.266272, 6173018.305904 ], [ 659867.43238, 6172602.529542 ], [ 660446.293733, 6172916.036452 ], [ 660666.706324, 6172962.979655 ], [ 660555.386833, 6173460.92882 ], [ 660298.23881, 6173442.48574 ], [ 660287.106861, 6173690.632341 ], [ 660465.218046, 6173796.264503 ], [ 660396.199962, 6174079.633433 ], [ 660553.160444, 6174223.836621 ], [ 660791.384154, 6174143.35082 ], [ 661469.319853, 6173704.045876 ], [ 661677.487301, 6173782.850823 ], [ 661851.145706, 6173502.845059 ], [ 662112.74651, 6173294.942535 ], [ 662424.441084, 6172894.241481 ], [ 662474.534855, 6172696.412755 ], [ 662444.478592, 6172206.890208 ], [ 662749.493997, 6171839.766731 ], [ 662900.888504, 6171536.35697 ], [ 662609.231439, 6171407.285371 ], [ 662738.362048, 6170834.029918 ], [ 662608.118244, 6170758.604437 ], [ 661821.089444, 6169746.291396 ], [ 661755.410944, 6169607.19154 ], [ 662150.595137, 6169377.597943 ], [ 662669.343964, 6169367.54289 ], [ 662776.210675, 6169263.641371 ], [ 662659.325209, 6168854.750906 ], [ 662350.97022, 6168854.750906 ], [ 662265.254212, 6168459.285326 ], [ 662639.287701, 6167964.979121 ], [ 662827.417641, 6168130.86174 ], [ 663071.207325, 6168177.778621 ], [ 663106.829562, 6167663.382621 ], [ 662888.643361, 6167524.316713 ], [ 662939.850326, 6167187.552038 ], [ 662757.286361, 6166813.943096 ], [ 662739.475243, 6166604.528197 ], [ 663175.847647, 6166137.132674 ], [ 663316.110205, 6165776.970789 ], [ 663379.562315, 6165351.496795 ], [ 663637.823534, 6165262.719463 ], [ 664151.006386, 6165312.97067 ], [ 664158.79875, 6165478.801751 ], [ 664774.395535, 6165743.468131 ], [ 665239.711006, 6165435.249842 ], [ 665396.671488, 6165269.419607 ], [ 665735.08274, 6165108.617607 ], [ 666285.001025, 6165580.982102 ], [ 666143.625271, 6165751.843783 ], [ 666575.544896, 6166138.807881 ], [ 667132.14235, 6166021.544181 ], [ 667285.763247, 6166073.475049 ], [ 667747.739134, 6166736.877816 ], [ 668083.923996, 6167038.441575 ], [ 668339.958825, 6166572.697582 ], [ 668532.541544, 6166661.488541 ], [ 668315.468537, 6167442.218627 ], [ 668836.443754, 6167221.060365 ], [ 668934.404905, 6167063.57237 ], [ 669200.458488, 6167103.781794 ], [ 669433.116224, 6166926.191598 ], [ 669710.301756, 6167222.735785 ], [ 669842.77195, 6167026.713897 ], [ 670197.881126, 6167190.902865 ], [ 670349.275633, 6166942.945232 ], [ 670418.293718, 6166629.657714 ], [ 670656.517428, 6166436.999977 ], [ 671217.567662, 6166996.557083 ], [ 671930.012403, 6167256.244251 ], [ 672278.442409, 6167480.754365 ], [ 672432.063306, 6167209.332436 ], [ 672207.197935, 6167068.598537 ], [ 672276.216019, 6166937.919138 ], [ 672707.022448, 6167020.012373 ], [ 673308.147699, 6167453.946877 ], [ 673122.244149, 6167800.77526 ], [ 673311.487283, 6167966.654687 ], [ 673596.46518, 6167973.356954 ], [ 673724.482594, 6167800.77526 ], [ 673997.215347, 6167871.147957 ], [ 674394.625929, 6167361.796778 ], [ 674583.869063, 6167038.441575 ], [ 675166.07, 6166839.07323 ], [ 675363.105499, 6166897.710495 ], [ 675875.175156, 6166917.814793 ], [ 675801.704293, 6167117.184978 ], [ 676330.471874, 6167438.867702 ], [ 676520.828203, 6167336.665106 ], [ 676762.391498, 6167514.263844 ], [ 676816.938049, 6168159.346959 ], [ 676757.938718, 6168601.717851 ], [ 676530.846957, 6169231.800836 ], [ 676550.884466, 6169444.631931 ], [ 676165.719027, 6169595.460331 ], [ 675687.045217, 6169204.987847 ], [ 675605.781989, 6169518.369927 ], [ 675993.173817, 6169754.670978 ], [ 676492.99833, 6170267.517051 ], [ 676658.864372, 6170123.380726 ], [ 677059.614538, 6170631.220693 ], [ 677504.892502, 6170782.070071 ], [ 677976.887143, 6170750.223869 ], [ 678089.319828, 6170564.177381 ], [ 677819.926661, 6170493.782471 ], [ 677914.548228, 6170113.324795 ], [ 678169.469862, 6169654.116539 ], [ 678178.375421, 6169359.163688 ], [ 678405.467182, 6169392.680544 ], [ 678559.088079, 6169159.741117 ], [ 678772.821502, 6169035.732793 ], [ 678923.102814, 6168462.636652 ], [ 678830.707637, 6168414.04255 ], [ 678857.424315, 6167598.038117 ], [ 678613.63463, 6167676.786683 ], [ 678353.147022, 6167601.389105 ], [ 678256.299065, 6167152.368435 ], [ 678533.484597, 6166973.101857 ], [ 678801.764569, 6167246.191697 ], [ 678938.687543, 6166939.594503 ], [ 678747.218019, 6166601.1776 ], [ 678950.932687, 6166440.350509 ], [ 679286.004354, 6166393.443178 ], [ 679383.965506, 6166070.124661 ], [ 679721.263563, 6166227.594326 ], [ 680177.673476, 6166175.66252 ], [ 680313.483254, 6166033.270478 ], [ 680733.157735, 6166145.508713 ], [ 680946.891157, 6165924.384049 ], [ 681261.925316, 6166656.462613 ], [ 681257.472536, 6167311.533507 ], [ 681391.055925, 6167584.634178 ], [ 681841.899863, 6168172.7518 ], [ 682016.671464, 6167908.010077 ], [ 682564.363358, 6167442.218627 ], [ 683073.093431, 6167815.855075 ], [ 683399.259539, 6168192.859102 ], [ 683700.935359, 6168667.070041 ], [ 683635.25686, 6168993.838497 ], [ 683511.692225, 6169045.787455 ], [ 683971.441722, 6169694.338173 ], [ 684500.209303, 6170195.448584 ], [ 684580.359336, 6170425.064191 ], [ 684876.469182, 6170470.31763 ], [ 684851.978894, 6170743.51942 ], [ 684610.415599, 6170875.933252 ], [ 684797.432344, 6171313.416344 ], [ 685004.486596, 6171527.975638 ], [ 684907.638639, 6171834.737752 ], [ 684709.489946, 6172086.190335 ], [ 684546.963489, 6172161.627555 ], [ 684579.246142, 6172478.471165 ], [ 684314.305753, 6172748.384264 ], [ 684765.149691, 6173065.24967 ], [ 684597.05726, 6173752.670119 ], [ 684688.339243, 6174193.654357 ], [ 684552.529464, 6174344.566747 ], [ 684289.815466, 6174371.395896 ], [ 684268.664762, 6174825.827428 ], [ 684496.869718, 6174867.750376 ], [ 684620.434353, 6175253.451167 ], [ 685026.750495, 6175089.106958 ], [ 685221.559603, 6174929.796717 ], [ 685750.327185, 6174668.198988 ], [ 686034.191886, 6174616.215779 ], [ 686584.110171, 6174632.984521 ], [ 687237.555582, 6174591.062727 ], [ 687254.253505, 6174778.873971 ], [ 687780.794697, 6174782.22778 ], [ 687602.683512, 6175102.522693 ], [ 687835.341247, 6175414.444483 ], [ 688180.431669, 6175669.356784 ], [ 688131.451093, 6175302.084244 ], [ 688368.561608, 6175236.681204 ], [ 688472.088735, 6175057.244671 ], [ 688050.187865, 6174596.093332 ], [ 688019.018407, 6174265.75661 ], [ 687781.907892, 6173762.730342 ], [ 687778.568307, 6173258.057132 ], [ 688345.184515, 6173305.002218 ], [ 688834.990275, 6173301.648989 ], [ 689144.458459, 6173053.513705 ], [ 689183.420281, 6172890.888414 ], [ 689628.698244, 6173224.525087 ], [ 689754.489269, 6173066.926238 ], [ 689917.015725, 6173427.395977 ], [ 690198.654037, 6173330.151477 ], [ 690502.556247, 6173692.309031 ], [ 691056.927311, 6173331.828097 ], [ 691477.714986, 6173626.918335 ], [ 692125.594422, 6173932.079206 ], [ 692234.687523, 6173702.369183 ], [ 692403.893149, 6173784.527532 ], [ 692567.532801, 6173569.911471 ], [ 692803.530121, 6173791.23437 ], [ 693064.01773, 6173583.324816 ], [ 693754.198573, 6173699.015798 ], [ 693892.234741, 6173175.903855 ], [ 694121.552892, 6173512.904987 ], [ 694372.021747, 6173710.752652 ], [ 694712.659388, 6174168.502551 ], [ 695123.42831, 6174547.46428 ], [ 695377.236749, 6174669.875871 ], [ 695685.591738, 6174661.491459 ], [ 696041.814109, 6174871.10422 ], [ 696127.530116, 6174752.04354 ], [ 696908.992942, 6174733.597668 ], [ 697378.761193, 6176370.404903 ], [ 697763.926631, 6177271.118301 ], [ 698006.603121, 6178037.722157 ], [ 698664.501312, 6177640.153129 ], [ 699019.610487, 6177673.702542 ], [ 699165.43902, 6177591.506715 ], [ 699393.643976, 6178032.689522 ], [ 699203.287647, 6178140.053051 ], [ 699454.869696, 6178512.48077 ], [ 699396.983561, 6178697.023055 ], [ 699865.638617, 6178723.865902 ], [ 700099.409548, 6178598.040787 ], [ 700113.881082, 6178453.763608 ], [ 700374.36869, 6178364.849818 ], [ 700562.49863, 6178801.039558 ], [ 700787.364001, 6179061.086368 ], [ 700808.514704, 6179467.110796 ], [ 701086.813431, 6179453.688192 ], [ 701320.584362, 6179334.563506 ], [ 701349.52743, 6178905.05733 ], [ 701453.054556, 6178779.229541 ], [ 701801.484562, 6178041.077249 ], [ 701510.940691, 6177776.029066 ], [ 701746.938012, 6176992.675321 ], [ 702074.217315, 6176637.086665 ], [ 702009.65201, 6176390.531538 ], [ 701825.97485, 6176310.025285 ], [ 701943.97351, 6175872.285839 ], [ 702173.291661, 6175627.429895 ], [ 702985.923944, 6175223.265258 ], [ 703277.58101, 6175176.309613 ], [ 703492.427627, 6175255.128165 ], [ 703782.971498, 6175203.141379 ], [ 704141.420259, 6174842.596582 ], [ 704799.318449, 6174468.652269 ], [ 705157.76721, 6174403.25562 ], [ 705827.910544, 6174564.232888 ], [ 706151.850262, 6174569.263476 ], [ 706568.185158, 6174478.713336 ], [ 706859.842224, 6174569.263476 ], [ 707319.591721, 6174311.03043 ], [ 707853.925277, 6174450.207009 ], [ 708262.467808, 6174909.67353 ], [ 708394.938002, 6174693.352267 ], [ 708881.404177, 6174968.366292 ], [ 709336.700894, 6175283.637182 ], [ 710354.16104, 6176172.495529 ], [ 710443.216632, 6175999.74788 ], [ 710048.03244, 6175773.336357 ], [ 710414.273565, 6175657.617234 ], [ 710634.686157, 6175372.518848 ], [ 710673.647978, 6175082.399098 ], [ 710484.404844, 6174911.35046 ], [ 710595.724335, 6174770.489452 ], [ 711115.586357, 6175188.0485 ], [ 711374.96077, 6175090.783923 ], [ 711489.619846, 6175280.283175 ], [ 711654.372692, 6175127.677253 ], [ 711499.6386, 6174638.015151 ], [ 711467.355948, 6174314.384055 ], [ 711152.321789, 6173916.988577 ], [ 711266.980864, 6173811.354919 ], [ 711171.246102, 6173554.821482 ], [ 710961.96546, 6173299.972375 ], [ 710692.572292, 6172771.855372 ], [ 711193.51, 6172139.834512 ], [ 711613.184481, 6172419.795535 ], [ 712022.840207, 6172865.74045 ], [ 712272.195866, 6173035.071505 ], [ 712444.741077, 6173018.305904 ], [ 712897.811404, 6172086.190335 ], [ 713743.839535, 6172386.266784 ], [ 714110.080659, 6172926.095688 ], [ 714150.155676, 6173400.569797 ], [ 714322.700887, 6173782.850823 ], [ 714702.30035, 6173843.212551 ], [ 714857.034442, 6174326.121756 ], [ 714810.280256, 6174609.508291 ], [ 714938.297671, 6174881.165763 ], [ 716396.583, 6175805.201319 ], [ 717340.572282, 6175875.640079 ], [ 717872.679448, 6176095.345661 ], [ 718820.008315, 6176603.54133 ], [ 719050.439661, 6176393.885981 ], [ 718920.195856, 6176242.937322 ], [ 719126.136914, 6175875.640079 ], [ 719431.152319, 6175821.9724 ], [ 719775.129546, 6175614.013334 ], [ 719875.317087, 6175395.997178 ], [ 720347.311728, 6175204.818367 ], [ 720527.649303, 6175474.81776 ], [ 720837.117488, 6175632.461111 ], [ 721696.503957, 6176209.393538 ], [ 722620.45573, 6176566.641615 ], [ 723008.960753, 6176249.646094 ], [ 723323.994912, 6176097.022824 ], [ 723661.292969, 6176046.708059 ], [ 724245.720296, 6176393.885981 ], [ 724422.718286, 6176625.345783 ], [ 724598.603082, 6176992.675321 ], [ 725223.105425, 6177349.956218 ], [ 726062.454386, 6177945.457651 ], [ 725956.700869, 6178208.833522 ], [ 726168.207902, 6178356.461772 ], [ 726631.296984, 6178436.98735 ], [ 726895.124177, 6178549.388907 ], [ 727329.270191, 6178920.156789 ], [ 727594.210579, 6178804.39495 ], [ 728038.375347, 6178379.94832 ], [ 728311.1081, 6178274.259363 ], [ 728668.443665, 6178336.330497 ], [ 728894.422231, 6178203.800786 ], [ 729210.569585, 6177814.611517 ], [ 729557.886397, 6177698.864688 ], [ 729777.185793, 6177532.795895 ], [ 730108.917876, 6177494.214719 ], [ 730662.175745, 6177302.98886 ], [ 730710.043126, 6177150.346735 ], [ 731042.888404, 6177153.701478 ], [ 730987.228658, 6176990.997982 ], [ 731141.962751, 6176657.213929 ], [ 731477.034418, 6176336.860618 ], [ 731438.072596, 6176694.114036 ], [ 731539.373333, 6176749.464496 ], [ 731741.974806, 6176464.329604 ], [ 731816.558865, 6176154.046584 ], [ 731964.613788, 6176065.156772 ], [ 732104.876346, 6176355.309959 ], [ 732341.986861, 6176264.740852 ], [ 732913.055849, 6176549.86907 ], [ 732452.193157, 6177323.117696 ], [ 732477.79664, 6177517.698893 ], [ 732320.836158, 6177928.682393 ], [ 732339.760472, 6178146.763316 ], [ 732200.611108, 6178599.718443 ], [ 731799.860941, 6179233.896054 ], [ 731546.052502, 6179285.907422 ], [ 731090.755785, 6179220.473817 ], [ 731109.680098, 6179576.17024 ], [ 731233.244733, 6179733.88944 ], [ 731060.699522, 6180520.851186 ], [ 731599.485858, 6180650.060805 ], [ 731835.483178, 6180826.258895 ], [ 731913.406822, 6180995.748115 ], [ 731798.747746, 6181259.218246 ], [ 732163.875676, 6181843.244771 ], [ 732168.328456, 6182069.817559 ], [ 732326.402133, 6182605.2246 ], [ 732831.792621, 6183543.526842 ], [ 733035.507289, 6183812.111797 ], [ 733346.088668, 6183946.40745 ], [ 733663.349217, 6183949.764868 ], [ 734195.456383, 6184198.217503 ], [ 734243.323764, 6184492.005304 ], [ 734431.453704, 6184896.609657 ], [ 734920.146268, 6184876.462928 ], [ 734949.089336, 6184732.079428 ], [ 735374.329791, 6184782.445487 ], [ 735776.193152, 6185274.369653 ], [ 735924.248075, 6185054.427352 ], [ 736557.655978, 6185571.552621 ], [ 737056.367296, 6185867.066868 ], [ 737346.911167, 6185925.835127 ], [ 737958.055172, 6185806.619938 ], [ 738649.34921, 6185489.280592 ], [ 738574.765151, 6185114.868945 ], [ 738833.026369, 6184903.325244 ], [ 738915.402793, 6184451.713806 ], [ 739031.175063, 6184384.561733 ], [ 738998.892411, 6183300.129038 ], [ 739052.325766, 6183175.914907 ], [ 738706.12215, 6182658.935 ], [ 738908.723623, 6182262.82876 ], [ 738710.57493, 6182068.13922 ], [ 738713.914514, 6181856.671139 ], [ 739187.02235, 6181385.082649 ], [ 739473.113442, 6181195.447659 ], [ 739593.338492, 6180792.697073 ], [ 739863.844854, 6180113.098611 ], [ 739871.637219, 6179968.795788 ], [ 740084.257446, 6179342.952514 ], [ 740026.371311, 6179106.385655 ], [ 739774.789262, 6178552.7442 ], [ 739728.035075, 6178260.838637 ], [ 740415.989529, 6178185.347445 ], [ 740672.024357, 6178411.823025 ], [ 741079.453694, 6178047.787437 ], [ 741371.11076, 6177880.034333 ], [ 741662.767825, 6178088.048673 ], [ 742026.78256, 6178129.987663 ], [ 742435.325092, 6178031.011978 ], [ 743303.61712, 6177549.570374 ], [ 743407.144246, 6177383.504489 ], [ 743771.158981, 6177136.927778 ], [ 743952.609751, 6177361.698098 ], [ 744012.722276, 6176875.262333 ], [ 744790.845517, 6176278.158437 ], [ 745242.802649, 6176058.448144 ], [ 745784.92857, 6175855.514659 ], [ 746160.075254, 6176031.613688 ], [ 746627.617115, 6176434.139409 ], [ 746843.576927, 6176883.648921 ], [ 747405.740355, 6177507.634239 ], [ 747621.700168, 6177328.149913 ], [ 747706.302981, 6176975.901938 ], [ 747922.262793, 6176668.954854 ], [ 748304.088646, 6176373.759339 ], [ 748631.367949, 6176301.639261 ], [ 748928.59099, 6176360.341604 ], [ 749246.964733, 6176516.324079 ], [ 749597.621129, 6176464.329604 ], [ 749878.146246, 6176494.519906 ], [ 750164.237337, 6176242.937322 ], [ 750150.878998, 6175889.057051 ], [ 750219.897083, 6175634.138183 ], [ 750674.080605, 6175563.701419 ], [ 751412.128829, 6175677.742186 ], [ 752240.345841, 6175546.930846 ], [ 753052.978123, 6175657.617234 ], [ 753034.05381, 6175469.786638 ], [ 752765.773837, 6175115.938449 ], [ 752627.737669, 6174701.73671 ], [ 752933.866268, 6174420.023944 ], [ 753062.996878, 6174425.054447 ], [ 753231.089309, 6173940.4629 ], [ 753294.541418, 6173506.198367 ], [ 753932.402101, 6173717.459432 ], [ 754376.566869, 6173955.553571 ], [ 754647.073232, 6173955.553571 ], [ 754895.315696, 6174106.461749 ], [ 755746.909801, 6174079.633433 ], [ 755664.533377, 6173848.242714 ], [ 755296.065863, 6173341.887823 ], [ 755175.840813, 6173093.751368 ], [ 755144.671355, 6172701.442242 ], [ 755014.427551, 6172278.975668 ], [ 755199.217906, 6172342.679606 ], [ 755270.46238, 6172791.973516 ], [ 755497.554141, 6173194.346358 ], [ 756173.26345, 6173923.69552 ], [ 756304.62045, 6174225.513417 ], [ 756826.708861, 6174141.674041 ], [ 756907.97209, 6173858.30305 ], [ 757157.327749, 6173761.053637 ], [ 757718.377983, 6173697.339106 ], [ 757869.77249, 6173574.941473 ], [ 758124.694124, 6172939.508021 ], [ 758509.859562, 6173045.130882 ], [ 758661.25407, 6173467.635404 ], [ 759512.848174, 6174488.774415 ], [ 759521.753733, 6174760.42804 ], [ 759817.863579, 6175444.631068 ], [ 760118.426204, 6176445.880027 ], [ 761047.943952, 6177101.703116 ], [ 761238.300281, 6177150.346735 ], [ 761621.23933, 6177420.407739 ], [ 762233.496529, 6177542.860578 ], [ 762467.26746, 6177680.41244 ], [ 762829.055805, 6178467.184638 ], [ 763099.562168, 6179185.240545 ], [ 763395.672013, 6179227.184933 ], [ 764162.663305, 6179816.105926 ], [ 764354.132829, 6179388.253299 ], [ 764324.076566, 6178905.05733 ], [ 764350.793244, 6178435.309726 ], [ 764589.016954, 6177885.066878 ], [ 764877.334435, 6177029.57688 ], [ 765703.325057, 6177002.739367 ], [ 765642.099337, 6176491.165422 ], [ 765957.133496, 6176457.620662 ], [ 766369.015612, 6176546.514565 ], [ 766676.257407, 6176754.496374 ], [ 767157.157607, 6176648.827563 ], [ 767331.929207, 6176766.237434 ], [ 767731.566179, 6177406.988357 ], [ 768190.202481, 6177635.120728 ], [ 768321.559481, 6177809.579013 ], [ 768397.256734, 6178198.768052 ], [ 768538.632488, 6178158.506293 ], [ 768872.59096, 6178473.895161 ], [ 769056.26812, 6178732.254309 ], [ 769564.998193, 6178869.825362 ], [ 770205.085265, 6179698.654047 ], [ 770334.215874, 6179720.466416 ], [ 770547.949296, 6180265.793793 ], [ 770930.888345, 6180143.301836 ], [ 770998.793234, 6180297.67555 ], [ 771460.769121, 6180650.060805 ], [ 771622.182383, 6181304.529217 ], [ 771906.047084, 6181512.627139 ], [ 772100.856193, 6181871.775828 ], [ 772480.455657, 6182143.664807 ], [ 772605.133486, 6182340.034464 ], [ 772801.05579, 6182358.496801 ], [ 773249.673338, 6182783.141596 ], [ 773342.068515, 6183036.595806 ], [ 773779.554114, 6183432.738014 ], [ 773723.894369, 6183755.036786 ], [ 773828.53469, 6184080.705219 ], [ 774104.607027, 6184176.393671 ], [ 774341.717543, 6184530.618168 ], [ 774565.469719, 6184693.465651 ], [ 774795.901065, 6184745.510348 ], [ 774858.23998, 6185044.353794 ], [ 775159.9158, 6185148.447793 ], [ 775410.384654, 6185427.157342 ], [ 775370.309638, 6185665.578769 ], [ 775813.361211, 6185888.895031 ], [ 776383.317004, 6186065.201478 ], [ 776480.164961, 6186401.033375 ], [ 776816.349823, 6186473.238962 ], [ 776982.215864, 6186834.276078 ], [ 777175.911778, 6186800.690584 ], [ 777616.736962, 6186985.412437 ], [ 778006.35518, 6187294.410671 ], [ 778360.35116, 6187173.496984 ], [ 778606.367235, 6187385.097063 ], [ 778840.138166, 6187378.37952 ], [ 778974.83475, 6187227.236188 ], [ 779289.868908, 6187319.601239 ], [ 779729.580897, 6187238.991685 ], [ 779952.219879, 6187259.144002 ], [ 780196.009564, 6187408.608508 ], [ 780630.155578, 6187872.133091 ], [ 780955.208491, 6188095.507204 ], [ 781210.130125, 6188161.008995 ], [ 781414.957988, 6188533.874936 ], [ 781861.349146, 6188920.194704 ], [ 782311.079889, 6188947.069775 ], [ 782586.039031, 6189262.858206 ], [ 782801.998843, 6189195.668197 ], [ 783531.141508, 6189266.21772 ], [ 783843.949277, 6189377.082436 ], [ 784191.266088, 6189593.776731 ], [ 784526.337755, 6189504.746625 ], [ 784862.522618, 6189583.697804 ], [ 785284.423488, 6190133.016698 ], [ 785926.73695, 6190250.612502 ], [ 786261.808617, 6190364.849982 ], [ 786492.239963, 6190297.651279 ], [ 786589.08792, 6190539.569091 ], [ 786896.329714, 6190848.696297 ], [ 787105.610357, 6190810.054783 ], [ 787599.868896, 6191228.400504 ], [ 787665.547396, 6191448.502288 ], [ 787898.205132, 6191668.60976 ], [ 788410.274789, 6191766.063741 ], [ 788747.572846, 6191972.73708 ], [ 789178.379276, 6192105.481139 ], [ 789513.450943, 6192520.529711 ], [ 789702.694077, 6192619.673862 ], [ 790048.897694, 6192592.787199 ], [ 790437.402717, 6192431.469001 ], [ 791002.90573, 6192515.488514 ], [ 791370.260049, 6192394.500678 ], [ 792260.815976, 6192392.820303 ], [ 792947.657234, 6192727.221365 ], [ 793455.274112, 6192043.309613 ], [ 792945.430844, 6191621.56341 ], [ 792682.716846, 6191305.687505 ], [ 793409.633121, 6191100.710474 ], [ 793572.159577, 6190801.654477 ], [ 793987.381278, 6190805.014598 ], [ 793975.136134, 6190616.849841 ], [ 793703.516576, 6190512.688995 ], [ 793725.780475, 6190374.929833 ], [ 794028.56949, 6190259.012265 ], [ 794315.773776, 6190277.491771 ], [ 794353.622403, 6190033.901495 ], [ 794075.323676, 6190057.420252 ], [ 793948.419456, 6190186.774578 ], [ 793372.897689, 6190269.091991 ], [ 792825.205794, 6190561.409232 ], [ 792543.567482, 6190549.649149 ], [ 792304.230577, 6190428.689241 ], [ 792202.929841, 6190524.449027 ], [ 791915.725554, 6190385.009696 ], [ 791473.787176, 6190329.570597 ], [ 790727.946588, 6190415.249357 ], [ 790383.969361, 6190991.503415 ], [ 790232.574853, 6190643.730266 ], [ 789979.879609, 6190794.934238 ], [ 789835.164271, 6191381.295033 ], [ 789324.207809, 6191058.707594 ], [ 789357.603656, 6190154.855796 ], [ 789687.109349, 6189862.552509 ], [ 789758.353823, 6189681.127928 ], [ 789675.9774, 6189338.447599 ], [ 789662.619061, 6188643.050486 ], [ 790111.236609, 6188364.235705 ], [ 791020.716848, 6188276.898012 ], [ 791375.826024, 6188073.673386 ], [ 791676.388649, 6188046.801071 ], [ 792247.457637, 6187905.722809 ], [ 792482.341762, 6187647.085397 ], [ 792260.815976, 6187494.25789 ], [ 792297.551408, 6186659.632958 ], [ 792454.51189, 6186159.233074 ], [ 792399.965339, 6186011.469603 ], [ 791988.083223, 6185801.582713 ], [ 791458.202447, 6184814.344145 ], [ 791551.710819, 6184416.458902 ], [ 791513.862193, 6184131.067428 ], [ 791031.848797, 6183337.057912 ], [ 790821.45496, 6182517.945923 ], [ 790581.00486, 6182286.326074 ], [ 790912.736942, 6181818.070389 ], [ 791134.262729, 6181735.834591 ], [ 791133.149534, 6181477.384392 ], [ 790948.359179, 6181301.172841 ], [ 790921.642501, 6181129.999393 ], [ 791114.225221, 6180952.116904 ], [ 791075.263399, 6180582.93868 ], [ 791474.900371, 6180316.133463 ], [ 791386.957973, 6180017.455769 ], [ 791074.150204, 6179938.59318 ], [ 790552.061792, 6179668.452396 ], [ 790322.743641, 6179393.286735 ], [ 790037.765745, 6178463.829378 ], [ 789888.597627, 6178109.856922 ], [ 790121.255363, 6177279.505279 ], [ 790083.406736, 6176677.34124 ], [ 789978.766414, 6175957.819366 ], [ 789512.337748, 6175377.549913 ], [ 789930.899033, 6174857.688849 ], [ 790082.293541, 6174606.15455 ], [ 789722.731586, 6174304.323182 ], [ 789191.737615, 6174104.784976 ], [ 789079.304929, 6174111.492067 ], [ 788696.365881, 6173306.678833 ], [ 788848.873583, 6173219.495291 ], [ 789004.72087, 6172937.831478 ], [ 789255.189724, 6172952.920375 ], [ 789583.582222, 6172683.000804 ], [ 789691.562128, 6172480.147618 ], [ 789955.389321, 6172476.794713 ], [ 790047.784499, 6172049.310159 ], [ 790409.572844, 6172071.102971 ], [ 790824.794544, 6171703.985339 ], [ 790918.302917, 6171501.155431 ], [ 790977.302247, 6171015.053795 ], [ 791408.108676, 6170096.564935 ], [ 791262.280143, 6169803.272715 ], [ 790908.284163, 6169463.06637 ], [ 790533.137479, 6169344.081146 ], [ 790064.482422, 6168973.729307 ], [ 789886.371237, 6168767.612848 ], [ 789786.183695, 6168479.393303 ], [ 789296.377936, 6167897.956755 ], [ 788960.193074, 6167202.630769 ], [ 788772.063134, 6166979.803343 ], [ 788480.406068, 6166289.577864 ], [ 788138.655232, 6166100.278202 ], [ 787692.264074, 6165713.315851 ], [ 787977.24197, 6165460.375916 ], [ 788636.253355, 6165297.895277 ], [ 789297.491131, 6165029.892733 ], [ 789673.75101, 6165043.29266 ], [ 790110.123414, 6164805.447076 ], [ 790140.179676, 6164658.053139 ], [ 790430.723547, 6164514.011523 ], [ 790682.305596, 6164473.814296 ], [ 790951.698764, 6164314.702132 ], [ 791222.205127, 6164318.051831 ], [ 791785.48175, 6163460.57173 ], [ 791842.25469, 6163170.856709 ], [ 791796.613699, 6162924.690399 ], [ 792157.288849, 6162660.111395 ], [ 792649.320999, 6162492.660566 ], [ 793399.614367, 6162445.774923 ], [ 794107.606328, 6162469.217712 ], [ 794530.620393, 6162266.607157 ], [ 795299.838074, 6162280.002747 ], [ 795909.868884, 6162541.220969 ], [ 796320.637805, 6162499.358537 ], [ 796958.498487, 6162827.565509 ], [ 797585.22722, 6163217.746334 ], [ 798109.542022, 6163991.462341 ], [ 798712.893662, 6163907.723458 ], [ 799030.154211, 6163684.982029 ], [ 799680.260037, 6163497.414807 ], [ 799810.503841, 6162961.531164 ], [ 799370.791853, 6162794.074423 ], [ 799410.866869, 6162603.177745 ], [ 799330.716836, 6161802.797786 ], [ 798942.211813, 6161673.873303 ], [ 798963.362516, 6161146.47523 ], [ 799459.847445, 6161022.583265 ], [ 800121.085221, 6161101.271197 ], [ 800584.174302, 6161069.461095 ], [ 800548.552065, 6160522.011061 ], [ 800361.535321, 6160051.600382 ], [ 801131.866197, 6159566.150337 ], [ 801161.92246, 6158838.027005 ], [ 801308.864187, 6158662.282397 ], [ 801222.034985, 6158608.722854 ], [ 801107.375909, 6157982.7706 ], [ 800875.831368, 6157643.034973 ], [ 800789.002165, 6157249.761835 ], [ 800398.270753, 6157259.802626 ], [ 799920.710137, 6157162.74214 ], [ 799721.448249, 6157017.153479 ], [ 799305.113353, 6156953.563808 ], [ 798842.024271, 6156756.104163 ], [ 798717.346442, 6156592.115723 ], [ 798432.368545, 6156488.36956 ], [ 798518.084553, 6156182.158396 ], [ 798366.690046, 6155815.723395 ], [ 798755.195069, 6155427.553688 ], [ 798906.589576, 6155071.18927 ], [ 798561.499155, 6154868.754131 ], [ 798407.878257, 6154569.292763 ], [ 798006.014896, 6154412.037923 ], [ 797440.511882, 6153665.953336 ], [ 797374.833383, 6153451.842435 ], [ 796985.215165, 6152767.727154 ], [ 796926.215835, 6152426.526309 ], [ 797142.175647, 6152050.217646 ], [ 796990.78114, 6151682.287417 ], [ 796715.821997, 6151361.197616 ], [ 796336.222534, 6151085.270705 ], [ 796106.904383, 6151122.060445 ], [ 795682.777123, 6150953.163398 ], [ 795642.702106, 6150436.459492 ], [ 795486.854819, 6150128.793039 ], [ 795176.27344, 6150090.335511 ], [ 794989.256695, 6149874.642147 ], [ 794925.804585, 6149344.628085 ], [ 794712.071163, 6149162.391095 ], [ 794713.184358, 6148588.955084 ], [ 794385.905055, 6148288.041953 ], [ 794047.493803, 6148135.917679 ], [ 794104.266743, 6147868.452991 ], [ 793995.173642, 6147437.183805 ], [ 794156.586904, 6146487.799618 ], [ 793785.893, 6146329.022058 ], [ 793669.007534, 6145523.480286 ], [ 793700.176992, 6145023.815121 ], [ 793495.349129, 6144495.772628 ], [ 793320.577528, 6144333.690175 ], [ 793222.616376, 6143728.832264 ], [ 792950.996819, 6142948.59532 ], [ 792590.321668, 6142721.387664 ], [ 792081.591596, 6142210.192502 ], [ 792173.986773, 6141784.219869 ], [ 792340.966009, 6141563.72472 ], [ 791799.953284, 6140942.359874 ], [ 791331.298228, 6140736.918522 ], [ 791233.337076, 6140486.386964 ], [ 790987.321001, 6140269.265548 ], [ 791304.58155, 6139791.617827 ], [ 791101.980077, 6139298.967168 ], [ 790760.22924, 6138988.361333 ], [ 790348.347124, 6138375.532349 ], [ 789850.749, 6138203.547361 ], [ 789382.093944, 6137523.990005 ], [ 788789.874253, 6137528.998829 ], [ 788711.950609, 6137353.691703 ], [ 788735.327702, 6136998.079706 ], [ 788521.59428, 6136425.458577 ], [ 788336.803925, 6136091.586387 ], [ 788501.556772, 6135599.148678 ], [ 787870.375259, 6135337.083211 ], [ 788133.089257, 6134479.167044 ], [ 788032.901715, 6134170.405029 ], [ 787681.132124, 6133943.430326 ], [ 787625.472379, 6133623.005695 ], [ 787320.456974, 6133280.898885 ], [ 787159.043713, 6132967.173924 ], [ 787113.402721, 6132353.107274 ], [ 786674.803928, 6131665.67186 ], [ 786461.070505, 6131076.723766 ], [ 786249.563473, 6130926.573508 ], [ 785972.377941, 6130941.588415 ], [ 785765.323688, 6130339.344449 ], [ 785695.192409, 6129793.858076 ], [ 786063.659923, 6129598.692492 ], [ 786546.786513, 6129141.655451 ], [ 786741.595622, 6128769.70535 ], [ 787012.101985, 6128422.788872 ], [ 787456.266753, 6128447.806417 ], [ 787632.151549, 6128384.428778 ], [ 788605.083898, 6128377.757475 ], [ 788642.932525, 6127767.355226 ], [ 788579.480415, 6127208.691838 ], [ 788322.332391, 6126398.277777 ], [ 787775.753692, 6124922.720656 ], [ 787407.286177, 6124899.380551 ], [ 787174.628441, 6124769.343988 ], [ 786872.952621, 6124225.8792 ], [ 786818.406071, 6123807.468139 ], [ 786318.581557, 6123089.048996 ], [ 786051.414779, 6122375.690045 ], [ 785746.399375, 6121920.70472 ], [ 785459.195088, 6121375.754089 ], [ 785265.499174, 6121387.419336 ], [ 785051.765752, 6121077.462454 ], [ 784986.087252, 6120609.215519 ], [ 784535.243315, 6120184.316062 ], [ 784272.529316, 6120066.014471 ], [ 783609.065151, 6119962.710192 ], [ 783399.784509, 6119856.074822 ], [ 783272.880289, 6119601.155018 ], [ 782766.376606, 6119142.984885 ], [ 782553.756379, 6118824.779311 ], [ 782562.661938, 6117850.244093 ], [ 782117.383975, 6117658.681822 ], [ 781783.425502, 6117447.135417 ], [ 781933.706815, 6117084.020686 ], [ 781742.237291, 6116517.72565 ], [ 781845.764417, 6116227.930305 ], [ 781702.162274, 6116084.701739 ], [ 781318.110031, 6116034.738848 ], [ 780948.529321, 6115230.376382 ], [ 780820.511907, 6114825.725654 ], [ 780650.193086, 6114625.905175 ], [ 780537.7604, 6114242.928938 ], [ 780321.800588, 6113993.17104 ], [ 780386.365893, 6113825.004819 ], [ 780775.984111, 6113455.383723 ], [ 780976.359194, 6113180.67566 ], [ 780604.552095, 6112836.054349 ], [ 780248.329724, 6112309.992477 ], [ 780588.967366, 6112136.865246 ], [ 780085.803268, 6111669.106258 ], [ 780067.992149, 6111495.99196 ], [ 779381.150891, 6110480.680348 ], [ 779187.454977, 6110364.176864 ], [ 778904.70347, 6110397.463413 ], [ 778472.783846, 6110279.296751 ], [ 778146.617738, 6110081.246418 ], [ 777866.092621, 6109648.547311 ], [ 777692.434216, 6109493.779467 ], [ 777563.303606, 6109052.78963 ], [ 777356.249353, 6108726.638141 ], [ 777303.929193, 6108488.688498 ], [ 777069.045067, 6108407.154824 ], [ 776506.881639, 6108387.187512 ], [ 775899.077219, 6107927.952149 ], [ 775788.870923, 6107899.666717 ], [ 775683.117407, 6107573.559051 ], [ 775381.441587, 6107285.729416 ], [ 775030.785191, 6107051.147085 ], [ 774878.277488, 6106879.789577 ], [ 774549.884991, 6107012.88249 ], [ 774211.473739, 6107353.942503 ], [ 773994.400731, 6107343.960066 ], [ 773427.784523, 6106979.609068 ], [ 772982.50656, 6106774.98036 ], [ 772931.299594, 6106515.458283 ], [ 772995.864899, 6106099.573883 ], [ 772906.809306, 6105721.968302 ], [ 773006.996848, 6105524.023115 ], [ 772951.337103, 6105209.648963 ], [ 773124.995508, 6104742.267407 ], [ 772779.905087, 6104328.132061 ], [ 772763.207163, 6104158.492025 ], [ 772973.601001, 6103681.189515 ], [ 772813.300934, 6103503.247286 ], [ 772823.319688, 6103277.083048 ], [ 772442.60703, 6103150.699744 ], [ 772455.965369, 6102738.30401 ], [ 772267.835429, 6102720.012723 ], [ 771869.311652, 6102532.113571 ], [ 771519.768451, 6102186.256856 ], [ 771524.221231, 6101743.979624 ], [ 771324.959342, 6101657.522075 ], [ 771219.205826, 6101394.829479 ], [ 771314.940588, 6101248.523164 ], [ 771249.262088, 6100989.168093 ], [ 771228.111385, 6100503.729654 ], [ 770934.22793, 6100214.47459 ], [ 771053.339785, 6099817.180354 ], [ 770925.32237, 6099532.935087 ], [ 770723.834092, 6099281.942702 ], [ 770731.626456, 6098899.650514 ], [ 770858.530676, 6098695.214283 ], [ 770578.005559, 6098452.556454 ], [ 770564.64722, 6098213.229421 ], [ 770416.592297, 6098115.173742 ], [ 770267.42418, 6097599.984331 ], [ 770492.289551, 6097350.710225 ], [ 770649.250033, 6096973.489165 ], [ 770475.591627, 6096699.308042 ], [ 770634.778499, 6096345.378076 ], [ 770899.718887, 6096150.972045 ], [ 770934.22793, 6095856.878975 ], [ 770810.663295, 6095536.212693 ], [ 770965.397387, 6095376.714751 ], [ 770969.850167, 6095188.976175 ], [ 770790.625786, 6094788.591677 ], [ 770323.083925, 6094330.082969 ], [ 769911.201809, 6093800.170412 ], [ 769570.564167, 6093453.00404 ], [ 769625.110718, 6093232.087287 ], [ 770034.766444, 6092963.008388 ], [ 770274.103349, 6093104.19071 ], [ 770629.212525, 6093039.412651 ], [ 770991.00087, 6093107.512675 ], [ 771114.565505, 6092815.184677 ], [ 771113.45231, 6092285.365522 ], [ 771307.148224, 6091876.812553 ], [ 770939.793904, 6091219.182711 ], [ 770506.761085, 6090943.524561 ], [ 770147.19913, 6090777.469702 ], [ 769994.691427, 6090584.850084 ], [ 770065.935901, 6090163.094612 ], [ 770159.444274, 6089968.828384 ], [ 769675.204489, 6089586.950304 ], [ 769217.681382, 6089308.023993 ], [ 768583.160284, 6089022.465954 ], [ 768127.863567, 6088771.780378 ], [ 767759.396052, 6088712.015359 ], [ 767898.545416, 6088008.147511 ], [ 767815.055798, 6087855.429076 ], [ 767861.809984, 6087621.376739 ], [ 768087.78855, 6087556.639983 ], [ 768887.062494, 6087584.858509 ], [ 769184.285534, 6087186.487895 ], [ 768947.175019, 6086922.577527 ], [ 768628.801275, 6086852.866707 ], [ 768654.404758, 6086252.049252 ], [ 768851.440257, 6085800.633921 ], [ 769039.570196, 6085579.913727 ], [ 768898.194443, 6085468.726001 ], [ 768917.118756, 6084756.826714 ], [ 768831.402748, 6084448.189392 ], [ 768883.722909, 6084255.711507 ], [ 769088.550772, 6084154.496417 ], [ 769354.604355, 6084186.022301 ], [ 769739.769793, 6083633.506435 ], [ 769857.768454, 6083378.000589 ], [ 770119.369257, 6083147.388192 ], [ 770031.426859, 6082777.425823 ], [ 770157.217884, 6082638.071926 ], [ 770336.442264, 6081984.465915 ], [ 770170.576223, 6081836.830824 ], [ 769980.219893, 6081503.417074 ], [ 769709.713531, 6081349.155382 ], [ 768932.703485, 6081296.07673 ], [ 768425.086607, 6080771.942624 ], [ 768142.3351, 6080337.399948 ], [ 767832.866916, 6080045.50574 ], [ 767836.206501, 6079597.732735 ], [ 767669.227265, 6079111.842466 ], [ 767220.609717, 6079201.390146 ], [ 766835.444279, 6079222.94806 ], [ 766432.467722, 6078894.610299 ], [ 765913.718895, 6078904.559744 ], [ 765594.231956, 6078637.586954 ], [ 765307.02767, 6078481.718472 ], [ 764498.848167, 6078529.805256 ], [ 764027.966721, 6078145.118508 ], [ 763573.783198, 6077617.860299 ], [ 763366.728945, 6077495.169626 ], [ 762928.130152, 6077634.440254 ], [ 762791.207178, 6077738.894705 ], [ 762551.870273, 6077700.760393 ], [ 762113.271479, 6077450.404545 ], [ 761768.181058, 6077798.583531 ], [ 761349.619772, 6077753.816873 ], [ 760970.020309, 6077253.109372 ], [ 760784.116759, 6076742.484041 ], [ 760573.722921, 6076560.125193 ], [ 760028.257417, 6076291.567378 ], [ 759626.394055, 6076009.756459 ], [ 759592.998208, 6075809.179013 ], [ 759285.756413, 6076057.829434 ], [ 759296.888362, 6076251.781748 ], [ 759039.740338, 6076573.387525 ], [ 758790.384679, 6076773.982779 ], [ 758474.237325, 6076822.060022 ], [ 758207.070547, 6076956.346158 ], [ 758220.428886, 6077208.34555 ], [ 757868.659295, 6077304.505158 ], [ 757607.058492, 6077566.462642 ], [ 757373.287561, 6077631.124261 ], [ 757011.499216, 6077934.54296 ], [ 756963.631835, 6078189.887203 ], [ 756633.012947, 6078360.673619 ], [ 756157.678722, 6078529.805256 ], [ 755684.570886, 6079363.904983 ], [ 755901.643893, 6079650.800911 ], [ 756046.359231, 6080239.547945 ], [ 756143.207188, 6080360.619231 ], [ 756107.584951, 6080645.889817 ], [ 755819.26747, 6081088.741384 ], [ 755638.929895, 6081188.261727 ], [ 755301.631837, 6081820.24277 ], [ 755036.691449, 6082148.692196 ], [ 754719.430901, 6082062.431537 ], [ 753984.722261, 6082238.271489 ], [ 753650.763789, 6082264.813681 ], [ 753017.355886, 6082510.332837 ], [ 752949.450997, 6083149.047252 ], [ 752593.228626, 6083309.977584 ], [ 752080.045774, 6083459.29708 ], [ 751923.085292, 6083333.204891 ], [ 751396.5441, 6083512.389081 ], [ 751099.32106, 6083522.343868 ], [ 750883.361248, 6083781.172366 ], [ 750455.894403, 6083885.701467 ], [ 750287.801972, 6083799.423387 ], [ 750052.917847, 6083872.42786 ], [ 749940.485161, 6084229.163172 ], [ 749764.600365, 6084411.684634 ], [ 749498.546782, 6084471.419772 ], [ 749246.964733, 6084627.396811 ], [ 749204.663327, 6084937.69997 ], [ 748843.988177, 6085158.403682 ], [ 748591.292932, 6085179.976529 ], [ 748395.370629, 6085450.471437 ], [ 747962.337809, 6085684.464692 ], [ 747389.042432, 6085926.76229 ], [ 747035.046451, 6086125.916112 ], [ 746869.18041, 6086502.661374 ], [ 746528.542768, 6086678.592128 ], [ 746397.185769, 6086983.989908 ], [ 746156.735669, 6087199.766618 ], [ 745494.384699, 6087364.092514 ], [ 745143.728303, 6087637.975985 ], [ 745004.578939, 6087830.529588 ], [ 744692.884365, 6087976.607612 ], [ 744638.337814, 6088182.449039 ], [ 744269.8703, 6088285.371601 ], [ 744013.835471, 6088627.348961 ], [ 743215.674722, 6088619.048378 ], [ 742695.8127, 6089052.34949 ], [ 742159.252754, 6089201.768731 ], [ 741820.841502, 6089542.122251 ], [ 741719.540766, 6089756.302838 ], [ 741528.071242, 6089915.696505 ], [ 741174.075261, 6089987.092543 ], [ 740808.947331, 6090412.160302 ], [ 740234.538759, 6090526.732943 ], [ 739876.089998, 6090770.827574 ], [ 739577.753763, 6091069.7284 ], [ 739082.382029, 6091943.242608 ], [ 739135.815384, 6092253.809926 ], [ 739374.039095, 6093183.918223 ], [ 738961.043784, 6093549.345455 ], [ 738634.877676, 6093604.16088 ], [ 738391.087991, 6093791.864832 ], [ 738196.278882, 6094160.64029 ], [ 737941.357248, 6094413.144326 ], [ 738127.260798, 6094823.479211 ], [ 738081.619807, 6094944.756026 ], [ 737755.453699, 6095232.172299 ], [ 737167.686787, 6095272.045836 ], [ 736773.61579, 6095451.479043 ], [ 736100.132871, 6096220.758319 ], [ 735894.191813, 6096674.382919 ], [ 735545.761806, 6097156.281443 ], [ 735529.063883, 6097508.582986 ], [ 735165.049148, 6097678.091707 ], [ 735030.352564, 6097663.13492 ], [ 733966.138232, 6097309.165243 ], [ 733569.840845, 6097285.900142 ], [ 733442.936625, 6097142.987328 ], [ 732919.735019, 6096880.432773 ], [ 732876.320417, 6096739.188389 ], [ 732441.061208, 6096546.435094 ], [ 732238.459735, 6096385.25678 ], [ 731676.296306, 6096199.157745 ], [ 731177.584988, 6095963.21655 ], [ 730636.572262, 6095448.156172 ], [ 730361.61312, 6094923.158659 ], [ 730192.407494, 6094273.601705 ], [ 729537.848888, 6093044.395561 ], [ 729368.643262, 6092806.880049 ], [ 729393.13355, 6092155.822234 ], [ 728636.161013, 6091807.061548 ], [ 728470.294972, 6091637.668607 ], [ 728532.633886, 6091126.188612 ], [ 728475.860946, 6090747.580168 ], [ 728131.88372, 6090593.152564 ], [ 727799.038442, 6090656.25168 ], [ 727460.62719, 6090465.29525 ], [ 726309.583655, 6090272.682627 ], [ 725936.663361, 6090262.720022 ], [ 724690.998259, 6089812.754423 ], [ 723934.025722, 6089606.873959 ], [ 723266.108777, 6089223.351725 ], [ 722898.754457, 6088921.194742 ], [ 721946.972811, 6088381.655113 ], [ 721488.336509, 6088024.747504 ], [ 721156.604426, 6087817.249891 ], [ 721004.096724, 6088177.468946 ], [ 720883.871674, 6088296.991968 ], [ 720692.40215, 6088740.237677 ], [ 721084.246757, 6088889.651493 ], [ 721125.434969, 6089078.912721 ], [ 720512.064575, 6089160.263126 ], [ 719738.394114, 6089754.642502 ], [ 719378.832158, 6090139.84885 ], [ 719222.984871, 6090581.529094 ], [ 718934.66739, 6091200.915934 ], [ 718674.179782, 6091358.675746 ], [ 718830.027069, 6091753.918305 ], [ 719172.8911, 6092468.058093 ], [ 719505.736378, 6092571.03198 ], [ 719249.701549, 6092958.025525 ], [ 719428.925929, 6093112.495625 ], [ 718993.66672, 6093315.138032 ], [ 718876.781255, 6093642.365777 ], [ 718334.655335, 6093559.31187 ], [ 717917.207244, 6093843.359554 ], [ 717737.982864, 6094122.433089 ], [ 717798.095389, 6094574.285649 ], [ 717507.551518, 6094994.596309 ], [ 717282.686147, 6095125.843771 ], [ 717036.670072, 6095408.281817 ], [ 717001.047835, 6095717.312905 ], [ 716485.638593, 6096297.191556 ], [ 716543.524728, 6096383.595163 ], [ 716354.281594, 6096916.990521 ], [ 716310.866992, 6097352.372028 ], [ 715998.059223, 6097511.906654 ], [ 715754.269538, 6097428.815333 ], [ 715198.785279, 6097493.626494 ], [ 714474.095394, 6097322.459616 ], [ 714156.834845, 6097420.506245 ], [ 713382.051189, 6097408.873536 ], [ 713260.712944, 6097669.782378 ], [ 713308.580326, 6098018.781116 ], [ 713264.052529, 6098297.990316 ], [ 713093.733708, 6098472.500675 ], [ 713041.413548, 6099057.551746 ], [ 712370.157018, 6099363.389758 ], [ 711833.597072, 6099375.025115 ], [ 711575.335854, 6099574.490826 ], [ 711369.394796, 6100071.513041 ], [ 711446.205245, 6100262.683091 ], [ 711212.434314, 6100334.165159 ], [ 710792.759834, 6100034.941864 ], [ 710281.803371, 6099956.813054 ], [ 709999.051864, 6099978.423079 ], [ 709623.90518, 6100207.825163 ], [ 708677.689509, 6100525.341056 ], [ 708164.506656, 6100425.596579 ], [ 708095.488572, 6099956.813054 ], [ 707858.378056, 6099842.114598 ], [ 707585.645304, 6100058.214413 ], [ 707283.969484, 6099983.410016 ], [ 707133.688171, 6099827.154043 ], [ 706692.862988, 6099662.589656 ], [ 706353.338541, 6099283.604879 ], [ 705650.912554, 6099281.942702 ], [ 705244.596412, 6099511.326183 ], [ 704617.867679, 6099192.185616 ], [ 704040.119522, 6098420.9782 ], [ 703903.196548, 6098346.188061 ], [ 703435.654687, 6098563.912278 ], [ 702737.68148, 6098449.232422 ], [ 702379.232719, 6098587.180841 ], [ 702124.311086, 6098562.25024 ], [ 701436.356632, 6099150.631727 ], [ 701231.528769, 6099200.496418 ], [ 700863.061255, 6099458.135265 ], [ 700097.183158, 6099511.326183 ], [ 699610.716983, 6099326.821597 ], [ 698789.179141, 6099173.90188 ], [ 698592.143643, 6098936.216857 ], [ 697632.569632, 6098259.764711 ], [ 697189.518059, 6097899.122808 ], [ 695832.533466, 6096724.233237 ], [ 694994.2977, 6096818.949638 ], [ 694488.907212, 6096395.226485 ], [ 694481.114848, 6095790.418659 ], [ 694409.870374, 6095689.067667 ], [ 693023.942713, 6096034.662848 ], [ 692314.837557, 6096174.234074 ], [ 692259.177811, 6095929.985917 ], [ 692055.463143, 6095732.266304 ], [ 691958.615186, 6095429.880403 ], [ 691786.069976, 6095280.352846 ], [ 691291.811436, 6095365.084809 ], [ 690761.93066, 6095557.811601 ], [ 690776.402194, 6096116.079121 ], [ 691108.134277, 6096810.64114 ], [ 691104.794692, 6097207.796333 ], [ 690962.305744, 6097468.699067 ], [ 691078.078014, 6098002.161807 ], [ 690839.854304, 6098028.752717 ], [ 690244.295028, 6098214.891391 ], [ 689860.242785, 6098115.173742 ], [ 689795.67748, 6098469.176635 ], [ 689888.072658, 6098838.152925 ], [ 689166.722357, 6099197.172096 ], [ 688846.122224, 6099225.428872 ], [ 688693.614521, 6099129.023785 ], [ 688348.5241, 6099384.99829 ], [ 688179.318474, 6099587.788704 ], [ 687991.188534, 6099567.841894 ], [ 687897.680162, 6099333.470342 ], [ 687533.665427, 6099050.903215 ], [ 687273.177819, 6098914.609453 ], [ 686957.030465, 6099004.363638 ], [ 686616.392823, 6098931.230528 ], [ 686281.321156, 6099247.037057 ], [ 685959.607827, 6099667.576409 ], [ 685811.552905, 6099988.396955 ], [ 685804.873735, 6100947.605509 ], [ 685400.783984, 6101521.18694 ], [ 685201.522095, 6101290.087204 ], [ 685234.917942, 6101042.368495 ], [ 684686.112853, 6101113.857053 ], [ 684593.717675, 6101187.008752 ], [ 684553.642659, 6101622.606774 ], [ 684719.5087, 6101958.464609 ], [ 685414.142323, 6102269.394217 ], [ 685768.138303, 6102340.892992 ], [ 686026.399522, 6102304.312149 ], [ 686234.56697, 6102382.462321 ], [ 686145.511377, 6102741.629703 ], [ 686272.415597, 6102884.635713 ], [ 686225.66141, 6103150.699744 ], [ 685935.117539, 6103298.701431 ], [ 685555.518076, 6103945.615153 ], [ 685458.670119, 6104273.248153 ], [ 685782.609837, 6105088.227109 ], [ 685679.082711, 6105572.261437 ], [ 685430.840246, 6105538.9936 ], [ 684909.865029, 6105879.995048 ], [ 684935.468512, 6106265.925225 ], [ 684884.261546, 6106585.328839 ], [ 684986.675478, 6107029.51925 ], [ 685189.276951, 6107333.977641 ], [ 685310.615196, 6107829.785459 ], [ 685289.464493, 6108009.481271 ], [ 684847.526114, 6108443.761684 ], [ 684550.303074, 6108937.969579 ], [ 684432.304414, 6109259.13677 ], [ 684158.458466, 6109488.787002 ], [ 683831.179163, 6109503.764405 ], [ 683346.939378, 6109715.114984 ], [ 683127.639982, 6110077.91788 ], [ 682877.171127, 6110194.417477 ], [ 682745.814128, 6110560.569366 ], [ 682544.32585, 6110861.824227 ], [ 682257.121564, 6110643.787883 ], [ 681619.260881, 6110279.296751 ], [ 681179.548893, 6110141.160322 ], [ 680980.287004, 6110174.446005 ], [ 680573.970863, 6109804.982162 ], [ 680319.049229, 6109314.052571 ], [ 680085.278298, 6109109.368191 ], [ 680076.372739, 6108929.649346 ], [ 678797.31179, 6109357.319813 ], [ 676912.672811, 6108982.898981 ], [ 676017.664105, 6109483.794541 ], [ 675659.215344, 6109162.618941 ], [ 675408.74649, 6109062.774054 ], [ 674884.431688, 6108736.622186 ], [ 674118.553592, 6108322.294067 ], [ 673417.2408, 6108019.464482 ], [ 672501.081391, 6107590.196897 ], [ 671882.145022, 6106999.573106 ], [ 671535.941405, 6106625.255127 ], [ 671355.60383, 6105944.870029 ], [ 671506.998338, 6105502.399127 ], [ 671496.979584, 6105294.478949 ], [ 670691.02647, 6105452.497825 ], [ 670664.309792, 6104712.329242 ], [ 670252.427676, 6104694.033749 ], [ 670032.015085, 6104772.205676 ], [ 669939.619907, 6104230.006533 ], [ 670440.557616, 6103779.30877 ], [ 670558.556276, 6103894.05983 ], [ 670821.270274, 6103769.33049 ], [ 670467.274294, 6103074.205491 ], [ 670211.239465, 6102846.389686 ], [ 669841.658755, 6102281.033512 ], [ 670027.562305, 6101815.474024 ], [ 669594.529486, 6101948.488445 ], [ 669268.363378, 6102172.954953 ], [ 669095.818167, 6101837.088727 ], [ 668971.140337, 6101378.203636 ], [ 668722.897873, 6101165.395685 ], [ 668611.578382, 6100871.130879 ], [ 668692.84161, 6100688.259526 ], [ 668948.876439, 6100450.532589 ], [ 668915.480592, 6100347.464214 ], [ 668503.598476, 6099843.776884 ], [ 668168.526809, 6099552.881817 ], [ 667862.398209, 6099702.483763 ], [ 667579.646703, 6099707.47054 ], [ 667448.289703, 6099923.566967 ], [ 667149.953468, 6099757.338463 ], [ 667074.256214, 6099880.347246 ], [ 666733.618573, 6099642.642672 ], [ 666507.640006, 6099908.60627 ], [ 666133.606517, 6099572.828592 ], [ 665900.948781, 6099845.43917 ], [ 665343.238133, 6099744.040322 ], [ 665214.107523, 6099855.412891 ], [ 664664.189239, 6099739.053525 ], [ 664675.321188, 6099483.068467 ], [ 664457.134986, 6098311.286219 ], [ 664454.908596, 6098110.18789 ], [ 663877.160439, 6097844.279974 ], [ 663499.787365, 6097467.037241 ], [ 663524.277653, 6097307.503448 ], [ 663126.867071, 6096772.422153 ], [ 662763.965531, 6096385.25678 ], [ 662440.025813, 6096280.575577 ], [ 662283.065331, 6096122.725381 ], [ 662087.143027, 6096244.020537 ], [ 661394.735794, 6096262.298037 ], [ 660959.476585, 6096350.362904 ], [ 660729.045239, 6096202.480907 ], [ 660574.311147, 6096420.150798 ], [ 659945.356024, 6096514.863846 ], [ 660291.55964, 6096925.299122 ], [ 660392.860377, 6097176.222654 ], [ 660339.427021, 6097500.273821 ], [ 660490.821529, 6097515.230324 ], [ 660569.858367, 6097794.423156 ], [ 660938.325882, 6098196.609735 ], [ 661004.004381, 6098801.586999 ], [ 661441.48998, 6098937.878967 ], [ 661955.786028, 6099399.958075 ], [ 661978.049926, 6099705.808281 ], [ 662135.010408, 6099720.768624 ], [ 662553.571693, 6100382.374332 ], [ 662776.210675, 6100372.399998 ], [ 662820.738471, 6100541.965248 ], [ 663124.640681, 6100962.568016 ], [ 663410.731772, 6101173.708397 ], [ 663478.636662, 6101537.81306 ], [ 663294.959502, 6101612.630999 ], [ 663332.808129, 6101946.825752 ], [ 662300.876449, 6102354.195155 ], [ 662324.253542, 6102877.984218 ], [ 662071.558298, 6103398.479288 ], [ 661705.317173, 6103534.844235 ], [ 661624.053945, 6103396.816314 ], [ 661178.775982, 6103438.390756 ], [ 660891.571696, 6103361.893939 ], [ 660573.197952, 6102936.184975 ], [ 660401.765936, 6103077.531314 ], [ 660026.619252, 6102728.326939 ], [ 659294.137003, 6102194.570556 ], [ 659202.85502, 6101995.043979 ], [ 658911.197954, 6101664.172625 ], [ 658881.141692, 6101343.28947 ], [ 658719.72843, 6101238.547824 ], [ 658944.593802, 6100914.355586 ], [ 659064.818852, 6099637.655933 ], [ 658878.915302, 6099660.927406 ], [ 658852.198624, 6099205.482903 ], [ 658710.822871, 6098575.546552 ], [ 658793.199294, 6098101.878143 ], [ 658431.410949, 6097998.837949 ], [ 658119.716375, 6098028.752717 ], [ 657323.782016, 6097899.122808 ], [ 656797.240824, 6097668.120513 ], [ 656516.715708, 6097217.766992 ], [ 656250.662125, 6096968.503976 ], [ 655994.627296, 6096403.534581 ], [ 656052.513431, 6096192.511426 ], [ 656278.491997, 6096092.81725 ], [ 656368.660785, 6095929.985917 ], [ 656471.074716, 6095380.037595 ], [ 656064.758575, 6095120.859653 ], [ 655728.573713, 6094800.220839 ], [ 655085.147056, 6094560.995528 ], [ 655087.373446, 6095135.812014 ], [ 654910.375455, 6095353.454882 ], [ 654746.735804, 6095346.809217 ], [ 654720.019126, 6095720.63588 ], [ 654391.626628, 6095886.786285 ], [ 654327.061324, 6096112.755992 ], [ 654125.573045, 6096285.560367 ], [ 654034.291063, 6096574.683151 ], [ 653778.256234, 6096526.495345 ], [ 653416.467889, 6096767.43708 ], [ 653424.260253, 6096923.637401 ], [ 653294.016449, 6097708.005357 ], [ 652715.155097, 6097905.770448 ], [ 652572.666149, 6097905.770448 ], [ 652057.256906, 6097719.638472 ], [ 652008.27633, 6098289.680387 ], [ 651669.865078, 6098723.469407 ], [ 651488.414308, 6099188.861298 ], [ 651680.997027, 6099313.524122 ], [ 651621.997697, 6099511.326183 ], [ 651314.755903, 6099808.868955 ], [ 651173.380149, 6100300.917611 ], [ 651253.530183, 6100403.985428 ], [ 651116.607209, 6100894.405694 ], [ 651161.135005, 6101050.681087 ], [ 651689.902587, 6101168.720769 ], [ 651615.318528, 6101845.402089 ], [ 651070.966218, 6101705.738678 ], [ 650843.874457, 6101783.883402 ], [ 650749.25289, 6101996.706681 ], [ 650796.007076, 6102384.125098 ], [ 650755.932059, 6102813.13241 ], [ 650417.520807, 6102789.852394 ], [ 650397.483299, 6102626.894045 ], [ 650165.938758, 6102134.712096 ], [ 650093.581089, 6101547.788748 ], [ 650157.033198, 6101275.124126 ], [ 650109.165817, 6101037.380943 ], [ 649913.243514, 6100829.568866 ], [ 649798.584438, 6100580.201012 ], [ 649168.51612, 6099830.478609 ], [ 648834.557648, 6099725.755412 ], [ 648754.407614, 6099930.216174 ], [ 648190.017796, 6099970.111524 ], [ 647625.627978, 6099868.711205 ], [ 647079.049278, 6099481.406251 ], [ 646888.692949, 6099399.958075 ], [ 646935.447135, 6099122.375198 ], [ 646595.922688, 6099002.701515 ], [ 646692.770645, 6098324.582142 ], [ 646239.700317, 6098037.062393 ], [ 646094.984979, 6098118.497645 ], [ 646058.249547, 6098487.458871 ], [ 645445.992348, 6098627.069954 ], [ 645126.50541, 6098507.403172 ], [ 645037.449817, 6098846.463384 ], [ 644683.453836, 6098765.021229 ], [ 644237.062678, 6098972.783355 ], [ 644361.740508, 6099243.712717 ], [ 644150.233475, 6099559.530737 ], [ 644222.591144, 6099667.576409 ], [ 644117.950823, 6100001.695475 ], [ 643942.066027, 6100249.384167 ], [ 643873.047943, 6100535.315567 ], [ 644084.554976, 6100945.94301 ], [ 643954.311171, 6101363.240405 ], [ 643799.577079, 6101414.780534 ], [ 643467.844997, 6101848.727436 ], [ 643539.089471, 6101943.500367 ], [ 643494.561675, 6102304.312149 ], [ 643320.903269, 6102573.683825 ], [ 643352.072726, 6102954.476723 ], [ 643258.564354, 6103197.261798 ], [ 643886.406282, 6103722.765334 ], [ 644014.423697, 6103741.058758 ], [ 644355.061338, 6104220.027729 ], [ 644891.621284, 6104704.013104 ], [ 644763.60387, 6105010.052303 ], [ 644890.508089, 6105176.382531 ], [ 645094.222757, 6105758.563711 ], [ 645059.713715, 6106523.776177 ], [ 644280.47728, 6107104.385066 ], [ 644182.516128, 6107244.136337 ], [ 644123.516797, 6107613.489936 ], [ 644259.326576, 6108011.145139 ], [ 644050.045934, 6109002.86768 ], [ 643768.407622, 6109420.556944 ], [ 643571.372123, 6110013.011648 ], [ 643503.467234, 6110337.547719 ], [ 643334.261608, 6110568.891181 ], [ 643028.133008, 6110583.870469 ], [ 642991.397576, 6110930.065748 ], [ 643176.187931, 6112073.608091 ], [ 643087.132338, 6112431.516563 ], [ 642875.625306, 6112041.979688 ], [ 642373.574402, 6111832.23639 ], [ 641934.975608, 6111882.174805 ], [ 641701.204678, 6111832.23639 ], [ 641691.185924, 6112641.274515 ], [ 641418.453171, 6112721.183655 ], [ 641233.662816, 6113102.427094 ], [ 640883.00642, 6113298.882294 ], [ 640545.708363, 6113620.212785 ], [ 639964.620621, 6113968.19565 ], [ 639765.358733, 6114216.287749 ], [ 639750.887199, 6114397.782488 ], [ 639513.776684, 6114805.743396 ], [ 638978.329933, 6115195.405812 ], [ 638523.033216, 6115048.864023 ], [ 637521.157799, 6114516.005897 ], [ 637308.537571, 6114241.263861 ], [ 636807.599863, 6114217.952821 ], [ 636828.750566, 6114725.814833 ], [ 636776.430405, 6115401.900765 ], [ 636889.976286, 6115630.050165 ], [ 636421.32123, 6116054.72397 ], [ 636238.757265, 6116827.517712 ], [ 635841.346682, 6117143.983526 ], [ 635515.180574, 6117735.306217 ], [ 635099.958874, 6117798.605147 ], [ 634381.948158, 6117973.512514 ], [ 634364.13704, 6118423.290701 ], [ 634167.101541, 6118919.739947 ], [ 634202.723778, 6119216.290461 ], [ 634164.875151, 6119712.785633 ], [ 633894.368788, 6119664.467726 ], [ 633649.465909, 6119382.896373 ], [ 633233.131013, 6119407.88754 ], [ 632389.329273, 6120314.283072 ], [ 631745.902616, 6120490.908064 ], [ 631762.60054, 6120011.02978 ], [ 631551.093507, 6119967.708757 ], [ 631393.01983, 6120101.004912 ], [ 631161.47529, 6120470.912599 ], [ 630956.647426, 6120390.931206 ], [ 630838.648766, 6120792.511984 ], [ 630641.613268, 6120875.829855 ], [ 630404.502752, 6120789.179287 ], [ 630300.975626, 6120987.477072 ], [ 629899.112264, 6120997.475401 ], [ 629793.358748, 6121209.109438 ], [ 629309.118963, 6120849.168049 ], [ 629267.930751, 6120235.969381 ], [ 629392.608581, 6120179.31737 ], [ 629426.004428, 6119922.721773 ], [ 629567.380181, 6119707.787217 ], [ 629807.830281, 6119562.834396 ], [ 629887.980315, 6119341.244592 ], [ 630137.335974, 6119046.355766 ], [ 630210.806838, 6118839.773026 ], [ 629920.262967, 6118686.505177 ], [ 629971.469933, 6118318.340347 ], [ 629614.134367, 6118363.318912 ], [ 629169.969599, 6118621.533764 ], [ 628787.030551, 6118766.470669 ], [ 628578.863103, 6118961.389681 ], [ 628477.562366, 6119369.567781 ], [ 628593.334637, 6119486.193665 ], [ 628409.657477, 6119726.114759 ], [ 628492.0339, 6119894.396755 ], [ 628306.130351, 6120097.672483 ], [ 628097.962903, 6119962.710192 ], [ 627945.455201, 6120247.633077 ], [ 627470.120975, 6120507.570987 ], [ 627255.274358, 6120352.607053 ], [ 626787.732496, 6120839.169892 ], [ 626618.52687, 6120910.823603 ], [ 626795.524861, 6121187.445871 ], [ 627141.728477, 6121399.084599 ], [ 627204.067392, 6121644.058785 ], [ 627160.65279, 6121877.374044 ], [ 627443.404297, 6121844.042904 ], [ 627504.630017, 6121510.738632 ], [ 627705.0051, 6121637.392728 ], [ 627573.648101, 6122085.696607 ], [ 627762.891236, 6122655.693021 ], [ 627643.77938, 6122690.694036 ], [ 627556.950178, 6123114.05097 ], [ 628203.716419, 6123529.094409 ], [ 628170.320572, 6123674.114326 ], [ 628714.672882, 6124137.527752 ], [ 628887.218093, 6124349.239348 ], [ 629059.763303, 6124349.239348 ], [ 629335.835641, 6124680.986937 ], [ 629608.568393, 6124617.637159 ], [ 629686.492037, 6124485.937804 ], [ 630903.214071, 6124600.966242 ], [ 631331.79411, 6124851.033393 ], [ 631417.510118, 6125081.101618 ], [ 631142.550976, 6125317.844937 ], [ 631219.361425, 6125569.60029 ], [ 630947.741867, 6125671.304882 ], [ 630993.382858, 6126044.787839 ], [ 630909.89324, 6126196.519941 ], [ 630444.577769, 6126143.163291 ], [ 630245.31588, 6126044.787839 ], [ 630244.202685, 6126368.263914 ], [ 629988.167857, 6126514.999356 ], [ 629775.547629, 6127116.974465 ], [ 629987.054662, 6127198.686259 ], [ 630268.692973, 6127448.829247 ], [ 630208.580448, 6127638.942804 ], [ 630347.729812, 6128307.709106 ], [ 630689.480649, 6128391.100086 ], [ 631066.853722, 6129019.894222 ], [ 631424.189288, 6128974.859686 ], [ 631976.333962, 6129627.049609 ], [ 631940.711725, 6129847.237472 ], [ 631719.185938, 6129945.656605 ], [ 631803.788751, 6130152.507283 ], [ 631806.015141, 6130464.460901 ], [ 631946.2777, 6131031.678412 ], [ 632775.607906, 6131018.331686 ], [ 632862.437109, 6131288.606942 ], [ 632891.380176, 6131949.315707 ], [ 632434.970264, 6131972.675031 ], [ 632797.871804, 6132438.206273 ], [ 632846.85238, 6132683.496357 ], [ 632744.438449, 6132920.449913 ], [ 632777.834296, 6133347.65036 ], [ 632870.229473, 6133769.865495 ], [ 633014.944811, 6134011.855889 ], [ 633056.133023, 6134604.344006 ], [ 632676.533559, 6135213.56469 ], [ 632672.08078, 6135792.781821 ], [ 632254.632689, 6136734.301949 ], [ 632728.85372, 6136789.3941 ], [ 633100.660819, 6136901.248952 ], [ 633550.391562, 6137413.796599 ], [ 633533.693638, 6137550.703771 ], [ 633720.710383, 6137737.702472 ], [ 634009.027864, 6138191.859186 ], [ 634158.195982, 6138335.457868 ], [ 634429.815539, 6138398.909217 ], [ 634723.698995, 6138595.945349 ], [ 635645.424379, 6138428.965283 ], [ 635824.648759, 6138594.275533 ], [ 635961.571733, 6138460.691245 ], [ 636261.021163, 6138479.05896 ], [ 636400.170526, 6138382.211448 ], [ 636621.696313, 6138499.096514 ], [ 636885.523506, 6138525.813324 ], [ 637206.12364, 6138654.389142 ], [ 637542.308502, 6138467.370409 ], [ 637969.775346, 6138472.379786 ], [ 638008.737168, 6139198.770505 ], [ 637867.361415, 6139911.862294 ], [ 637618.005756, 6140057.159947 ], [ 637482.195977, 6140379.495732 ], [ 637192.765301, 6140788.695959 ], [ 636876.617947, 6141358.268446 ], [ 636709.638711, 6141922.867456 ], [ 636674.016474, 6142338.823703 ], [ 636551.565034, 6142614.468502 ], [ 636355.64273, 6142751.458919 ], [ 636223.172536, 6143012.080891 ], [ 635871.402945, 6143207.552582 ], [ 635727.800802, 6143521.653201 ], [ 635081.03456, 6143986.14228 ], [ 634644.662156, 6144462.353314 ], [ 634238.346015, 6144766.473884 ], [ 633676.182587, 6145483.372305 ], [ 633463.562359, 6145603.696812 ], [ 633161.886539, 6145902.84424 ], [ 632610.85506, 6145670.544491 ], [ 632449.441798, 6145363.049492 ], [ 632007.50342, 6145033.841559 ], [ 631858.335302, 6145070.605268 ], [ 630380.012464, 6146096.710732 ], [ 630017.110924, 6146195.316927 ], [ 629733.246223, 6146417.602859 ], [ 628488.694316, 6146863.863493 ], [ 628012.246895, 6147168.069483 ], [ 627942.115616, 6147268.359545 ], [ 628070.13303, 6147759.797852 ], [ 628071.246225, 6147993.826022 ], [ 628382.940799, 6148797.928767 ], [ 628800.38889, 6149187.469349 ], [ 629080.914007, 6149648.922362 ], [ 629176.648769, 6150080.303141 ], [ 629164.403625, 6150337.804369 ], [ 629279.0627, 6150896.307717 ], [ 629379.250242, 6151643.822899 ], [ 628984.06605, 6151866.250552 ], [ 628503.165849, 6152195.721697 ], [ 628211.508783, 6152734.275488 ], [ 627819.664176, 6153037.017831 ], [ 626703.129683, 6153773.010798 ], [ 625528.709055, 6154733.242379 ], [ 624868.584475, 6155419.188156 ], [ 624686.02051, 6155541.325741 ], [ 624377.665521, 6155026.017377 ], [ 623831.086821, 6154709.820813 ], [ 623239.980325, 6154209.618401 ], [ 623049.623995, 6153819.84886 ], [ 622617.704371, 6153356.497901 ], [ 622362.782737, 6152884.809015 ], [ 622151.275705, 6152826.267884 ], [ 622100.068739, 6153204.283394 ], [ 621954.240206, 6153475.260554 ], [ 621682.620648, 6153773.010798 ], [ 620724.159833, 6154920.617222 ], [ 620238.806853, 6155656.77246 ], [ 619950.489372, 6155941.213064 ], [ 619336.005783, 6156659.0494 ], [ 618780.521523, 6157361.884671 ], [ 618345.262314, 6157567.725949 ], [ 617991.266334, 6158036.326218 ], [ 617587.176582, 6158797.85649 ], [ 617129.653475, 6159502.541687 ], [ 616542.999759, 6159828.959522 ], [ 616412.755954, 6159977.944117 ], [ 616418.321929, 6160272.57299 ], [ 616222.399625, 6160445.002556 ], [ 616128.891253, 6160850.142035 ], [ 615572.293799, 6161941.770514 ], [ 615209.392259, 6162221.397193 ], [ 614996.772031, 6162526.150469 ], [ 615073.58248, 6163289.755904 ], [ 614746.303177, 6163748.621845 ], [ 614787.491389, 6163994.811913 ], [ 615210.505454, 6164755.198857 ], [ 614659.473974, 6165080.142569 ], [ 614086.178597, 6165207.443477 ], [ 613208.981009, 6165261.044428 ], [ 612957.39896, 6165341.446485 ], [ 612586.705056, 6165604.433503 ], [ 612015.636068, 6166194.089899 ], [ 611275.361454, 6166073.475049 ], [ 610841.21544, 6166301.304529 ], [ 610718.764, 6166239.320907 ], [ 610137.676258, 6166354.91235 ], [ 609418.552348, 6166046.671981 ], [ 609372.911357, 6165716.666099 ], [ 608816.313903, 6165120.342651 ], [ 608523.543642, 6165384.997916 ], [ 608391.073448, 6165379.972739 ], [ 607999.22884, 6165639.610725 ], [ 607791.061392, 6165073.442573 ], [ 607351.349404, 6164813.821808 ], [ 607094.20138, 6164550.859147 ], [ 607040.768024, 6164388.395818 ], [ 606377.303859, 6163406.982083 ], [ 606181.381556, 6163195.976119 ], [ 605779.518194, 6162911.293797 ], [ 604852.226835, 6162490.986075 ], [ 604344.609957, 6162375.44694 ], [ 604108.612637, 6162136.001248 ], [ 603779.106944, 6162896.222644 ], [ 603438.469302, 6163361.76608 ], [ 603154.604601, 6163577.800255 ], [ 603014.342042, 6164058.454038 ], [ 603066.662203, 6164785.347753 ], [ 603516.392946, 6165281.144871 ], [ 603655.542309, 6165545.805122 ], [ 603392.828311, 6165760.219444 ], [ 603171.302524, 6166380.041131 ], [ 603076.680957, 6166497.309757 ], [ 603190.226838, 6167071.949318 ], [ 603584.297835, 6167638.25006 ], [ 603804.710427, 6168104.05221 ], [ 604145.348069, 6167998.490502 ], [ 604779.869166, 6168781.018645 ], [ 604658.530921, 6168950.268646 ], [ 605034.7908, 6169280.399595 ], [ 605192.864477, 6169493.231902 ], [ 605155.01585, 6169697.689984 ], [ 605898.630049, 6170205.504613 ], [ 605752.801516, 6170346.290257 ], [ 605175.053359, 6170520.599511 ], [ 604340.157178, 6170720.053893 ], [ 603066.662203, 6170825.649276 ], [ 602231.766022, 6170845.762831 ], [ 601951.240905, 6170765.308897 ], [ 601166.438495, 6171469.306545 ], [ 600447.314585, 6172260.535144 ], [ 600653.255643, 6172364.473167 ], [ 601332.304537, 6172563.970664 ], [ 601780.922084, 6172335.973906 ], [ 601953.467295, 6172304.121903 ], [ 602397.632063, 6172490.20634 ], [ 602717.119002, 6172778.561415 ], [ 602878.532264, 6173066.926238 ], [ 603066.662203, 6173058.543402 ], [ 603312.678278, 6172822.150821 ], [ 603619.920072, 6173142.372132 ], [ 603482.997099, 6173479.37194 ], [ 604275.591873, 6173928.72573 ], [ 604609.550346, 6174361.334955 ], [ 604765.397633, 6174686.644718 ], [ 605118.280418, 6175048.859879 ], [ 605574.690331, 6175151.154909 ], [ 605925.346727, 6175437.922929 ], [ 606122.382225, 6176033.290839 ], [ 606312.738555, 6176229.519793 ], [ 606810.336678, 6176278.158437 ], [ 607137.615981, 6176187.59015 ], [ 607724.269698, 6176383.822654 ], [ 608020.379543, 6176618.636715 ], [ 608306.470635, 6176992.675321 ], [ 608924.293809, 6177170.475211 ] ] ] ] } }
]
}
