{
"type": "FeatureCollection",
"name": "grille_10000_3857_data_ocsol",
"crs": { "type": "name", "properties": { "name": "urn:ogc:def:crs:EPSG::3857" } },
"bbox": [ 375120.392295565, 6007878.53352397, 923747.822210295, 6477455.46546036 ],                                                
"features": [
{ "type": "Feature", "properties": { "id": 16, "cdep": "51", "dep": "Marne", "nb": 0, "nbobserver": 0, "nbesp": 0, "nbrar": 0, "nbesprar": 0, "occsol": "a" }, "bbox": [ 375546.542285489791539, 6248014.53021205868572, 390811.662067829456646, 6263324.117134201340377 ], "geometry": { "type": "Polygon", "coordinates": [ [ [ 375618.426636919903103, 6263324.117134201340377 ], [ 390811.662067829456646, 6263238.730755831114948 ], [ 390713.56301568064373, 6248014.53021205868572 ], [ 375546.542285489791539, 6248099.623070128262043 ], [ 375618.426636919903103, 6263324.117134201340377 ] ] ] } },
{ "type": "Feature", "properties": { "id": 17, "cdep": "51", "dep": "Marne", "nb": 0, "nbobserver": 0, "nbesp": 0, "nbrar": 0, "nbesprar": 0, "occsol": "a" }, "bbox": [ 375474.905578147736378, 6232816.415774348191917, 390713.56301568064373, 6248099.623070128262043 ], "geometry": { "type": "Polygon", "coordinates": [ [ [ 375546.542285489791539, 6248099.623070128262043 ], [ 390713.56301568064373, 6248014.53021205868572 ], [ 390615.801911661750637, 6232816.415774348191917 ], [ 375474.905578147736378, 6232901.216626477427781 ], [ 375546.542285489791539, 6248099.623070128262043 ] ] ] } },
{ "type": "Feature", "properties": { "id": 18, "cdep": "51", "dep": "Marne", "nb": 0, "nbobserver": 0, "nbesp": 0, "nbrar": 0, "nbesprar": 0, "occsol": "a" }, "bbox": [ 375403.515237389947288, 6217644.297582662664354, 390615.801911661750637, 6232901.216626477427781 ], "geometry": { "type": "Polygon", "coordinates": [ [ [ 375474.905578147736378, 6232901.216626477427781 ], [ 390615.801911661750637, 6232816.415774348191917 ], [ 390518.377012468583416, 6217644.297582662664354 ], [ 375403.515237389947288, 6217728.807932799682021 ], [ 375474.905578147736378, 6232901.216626477427781 ] ] ] } },
{ "type": "Feature", "properties": { "id": 19, "cdep": "51", "dep": "Marne", "nb": 0, "nbobserver": 0, "nbesp": 0, "nbrar": 0, "nbesprar": 0, "occsol": "a" }, "bbox": [ 375332.369994484412018, 6202498.086242004297674, 390518.377012468583416, 6217728.807932799682021 ], "geometry": { "type": "Polygon", "coordinates": [ [ [ 375403.515237389947288, 6217728.807932799682021 ], [ 390518.377012468583416, 6217644.297582662664354 ], [ 390421.286586767004337, 6202498.086242004297674 ], [ 375332.369994484412018, 6202582.3075837707147 ], [ 375403.515237389947288, 6217728.807932799682021 ] ] ] } },
{ "type": "Feature", "properties": { "id": 20, "cdep": "10", "dep": "Aube", "nb": 198, "nbobserver": 7, "nbesp": 35, "nbrar": 0, "nbesprar": 0, "occsol": "a" }, "bbox": [ 375261.468589395808522, 6187377.692819238640368, 390421.286586767004337, 6202582.3075837707147 ], "geometry": { "type": "Polygon", "coordinates": [ [ [ 375332.369994484412018, 6202582.3075837707147 ], [ 390421.286586767004337, 6202498.086242004297674 ], [ 390324.528915089729708, 6187377.692819238640368 ], [ 375261.468589395808522, 6187461.626636018045247 ], [ 375332.369994484412018, 6202582.3075837707147 ] ] ] } },
{ "type": "Feature", "properties": { "id": 21, "cdep": "10", "dep": "Aube", "nb": 22, "nbobserver": 2, "nbesp": 10, "nbrar": 0, "nbesprar": 0, "occsol": "a" }, "bbox": [ 375190.809770710882731, 6172283.028839915990829, 390324.528915089729708, 6187461.626636018045247 ], "geometry": { "type": "Polygon", "coordinates": [ [ [ 375261.468589395808522, 6187461.626636018045247 ], [ 390324.528915089729708, 6187377.692819238640368 ], [ 390228.102289735339582, 6172283.028839915990829 ], [ 375190.809770710882731, 6172366.676604943349957 ], [ 375261.468589395808522, 6187461.626636018045247 ] ] ] } },
{ "type": "Feature", "properties": { "id": 22, "cdep": "10", "dep": "Aube", "nb": 0, "nbobserver": 0, "nbesp": 0, "nbrar": 0, "nbesprar": 0, "occsol": "a" }, "bbox": [ 375120.392295564990491, 6157214.006285151466727, 390228.102289735339582, 6172366.676604943349957 ], "geometry": { "type": "Polygon", "coordinates": [ [ [ 375190.809770710882731, 6172366.676604943349957 ], [ 390228.102289735339582, 6172283.028839915990829 ], [ 390132.005014667287469, 6157214.006285151466727 ], [ 375120.392295564990491, 6157297.369461604394019 ], [ 375190.809770710882731, 6172366.676604943349957 ] ] ] } },
{ "type": "Feature", "properties": { "id": 43, "cdep": "51", "dep": "Marne", "nb": 0, "nbobserver": 0, "nbesp": 0, "nbrar": 0, "nbesprar": 0, "occsol": "a" }, "bbox": [ 391207.473048575106077, 6324284.929459313862026, 406632.61977961868979, 6339754.203127576969564 ], "geometry": { "type": "Polygon", "coordinates": [ [ [ 391307.288417186297011, 6339754.203127576969564 ], [ 406632.61977961868979, 6339640.530780363827944 ], [ 406506.132906511367764, 6324284.929459313862026 ], [ 391207.473048575106077, 6324398.207649713382125 ], [ 391307.288417186297011, 6339754.203127576969564 ] ] ] } },
{ "type": "Feature", "properties": { "id": 45, "cdep": "51", "dep": "Marne", "nb": 165, "nbobserver": 1, "nbesp": 22, "nbrar": 0, "nbesprar": 0, "occsol": "a" }, "bbox": [ 391008.881050203810446, 6293653.255929972976446, 406380.085550647578202, 6309068.754667290486395 ], "geometry": { "type": "Polygon", "coordinates": [ [ [ 391108.004527823824901, 6309068.754667290486395 ], [ 406380.085550647578202, 6308955.868582461029291 ], [ 406254.475425197044387, 6293653.255929972976446 ], [ 391008.881050203810446, 6293765.751946258358657 ], [ 391108.004527823824901, 6309068.754667290486395 ] ] ] } },
{ "type": "Feature", "properties": { "id": 46, "cdep": "51", "dep": "Marne", "nb": 53, "nbobserver": 5, "nbesp": 23, "nbrar": 0, "nbesprar": 0, "occsol": "a" }, "bbox": [ 390910.10082348540891, 6278376.999763307161629, 406254.475425197044387, 6293765.751946258358657 ], "geometry": { "type": "Polygon", "coordinates": [ [ [ 391008.881050203810446, 6293765.751946258358657 ], [ 406254.475425197044387, 6293653.255929972976446 ], [ 406129.300259166280739, 6278376.999763307161629 ], [ 390910.10082348540891, 6278489.107733963988721 ], [ 391008.881050203810446, 6293765.751946258358657 ] ] ] } },
{ "type": "Feature", "properties": { "id": 47, "cdep": "51", "dep": "Marne", "nb": 0, "nbobserver": 0, "nbesp": 0, "nbrar": 0, "nbesprar": 0, "occsol": "a" }, "bbox": [ 390811.662067829456646, 6263127.008821869269013, 406129.300259166280739, 6278489.107733963988721 ], "geometry": { "type": "Polygon", "coordinates": [ [ [ 390910.10082348540891, 6278489.107733963988721 ], [ 406129.300259166280739, 6278376.999763307161629 ], [ 406004.55779726151377, 6263127.008821869269013 ], [ 390811.662067829456646, 6263238.730755831114948 ], [ 390910.10082348540891, 6278489.107733963988721 ] ] ] } },
{ "type": "Feature", "properties": { "id": 48, "cdep": "51", "dep": "Marne", "nb": 322, "nbobserver": 7, "nbesp": 35, "nbrar": 1, "nbesprar": 1, "occsol": "a" }, "bbox": [ 390713.56301568064373, 6247903.192319721914828, 406004.55779726151377, 6263238.730755831114948 ], "geometry": { "type": "Polygon", "coordinates": [ [ [ 390811.662067829456646, 6263238.730755831114948 ], [ 406004.55779726151377, 6263127.008821869269013 ], [ 405880.245799753931351, 6247903.192319721914828 ], [ 390713.56301568064373, 6248014.53021205868572 ], [ 390811.662067829456646, 6263238.730755831114948 ] ] ] } },
{ "type": "Feature", "properties": { "id": 49, "cdep": "51", "dep": "Marne", "nb": 64, "nbobserver": 3, "nbesp": 23, "nbrar": 0, "nbesprar": 0, "occsol": "a" }, "bbox": [ 390615.801911661750637, 6232705.45994230825454, 405880.245799753931351, 6248014.53021205868572 ], "geometry": { "type": "Polygon", "coordinates": [ [ [ 390713.56301568064373, 6248014.53021205868572 ], [ 405880.245799753931351, 6247903.192319721914828 ], [ 405756.362042344757356, 6232705.45994230825454 ], [ 390615.801911661750637, 6232816.415774348191917 ], [ 390713.56301568064373, 6248014.53021205868572 ] ] ] } },
{ "type": "Feature", "properties": { "id": 50, "cdep": "51", "dep": "Marne", "nb": 1292, "nbobserver": 3, "nbesp": 34, "nbrar": 0, "nbesprar": 0, "occsol": "a" }, "bbox": [ 390518.377012468583416, 6217533.721843217499554, 405756.362042344757356, 6232816.415774348191917 ], "geometry": { "type": "Polygon", "coordinates": [ [ [ 390615.801911661750637, 6232816.415774348191917 ], [ 405756.362042344757356, 6232705.45994230825454 ], [ 405632.904316033585928, 6217533.721843217499554 ], [ 390518.377012468583416, 6217644.297582662664354 ], [ 390615.801911661750637, 6232816.415774348191917 ] ] ] } },
{ "type": "Feature", "properties": { "id": 51, "cdep": "51", "dep": "Marne", "nb": 42, "nbobserver": 4, "nbesp": 21, "nbrar": 0, "nbesprar": 0, "occsol": "a" }, "bbox": [ 390421.286586767004337, 6202387.8886409541592, 405632.904316033585928, 6217644.297582662664354 ], "geometry": { "type": "Polygon", "coordinates": [ [ [ 390518.377012468583416, 6217644.297582662664354 ], [ 405632.904316033585928, 6217533.721843217499554 ], [ 405509.870426986191887, 6202387.8886409541592 ], [ 390421.286586767004337, 6202498.086242004297674 ], [ 390518.377012468583416, 6217644.297582662664354 ] ] ] } },
{ "type": "Feature", "properties": { "id": 52, "cdep": "10", "dep": "Aube", "nb": 111, "nbobserver": 6, "nbesp": 23, "nbrar": 0, "nbesprar": 0, "occsol": "a" }, "bbox": [ 390324.528915089729708, 6187267.871415781788528, 405509.870426986191887, 6202498.086242004297674 ], "geometry": { "type": "Polygon", "coordinates": [ [ [ 390421.286586767004337, 6202498.086242004297674 ], [ 405509.870426986191887, 6202387.8886409541592 ], [ 405387.258196405076887, 6187267.871415781788528 ], [ 390324.528915089729708, 6187377.692819238640368 ], [ 390421.286586767004337, 6202498.086242004297674 ] ] ] } },
{ "type": "Feature", "properties": { "id": 53, "cdep": "10", "dep": "Aube", "nb": 178, "nbobserver": 7, "nbesp": 34, "nbrar": 1, "nbesprar": 1, "occsol": "a" }, "bbox": [ 390228.102289735339582, 6172173.581706522963941, 405387.258196405076887, 6187377.692819238640368 ], "geometry": { "type": "Polygon", "coordinates": [ [ [ 390324.528915089729708, 6187377.692819238640368 ], [ 405387.258196405076887, 6187267.871415781788528 ], [ 405265.065460400888696, 6172173.581706522963941 ], [ 390228.102289735339582, 6172283.028839915990829 ], [ 390324.528915089729708, 6187377.692819238640368 ] ] ] } },
{ "type": "Feature", "properties": { "id": 54, "cdep": "10", "dep": "Aube", "nb": 5555, "nbobserver": 4, "nbesp": 44, "nbrar": 2, "nbesprar": 1, "occsol": "a" }, "bbox": [ 390132.005014667287469, 6157104.931507463566959, 405265.065460400888696, 6172283.028839915990829 ], "geometry": { "type": "Polygon", "coordinates": [ [ [ 390228.102289735339582, 6172283.028839915990829 ], [ 405265.065460400888696, 6172173.581706522963941 ], [ 405143.290069864946418, 6157104.931507463566959 ], [ 390132.005014667287469, 6157214.006285151466727 ], [ 390228.102289735339582, 6172283.028839915990829 ] ] ] } },
{ "type": "Feature", "properties": { "id": 55, "cdep": "10", "dep": "Aube", "nb": 0, "nbobserver": 0, "nbesp": 0, "nbrar": 0, "nbesprar": 0, "occsol": "a" }, "bbox": [ 390036.235405415063724, 6142061.833265216089785, 405143.290069864946418, 6157214.006285151466727 ], "geometry": { "type": "Polygon", "coordinates": [ [ [ 390132.005014667287469, 6157214.006285151466727 ], [ 405143.290069864946418, 6157104.931507463566959 ], [ 405021.929890343279112, 6142061.833265216089785 ], [ 390036.235405415063724, 6142170.53758850786835 ], [ 390132.005014667287469, 6157214.006285151466727 ] ] ] } },
{ "type": "Feature", "properties": { "id": 56, "cdep": "10", "dep": "Aube", "nb": 4, "nbobserver": 1, "nbesp": 4, "nbrar": 0, "nbesprar": 0, "occsol": "a" }, "bbox": [ 389940.791788975300733, 6127044.199875663034618, 405021.929890343279112, 6142170.53758850786835 ], "geometry": { "type": "Polygon", "coordinates": [ [ [ 390036.235405415063724, 6142170.53758850786835 ], [ 405021.929890343279112, 6142061.833265216089785 ], [ 404900.982801912119612, 6127044.199875663034618 ], [ 389940.791788975300733, 6127152.53563292697072 ], [ 390036.235405415063724, 6142170.53758850786835 ] ] ] } },
{ "type": "Feature", "properties": { "id": 75, "cdep": "51", "dep": "Marne", "nb": 597, "nbobserver": 14, "nbesp": 34, "nbrar": 0, "nbesprar": 0, "occsol": "a" }, "bbox": [ 406506.132906511367764, 6324144.950945759192109, 421957.509324687765911, 6339640.530780363827944 ], "geometry": { "type": "Polygon", "coordinates": [ [ [ 406632.61977961868979, 6339640.530780363827944 ], [ 421957.509324687765911, 6339500.065219030715525 ], [ 421804.353249866398983, 6324144.950945759192109 ], [ 406506.132906511367764, 6324284.929459313862026 ], [ 406632.61977961868979, 6339640.530780363827944 ] ] ] } },
{ "type": "Feature", "properties": { "id": 76, "cdep": "51", "dep": "Marne", "nb": 292, "nbobserver": 8, "nbesp": 30, "nbrar": 0, "nbesprar": 0, "occsol": "a" }, "bbox": [ 406380.085550647578202, 6308816.37458211928606, 421804.353249866398983, 6324284.929459313862026 ], "geometry": { "type": "Polygon", "coordinates": [ [ [ 406506.132906511367764, 6324284.929459313862026 ], [ 421804.353249866398983, 6324144.950945759192109 ], [ 421651.729345697618555, 6308816.37458211928606 ], [ 406380.085550647578202, 6308955.868582461029291 ], [ 406506.132906511367764, 6324284.929459313862026 ] ] ] } },
{ "type": "Feature", "properties": { "id": 77, "cdep": "51", "dep": "Marne", "nb": 69, "nbobserver": 4, "nbesp": 20, "nbrar": 0, "nbesprar": 0, "occsol": "a" }, "bbox": [ 406254.475425197044387, 6293514.243925854563713, 421651.729345697618555, 6308955.868582461029291 ], "geometry": { "type": "Polygon", "coordinates": [ [ [ 406380.085550647578202, 6308955.868582461029291 ], [ 421651.729345697618555, 6308816.37458211928606 ], [ 421499.634843387291767, 6293514.243925854563713 ], [ 406254.475425197044387, 6293653.255929972976446 ], [ 406380.085550647578202, 6308955.868582461029291 ] ] ] } },
{ "type": "Feature", "properties": { "id": 78, "cdep": "51", "dep": "Marne", "nb": 628, "nbobserver": 8, "nbesp": 42, "nbrar": 2, "nbesprar": 2, "occsol": "a" }, "bbox": [ 406129.300259166280739, 6278238.467255846597254, 421499.634843387291767, 6293653.255929972976446 ], "geometry": { "type": "Polygon", "coordinates": [ [ [ 406254.475425197044387, 6293653.255929972976446 ], [ 421499.634843387291767, 6293514.243925854563713 ], [ 421348.066993315063883, 6278238.467255846597254 ], [ 406129.300259166280739, 6278376.999763307161629 ], [ 406254.475425197044387, 6293653.255929972976446 ] ] ] } },
{ "type": "Feature", "properties": { "id": 79, "cdep": "51", "dep": "Marne", "nb": 101, "nbobserver": 4, "nbesp": 24, "nbrar": 0, "nbesprar": 0, "occsol": "a" }, "bbox": [ 406004.55779726151377, 6262988.953328783623874, 421348.066993315063883, 6278376.999763307161629 ], "geometry": { "type": "Polygon", "coordinates": [ [ [ 406129.300259166280739, 6278376.999763307161629 ], [ 421348.066993315063883, 6278238.467255846597254 ], [ 421197.02306486829184, 6262988.953328783623874 ], [ 406004.55779726151377, 6263127.008821869269013 ], [ 406129.300259166280739, 6278376.999763307161629 ] ] ] } },
{ "type": "Feature", "properties": { "id": 80, "cdep": "51", "dep": "Marne", "nb": 12, "nbobserver": 1, "nbesp": 12, "nbrar": 0, "nbesprar": 0, "occsol": "a" }, "bbox": [ 405880.245799753931351, 6247765.611375850625336, 421197.02306486829184, 6263127.008821869269013 ], "geometry": { "type": "Polygon", "coordinates": [ [ [ 406004.55779726151377, 6263127.008821869269013 ], [ 421197.02306486829184, 6262988.953328783623874 ], [ 421046.500346278189681, 6247765.611375850625336 ], [ 405880.245799753931351, 6247903.192319721914828 ], [ 406004.55779726151377, 6263127.008821869269013 ] ] ] } },
{ "type": "Feature", "properties": { "id": 81, "cdep": "51", "dep": "Marne", "nb": 162, "nbobserver": 5, "nbesp": 25, "nbrar": 0, "nbesprar": 0, "occsol": "a" }, "bbox": [ 405756.362042344757356, 6232568.351099472492933, 421046.500346278189681, 6247903.192319721914828 ], "geometry": { "type": "Polygon", "coordinates": [ [ [ 405880.245799753931351, 6247903.192319721914828 ], [ 421046.500346278189681, 6247765.611375850625336 ], [ 420896.496144457662012, 6232568.351099472492933 ], [ 405756.362042344757356, 6232705.45994230825454 ], [ 405880.245799753931351, 6247903.192319721914828 ] ] ] } },
{ "type": "Feature", "properties": { "id": 82, "cdep": "51", "dep": "Marne", "nb": 220, "nbobserver": 7, "nbesp": 24, "nbrar": 0, "nbesprar": 0, "occsol": "a" }, "bbox": [ 405632.904316033585928, 6217397.082670070230961, 420896.496144457662012, 6232705.45994230825454 ], "geometry": { "type": "Polygon", "coordinates": [ [ [ 405756.362042344757356, 6232705.45994230825454 ], [ 420896.496144457662012, 6232568.351099472492933 ], [ 420747.007784840825479, 6217397.082670070230961 ], [ 405632.904316033585928, 6217533.721843217499554 ], [ 405756.362042344757356, 6232705.45994230825454 ] ] ] } },
{ "type": "Feature", "properties": { "id": 83, "cdep": "51", "dep": "Marne", "nb": 0, "nbobserver": 0, "nbesp": 0, "nbrar": 0, "nbesprar": 0, "occsol": "a" }, "bbox": [ 405509.870426986191887, 6202251.716722844168544, 420747.007784840825479, 6217533.721843217499554 ], "geometry": { "type": "Polygon", "coordinates": [ [ [ 405632.904316033585928, 6217533.721843217499554 ], [ 420747.007784840825479, 6217397.082670070230961 ], [ 420598.032611223577987, 6202251.716722844168544 ], [ 405509.870426986191887, 6202387.8886409541592 ], [ 405632.904316033585928, 6217533.721843217499554 ] ] ] } },
{ "type": "Feature", "properties": { "id": 84, "cdep": "10", "dep": "Aube", "nb": 4894, "nbobserver": 23, "nbesp": 47, "nbrar": 3, "nbesprar": 3, "occsol": "a" }, "bbox": [ 405387.258196405076887, 6187132.164354598149657, 420598.032611223577987, 6202387.8886409541592 ], "geometry": { "type": "Polygon", "coordinates": [ [ [ 405509.870426986191887, 6202387.8886409541592 ], [ 420598.032611223577987, 6202251.716722844168544 ], [ 420449.567985606903676, 6187132.164354598149657 ], [ 405387.258196405076887, 6187267.871415781788528 ], [ 405509.870426986191887, 6202387.8886409541592 ] ] ] } },
{ "type": "Feature", "properties": { "id": 85, "cdep": "10", "dep": "Aube", "nb": 5042, "nbobserver": 12, "nbesp": 49, "nbrar": 25, "nbesprar": 3, "occsol": "a" }, "bbox": [ 405265.065460400888696, 6172038.337120567448437, 420449.567985606903676, 6187267.871415781788528 ], "geometry": { "type": "Polygon", "coordinates": [ [ [ 405387.258196405076887, 6187267.871415781788528 ], [ 420449.567985606903676, 6187132.164354598149657 ], [ 420301.611288040701766, 6172038.337120567448437 ], [ 405265.065460400888696, 6172173.581706522963941 ], [ 405387.258196405076887, 6187267.871415781788528 ] ] ] } },
{ "type": "Feature", "properties": { "id": 86, "cdep": "10", "dep": "Aube", "nb": 63, "nbobserver": 4, "nbesp": 27, "nbrar": 0, "nbesprar": 0, "occsol": "a" }, "bbox": [ 405143.290069864946418, 6156970.147031295113266, 420301.611288040701766, 6172173.581706522963941 ], "geometry": { "type": "Polygon", "coordinates": [ [ [ 405265.065460400888696, 6172173.581706522963941 ], [ 420301.611288040701766, 6172038.337120567448437 ], [ 420154.15991646994371, 6156970.147031295113266 ], [ 405143.290069864946418, 6157104.931507463566959 ], [ 405265.065460400888696, 6172173.581706522963941 ] ] ] } },
{ "type": "Feature", "properties": { "id": 87, "cdep": "10", "dep": "Aube", "nb": 126, "nbobserver": 7, "nbesp": 26, "nbrar": 0, "nbesprar": 0, "occsol": "a" }, "bbox": [ 405021.929890343279112, 6141927.506549529731274, 420154.15991646994371, 6157104.931507463566959 ], "geometry": { "type": "Polygon", "coordinates": [ [ [ 405143.290069864946418, 6157104.931507463566959 ], [ 420154.15991646994371, 6156970.147031295113266 ], [ 420007.211286582169123, 6141927.506549529731274 ], [ 405021.929890343279112, 6142061.833265216089785 ], [ 405143.290069864946418, 6157104.931507463566959 ] ] ] } },
{ "type": "Feature", "properties": { "id": 88, "cdep": "10", "dep": "Aube", "nb": 542, "nbobserver": 5, "nbesp": 40, "nbrar": 1, "nbesprar": 1, "occsol": "a" }, "bbox": [ 404900.982801912119612, 6126910.328587134368718, 420007.211286582169123, 6142061.833265216089785 ], "geometry": { "type": "Polygon", "coordinates": [ [ [ 405021.929890343279112, 6142061.833265216089785 ], [ 420007.211286582169123, 6141927.506549529731274 ], [ 419860.762831656378694, 6126910.328587134368718 ], [ 404900.982801912119612, 6127044.199875663034618 ], [ 405021.929890343279112, 6142061.833265216089785 ] ] ] } },
{ "type": "Feature", "properties": { "id": 106, "cdep": "51", "dep": "Marne", "nb": 0, "nbobserver": 0, "nbesp": 0, "nbrar": 0, "nbesprar": 0, "occsol": "a" }, "bbox": [ 421957.509324687765911, 6339332.808997554704547, 437462.314480665430892, 6354881.810088657774031 ], "geometry": { "type": "Polygon", "coordinates": [ [ [ 422111.200358296569902, 6354881.810088657774031 ], [ 437462.314480665430892, 6354713.970907306298614 ], [ 437281.863914220884908, 6339332.808997554704547 ], [ 421957.509324687765911, 6339500.065219030715525 ], [ 422111.200358296569902, 6354881.810088657774031 ] ] ] } },
{ "type": "Feature", "properties": { "id": 107, "cdep": "51", "dep": "Marne", "nb": 4078, "nbobserver": 17, "nbesp": 41, "nbrar": 1, "nbesprar": 1, "occsol": "a" }, "bbox": [ 421804.353249866398983, 6323978.2746453108266, 437281.863914220884908, 6339500.065219030715525 ], "geometry": { "type": "Polygon", "coordinates": [ [ [ 421957.509324687765911, 6339500.065219030715525 ], [ 437281.863914220884908, 6339332.808997554704547 ], [ 437102.041425792383961, 6323978.2746453108266 ], [ 421804.353249866398983, 6324144.950945759192109 ], [ 421957.509324687765911, 6339500.065219030715525 ] ] ] } },
{ "type": "Feature", "properties": { "id": 108, "cdep": "51", "dep": "Marne", "nb": 284, "nbobserver": 15, "nbesp": 33, "nbrar": 0, "nbesprar": 0, "occsol": "a" }, "bbox": [ 421651.729345697618555, 6308650.275184956379235, 437102.041425792383961, 6324144.950945759192109 ], "geometry": { "type": "Polygon", "coordinates": [ [ [ 421804.353249866398983, 6324144.950945759192109 ], [ 437102.041425792383961, 6323978.2746453108266 ], [ 436922.843742084573023, 6308650.275184956379235 ], [ 421651.729345697618555, 6308816.37458211928606 ], [ 421804.353249866398983, 6324144.950945759192109 ] ] ] } },
{ "type": "Feature", "properties": { "id": 109, "cdep": "51", "dep": "Marne", "nb": 1098, "nbobserver": 16, "nbesp": 39, "nbrar": 1, "nbesprar": 1, "occsol": "a" }, "bbox": [ 421499.634843387291767, 6293348.718435171991587, 436922.843742084573023, 6308816.37458211928606 ], "geometry": { "type": "Polygon", "coordinates": [ [ [ 421651.729345697618555, 6308816.37458211928606 ], [ 436922.843742084573023, 6308650.275184956379235 ], [ 436744.267612507392187, 6293348.718435171991587 ], [ 421499.634843387291767, 6293514.243925854563713 ], [ 421651.729345697618555, 6308816.37458211928606 ] ] ] } },
{ "type": "Feature", "properties": { "id": 110, "cdep": "51", "dep": "Marne", "nb": 94, "nbobserver": 5, "nbesp": 29, "nbrar": 0, "nbesprar": 0, "occsol": "a" }, "bbox": [ 421348.066993315063883, 6278073.51269558724016, 436744.267612507392187, 6293514.243925854563713 ], "geometry": { "type": "Polygon", "coordinates": [ [ [ 421499.634843387291767, 6293514.243925854563713 ], [ 436744.267612507392187, 6293348.718435171991587 ], [ 436566.309808979043737, 6278073.51269558724016 ], [ 421348.066993315063883, 6278238.467255846597254 ], [ 421499.634843387291767, 6293514.243925854563713 ] ] ] } },
{ "type": "Feature", "properties": { "id": 111, "cdep": "51", "dep": "Marne", "nb": 197, "nbobserver": 6, "nbesp": 30, "nbrar": 0, "nbesprar": 0, "occsol": "n" }, "bbox": [ 421197.02306486829184, 6262824.566743455827236, 436566.309808979043737, 6278238.467255846597254 ], "geometry": { "type": "Polygon", "coordinates": [ [ [ 421348.066993315063883, 6278238.467255846597254 ], [ 436566.309808979043737, 6278073.51269558724016 ], [ 436388.967125731869601, 6262824.566743455827236 ], [ 421197.02306486829184, 6262988.953328783623874 ], [ 421348.066993315063883, 6278238.467255846597254 ] ] ] } },
{ "type": "Feature", "properties": { "id": 112, "cdep": "51", "dep": "Marne", "nb": 125, "nbobserver": 5, "nbesp": 27, "nbrar": 0, "nbesprar": 0, "occsol": "a" }, "bbox": [ 421046.500346278189681, 6247601.789830353111029, 436388.967125731869601, 6262988.953328783623874 ], "geometry": { "type": "Polygon", "coordinates": [ [ [ 421197.02306486829184, 6262988.953328783623874 ], [ 436388.967125731869601, 6262824.566743455827236 ], [ 436212.236379119567573, 6247601.789830353111029 ], [ 421046.500346278189681, 6247765.611375850625336 ], [ 421197.02306486829184, 6262988.953328783623874 ] ] ] } },
{ "type": "Feature", "properties": { "id": 113, "cdep": "51", "dep": "Marne", "nb": 12, "nbobserver": 1, "nbesp": 12, "nbrar": 0, "nbesprar": 0, "occsol": "a" }, "bbox": [ 420896.496144457662012, 6232405.09167892113328, 436212.236379119567573, 6247765.611375850625336 ], "geometry": { "type": "Polygon", "coordinates": [ [ [ 421046.500346278189681, 6247765.611375850625336 ], [ 436212.236379119567573, 6247601.789830353111029 ], [ 436036.114407427376136, 6232405.09167892113328 ], [ 420896.496144457662012, 6232568.351099472492933 ], [ 421046.500346278189681, 6247765.611375850625336 ] ] ] } },
{ "type": "Feature", "properties": { "id": 114, "cdep": "51", "dep": "Marne", "nb": 19, "nbobserver": 1, "nbesp": 9, "nbrar": 0, "nbesprar": 0, "occsol": "a" }, "bbox": [ 420747.007784840825479, 6217234.382479625754058, 436036.114407427376136, 6232568.351099472492933 ], "geometry": { "type": "Polygon", "coordinates": [ [ [ 420896.496144457662012, 6232568.351099472492933 ], [ 436036.114407427376136, 6232405.09167892113328 ], [ 435860.598070682492107, 6217234.382479625754058 ], [ 420747.007784840825479, 6217397.082670070230961 ], [ 420896.496144457662012, 6232568.351099472492933 ] ] ] } },
{ "type": "Feature", "properties": { "id": 115, "cdep": "51", "dep": "Marne", "nb": 139, "nbobserver": 3, "nbesp": 27, "nbrar": 0, "nbesprar": 0, "occsol": "a" }, "bbox": [ 420598.032611223577987, 6202089.572887539863586, 435860.598070682492107, 6217397.082670070230961 ], "geometry": { "type": "Polygon", "coordinates": [ [ [ 420747.007784840825479, 6217397.082670070230961 ], [ 435860.598070682492107, 6217234.382479625754058 ], [ 435685.68425046862103, 6202089.572887539863586 ], [ 420598.032611223577987, 6202251.716722844168544 ], [ 420747.007784840825479, 6217397.082670070230961 ] ] ] } },
{ "type": "Feature", "properties": { "id": 116, "cdep": "10", "dep": "Aube", "nb": 350, "nbobserver": 10, "nbesp": 40, "nbrar": 1, "nbesprar": 1, "occsol": "a" }, "bbox": [ 420449.567985606903676, 6186970.574019161053002, 435685.68425046862103, 6202251.716722844168544 ], "geometry": { "type": "Polygon", "coordinates": [ [ [ 420598.032611223577987, 6202251.716722844168544 ], [ 435685.68425046862103, 6202089.572887539863586 ], [ 435511.369849740702193, 6186970.574019161053002 ], [ 420449.567985606903676, 6187132.164354598149657 ], [ 420598.032611223577987, 6202251.716722844168544 ] ] ] } },
{ "type": "Feature", "properties": { "id": 117, "cdep": "10", "dep": "Aube", "nb": 16, "nbobserver": 1, "nbesp": 16, "nbrar": 0, "nbesprar": 0, "occsol": "a" }, "bbox": [ 420301.611288040701766, 6171877.297449259087443, 435511.369849740702193, 6187132.164354598149657 ], "geometry": { "type": "Polygon", "coordinates": [ [ [ 420449.567985606903676, 6187132.164354598149657 ], [ 435511.369849740702193, 6186970.574019161053002 ], [ 435337.651792642078362, 6171877.297449259087443 ], [ 420301.611288040701766, 6172038.337120567448437 ], [ 420449.567985606903676, 6187132.164354598149657 ] ] ] } },
{ "type": "Feature", "properties": { "id": 118, "cdep": "10", "dep": "Aube", "nb": 56, "nbobserver": 2, "nbesp": 15, "nbrar": 0, "nbesprar": 0, "occsol": "a" }, "bbox": [ 420154.15991646994371, 6156809.655207744799554, 435337.651792642078362, 6172038.337120567448437 ], "geometry": { "type": "Polygon", "coordinates": [ [ [ 420301.611288040701766, 6172038.337120567448437 ], [ 435337.651792642078362, 6171877.297449259087443 ], [ 435164.52702432393562, 6156809.655207744799554 ], [ 420154.15991646994371, 6156970.147031295113266 ], [ 420301.611288040701766, 6172038.337120567448437 ] ] ] } },
{ "type": "Feature", "properties": { "id": 119, "cdep": "10", "dep": "Aube", "nb": 265, "nbobserver": 13, "nbesp": 38, "nbrar": 1, "nbesprar": 1, "occsol": "a" }, "bbox": [ 420007.211286582169123, 6141767.559776560403407, 435164.52702432393562, 6156970.147031295113266 ], "geometry": { "type": "Polygon", "coordinates": [ [ [ 420154.15991646994371, 6156970.147031295113266 ], [ 435164.52702432393562, 6156809.655207744799554 ], [ 434991.992510766140185, 6141767.559776560403407 ], [ 420007.211286582169123, 6141927.506549529731274 ], [ 420154.15991646994371, 6156970.147031295113266 ] ] ] } },
{ "type": "Feature", "properties": { "id": 120, "cdep": "10", "dep": "Aube", "nb": 2976, "nbobserver": 8, "nbesp": 43, "nbrar": 2, "nbesprar": 1, "occsol": "n" }, "bbox": [ 419860.762831656378694, 6126750.924086612649262, 434991.992510766140185, 6141927.506549529731274 ], "geometry": { "type": "Polygon", "coordinates": [ [ [ 420007.211286582169123, 6141927.506549529731274 ], [ 434991.992510766140185, 6141767.559776560403407 ], [ 434820.045238599937875, 6126750.924086612649262 ], [ 419860.762831656378694, 6126910.328587134368718 ], [ 420007.211286582169123, 6141927.506549529731274 ] ] ] } },
{ "type": "Feature", "properties": { "id": 121, "cdep": "10", "dep": "Aube", "nb": 25, "nbobserver": 2, "nbesp": 20, "nbrar": 0, "nbesprar": 0, "occsol": "a" }, "bbox": [ 419714.812002413673326, 6111759.661514718085527, 434820.045238599937875, 6126910.328587134368718 ], "geometry": { "type": "Polygon", "coordinates": [ [ [ 419860.762831656378694, 6126910.328587134368718 ], [ 434820.045238599937875, 6126750.924086612649262 ], [ 434648.682214932865463, 6111759.661514718085527 ], [ 419714.812002413673326, 6111918.52650205232203 ], [ 419860.762831656378694, 6126910.328587134368718 ] ] ] } },
{ "type": "Feature", "properties": { "id": 122, "cdep": "10", "dep": "Aube", "nb": 9, "nbobserver": 1, "nbesp": 9, "nbrar": 0, "nbesprar": 0, "occsol": "a" }, "bbox": [ 419569.356266869406682, 6096793.68588056974113, 434648.682214932865463, 6111918.52650205232203 ], "geometry": { "type": "Polygon", "coordinates": [ [ [ 419714.812002413673326, 6111918.52650205232203 ], [ 434648.682214932865463, 6111759.661514718085527 ], [ 434477.900467174535152, 6096793.68588056974113 ], [ 419569.356266869406682, 6096952.014095265418291 ], [ 419714.812002413673326, 6111918.52650205232203 ] ] ] } },
{ "type": "Feature", "properties": { "id": 123, "cdep": "10", "dep": "Aube", "nb": 0, "nbobserver": 0, "nbesp": 0, "nbrar": 0, "nbesprar": 0, "occsol": "n" }, "bbox": [ 419424.393110186618287, 6081852.911443756893277, 434477.900467174535152, 6096952.014095265418291 ], "geometry": { "type": "Polygon", "coordinates": [ [ [ 419569.356266869406682, 6096952.014095265418291 ], [ 434477.900467174535152, 6096793.68588056974113 ], [ 434307.69704286538763, 6081852.911443756893277 ], [ 419424.393110186618287, 6082010.705607797019184 ], [ 419569.356266869406682, 6096952.014095265418291 ] ] ] } },
{ "type": "Feature", "properties": { "id": 136, "cdep": "08", "dep": "Ardennes", "nb": 0, "nbobserver": 0, "nbesp": 0, "nbrar": 0, "nbesprar": 0, "occsol": "a" }, "bbox": [ 437643.39642132492736, 6369926.453540441580117, 453229.389526657061651, 6385556.55050365626812 ], "geometry": { "type": "Polygon", "coordinates": [ [ [ 437825.113055502413772, 6385556.55050365626812 ], [ 453229.389526657061651, 6385360.46709309797734 ], [ 453020.728994678298477, 6369926.453540441580117 ], [ 437643.39642132492736, 6370121.853527875617146 ], [ 437825.113055502413772, 6385556.55050365626812 ] ] ] } },
{ "type": "Feature", "properties": { "id": 137, "cdep": "08", "dep": "Ardennes", "nb": 0, "nbobserver": 0, "nbesp": 0, "nbrar": 0, "nbesprar": 0, "occsol": "a" }, "bbox": [ 437462.314480665430892, 6354519.250768165104091, 453020.728994678298477, 6370121.853527875617146 ], "geometry": { "type": "Polygon", "coordinates": [ [ [ 437643.39642132492736, 6370121.853527875617146 ], [ 453020.728994678298477, 6369926.453540441580117 ], [ 452812.797232670127414, 6354519.250768165104091 ], [ 437462.314480665430892, 6354713.970907306298614 ], [ 437643.39642132492736, 6370121.853527875617146 ] ] ] } },
{ "type": "Feature", "properties": { "id": 138, "cdep": "08", "dep": "Ardennes", "nb": 97, "nbobserver": 2, "nbesp": 19, "nbrar": 0, "nbesprar": 0, "occsol": "a" }, "bbox": [ 437281.863914220884908, 6339138.76515678782016, 452812.797232670127414, 6354713.970907306298614 ], "geometry": { "type": "Polygon", "coordinates": [ [ [ 437462.314480665430892, 6354713.970907306298614 ], [ 452812.797232670127414, 6354519.250768165104091 ], [ 452605.590429555275477, 6339138.76515678782016 ], [ 437281.863914220884908, 6339332.808997554704547 ], [ 437462.314480665430892, 6354713.970907306298614 ] ] ] } },
{ "type": "Feature", "properties": { "id": 139, "cdep": "51", "dep": "Marne", "nb": 885, "nbobserver": 16, "nbesp": 40, "nbrar": 5, "nbesprar": 2, "occsol": "a" }, "bbox": [ 437102.041425792383961, 6323784.903577707707882, 452605.590429555275477, 6339332.808997554704547 ], "geometry": { "type": "Polygon", "coordinates": [ [ [ 437281.863914220884908, 6339332.808997554704547 ], [ 452605.590429555275477, 6339138.76515678782016 ], [ 452399.104800781642552, 6323784.903577707707882 ], [ 437102.041425792383961, 6323978.2746453108266 ], [ 437281.863914220884908, 6339332.808997554704547 ] ] ] } },
{ "type": "Feature", "properties": { "id": 140, "cdep": "51", "dep": "Marne", "nb": 4551, "nbobserver": 164, "nbesp": 50, "nbrar": 11, "nbesprar": 4, "occsol": "u" }, "bbox": [ 436922.843742084573023, 6308457.573389801196754, 452399.104800781642552, 6323978.2746453108266 ], "geometry": { "type": "Polygon", "coordinates": [ [ [ 437102.041425792383961, 6323978.2746453108266 ], [ 452399.104800781642552, 6323784.903577707707882 ], [ 452193.336588092439342, 6308457.573389801196754 ], [ 436922.843742084573023, 6308650.275184956379235 ], [ 437102.041425792383961, 6323978.2746453108266 ] ] ] } },
{ "type": "Feature", "properties": { "id": 141, "cdep": "51", "dep": "Marne", "nb": 1858, "nbobserver": 18, "nbesp": 43, "nbrar": 4, "nbesprar": 1, "occsol": "n" }, "bbox": [ 436744.267612507392187, 6293156.682436018250883, 452193.336588092439342, 6308650.275184956379235 ], "geometry": { "type": "Polygon", "coordinates": [ [ [ 436922.843742084573023, 6308650.275184956379235 ], [ 452193.336588092439342, 6308457.573389801196754 ], [ 451988.282059297605883, 6293156.682436018250883 ], [ 436744.267612507392187, 6293348.718435171991587 ], [ 436922.843742084573023, 6308650.275184956379235 ] ] ] } },
{ "type": "Feature", "properties": { "id": 142, "cdep": "51", "dep": "Marne", "nb": 1947, "nbobserver": 42, "nbesp": 43, "nbrar": 1, "nbesprar": 1, "occsol": "a" }, "bbox": [ 436566.309808979043737, 6277882.139040059410036, 451988.282059297605883, 6293348.718435171991587 ], "geometry": { "type": "Polygon", "coordinates": [ [ [ 436744.267612507392187, 6293348.718435171991587 ], [ 451988.282059297605883, 6293156.682436018250883 ], [ 451783.937508048780728, 6277882.139040059410036 ], [ 436566.309808979043737, 6278073.51269558724016 ], [ 436744.267612507392187, 6293348.718435171991587 ] ] ] } },
{ "type": "Feature", "properties": { "id": 143, "cdep": "51", "dep": "Marne", "nb": 1760, "nbobserver": 7, "nbesp": 38, "nbrar": 9, "nbesprar": 2, "occsol": "a" }, "bbox": [ 436388.967125731869601, 6262633.852003034204245, 451783.937508048780728, 6278073.51269558724016 ], "geometry": { "type": "Polygon", "coordinates": [ [ [ 436566.309808979043737, 6278073.51269558724016 ], [ 451783.937508048780728, 6277882.139040059410036 ], [ 451580.299253615550697, 6262633.852003034204245 ], [ 436388.967125731869601, 6262824.566743455827236 ], [ 436566.309808979043737, 6278073.51269558724016 ] ] ] } },
{ "type": "Feature", "properties": { "id": 144, "cdep": "51", "dep": "Marne", "nb": 1186, "nbobserver": 5, "nbesp": 43, "nbrar": 1, "nbesprar": 1, "occsol": "a" }, "bbox": [ 436212.236379119567573, 6247411.730600175447762, 451580.299253615550697, 6262824.566743455827236 ], "geometry": { "type": "Polygon", "coordinates": [ [ [ 436388.967125731869601, 6262824.566743455827236 ], [ 451580.299253615550697, 6262633.852003034204245 ], [ 451377.363640664843842, 6247411.730600175447762 ], [ 436212.236379119567573, 6247601.789830353111029 ], [ 436388.967125731869601, 6262824.566743455827236 ] ] ] } },
{ "type": "Feature", "properties": { "id": 145, "cdep": "51", "dep": "Marne", "nb": 103, "nbobserver": 1, "nbesp": 15, "nbrar": 0, "nbesprar": 0, "occsol": "a" }, "bbox": [ 436036.114407427376136, 6232215.684577576816082, 451377.363640664843842, 6247601.789830353111029 ], "geometry": { "type": "Polygon", "coordinates": [ [ [ 436212.236379119567573, 6247601.789830353111029 ], [ 451377.363640664843842, 6247411.730600175447762 ], [ 451175.127039042068645, 6232215.684577576816082 ], [ 436036.114407427376136, 6232405.09167892113328 ], [ 436212.236379119567573, 6247601.789830353111029 ] ] ] } },
{ "type": "Feature", "properties": { "id": 146, "cdep": "51", "dep": "Marne", "nb": 11, "nbobserver": 2, "nbesp": 10, "nbrar": 0, "nbesprar": 0, "occsol": "a" }, "bbox": [ 435860.598070682492107, 6217045.624148943461478, 451175.127039042068645, 6232405.09167892113328 ], "geometry": { "type": "Polygon", "coordinates": [ [ [ 436036.114407427376136, 6232405.09167892113328 ], [ 451175.127039042068645, 6232215.684577576816082 ], [ 450973.585843555047177, 6217045.624148943461478 ], [ 435860.598070682492107, 6217234.382479625754058 ], [ 436036.114407427376136, 6232405.09167892113328 ] ] ] } },
{ "type": "Feature", "properties": { "id": 147, "cdep": "10", "dep": "Aube", "nb": 21, "nbobserver": 3, "nbesp": 17, "nbrar": 0, "nbesprar": 0, "occsol": "a" }, "bbox": [ 435685.68425046862103, 6201901.459992405958474, 450973.585843555047177, 6217234.382479625754058 ], "geometry": { "type": "Polygon", "coordinates": [ [ [ 435860.598070682492107, 6217234.382479625754058 ], [ 450973.585843555047177, 6217045.624148943461478 ], [ 450772.736473759228829, 6201901.459992405958474 ], [ 435685.68425046862103, 6202089.572887539863586 ], [ 435860.598070682492107, 6217234.382479625754058 ] ] ] } },
{ "type": "Feature", "properties": { "id": 148, "cdep": "10", "dep": "Aube", "nb": 9, "nbobserver": 1, "nbesp": 9, "nbrar": 0, "nbesprar": 0, "occsol": "a" }, "bbox": [ 435511.369849740702193, 6186783.103247310966253, 450772.736473759228829, 6202089.572887539863586 ], "geometry": { "type": "Polygon", "coordinates": [ [ [ 435685.68425046862103, 6202089.572887539863586 ], [ 450772.736473759228829, 6201901.459992405958474 ], [ 450572.575373746396508, 6186783.103247310966253 ], [ 435511.369849740702193, 6186970.574019161053002 ], [ 435685.68425046862103, 6202089.572887539863586 ] ] ] } },
{ "type": "Feature", "properties": { "id": 149, "cdep": "10", "dep": "Aube", "nb": 110, "nbobserver": 7, "nbesp": 34, "nbrar": 1, "nbesprar": 1, "occsol": "a" }, "bbox": [ 435337.651792642078362, 6171690.465511087328196, 450572.575373746396508, 6186970.574019161053002 ], "geometry": { "type": "Polygon", "coordinates": [ [ [ 435511.369849740702193, 6186970.574019161053002 ], [ 450572.575373746396508, 6186783.103247310966253 ], [ 450373.099011934362352, 6171690.465511087328196 ], [ 435337.651792642078362, 6171877.297449259087443 ], [ 435511.369849740702193, 6186970.574019161053002 ] ] ] } },
{ "type": "Feature", "properties": { "id": 150, "cdep": "10", "dep": "Aube", "nb": 4984, "nbobserver": 18, "nbesp": 35, "nbrar": 1, "nbesprar": 1, "occsol": "a" }, "bbox": [ 435164.52702432393562, 6156623.458836102858186, 450373.099011934362352, 6171877.297449259087443 ], "geometry": { "type": "Polygon", "coordinates": [ [ [ 435337.651792642078362, 6171877.297449259087443 ], [ 450373.099011934362352, 6171690.465511087328196 ], [ 450174.303880859341007, 6156623.458836102858186 ], [ 435164.52702432393562, 6156809.655207744799554 ], [ 435337.651792642078362, 6171877.297449259087443 ] ] ] } },
{ "type": "Feature", "properties": { "id": 151, "cdep": "10", "dep": "Aube", "nb": 1087, "nbobserver": 26, "nbesp": 46, "nbrar": 2, "nbesprar": 2, "occsol": "a" }, "bbox": [ 434991.992510766140185, 6141581.995726579800248, 450174.303880859341007, 6156809.655207744799554 ], "geometry": { "type": "Polygon", "coordinates": [ [ [ 435164.52702432393562, 6156809.655207744799554 ], [ 450174.303880859341007, 6156623.458836102858186 ], [ 449976.186496971058659, 6141581.995726579800248 ], [ 434991.992510766140185, 6141767.559776560403407 ], [ 435164.52702432393562, 6156809.655207744799554 ] ] ] } },
{ "type": "Feature", "properties": { "id": 152, "cdep": "10", "dep": "Aube", "nb": 1519, "nbobserver": 14, "nbesp": 47, "nbrar": 6, "nbesprar": 3, "occsol": "a" }, "bbox": [ 434820.045238599937875, 6126565.989135499112308, 449976.186496971058659, 6141767.559776560403407 ], "geometry": { "type": "Polygon", "coordinates": [ [ [ 434991.992510766140185, 6141767.559776560403407 ], [ 449976.186496971058659, 6141581.995726579800248 ], [ 449778.743400428211316, 6126565.989135499112308 ], [ 434820.045238599937875, 6126750.924086612649262 ], [ 434991.992510766140185, 6141767.559776560403407 ] ] ] } },
{ "type": "Feature", "properties": { "id": 153, "cdep": "10", "dep": "Aube", "nb": 133, "nbobserver": 3, "nbesp": 29, "nbrar": 1, "nbesprar": 1, "occsol": "a" }, "bbox": [ 434648.682214932865463, 6111575.352461577393115, 449778.743400428211316, 6126750.924086612649262 ], "geometry": { "type": "Polygon", "coordinates": [ [ [ 434820.045238599937875, 6126750.924086612649262 ], [ 449778.743400428211316, 6126565.989135499112308 ], [ 449581.971154898230452, 6111575.352461577393115 ], [ 434648.682214932865463, 6111759.661514718085527 ], [ 434820.045238599937875, 6126750.924086612649262 ] ] ] } },
{ "type": "Feature", "properties": { "id": 154, "cdep": "10", "dep": "Aube", "nb": 444, "nbobserver": 4, "nbesp": 36, "nbrar": 2, "nbesprar": 1, "occsol": "a" }, "bbox": [ 434477.900467174535152, 6096609.999546218663454, 449581.971154898230452, 6111759.661514718085527 ], "geometry": { "type": "Polygon", "coordinates": [ [ [ 434648.682214932865463, 6111759.661514718085527 ], [ 449581.971154898230452, 6111575.352461577393115 ], [ 449385.866347357165068, 6096609.999546218663454 ], [ 434477.900467174535152, 6096793.68588056974113 ], [ 434648.682214932865463, 6111759.661514718085527 ] ] ] } },
{ "type": "Feature", "properties": { "id": 155, "cdep": "10", "dep": "Aube", "nb": 0, "nbobserver": 0, "nbesp": 0, "nbrar": 0, "nbesprar": 0, "occsol": "a" }, "bbox": [ 434307.69704286538763, 6081669.844670536927879, 449385.866347357165068, 6096793.68588056974113 ], "geometry": { "type": "Polygon", "coordinates": [ [ [ 434477.900467174535152, 6096793.68588056974113 ], [ 449385.866347357165068, 6096609.999546218663454 ], [ 449190.425587892823387, 6081669.844670536927879 ], [ 434307.69704286538763, 6081852.911443756893277 ], [ 434477.900467174535152, 6096793.68588056974113 ] ] ] } },
{ "type": "Feature", "properties": { "id": 166, "cdep": "08", "dep": "Ardennes", "nb": 0, "nbobserver": 0, "nbesp": 0, "nbrar": 0, "nbesprar": 0, "occsol": "a" }, "bbox": [ 453438.782666441926267, 6400597.454808171838522, 469106.620399242732674, 6416309.303492509759963 ], "geometry": { "type": "Polygon", "coordinates": [ [ [ 453648.912278861564118, 6416309.303492509759963 ], [ 469106.620399242732674, 6416084.586819578893483 ], [ 468869.361138979205862, 6400597.454808171838522 ], [ 453438.782666441926267, 6400821.38553992472589 ], [ 453648.912278861564118, 6416309.303492509759963 ] ] ] } },
{ "type": "Feature", "properties": { "id": 167, "cdep": "08", "dep": "Ardennes", "nb": 86, "nbobserver": 2, "nbesp": 26, "nbrar": 2, "nbesprar": 2, "occsol": "a" }, "bbox": [ 453229.389526657061651, 6385137.31817724276334, 468869.361138979205862, 6400821.38553992472589 ], "geometry": { "type": "Polygon", "coordinates": [ [ [ 453438.782666441926267, 6400821.38553992472589 ], [ 468869.361138979205862, 6400597.454808171838522 ], [ 468632.933394504536409, 6385137.31817724276334 ], [ 453229.389526657061651, 6385360.46709309797734 ], [ 453438.782666441926267, 6400821.38553992472589 ] ] ] } },
{ "type": "Feature", "properties": { "id": 168, "cdep": "08", "dep": "Ardennes", "nb": 12, "nbobserver": 1, "nbesp": 12, "nbrar": 0, "nbesprar": 0, "occsol": "a" }, "bbox": [ 453020.728994678298477, 6369704.082344061695039, 468632.933394504536409, 6385360.46709309797734 ], "geometry": { "type": "Polygon", "coordinates": [ [ [ 453229.389526657061651, 6385360.46709309797734 ], [ 468632.933394504536409, 6385137.31817724276334 ], [ 468397.332802520715632, 6369704.082344061695039 ], [ 453020.728994678298477, 6369926.453540441580117 ], [ 453229.389526657061651, 6385360.46709309797734 ] ] ] } },
{ "type": "Feature", "properties": { "id": 169, "cdep": "08", "dep": "Ardennes", "nb": 118, "nbobserver": 6, "nbesp": 24, "nbrar": 0, "nbesprar": 0, "occsol": "a" }, "bbox": [ 452812.797232670127414, 6354297.653223438188434, 468397.332802520715632, 6369926.453540441580117 ], "geometry": { "type": "Polygon", "coordinates": [ [ [ 453020.728994678298477, 6369926.453540441580117 ], [ 468397.332802520715632, 6369704.082344061695039 ], [ 468162.555030202260241, 6354297.653223438188434 ], [ 452812.797232670127414, 6354519.250768165104091 ], [ 453020.728994678298477, 6369926.453540441580117 ] ] ] } },
{ "type": "Feature", "properties": { "id": 170, "cdep": "08", "dep": "Ardennes", "nb": 784, "nbobserver": 9, "nbesp": 43, "nbrar": 2, "nbesprar": 2, "occsol": "a" }, "bbox": [ 452605.590429555275477, 6338917.937224254012108, 468162.555030202260241, 6354519.250768165104091 ], "geometry": { "type": "Polygon", "coordinates": [ [ [ 452812.797232670127414, 6354519.250768165104091 ], [ 468162.555030202260241, 6354297.653223438188434 ], [ 467928.595774930610787, 6338917.937224254012108 ], [ 452605.590429555275477, 6339138.76515678782016 ], [ 452812.797232670127414, 6354519.250768165104091 ] ] ] } },
{ "type": "Feature", "properties": { "id": 171, "cdep": "51", "dep": "Marne", "nb": 321, "nbobserver": 16, "nbesp": 34, "nbrar": 1, "nbesprar": 1, "occsol": "a" }, "bbox": [ 452399.104800781642552, 6323564.841246007010341, 467928.595774930610787, 6339138.76515678782016 ], "geometry": { "type": "Polygon", "coordinates": [ [ [ 452605.590429555275477, 6339138.76515678782016 ], [ 467928.595774930610787, 6338917.937224254012108 ], [ 467695.450764030974824, 6323564.841246007010341 ], [ 452399.104800781642552, 6323784.903577707707882 ], [ 452605.590429555275477, 6339138.76515678782016 ] ] ] } },
{ "type": "Feature", "properties": { "id": 172, "cdep": "51", "dep": "Marne", "nb": 8160, "nbobserver": 21, "nbesp": 47, "nbrar": 10, "nbesprar": 2, "occsol": "a" }, "bbox": [ 452193.336588092439342, 6308238.272675439715385, 467695.450764030974824, 6323784.903577707707882 ], "geometry": { "type": "Polygon", "coordinates": [ [ [ 452399.104800781642552, 6323784.903577707707882 ], [ 467695.450764030974824, 6323564.841246007010341 ], [ 467463.115754512662534, 6308238.272675439715385 ], [ 452193.336588092439342, 6308457.573389801196754 ], [ 452399.104800781642552, 6323784.903577707707882 ] ] ] } },
{ "type": "Feature", "properties": { "id": 173, "cdep": "51", "dep": "Marne", "nb": 339, "nbobserver": 15, "nbesp": 27, "nbrar": 0, "nbesprar": 0, "occsol": "a" }, "bbox": [ 451988.282059297605883, 6292938.139383124187589, 467463.115754512662534, 6308457.573389801196754 ], "geometry": { "type": "Polygon", "coordinates": [ [ [ 452193.336588092439342, 6308457.573389801196754 ], [ 467463.115754512662534, 6308238.272675439715385 ], [ 467231.586532811634243, 6292938.139383124187589 ], [ 451988.282059297605883, 6293156.682436018250883 ], [ 452193.336588092439342, 6308457.573389801196754 ] ] ] } },
{ "type": "Feature", "properties": { "id": 174, "cdep": "51", "dep": "Marne", "nb": 875, "nbobserver": 13, "nbesp": 40, "nbrar": 3, "nbesprar": 1, "occsol": "a" }, "bbox": [ 451783.937508048780728, 6277664.349720150232315, 467231.586532811634243, 6293156.682436018250883 ], "geometry": { "type": "Polygon", "coordinates": [ [ [ 451988.282059297605883, 6293156.682436018250883 ], [ 467231.586532811634243, 6292938.139383124187589 ], [ 467000.858914535783697, 6277664.349720150232315 ], [ 451783.937508048780728, 6277882.139040059410036 ], [ 451988.282059297605883, 6293156.682436018250883 ] ] ] } },
{ "type": "Feature", "properties": { "id": 175, "cdep": "51", "dep": "Marne", "nb": 252, "nbobserver": 6, "nbesp": 31, "nbrar": 0, "nbesprar": 0, "occsol": "a" }, "bbox": [ 451580.299253615550697, 6262416.812514768913388, 467000.858914535783697, 6277882.139040059410036 ], "geometry": { "type": "Polygon", "coordinates": [ [ [ 451783.937508048780728, 6277882.139040059410036 ], [ 467000.858914535783697, 6277664.349720150232315 ], [ 466770.928744213073514, 6262416.812514768913388 ], [ 451580.299253615550697, 6262633.852003034204245 ], [ 451783.937508048780728, 6277882.139040059410036 ] ] ] } },
{ "type": "Feature", "properties": { "id": 176, "cdep": "51", "dep": "Marne", "nb": 105, "nbobserver": 3, "nbesp": 25, "nbrar": 0, "nbesprar": 0, "occsol": "a" }, "bbox": [ 451377.363640664843842, 6247195.437069128267467, 466770.928744213073514, 6262633.852003034204245 ], "geometry": { "type": "Polygon", "coordinates": [ [ [ 451580.299253615550697, 6262633.852003034204245 ], [ 466770.928744213073514, 6262416.812514768913388 ], [ 466541.791895042348187, 6247195.437069128267467 ], [ 451377.363640664843842, 6247411.730600175447762 ], [ 451580.299253615550697, 6262633.852003034204245 ] ] ] } },
{ "type": "Feature", "properties": { "id": 177, "cdep": "51", "dep": "Marne", "nb": 0, "nbobserver": 0, "nbesp": 0, "nbrar": 0, "nbesprar": 0, "occsol": "a" }, "bbox": [ 451175.127039042068645, 6232000.133156004361808, 466541.791895042348187, 6247411.730600175447762 ], "geometry": { "type": "Polygon", "coordinates": [ [ [ 451377.363640664843842, 6247411.730600175447762 ], [ 466541.791895042348187, 6247195.437069128267467 ], [ 466313.444268645835109, 6232000.133156004361808 ], [ 451175.127039042068645, 6232215.684577576816082 ], [ 451377.363640664843842, 6247411.730600175447762 ] ] ] } },
{ "type": "Feature", "properties": { "id": 178, "cdep": "51", "dep": "Marne", "nb": 0, "nbobserver": 0, "nbesp": 0, "nbrar": 0, "nbesprar": 0, "occsol": "a" }, "bbox": [ 450973.585843555047177, 6216830.811015560291708, 466313.444268645835109, 6232215.684577576816082 ], "geometry": { "type": "Polygon", "coordinates": [ [ [ 451175.127039042068645, 6232215.684577576816082 ], [ 466313.444268645835109, 6232000.133156004361808 ], [ 466085.881794825545512, 6216830.811015560291708 ], [ 450973.585843555047177, 6217045.624148943461478 ], [ 451175.127039042068645, 6232215.684577576816082 ] ] ] } },
{ "type": "Feature", "properties": { "id": 179, "cdep": "10", "dep": "Aube", "nb": 76, "nbobserver": 3, "nbesp": 23, "nbrar": 0, "nbesprar": 0, "occsol": "a" }, "bbox": [ 450772.736473759228829, 6201687.381352139636874, 466085.881794825545512, 6217045.624148943461478 ], "geometry": { "type": "Polygon", "coordinates": [ [ [ 450973.585843555047177, 6217045.624148943461478 ], [ 466085.881794825545512, 6216830.811015560291708 ], [ 465859.100431321188807, 6201687.381352139636874 ], [ 450772.736473759228829, 6201901.459992405958474 ], [ 450973.585843555047177, 6217045.624148943461478 ] ] ] } },
{ "type": "Feature", "properties": { "id": 180, "cdep": "10", "dep": "Aube", "nb": 539, "nbobserver": 10, "nbesp": 30, "nbrar": 0, "nbesprar": 0, "occsol": "a" }, "bbox": [ 450572.575373746396508, 6186569.755331103689969, 465859.100431321188807, 6201901.459992405958474 ], "geometry": { "type": "Polygon", "coordinates": [ [ [ 450772.736473759228829, 6201901.459992405958474 ], [ 465859.100431321188807, 6201687.381352139636874 ], [ 465633.096163570997305, 6186569.755331103689969 ], [ 450572.575373746396508, 6186783.103247310966253 ], [ 450772.736473759228829, 6201901.459992405958474 ] ] ] } },
{ "type": "Feature", "properties": { "id": 181, "cdep": "10", "dep": "Aube", "nb": 20, "nbobserver": 3, "nbesp": 9, "nbrar": 0, "nbesprar": 0, "occsol": "a" }, "bbox": [ 450373.099011934362352, 6171477.844575647264719, 465633.096163570997305, 6186783.103247310966253 ], "geometry": { "type": "Polygon", "coordinates": [ [ [ 450572.575373746396508, 6186783.103247310966253 ], [ 465633.096163570997305, 6186569.755331103689969 ], [ 465407.865004474879242, 6171477.844575647264719 ], [ 450373.099011934362352, 6171690.465511087328196 ], [ 450572.575373746396508, 6186783.103247310966253 ] ] ] } },
{ "type": "Feature", "properties": { "id": 182, "cdep": "10", "dep": "Aube", "nb": 2526, "nbobserver": 49, "nbesp": 49, "nbrar": 10, "nbesprar": 3, "occsol": "a" }, "bbox": [ 450174.303880859341007, 6156411.561163711361587, 465407.865004474879242, 6171690.465511087328196 ], "geometry": { "type": "Polygon", "coordinates": [ [ [ 450373.099011934362352, 6171690.465511087328196 ], [ 465407.865004474879242, 6171477.844575647264719 ], [ 465183.40299415984191, 6156411.561163711361587 ], [ 450174.303880859341007, 6156623.458836102858186 ], [ 450373.099011934362352, 6171690.465511087328196 ] ] ] } },
{ "type": "Feature", "properties": { "id": 183, "cdep": "10", "dep": "Aube", "nb": 6892, "nbobserver": 109, "nbesp": 48, "nbrar": 4, "nbesprar": 3, "occsol": "a" }, "bbox": [ 449976.186496971058659, 6141370.817624851129949, 465183.40299415984191, 6156623.458836102858186 ], "geometry": { "type": "Polygon", "coordinates": [ [ [ 450174.303880859341007, 6156623.458836102858186 ], [ 465183.40299415984191, 6156411.561163711361587 ], [ 464959.706199748325162, 6141370.817624851129949 ], [ 449976.186496971058659, 6141581.995726579800248 ], [ 450174.303880859341007, 6156623.458836102858186 ] ] ] } },
{ "type": "Feature", "properties": { "id": 184, "cdep": "10", "dep": "Aube", "nb": 10160, "nbobserver": 14, "nbesp": 48, "nbrar": 20, "nbesprar": 3, "occsol": "a" }, "bbox": [ 449778.743400428211316, 6126355.526937181130052, 464959.706199748325162, 6141581.995726579800248 ], "geometry": { "type": "Polygon", "coordinates": [ [ [ 449976.186496971058659, 6141581.995726579800248 ], [ 464959.706199748325162, 6141370.817624851129949 ], [ 464736.770715128455777, 6126355.526937181130052 ], [ 449778.743400428211316, 6126565.989135499112308 ], [ 449976.186496971058659, 6141581.995726579800248 ] ] ] } },
{ "type": "Feature", "properties": { "id": 185, "cdep": "10", "dep": "Aube", "nb": 72, "nbobserver": 2, "nbesp": 21, "nbrar": 0, "nbesprar": 0, "occsol": "n" }, "bbox": [ 449581.971154898230452, 6111365.602524321526289, 464736.770715128455777, 6126565.989135499112308 ], "geometry": { "type": "Polygon", "coordinates": [ [ [ 449778.743400428211316, 6126565.989135499112308 ], [ 464736.770715128455777, 6126355.526937181130052 ], [ 464514.592660726571921, 6111365.602524321526289 ], [ 449581.971154898230452, 6111575.352461577393115 ], [ 449778.743400428211316, 6126565.989135499112308 ] ] ] } },
{ "type": "Feature", "properties": { "id": 186, "cdep": "10", "dep": "Aube", "nb": 54, "nbobserver": 3, "nbesp": 24, "nbrar": 1, "nbesprar": 1, "occsol": "a" }, "bbox": [ 449385.866347357165068, 6096400.958252382464707, 464514.592660726571921, 6111575.352461577393115 ], "geometry": { "type": "Polygon", "coordinates": [ [ [ 449581.971154898230452, 6111575.352461577393115 ], [ 464514.592660726571921, 6111365.602524321526289 ], [ 464293.168183282425161, 6096400.958252382464707 ], [ 449385.866347357165068, 6096609.999546218663454 ], [ 449581.971154898230452, 6111575.352461577393115 ] ] ] } },
{ "type": "Feature", "properties": { "id": 187, "cdep": "10", "dep": "Aube", "nb": 0, "nbobserver": 0, "nbesp": 0, "nbrar": 0, "nbesprar": 0, "occsol": "a" }, "bbox": [ 449190.425587892823387, 6081461.508426967076957, 464293.168183282425161, 6096609.999546218663454 ], "geometry": { "type": "Polygon", "coordinates": [ [ [ 449385.866347357165068, 6096609.999546218663454 ], [ 464293.168183282425161, 6096400.958252382464707 ], [ 464072.493455626477953, 6081461.508426967076957 ], [ 449190.425587892823387, 6081669.844670536927879 ], [ 449385.866347357165068, 6096609.999546218663454 ] ] ] } },
{ "type": "Feature", "properties": { "id": 196, "cdep": "08", "dep": "Ardennes", "nb": 137, "nbobserver": 3, "nbesp": 26, "nbrar": 0, "nbesprar": 0, "occsol": "n" }, "bbox": [ 469344.71556933328975, 6431345.955325961112976, 485095.060845333035104, 6447140.217823419719934 ], "geometry": { "type": "Polygon", "coordinates": [ [ [ 469583.651074301218614, 6447140.217823419719934 ], [ 485095.060845333035104, 6446886.473301199264824 ], [ 484828.808553027454764, 6431345.955325961112976 ], [ 469344.71556933328975, 6431598.809295221231878 ], [ 469583.651074301218614, 6447140.217823419719934 ] ] ] } },
{ "type": "Feature", "properties": { "id": 197, "cdep": "08", "dep": "Ardennes", "nb": 674, "nbobserver": 1, "nbesp": 26, "nbrar": 0, "nbesprar": 0, "occsol": "a" }, "bbox": [ 469106.620399242732674, 6415832.61871275678277, 484828.808553027454764, 6431598.809295221231878 ], "geometry": { "type": "Polygon", "coordinates": [ [ [ 469344.71556933328975, 6431598.809295221231878 ], [ 484828.808553027454764, 6431345.955325961112976 ], [ 484563.492614965245593, 6415832.61871275678277 ], [ 469106.620399242732674, 6416084.586819578893483 ], [ 469344.71556933328975, 6431598.809295221231878 ] ] ] } },
{ "type": "Feature", "properties": { "id": 198, "cdep": "08", "dep": "Ardennes", "nb": 41, "nbobserver": 5, "nbesp": 22, "nbrar": 0, "nbesprar": 0, "occsol": "a" }, "bbox": [ 468869.361138979205862, 6400346.367906181141734, 484563.492614965245593, 6416084.586819578893483 ], "geometry": { "type": "Polygon", "coordinates": [ [ [ 469106.620399242732674, 6416084.586819578893483 ], [ 484563.492614965245593, 6415832.61871275678277 ], [ 484299.108100851241034, 6400346.367906181141734 ], [ 468869.361138979205862, 6400597.454808171838522 ], [ 469106.620399242732674, 6416084.586819578893483 ] ] ] } },
{ "type": "Feature", "properties": { "id": 199, "cdep": "08", "dep": "Ardennes", "nb": 53, "nbobserver": 3, "nbesp": 27, "nbrar": 0, "nbesprar": 0, "occsol": "a" }, "bbox": [ 468632.933394504536409, 6384887.107855114154518, 484299.108100851241034, 6400597.454808171838522 ], "geometry": { "type": "Polygon", "coordinates": [ [ [ 468869.361138979205862, 6400597.454808171838522 ], [ 484299.108100851241034, 6400346.367906181141734 ], [ 484035.650114939664491, 6384887.107855114154518 ], [ 468632.933394504536409, 6385137.31817724276334 ], [ 468869.361138979205862, 6400597.454808171838522 ] ] ] } },
{ "type": "Feature", "properties": { "id": 200, "cdep": "08", "dep": "Ardennes", "nb": 179, "nbobserver": 3, "nbesp": 30, "nbrar": 0, "nbesprar": 0, "occsol": "a" }, "bbox": [ 468397.332802520715632, 6369454.744009170681238, 484035.650114939664491, 6385137.31817724276334 ], "geometry": { "type": "Polygon", "coordinates": [ [ [ 468632.933394504536409, 6385137.31817724276334 ], [ 484035.650114939664491, 6384887.107855114154518 ], [ 483773.113795731973369, 6369454.744009170681238 ], [ 468397.332802520715632, 6369704.082344061695039 ], [ 468632.933394504536409, 6385137.31817724276334 ] ] ] } },
{ "type": "Feature", "properties": { "id": 201, "cdep": "08", "dep": "Ardennes", "nb": 253, "nbobserver": 10, "nbesp": 34, "nbrar": 1, "nbesprar": 1, "occsol": "a" }, "bbox": [ 468162.555030202260241, 6354049.1823152275756, 483773.113795731973369, 6369704.082344061695039 ], "geometry": { "type": "Polygon", "coordinates": [ [ [ 468397.332802520715632, 6369704.082344061695039 ], [ 483773.113795731973369, 6369454.744009170681238 ], [ 483511.494315678311978, 6354049.1823152275756 ], [ 468162.555030202260241, 6354297.653223438188434 ], [ 468397.332802520715632, 6369704.082344061695039 ] ] ] } },
{ "type": "Feature", "properties": { "id": 202, "cdep": "08", "dep": "Ardennes", "nb": 1626, "nbobserver": 11, "nbesp": 39, "nbrar": 5, "nbesprar": 1, "occsol": "a" }, "bbox": [ 467928.595774930610787, 6338670.329213950783014, 483511.494315678311978, 6354297.653223438188434 ], "geometry": { "type": "Polygon", "coordinates": [ [ [ 468162.555030202260241, 6354297.653223438188434 ], [ 483511.494315678311978, 6354049.1823152275756 ], [ 483250.786880881292745, 6338670.329213950783014 ], [ 467928.595774930610787, 6338917.937224254012108 ], [ 468162.555030202260241, 6354297.653223438188434 ] ] ] } },
{ "type": "Feature", "properties": { "id": 203, "cdep": "51", "dep": "Marne", "nb": 675, "nbobserver": 17, "nbesp": 37, "nbrar": 1, "nbesprar": 1, "occsol": "a" }, "bbox": [ 467695.450764030974824, 6323318.091636352241039, 483250.786880881292745, 6338917.937224254012108 ], "geometry": { "type": "Polygon", "coordinates": [ [ [ 467928.595774930610787, 6338917.937224254012108 ], [ 483250.786880881292745, 6338670.329213950783014 ], [ 482990.986730803444516, 6323318.091636352241039 ], [ 467695.450764030974824, 6323564.841246007010341 ], [ 467928.595774930610787, 6338917.937224254012108 ] ] ] } },
{ "type": "Feature", "properties": { "id": 204, "cdep": "51", "dep": "Marne", "nb": 233, "nbobserver": 5, "nbesp": 26, "nbrar": 0, "nbesprar": 0, "occsol": "a" }, "bbox": [ 467463.115754512662534, 6307992.377000408247113, 482990.986730803444516, 6323564.841246007010341 ], "geometry": { "type": "Polygon", "coordinates": [ [ [ 467695.450764030974824, 6323564.841246007010341 ], [ 482990.986730803444516, 6323318.091636352241039 ], [ 482732.089137977571227, 6307992.377000408247113 ], [ 467463.115754512662534, 6308238.272675439715385 ], [ 467695.450764030974824, 6323564.841246007010341 ] ] ] } },
{ "type": "Feature", "properties": { "id": 205, "cdep": "51", "dep": "Marne", "nb": 1095, "nbobserver": 16, "nbesp": 44, "nbrar": 2, "nbesprar": 2, "occsol": "a" }, "bbox": [ 467231.586532811634243, 6292693.093207661993802, 482732.089137977571227, 6308238.272675439715385 ], "geometry": { "type": "Polygon", "coordinates": [ [ [ 467463.115754512662534, 6308238.272675439715385 ], [ 482732.089137977571227, 6307992.377000408247113 ], [ 482474.089407720195595, 6292693.093207661993802 ], [ 467231.586532811634243, 6292938.139383124187589 ], [ 467463.115754512662534, 6308238.272675439715385 ] ] ] } },
{ "type": "Feature", "properties": { "id": 206, "cdep": "51", "dep": "Marne", "nb": 277, "nbobserver": 8, "nbesp": 32, "nbrar": 1, "nbesprar": 1, "occsol": "a" }, "bbox": [ 467000.858914535783697, 6277420.148639891296625, 482474.089407720195595, 6292938.139383124187589 ], "geometry": { "type": "Polygon", "coordinates": [ [ [ 467231.586532811634243, 6292938.139383124187589 ], [ 482474.089407720195595, 6292693.093207661993802 ], [ 482216.982877847854979, 6277420.148639891296625 ], [ 467000.858914535783697, 6277664.349720150232315 ], [ 467231.586532811634243, 6292938.139383124187589 ] ] ] } },
{ "type": "Feature", "properties": { "id": 207, "cdep": "51", "dep": "Marne", "nb": 1942, "nbobserver": 15, "nbesp": 40, "nbrar": 1, "nbesprar": 1, "occsol": "a" }, "bbox": [ 466770.928744213073514, 6262173.452155791223049, 482216.982877847854979, 6277664.349720150232315 ], "geometry": { "type": "Polygon", "coordinates": [ [ [ 467000.858914535783697, 6277664.349720150232315 ], [ 482216.982877847854979, 6277420.148639891296625 ], [ 481960.764918396074791, 6262173.452155791223049 ], [ 466770.928744213073514, 6262416.812514768913388 ], [ 467000.858914535783697, 6277664.349720150232315 ] ] ] } },
{ "type": "Feature", "properties": { "id": 208, "cdep": "51", "dep": "Marne", "nb": 285, "nbobserver": 2, "nbesp": 29, "nbrar": 3, "nbesprar": 1, "occsol": "a" }, "bbox": [ 466541.791895042348187, 6246952.913087677210569, 481960.764918396074791, 6262416.812514768913388 ], "geometry": { "type": "Polygon", "coordinates": [ [ [ 466770.928744213073514, 6262416.812514768913388 ], [ 481960.764918396074791, 6262173.452155791223049 ], [ 481705.430931342067197, 6246952.913087677210569 ], [ 466541.791895042348187, 6247195.437069128267467 ], [ 466770.928744213073514, 6262416.812514768913388 ] ] ] } },
{ "type": "Feature", "properties": { "id": 209, "cdep": "51", "dep": "Marne", "nb": 162, "nbobserver": 1, "nbesp": 16, "nbrar": 0, "nbesprar": 0, "occsol": "a" }, "bbox": [ 466313.444268645835109, 6231758.441238235682249, 481705.430931342067197, 6247195.437069128267467 ], "geometry": { "type": "Polygon", "coordinates": [ [ [ 466541.791895042348187, 6247195.437069128267467 ], [ 481705.430931342067197, 6246952.913087677210569 ], [ 481450.976350329525303, 6231758.441238235682249 ], [ 466313.444268645835109, 6232000.133156004361808 ], [ 466541.791895042348187, 6247195.437069128267467 ] ] ] } },
{ "type": "Feature", "properties": { "id": 210, "cdep": "10", "dep": "Aube", "nb": 48, "nbobserver": 2, "nbesp": 19, "nbrar": 0, "nbesprar": 0, "occsol": "a" }, "bbox": [ 466085.881794825545512, 6216589.946877281181514, 481450.976350329525303, 6232000.133156004361808 ], "geometry": { "type": "Polygon", "coordinates": [ [ [ 466313.444268645835109, 6232000.133156004361808 ], [ 481450.976350329525303, 6231758.441238235682249 ], [ 481197.396640396502335, 6216589.946877281181514 ], [ 466085.881794825545512, 6216830.811015560291708 ], [ 466313.444268645835109, 6232000.133156004361808 ] ] ] } },
{ "type": "Feature", "properties": { "id": 211, "cdep": "10", "dep": "Aube", "nb": 272, "nbobserver": 3, "nbesp": 37, "nbrar": 0, "nbesprar": 0, "occsol": "a" }, "bbox": [ 465859.100431321188807, 6201447.340738565661013, 481197.396640396502335, 6216830.811015560291708 ], "geometry": { "type": "Polygon", "coordinates": [ [ [ 466085.881794825545512, 6216830.811015560291708 ], [ 481197.396640396502335, 6216589.946877281181514 ], [ 480944.687297705910169, 6201447.340738565661013 ], [ 465859.100431321188807, 6201687.381352139636874 ], [ 466085.881794825545512, 6216830.811015560291708 ] ] ] } },
{ "type": "Feature", "properties": { "id": 212, "cdep": "10", "dep": "Aube", "nb": 55, "nbobserver": 3, "nbesp": 26, "nbrar": 0, "nbesprar": 0, "occsol": "a" }, "bbox": [ 465633.096163570997305, 6186330.534016591496766, 480944.687297705910169, 6201687.381352139636874 ], "geometry": { "type": "Polygon", "coordinates": [ [ [ 465859.100431321188807, 6201687.381352139636874 ], [ 480944.687297705910169, 6201447.340738565661013 ], [ 480692.843849279452115, 6186330.534016591496766 ], [ 465633.096163570997305, 6186569.755331103689969 ], [ 465859.100431321188807, 6201687.381352139636874 ] ] ] } },
{ "type": "Feature", "properties": { "id": 213, "cdep": "10", "dep": "Aube", "nb": 26, "nbobserver": 4, "nbesp": 20, "nbrar": 1, "nbesprar": 1, "occsol": "a" }, "bbox": [ 465407.865004474879242, 6171239.438363461755216, 480692.843849279452115, 6186569.755331103689969 ], "geometry": { "type": "Polygon", "coordinates": [ [ [ 465633.096163570997305, 6186569.755331103689969 ], [ 480692.843849279452115, 6186330.534016591496766 ], [ 480441.861852733360138, 6171239.438363461755216 ], [ 465407.865004474879242, 6171477.844575647264719 ], [ 465633.096163570997305, 6186569.755331103689969 ] ] ] } },
{ "type": "Feature", "properties": { "id": 214, "cdep": "10", "dep": "Aube", "nb": 581, "nbobserver": 13, "nbesp": 41, "nbrar": 1, "nbesprar": 1, "occsol": "a" }, "bbox": [ 465183.40299415984191, 6156173.965885759331286, 480441.861852733360138, 6171477.844575647264719 ], "geometry": { "type": "Polygon", "coordinates": [ [ [ 465407.865004474879242, 6171477.844575647264719 ], [ 480441.861852733360138, 6171239.438363461755216 ], [ 480191.736896017566323, 6156173.965885759331286 ], [ 465183.40299415984191, 6156411.561163711361587 ], [ 465407.865004474879242, 6171477.844575647264719 ] ] ] } },
{ "type": "Feature", "properties": { "id": 215, "cdep": "10", "dep": "Aube", "nb": 823, "nbobserver": 19, "nbesp": 40, "nbrar": 0, "nbesprar": 0, "occsol": "a" }, "bbox": [ 464959.706199748325162, 6141134.029141456820071, 480191.736896017566323, 6156411.561163711361587 ], "geometry": { "type": "Polygon", "coordinates": [ [ [ 465183.40299415984191, 6156411.561163711361587 ], [ 480191.736896017566323, 6156173.965885759331286 ], [ 479942.464597157028038, 6141134.029141456820071 ], [ 464959.706199748325162, 6141370.817624851129949 ], [ 465183.40299415984191, 6156411.561163711361587 ] ] ] } },
{ "type": "Feature", "properties": { "id": 216, "cdep": "10", "dep": "Aube", "nb": 218, "nbobserver": 9, "nbesp": 31, "nbrar": 0, "nbesprar": 0, "occsol": "n" }, "bbox": [ 464736.770715128455777, 6126119.541136830113828, 479942.464597157028038, 6141370.817624851129949 ], "geometry": { "type": "Polygon", "coordinates": [ [ [ 464959.706199748325162, 6141370.817624851129949 ], [ 479942.464597157028038, 6141134.029141456820071 ], [ 479694.040603996138088, 6126119.541136830113828 ], [ 464736.770715128455777, 6126355.526937181130052 ], [ 464959.706199748325162, 6141370.817624851129949 ] ] ] } },
{ "type": "Feature", "properties": { "id": 217, "cdep": "10", "dep": "Aube", "nb": 0, "nbobserver": 0, "nbesp": 0, "nbrar": 0, "nbesprar": 0, "occsol": "a" }, "bbox": [ 464514.592660726571921, 6111130.415323432534933, 479694.040603996138088, 6126355.526937181130052 ], "geometry": { "type": "Polygon", "coordinates": [ [ [ 464736.770715128455777, 6126355.526937181130052 ], [ 479694.040603996138088, 6126119.541136830113828 ], [ 479446.460593945579603, 6111130.415323432534933 ], [ 464514.592660726571921, 6111365.602524321526289 ], [ 464736.770715128455777, 6126355.526937181130052 ] ] ] } },
{ "type": "Feature", "properties": { "id": 218, "cdep": "10", "dep": "Aube", "nb": 16, "nbobserver": 2, "nbesp": 12, "nbrar": 0, "nbesprar": 0, "occsol": "a" }, "bbox": [ 464293.168183282425161, 6096166.565595067106187, 479446.460593945579603, 6111365.602524321526289 ], "geometry": { "type": "Polygon", "coordinates": [ [ [ 464514.592660726571921, 6111365.602524321526289 ], [ 479446.460593945579603, 6111130.415323432534933 ], [ 479199.720273731159978, 6096166.565595067106187 ], [ 464293.168183282425161, 6096400.958252382464707 ], [ 464514.592660726571921, 6111365.602524321526289 ] ] ] } },
{ "type": "Feature", "properties": { "id": 219, "cdep": "10", "dep": "Aube", "nb": 0, "nbobserver": 0, "nbesp": 0, "nbrar": 0, "nbesprar": 0, "occsol": "a" }, "bbox": [ 464072.493455626477953, 6081227.90628479141742, 479199.720273731159978, 6096400.958252382464707 ], "geometry": { "type": "Polygon", "coordinates": [ [ [ 464293.168183282425161, 6096400.958252382464707 ], [ 479199.720273731159978, 6096166.565595067106187 ], [ 478953.815379146661144, 6081227.90628479141742 ], [ 464072.493455626477953, 6081461.508426967076957 ], [ 464293.168183282425161, 6096400.958252382464707 ] ] ] } },
{ "type": "Feature", "properties": { "id": 228, "cdep": "08", "dep": "Ardennes", "nb": 206, "nbobserver": 2, "nbesp": 35, "nbrar": 2, "nbesprar": 2, "occsol": "a" }, "bbox": [ 484828.808553027454764, 6431065.758849327452481, 500605.529302832204849, 6446886.473301199264824 ], "geometry": { "type": "Polygon", "coordinates": [ [ [ 485095.060845333035104, 6446886.473301199264824 ], [ 500605.529302832204849, 6446605.2900311620906 ], [ 500311.965188287431374, 6431065.758849327452481 ], [ 484828.808553027454764, 6431345.955325961112976 ], [ 485095.060845333035104, 6446886.473301199264824 ] ] ] } },
{ "type": "Feature", "properties": { "id": 229, "cdep": "08", "dep": "Ardennes", "nb": 2024, "nbobserver": 5, "nbesp": 40, "nbrar": 1, "nbesprar": 1, "occsol": "a" }, "bbox": [ 484563.492614965245593, 6415553.403832523152232, 500311.965188287431374, 6431345.955325961112976 ], "geometry": { "type": "Polygon", "coordinates": [ [ [ 484828.808553027454764, 6431345.955325961112976 ], [ 500311.965188287431374, 6431065.758849327452481 ], [ 500019.433412497863173, 6415553.403832523152232 ], [ 484563.492614965245593, 6415832.61871275678277 ], [ 484828.808553027454764, 6431345.955325961112976 ] ] ] } },
{ "type": "Feature", "properties": { "id": 230, "cdep": "08", "dep": "Ardennes", "nb": 229, "nbobserver": 5, "nbesp": 33, "nbrar": 0, "nbesprar": 0, "occsol": "a" }, "bbox": [ 484299.108100851241034, 6400068.129461818374693, 500019.433412497863173, 6415832.61871275678277 ], "geometry": { "type": "Polygon", "coordinates": [ [ [ 484563.492614965245593, 6415832.61871275678277 ], [ 500019.433412497863173, 6415553.403832523152232 ], [ 499727.92854022863321, 6400068.129461818374693 ], [ 484299.108100851241034, 6400346.367906181141734 ], [ 484563.492614965245593, 6415832.61871275678277 ] ] ] } },
{ "type": "Feature", "properties": { "id": 231, "cdep": "08", "dep": "Ardennes", "nb": 442, "nbobserver": 5, "nbesp": 39, "nbrar": 0, "nbesprar": 0, "occsol": "n" }, "bbox": [ 484035.650114939664491, 6384609.840722241438925, 499727.92854022863321, 6400346.367906181141734 ], "geometry": { "type": "Polygon", "coordinates": [ [ [ 484299.108100851241034, 6400346.367906181141734 ], [ 499727.92854022863321, 6400068.129461818374693 ], [ 499437.445174328691792, 6384609.840722241438925 ], [ 484035.650114939664491, 6384887.107855114154518 ], [ 484299.108100851241034, 6400346.367906181141734 ] ] ] } },
{ "type": "Feature", "properties": { "id": 232, "cdep": "08", "dep": "Ardennes", "nb": 338, "nbobserver": 4, "nbesp": 39, "nbrar": 2, "nbesprar": 2, "occsol": "a" }, "bbox": [ 483773.113795731973369, 6369178.443099248223007, 499437.445174328691792, 6384887.107855114154518 ], "geometry": { "type": "Polygon", "coordinates": [ [ [ 484035.650114939664491, 6384887.107855114154518 ], [ 499437.445174328691792, 6384609.840722241438925 ], [ 499147.977955397975165, 6369178.443099248223007 ], [ 483773.113795731973369, 6369454.744009170681238 ], [ 484035.650114939664491, 6384887.107855114154518 ] ] ] } },
{ "type": "Feature", "properties": { "id": 233, "cdep": "08", "dep": "Ardennes", "nb": 2058, "nbobserver": 15, "nbesp": 47, "nbrar": 26, "nbesprar": 3, "occsol": "a" }, "bbox": [ 483511.494315678311978, 6353773.842575240880251, 499147.977955397975165, 6369454.744009170681238 ], "geometry": { "type": "Polygon", "coordinates": [ [ [ 483773.113795731973369, 6369454.744009170681238 ], [ 499147.977955397975165, 6369178.443099248223007 ], [ 498859.52156145760091, 6353773.842575240880251 ], [ 483511.494315678311978, 6354049.1823152275756 ], [ 483773.113795731973369, 6369454.744009170681238 ] ] ] } },
{ "type": "Feature", "properties": { "id": 234, "cdep": "08", "dep": "Ardennes", "nb": 41, "nbobserver": 2, "nbesp": 15, "nbrar": 0, "nbesprar": 0, "occsol": "a" }, "bbox": [ 483250.786880881292745, 6338395.945626099593937, 498859.52156145760091, 6354049.1823152275756 ], "geometry": { "type": "Polygon", "coordinates": [ [ [ 483511.494315678311978, 6354049.1823152275756 ], [ 498859.52156145760091, 6353773.842575240880251 ], [ 498572.070707624370698, 6338395.945626099593937 ], [ 483250.786880881292745, 6338670.329213950783014 ], [ 483511.494315678311978, 6354049.1823152275756 ] ] ] } },
{ "type": "Feature", "properties": { "id": 235, "cdep": "08", "dep": "Ardennes", "nb": 402, "nbobserver": 8, "nbesp": 34, "nbrar": 0, "nbesprar": 0, "occsol": "a" }, "bbox": [ 482990.986730803444516, 6323044.659217743203044, 498572.070707624370698, 6338670.329213950783014 ], "geometry": { "type": "Polygon", "coordinates": [ [ [ 483250.786880881292745, 6338670.329213950783014 ], [ 498572.070707624370698, 6338395.945626099593937 ], [ 498285.620145787717775, 6323044.659217743203044 ], [ 482990.986730803444516, 6323318.091636352241039 ], [ 483250.786880881292745, 6338670.329213950783014 ] ] ] } },
{ "type": "Feature", "properties": { "id": 236, "cdep": "51", "dep": "Marne", "nb": 0, "nbobserver": 0, "nbesp": 0, "nbrar": 0, "nbesprar": 0, "occsol": "a" }, "bbox": [ 482732.089137977571227, 6307719.890802757814527, 498285.620145787717775, 6323318.091636352241039 ], "geometry": { "type": "Polygon", "coordinates": [ [ [ 482990.986730803444516, 6323318.091636352241039 ], [ 498285.620145787717775, 6323044.659217743203044 ], [ 498000.164664290612563, 6307719.890802757814527 ], [ 482732.089137977571227, 6307992.377000408247113 ], [ 482990.986730803444516, 6323318.091636352241039 ] ] ] } },
{ "type": "Feature", "properties": { "id": 237, "cdep": "51", "dep": "Marne", "nb": 421, "nbobserver": 14, "nbesp": 38, "nbrar": 0, "nbesprar": 0, "occsol": "a" }, "bbox": [ 482474.089407720195595, 6292421.548316994681954, 498000.164664290612563, 6307992.377000408247113 ], "geometry": { "type": "Polygon", "coordinates": [ [ [ 482732.089137977571227, 6307992.377000408247113 ], [ 498000.164664290612563, 6307719.890802757814527 ], [ 497715.69908761366969, 6292421.548316994681954 ], [ 482474.089407720195595, 6292693.093207661993802 ], [ 482732.089137977571227, 6307992.377000408247113 ] ] ] } },
{ "type": "Feature", "properties": { "id": 238, "cdep": "51", "dep": "Marne", "nb": 68, "nbobserver": 6, "nbesp": 21, "nbrar": 1, "nbesprar": 1, "occsol": "a" }, "bbox": [ 482216.982877847854979, 6277149.540176236070693, 497715.69908761366969, 6292693.093207661993802 ], "geometry": { "type": "Polygon", "coordinates": [ [ [ 482474.089407720195595, 6292693.093207661993802 ], [ 497715.69908761366969, 6292421.548316994681954 ], [ 497432.218276062747464, 6277149.540176236070693 ], [ 482216.982877847854979, 6277420.148639891296625 ], [ 482474.089407720195595, 6292693.093207661993802 ] ] ] } },
{ "type": "Feature", "properties": { "id": 239, "cdep": "51", "dep": "Marne", "nb": 2964, "nbobserver": 62, "nbesp": 47, "nbrar": 10, "nbesprar": 2, "occsol": "a" }, "bbox": [ 481960.764918396074791, 6261903.775272896513343, 497432.218276062747464, 6277420.148639891296625 ], "geometry": { "type": "Polygon", "coordinates": [ [ [ 482216.982877847854979, 6277420.148639891296625 ], [ 497432.218276062747464, 6277149.540176236070693 ], [ 497149.717125458817463, 6261903.775272896513343 ], [ 481960.764918396074791, 6262173.452155791223049 ], [ 482216.982877847854979, 6277420.148639891296625 ] ] ] } },
{ "type": "Feature", "properties": { "id": 240, "cdep": "51", "dep": "Marne", "nb": 741, "nbobserver": 20, "nbesp": 39, "nbrar": 2, "nbesprar": 1, "occsol": "a" }, "bbox": [ 481705.430931342067197, 6246684.162972719408572, 497149.717125458817463, 6262173.452155791223049 ], "geometry": { "type": "Polygon", "coordinates": [ [ [ 481960.764918396074791, 6262173.452155791223049 ], [ 497149.717125458817463, 6261903.775272896513343 ], [ 496868.190566832665354, 6246684.162972719408572 ], [ 481705.430931342067197, 6246952.913087677210569 ], [ 481960.764918396074791, 6262173.452155791223049 ] ] ] } },
{ "type": "Feature", "properties": { "id": 241, "cdep": "51", "dep": "Marne", "nb": 0, "nbobserver": 0, "nbesp": 0, "nbrar": 0, "nbesprar": 0, "occsol": "a" }, "bbox": [ 481450.976350329525303, 6231490.61311152856797, 496868.190566832665354, 6246952.913087677210569 ], "geometry": { "type": "Polygon", "coordinates": [ [ [ 481705.430931342067197, 6246952.913087677210569 ], [ 496868.190566832665354, 6246684.162972719408572 ], [ 496587.633566121337935, 6231490.61311152856797 ], [ 481450.976350329525303, 6231758.441238235682249 ], [ 481705.430931342067197, 6246952.913087677210569 ] ] ] } },
{ "type": "Feature", "properties": { "id": 242, "cdep": "51", "dep": "Marne", "nb": 132, "nbobserver": 2, "nbesp": 22, "nbrar": 0, "nbesprar": 0, "occsol": "a" }, "bbox": [ 481197.396640396502335, 6216323.035991989076138, 496587.633566121337935, 6231758.441238235682249 ], "geometry": { "type": "Polygon", "coordinates": [ [ [ 481450.976350329525303, 6231758.441238235682249 ], [ 496587.633566121337935, 6231490.61311152856797 ], [ 496308.041123867966235, 6216323.035991989076138 ], [ 481197.396640396502335, 6216589.946877281181514 ], [ 481450.976350329525303, 6231758.441238235682249 ] ] ] } },
{ "type": "Feature", "properties": { "id": 243, "cdep": "51", "dep": "Marne", "nb": 553, "nbobserver": 1, "nbesp": 41, "nbrar": 0, "nbesprar": 0, "occsol": "a" }, "bbox": [ 480944.687297705910169, 6201181.342380430549383, 496308.041123867966235, 6216589.946877281181514 ], "geometry": { "type": "Polygon", "coordinates": [ [ [ 481197.396640396502335, 6216589.946877281181514 ], [ 496308.041123867966235, 6216323.035991989076138 ], [ 496029.408274925546721, 6201181.342380430549383 ], [ 480944.687297705910169, 6201447.340738565661013 ], [ 481197.396640396502335, 6216589.946877281181514 ] ] ] } },
{ "type": "Feature", "properties": { "id": 244, "cdep": "10", "dep": "Aube", "nb": 69, "nbobserver": 2, "nbesp": 25, "nbrar": 0, "nbesprar": 0, "occsol": "a" }, "bbox": [ 480692.843849279452115, 6186065.443503641523421, 496029.408274925546721, 6201447.340738565661013 ], "geometry": { "type": "Polygon", "coordinates": [ [ [ 480944.687297705910169, 6201447.340738565661013 ], [ 496029.408274925546721, 6201181.342380430549383 ], [ 495751.730088162992615, 6186065.443503641523421 ], [ 480692.843849279452115, 6186330.534016591496766 ], [ 480944.687297705910169, 6201447.340738565661013 ] ] ] } },
{ "type": "Feature", "properties": { "id": 245, "cdep": "10", "dep": "Aube", "nb": 57, "nbobserver": 2, "nbesp": 22, "nbrar": 0, "nbesprar": 0, "occsol": "a" }, "bbox": [ 480441.861852733360138, 6170975.251045746728778, 495751.730088162992615, 6186330.534016591496766 ], "geometry": { "type": "Polygon", "coordinates": [ [ [ 480692.843849279452115, 6186330.534016591496766 ], [ 495751.730088162992615, 6186065.443503641523421 ], [ 495475.00166617409559, 6170975.251045746728778 ], [ 480441.861852733360138, 6171239.438363461755216 ], [ 480692.843849279452115, 6186330.534016591496766 ] ] ] } },
{ "type": "Feature", "properties": { "id": 246, "cdep": "10", "dep": "Aube", "nb": 295, "nbobserver": 7, "nbesp": 34, "nbrar": 0, "nbesprar": 0, "occsol": "a" }, "bbox": [ 480191.736896017566323, 6155910.677145072259009, 495475.00166617409559, 6171239.438363461755216 ], "geometry": { "type": "Polygon", "coordinates": [ [ [ 480441.861852733360138, 6171239.438363461755216 ], [ 495475.00166617409559, 6170975.251045746728778 ], [ 495199.218144989805296, 6155910.677145072259009 ], [ 480191.736896017566323, 6156173.965885759331286 ], [ 480441.861852733360138, 6171239.438363461755216 ] ] ] } },
{ "type": "Feature", "properties": { "id": 247, "cdep": "10", "dep": "Aube", "nb": 208, "nbobserver": 8, "nbesp": 35, "nbrar": 1, "nbesprar": 1, "occsol": "a" }, "bbox": [ 479942.464597157028038, 6140871.634391061961651, 495199.218144989805296, 6156173.965885759331286 ], "geometry": { "type": "Polygon", "coordinates": [ [ [ 480191.736896017566323, 6156173.965885759331286 ], [ 495199.218144989805296, 6155910.677145072259009 ], [ 494924.374693793593906, 6140871.634391061961651 ], [ 479942.464597157028038, 6141134.029141456820071 ], [ 480191.736896017566323, 6156173.965885759331286 ] ] ] } },
{ "type": "Feature", "properties": { "id": 248, "cdep": "10", "dep": "Aube", "nb": 143, "nbobserver": 4, "nbesp": 30, "nbrar": 0, "nbesprar": 0, "occsol": "a" }, "bbox": [ 479694.040603996138088, 6125858.035821206867695, 494924.374693793593906, 6141134.029141456820071 ], "geometry": { "type": "Polygon", "coordinates": [ [ [ 479942.464597157028038, 6141134.029141456820071 ], [ 494924.374693793593906, 6140871.634391061961651 ], [ 494650.466514639556408, 6125858.035821206867695 ], [ 479694.040603996138088, 6126119.541136830113828 ], [ 479942.464597157028038, 6141134.029141456820071 ] ] ] } },
{ "type": "Feature", "properties": { "id": 249, "cdep": "10", "dep": "Aube", "nb": 289, "nbobserver": 5, "nbesp": 35, "nbrar": 0, "nbesprar": 0, "occsol": "a" }, "bbox": [ 479446.460593945579603, 6110869.794917996972799, 494650.466514639556408, 6126119.541136830113828 ], "geometry": { "type": "Polygon", "coordinates": [ [ [ 479694.040603996138088, 6126119.541136830113828 ], [ 494650.466514639556408, 6125858.035821206867695 ], [ 494377.488842172781006, 6110869.794917996972799 ], [ 479446.460593945579603, 6111130.415323432534933 ], [ 479694.040603996138088, 6126119.541136830113828 ] ] ] } },
{ "type": "Feature", "properties": { "id": 250, "cdep": "10", "dep": "Aube", "nb": 74, "nbobserver": 3, "nbesp": 27, "nbrar": 1, "nbesprar": 1, "occsol": "n" }, "bbox": [ 479199.720273731159978, 6095906.825605909340084, 494377.488842172781006, 6111130.415323432534933 ], "geometry": { "type": "Polygon", "coordinates": [ [ [ 479446.460593945579603, 6111130.415323432534933 ], [ 494377.488842172781006, 6110869.794917996972799 ], [ 494105.436943353677634, 6095906.825605909340084 ], [ 479199.720273731159978, 6096166.565595067106187 ], [ 479446.460593945579603, 6111130.415323432534933 ] ] ] } },
{ "type": "Feature", "properties": { "id": 260, "cdep": "08", "dep": "Ardennes", "nb": 167, "nbobserver": 5, "nbesp": 35, "nbrar": 0, "nbesprar": 0, "occsol": "n" }, "bbox": [ 500311.965188287431374, 6430758.225065490230918, 516114.959954380872659, 6446605.2900311620906 ], "geometry": { "type": "Polygon", "coordinates": [ [ [ 500605.529302832204849, 6446605.2900311620906 ], [ 516114.959954380872659, 6446296.673250252380967 ], [ 515794.089491195452865, 6430758.225065490230918 ], [ 500311.965188287431374, 6431065.758849327452481 ], [ 500605.529302832204849, 6446605.2900311620906 ] ] ] } },
{ "type": "Feature", "properties": { "id": 261, "cdep": "08", "dep": "Ardennes", "nb": 732, "nbobserver": 11, "nbesp": 39, "nbrar": 0, "nbesprar": 0, "occsol": "n" }, "bbox": [ 500019.433412497863173, 6415246.947342595085502, 515794.089491195452865, 6431065.758849327452481 ], "geometry": { "type": "Polygon", "coordinates": [ [ [ 500311.965188287431374, 6431065.758849327452481 ], [ 515794.089491195452865, 6430758.225065490230918 ], [ 515474.347312857222278, 6415246.947342595085502 ], [ 500019.433412497863173, 6415553.403832523152232 ], [ 500311.965188287431374, 6431065.758849327452481 ] ] ] } },
{ "type": "Feature", "properties": { "id": 262, "cdep": "08", "dep": "Ardennes", "nb": 876, "nbobserver": 11, "nbesp": 36, "nbrar": 1, "nbesprar": 1, "occsol": "a" }, "bbox": [ 499727.92854022863321, 6399762.744602661579847, 515474.347312857222278, 6415553.403832523152232 ], "geometry": { "type": "Polygon", "coordinates": [ [ [ 500019.433412497863173, 6415553.403832523152232 ], [ 515474.347312857222278, 6415246.947342595085502 ], [ 515155.727479528344702, 6399762.744602661579847 ], [ 499727.92854022863321, 6400068.129461818374693 ], [ 500019.433412497863173, 6415553.403832523152232 ] ] ] } },
{ "type": "Feature", "properties": { "id": 263, "cdep": "08", "dep": "Ardennes", "nb": 255, "nbobserver": 11, "nbesp": 37, "nbrar": 0, "nbesprar": 0, "occsol": "a" }, "bbox": [ 499437.445174328691792, 6384305.521870389580727, 515155.727479528344702, 6400068.129461818374693 ], "geometry": { "type": "Polygon", "coordinates": [ [ [ 499727.92854022863321, 6400068.129461818374693 ], [ 515155.727479528344702, 6399762.744602661579847 ], [ 514838.224092985445168, 6384305.521870389580727 ], [ 499437.445174328691792, 6384609.840722241438925 ], [ 499727.92854022863321, 6400068.129461818374693 ] ] ] } },
{ "type": "Feature", "properties": { "id": 264, "cdep": "08", "dep": "Ardennes", "nb": 70, "nbobserver": 4, "nbesp": 18, "nbrar": 0, "nbesprar": 0, "occsol": "a" }, "bbox": [ 499147.977955397975165, 6368875.184670555405319, 514838.224092985445168, 6384609.840722241438925 ], "geometry": { "type": "Polygon", "coordinates": [ [ [ 499437.445174328691792, 6384609.840722241438925 ], [ 514838.224092985445168, 6384305.521870389580727 ], [ 514521.83129625604488, 6368875.184670555405319 ], [ 499147.977955397975165, 6369178.443099248223007 ], [ 499437.445174328691792, 6384609.840722241438925 ] ] ] } },
{ "type": "Feature", "properties": { "id": 265, "cdep": "08", "dep": "Ardennes", "nb": 430, "nbobserver": 13, "nbesp": 43, "nbrar": 3, "nbesprar": 2, "occsol": "a" }, "bbox": [ 498859.52156145760091, 6353471.639024540781975, 514521.83129625604488, 6369178.443099248223007 ], "geometry": { "type": "Polygon", "coordinates": [ [ [ 499147.977955397975165, 6369178.443099248223007 ], [ 514521.83129625604488, 6368875.184670555405319 ], [ 514206.543273258546833, 6353471.639024540781975 ], [ 498859.52156145760091, 6353773.842575240880251 ], [ 499147.977955397975165, 6369178.443099248223007 ] ] ] } },
{ "type": "Feature", "properties": { "id": 266, "cdep": "08", "dep": "Ardennes", "nb": 157, "nbobserver": 3, "nbesp": 25, "nbrar": 0, "nbesprar": 0, "occsol": "a" }, "bbox": [ 498572.070707624370698, 6338094.79144686833024, 514206.543273258546833, 6353773.842575240880251 ], "geometry": { "type": "Polygon", "coordinates": [ [ [ 498859.52156145760091, 6353773.842575240880251 ], [ 514206.543273258546833, 6353471.639024540781975 ], [ 513892.354248446412385, 6338094.79144686833024 ], [ 498572.070707624370698, 6338395.945626099593937 ], [ 498859.52156145760091, 6353773.842575240880251 ] ] ] } },
{ "type": "Feature", "properties": { "id": 267, "cdep": "08", "dep": "Ardennes", "nb": 19, "nbobserver": 1, "nbesp": 11, "nbrar": 0, "nbesprar": 0, "occsol": "a" }, "bbox": [ 498285.620145787717775, 6322744.548941764049232, 513892.354248446412385, 6338395.945626099593937 ], "geometry": { "type": "Polygon", "coordinates": [ [ [ 498572.070707624370698, 6338395.945626099593937 ], [ 513892.354248446412385, 6338094.79144686833024 ], [ 513579.258486455248203, 6322744.548941764049232 ], [ 498285.620145787717775, 6323044.659217743203044 ], [ 498572.070707624370698, 6338395.945626099593937 ] ] ] } },
{ "type": "Feature", "properties": { "id": 268, "cdep": "51", "dep": "Marne", "nb": 12, "nbobserver": 1, "nbesp": 12, "nbrar": 0, "nbesprar": 0, "occsol": "a" }, "bbox": [ 498000.164664290612563, 6307420.818999785929918, 513579.258486455248203, 6323044.659217743203044 ], "geometry": { "type": "Polygon", "coordinates": [ [ [ 498285.620145787717775, 6323044.659217743203044 ], [ 513579.258486455248203, 6322744.548941764049232 ], [ 513267.250291754084174, 6307420.818999785929918 ], [ 498000.164664290612563, 6307719.890802757814527 ], [ 498285.620145787717775, 6323044.659217743203044 ] ] ] } },
{ "type": "Feature", "properties": { "id": 269, "cdep": "51", "dep": "Marne", "nb": 205, "nbobserver": 5, "nbesp": 42, "nbrar": 7, "nbesprar": 2, "occsol": "a" }, "bbox": [ 497715.69908761366969, 6292123.509594424627721, 513267.250291754084174, 6307719.890802757814527 ], "geometry": { "type": "Polygon", "coordinates": [ [ [ 498000.164664290612563, 6307719.890802757814527 ], [ 513267.250291754084174, 6307420.818999785929918 ], [ 512956.324008300493006, 6292123.509594424627721 ], [ 497715.69908761366969, 6292421.548316994681954 ], [ 498000.164664290612563, 6307719.890802757814527 ] ] ] } },
{ "type": "Feature", "properties": { "id": 270, "cdep": "51", "dep": "Marne", "nb": 46, "nbobserver": 5, "nbesp": 19, "nbrar": 0, "nbesprar": 0, "occsol": "a" }, "bbox": [ 497432.218276062747464, 6276852.529178789816797, 512956.324008300493006, 6292421.548316994681954 ], "geometry": { "type": "Polygon", "coordinates": [ [ [ 497715.69908761366969, 6292421.548316994681954 ], [ 512956.324008300493006, 6292123.509594424627721 ], [ 512646.474019198620226, 6276852.529178789816797 ], [ 497432.218276062747464, 6277149.540176236070693 ], [ 497715.69908761366969, 6292421.548316994681954 ] ] ] } },
{ "type": "Feature", "properties": { "id": 271, "cdep": "51", "dep": "Marne", "nb": 500, "nbobserver": 10, "nbesp": 42, "nbrar": 3, "nbesprar": 2, "occsol": "a" }, "bbox": [ 497149.717125458817463, 6261607.78668228816241, 512646.474019198620226, 6277149.540176236070693 ], "geometry": { "type": "Polygon", "coordinates": [ [ [ 497432.218276062747464, 6277149.540176236070693 ], [ 512646.474019198620226, 6276852.529178789816797 ], [ 512337.694746361579746, 6261607.78668228816241 ], [ 497149.717125458817463, 6261903.775272896513343 ], [ 497432.218276062747464, 6277149.540176236070693 ] ] ] } },
{ "type": "Feature", "properties": { "id": 272, "cdep": "51", "dep": "Marne", "nb": 237, "nbobserver": 7, "nbesp": 30, "nbrar": 0, "nbesprar": 0, "occsol": "a" }, "bbox": [ 496868.190566832665354, 6246389.191507334820926, 512337.694746361579746, 6261903.775272896513343 ], "geometry": { "type": "Polygon", "coordinates": [ [ [ 497149.717125458817463, 6261903.775272896513343 ], [ 512337.694746361579746, 6261607.78668228816241 ], [ 512029.980650176352356, 6246389.191507334820926 ], [ 496868.190566832665354, 6246684.162972719408572 ], [ 497149.717125458817463, 6261903.775272896513343 ] ] ] } },
{ "type": "Feature", "properties": { "id": 273, "cdep": "51", "dep": "Marne", "nb": 481, "nbobserver": 11, "nbesp": 42, "nbrar": 2, "nbesprar": 1, "occsol": "a" }, "bbox": [ 496587.633566121337935, 6231196.653526120819151, 512029.980650176352356, 6246684.162972719408572 ], "geometry": { "type": "Polygon", "coordinates": [ [ [ 496868.190566832665354, 6246684.162972719408572 ], [ 512029.980650176352356, 6246389.191507334820926 ], [ 511723.326229173108004, 6231196.653526120819151 ], [ 496587.633566121337935, 6231490.61311152856797 ], [ 496868.190566832665354, 6246684.162972719408572 ] ] ] } },
{ "type": "Feature", "properties": { "id": 274, "cdep": "51", "dep": "Marne", "nb": 613, "nbobserver": 22, "nbesp": 40, "nbrar": 0, "nbesprar": 0, "occsol": "a" }, "bbox": [ 496308.041123867966235, 6216030.083077369257808, 511723.326229173108004, 6231490.61311152856797 ], "geometry": { "type": "Polygon", "coordinates": [ [ [ 496587.633566121337935, 6231490.61311152856797 ], [ 511723.326229173108004, 6231196.653526120819151 ], [ 511417.726019697496668, 6216030.083077369257808 ], [ 496308.041123867966235, 6216323.035991989076138 ], [ 496587.633566121337935, 6231490.61311152856797 ] ] ] } },
{ "type": "Feature", "properties": { "id": 275, "cdep": "51", "dep": "Marne", "nb": 18, "nbobserver": 2, "nbesp": 10, "nbrar": 0, "nbesprar": 0, "occsol": "a" }, "bbox": [ 496029.408274925546721, 6200889.390963132493198, 511417.726019697496668, 6216323.035991989076138 ], "geometry": { "type": "Polygon", "coordinates": [ [ [ 496308.041123867966235, 6216323.035991989076138 ], [ 511417.726019697496668, 6216030.083077369257808 ], [ 511113.174595586198848, 6200889.390963132493198 ], [ 496029.408274925546721, 6201181.342380430549383 ], [ 496308.041123867966235, 6216323.035991989076138 ] ] ] } },
{ "type": "Feature", "properties": { "id": 276, "cdep": "10", "dep": "Aube", "nb": 223, "nbobserver": 3, "nbesp": 33, "nbrar": 2, "nbesprar": 2, "occsol": "a" }, "bbox": [ 495751.730088162992615, 6185774.488445651717484, 511113.174595586198848, 6201181.342380430549383 ], "geometry": { "type": "Polygon", "coordinates": [ [ [ 496029.408274925546721, 6201181.342380430549383 ], [ 511113.174595586198848, 6200889.390963132493198 ], [ 510809.666567845793907, 6185774.488445651717484 ], [ 495751.730088162992615, 6186065.443503641523421 ], [ 496029.408274925546721, 6201181.342380430549383 ] ] ] } },
{ "type": "Feature", "properties": { "id": 277, "cdep": "10", "dep": "Aube", "nb": 267, "nbobserver": 8, "nbesp": 31, "nbrar": 1, "nbesprar": 1, "occsol": "a" }, "bbox": [ 495475.00166617409559, 6170685.287244176492095, 510809.666567845793907, 6186065.443503641523421 ], "geometry": { "type": "Polygon", "coordinates": [ [ [ 495751.730088162992615, 6186065.443503641523421 ], [ 510809.666567845793907, 6185774.488445651717484 ], [ 510507.196584335470106, 6170685.287244176492095 ], [ 495475.00166617409559, 6170975.251045746728778 ], [ 495751.730088162992615, 6186065.443503641523421 ] ] ] } },
{ "type": "Feature", "properties": { "id": 278, "cdep": "10", "dep": "Aube", "nb": 2885, "nbobserver": 7, "nbesp": 41, "nbrar": 2, "nbesprar": 1, "occsol": "a" }, "bbox": [ 495199.218144989805296, 6155621.699531869031489, 510507.196584335470106, 6170975.251045746728778 ], "geometry": { "type": "Polygon", "coordinates": [ [ [ 495475.00166617409559, 6170975.251045746728778 ], [ 510507.196584335470106, 6170685.287244176492095 ], [ 510205.759329452295788, 6155621.699531869031489 ], [ 495199.218144989805296, 6155910.677145072259009 ], [ 495475.00166617409559, 6170975.251045746728778 ] ] ] } },
{ "type": "Feature", "properties": { "id": 279, "cdep": "10", "dep": "Aube", "nb": 49, "nbobserver": 3, "nbesp": 16, "nbrar": 0, "nbesprar": 0, "occsol": "a" }, "bbox": [ 494924.374693793593906, 6140583.637932705692947, 510205.759329452295788, 6155910.677145072259009 ], "geometry": { "type": "Polygon", "coordinates": [ [ [ 495199.218144989805296, 6155910.677145072259009 ], [ 510205.759329452295788, 6155621.699531869031489 ], [ 509905.349523820041213, 6140583.637932705692947 ], [ 494924.374693793593906, 6140871.634391061961651 ], [ 495199.218144989805296, 6155910.677145072259009 ] ] ] } },
{ "type": "Feature", "properties": { "id": 280, "cdep": "10", "dep": "Aube", "nb": 35, "nbobserver": 3, "nbesp": 19, "nbrar": 0, "nbesprar": 0, "occsol": "a" }, "bbox": [ 494650.466514639556408, 6125571.015518416650593, 509905.349523820041213, 6140871.634391061961651 ], "geometry": { "type": "Polygon", "coordinates": [ [ [ 494924.374693793593906, 6140871.634391061961651 ], [ 509905.349523820041213, 6140583.637932705692947 ], [ 509605.96192398131825, 6125571.015518416650593 ], [ 494650.466514639556408, 6125858.035821206867695 ], [ 494924.374693793593906, 6140871.634391061961651 ] ] ] } },
{ "type": "Feature", "properties": { "id": 281, "cdep": "10", "dep": "Aube", "nb": 94, "nbobserver": 5, "nbesp": 30, "nbrar": 0, "nbesprar": 0, "occsol": "a" }, "bbox": [ 494377.488842172781006, 6110583.74580545257777, 509605.96192398131825, 6125858.035821206867695 ], "geometry": { "type": "Polygon", "coordinates": [ [ [ 494650.466514639556408, 6125858.035821206867695 ], [ 509605.96192398131825, 6125571.015518416650593 ], [ 509307.591322092397604, 6110583.74580545257777 ], [ 494377.488842172781006, 6110869.794917996972799 ], [ 494650.466514639556408, 6125858.035821206867695 ] ] ] } },
{ "type": "Feature", "properties": { "id": 282, "cdep": "10", "dep": "Aube", "nb": 33, "nbobserver": 3, "nbesp": 20, "nbrar": 0, "nbesprar": 0, "occsol": "n" }, "bbox": [ 494105.436943353677634, 6095621.742751948535442, 509307.591322092397604, 6110869.794917996972799 ], "geometry": { "type": "Polygon", "coordinates": [ [ [ 494377.488842172781006, 6110869.794917996972799 ], [ 509307.591322092397604, 6110583.74580545257777 ], [ 509010.232545621343888, 6095621.742751948535442 ], [ 494105.436943353677634, 6095906.825605909340084 ], [ 494377.488842172781006, 6110869.794917996972799 ] ] ] } },
{ "type": "Feature", "properties": { "id": 290, "cdep": "08", "dep": "Ardennes", "nb": 0, "nbobserver": 0, "nbesp": 0, "nbrar": 0, "nbesprar": 0, "occsol": "n" }, "bbox": [ 516436.964684234117158, 6461525.157924864441156, 532323.296577729750425, 6477455.465460357256234 ], "geometry": { "type": "Polygon", "coordinates": [ [ [ 516760.109704928880092, 6477455.465460357256234 ], [ 532323.296577729750425, 6477117.043791736476123 ], [ 531972.65785496076569, 6461525.157924864441156 ], [ 516436.964684234117158, 6461862.387882946059108 ], [ 516760.109704928880092, 6477455.465460357256234 ] ] ] } },
{ "type": "Feature", "properties": { "id": 291, "cdep": "08", "dep": "Ardennes", "nb": 4800, "nbobserver": 10, "nbesp": 43, "nbrar": 1, "nbesprar": 1, "occsol": "n" }, "bbox": [ 516114.959954380872659, 6445960.628705467097461, 531972.65785496076569, 6461862.387882946059108 ], "geometry": { "type": "Polygon", "coordinates": [ [ [ 516436.964684234117158, 6461862.387882946059108 ], [ 531972.65785496076569, 6461525.157924864441156 ], [ 531623.256346320966259, 6445960.628705467097461 ], [ 516114.959954380872659, 6446296.673250252380967 ], [ 516436.964684234117158, 6461862.387882946059108 ] ] ] } },
{ "type": "Feature", "properties": { "id": 292, "cdep": "08", "dep": "Ardennes", "nb": 72, "nbobserver": 2, "nbesp": 14, "nbrar": 0, "nbesprar": 0, "occsol": "n" }, "bbox": [ 515794.089491195452865, 6430423.35968108382076, 531623.256346320966259, 6446296.673250252380967 ], "geometry": { "type": "Polygon", "coordinates": [ [ [ 516114.959954380872659, 6446296.673250252380967 ], [ 531623.256346320966259, 6445960.628705467097461 ], [ 531275.08551625313703, 6430423.35968108382076 ], [ 515794.089491195452865, 6430758.225065490230918 ], [ 516114.959954380872659, 6446296.673250252380967 ] ] ] } },
{ "type": "Feature", "properties": { "id": 293, "cdep": "08", "dep": "Ardennes", "nb": 499, "nbobserver": 16, "nbesp": 39, "nbrar": 1, "nbesprar": 1, "occsol": "n" }, "bbox": [ 515474.347312857222278, 6414913.254909607581794, 531275.08551625313703, 6430758.225065490230918 ], "geometry": { "type": "Polygon", "coordinates": [ [ [ 515794.089491195452865, 6430758.225065490230918 ], [ 531275.08551625313703, 6430423.35968108382076 ], [ 530928.138875143020414, 6414913.254909607581794 ], [ 515474.347312857222278, 6415246.947342595085502 ], [ 515794.089491195452865, 6430758.225065490230918 ] ] ] } },
{ "type": "Feature", "properties": { "id": 294, "cdep": "08", "dep": "Ardennes", "nb": 5489, "nbobserver": 80, "nbesp": 48, "nbrar": 4, "nbesprar": 2, "occsol": "a" }, "bbox": [ 515155.727479528344702, 6399430.218955700285733, 530928.138875143020414, 6415246.947342595085502 ], "geometry": { "type": "Polygon", "coordinates": [ [ [ 515474.347312857222278, 6415246.947342595085502 ], [ 530928.138875143020414, 6414913.254909607581794 ], [ 530582.409978917217813, 6399430.218955700285733 ], [ 515155.727479528344702, 6399762.744602661579847 ], [ 515474.347312857222278, 6415246.947342595085502 ] ] ] } },
{ "type": "Feature", "properties": { "id": 295, "cdep": "08", "dep": "Ardennes", "nb": 319, "nbobserver": 10, "nbesp": 35, "nbrar": 0, "nbesprar": 0, "occsol": "a" }, "bbox": [ 514838.224092985445168, 6383974.156887242570519, 530582.409978917217813, 6399762.744602661579847 ], "geometry": { "type": "Polygon", "coordinates": [ [ [ 515155.727479528344702, 6399762.744602661579847 ], [ 530582.409978917217813, 6399430.218955700285733 ], [ 530237.892428643768653, 6383974.156887242570519 ], [ 514838.224092985445168, 6384305.521870389580727 ], [ 515155.727479528344702, 6399762.744602661579847 ] ] ] } },
{ "type": "Feature", "properties": { "id": 296, "cdep": "08", "dep": "Ardennes", "nb": 162, "nbobserver": 9, "nbesp": 34, "nbrar": 1, "nbesprar": 1, "occsol": "a" }, "bbox": [ 514521.83129625604488, 6368544.974271812476218, 530237.892428643768653, 6384305.521870389580727 ], "geometry": { "type": "Polygon", "coordinates": [ [ [ 514838.224092985445168, 6384305.521870389580727 ], [ 530237.892428643768653, 6383974.156887242570519 ], [ 529894.57987013773527, 6368544.974271812476218 ], [ 514521.83129625604488, 6368875.184670555405319 ], [ 514838.224092985445168, 6384305.521870389580727 ] ] ] } },
{ "type": "Feature", "properties": { "id": 297, "cdep": "08", "dep": "Ardennes", "nb": 202, "nbobserver": 4, "nbesp": 25, "nbrar": 0, "nbesprar": 0, "occsol": "a" }, "bbox": [ 514206.543273258546833, 6353142.577173228375614, 529894.57987013773527, 6368875.184670555405319 ], "geometry": { "type": "Polygon", "coordinates": [ [ [ 514521.83129625604488, 6368875.184670555405319 ], [ 529894.57987013773527, 6368544.974271812476218 ], [ 529552.465993571211584, 6353142.577173228375614 ], [ 514206.543273258546833, 6353471.639024540781975 ], [ 514521.83129625604488, 6368875.184670555405319 ] ] ] } },
{ "type": "Feature", "properties": { "id": 298, "cdep": "08", "dep": "Ardennes", "nb": 568, "nbobserver": 9, "nbesp": 43, "nbrar": 5, "nbesprar": 1, "occsol": "a" }, "bbox": [ 513892.354248446412385, 6337766.87214807420969, 529552.465993571211584, 6353471.639024540781975 ], "geometry": { "type": "Polygon", "coordinates": [ [ [ 514206.543273258546833, 6353471.639024540781975 ], [ 529552.465993571211584, 6353142.577173228375614 ], [ 529211.544533086474985, 6337766.87214807420969 ], [ 513892.354248446412385, 6338094.79144686833024 ], [ 514206.543273258546833, 6353471.639024540781975 ] ] ] } },
{ "type": "Feature", "properties": { "id": 299, "cdep": "08", "dep": "Ardennes", "nb": 144, "nbobserver": 4, "nbesp": 26, "nbrar": 0, "nbesprar": 0, "occsol": "a" }, "bbox": [ 513579.258486455248203, 6322417.766242277808487, 529211.544533086474985, 6338094.79144686833024 ], "geometry": { "type": "Polygon", "coordinates": [ [ [ 513892.354248446412385, 6338094.79144686833024 ], [ 529211.544533086474985, 6337766.87214807420969 ], [ 528871.809266414027661, 6322417.766242277808487 ], [ 513579.258486455248203, 6322744.548941764049232 ], [ 513892.354248446412385, 6338094.79144686833024 ] ] ] } },
{ "type": "Feature", "properties": { "id": 300, "cdep": "51", "dep": "Marne", "nb": 3, "nbobserver": 1, "nbesp": 3, "nbrar": 0, "nbesprar": 0, "occsol": "a" }, "bbox": [ 513267.250291754084174, 6307095.166987728327513, 528871.809266414027661, 6322744.548941764049232 ], "geometry": { "type": "Polygon", "coordinates": [ [ [ 513579.258486455248203, 6322744.548941764049232 ], [ 528871.809266414027661, 6322417.766242277808487 ], [ 528533.254014494479634, 6307095.166987728327513 ], [ 513267.250291754084174, 6307420.818999785929918 ], [ 513579.258486455248203, 6322744.548941764049232 ] ] ] } },
{ "type": "Feature", "properties": { "id": 301, "cdep": "51", "dep": "Marne", "nb": 7, "nbobserver": 2, "nbesp": 6, "nbrar": 0, "nbesprar": 0, "occsol": "a" }, "bbox": [ 512956.324008300493006, 6291798.982398894615471, 528533.254014494479634, 6307420.818999785929918 ], "geometry": { "type": "Polygon", "coordinates": [ [ [ 513267.250291754084174, 6307420.818999785929918 ], [ 528533.254014494479634, 6307095.166987728327513 ], [ 528195.872641103458591, 6291798.982398894615471 ], [ 512956.324008300493006, 6292123.509594424627721 ], [ 513267.250291754084174, 6307420.818999785929918 ] ] ] } },
{ "type": "Feature", "properties": { "id": 302, "cdep": "51", "dep": "Marne", "nb": 320, "nbobserver": 5, "nbesp": 41, "nbrar": 10, "nbesprar": 2, "occsol": "a" }, "bbox": [ 512646.474019198620226, 6276529.120969512499869, 528195.872641103458591, 6292123.509594424627721 ], "geometry": { "type": "Polygon", "coordinates": [ [ [ 512956.324008300493006, 6292123.509594424627721 ], [ 528195.872641103458591, 6291798.982398894615471 ], [ 527859.659052482107654, 6276529.120969512499869 ], [ 512646.474019198620226, 6276852.529178789816797 ], [ 512956.324008300493006, 6292123.509594424627721 ] ] ] } },
{ "type": "Feature", "properties": { "id": 303, "cdep": "51", "dep": "Marne", "nb": 0, "nbobserver": 0, "nbesp": 0, "nbrar": 0, "nbesprar": 0, "occsol": "a" }, "bbox": [ 512337.694746361579746, 6261285.49166925996542, 527859.659052482107654, 6276852.529178789816797 ], "geometry": { "type": "Polygon", "coordinates": [ [ [ 512646.474019198620226, 6276852.529178789816797 ], [ 527859.659052482107654, 6276529.120969512499869 ], [ 527524.60719696956221, 6261285.49166925996542 ], [ 512337.694746361579746, 6261607.78668228816241 ], [ 512646.474019198620226, 6276852.529178789816797 ] ] ] } },
{ "type": "Feature", "properties": { "id": 304, "cdep": "51", "dep": "Marne", "nb": 0, "nbobserver": 0, "nbesp": 0, "nbrar": 0, "nbesprar": 0, "occsol": "a" }, "bbox": [ 512029.980650176352356, 6246068.003940479829907, 527524.60719696956221, 6261607.78668228816241 ], "geometry": { "type": "Polygon", "coordinates": [ [ [ 512337.694746361579746, 6261607.78668228816241 ], [ 527524.60719696956221, 6261285.49166925996542 ], [ 527190.711064640316181, 6246068.003940479829907 ], [ 512029.980650176352356, 6246389.191507334820926 ], [ 512337.694746361579746, 6261607.78668228816241 ] ] ] } },
{ "type": "Feature", "properties": { "id": 305, "cdep": "51", "dep": "Marne", "nb": 276, "nbobserver": 8, "nbesp": 37, "nbrar": 2, "nbesprar": 2, "occsol": "a" }, "bbox": [ 511723.326229173108004, 6230876.567694947123528, 527190.711064640316181, 6246389.191507334820926 ], "geometry": { "type": "Polygon", "coordinates": [ [ [ 512029.980650176352356, 6246389.191507334820926 ], [ 527190.711064640316181, 6246068.003940479829907 ], [ 526857.964686945779249, 6230876.567694947123528 ], [ 511723.326229173108004, 6231196.653526120819151 ], [ 512029.980650176352356, 6246389.191507334820926 ] ] ] } },
{ "type": "Feature", "properties": { "id": 306, "cdep": "51", "dep": "Marne", "nb": 75, "nbobserver": 6, "nbesp": 21, "nbrar": 0, "nbesprar": 0, "occsol": "a" }, "bbox": [ 511417.726019697496668, 6215711.09331062156707, 526857.964686945779249, 6231196.653526120819151 ], "geometry": { "type": "Polygon", "coordinates": [ [ [ 511723.326229173108004, 6231196.653526120819151 ], [ 526857.964686945779249, 6230876.567694947123528 ], [ 526526.362136357929558, 6215711.09331062156707 ], [ 511417.726019697496668, 6216030.083077369257808 ], [ 511723.326229173108004, 6231196.653526120819151 ] ] ] } },
{ "type": "Feature", "properties": { "id": 307, "cdep": "51", "dep": "Marne", "nb": 448, "nbobserver": 6, "nbesp": 40, "nbrar": 4, "nbesprar": 2, "occsol": "a" }, "bbox": [ 511113.174595586198848, 6200571.49162847455591, 526526.362136357929558, 6216030.083077369257808 ], "geometry": { "type": "Polygon", "coordinates": [ [ [ 511417.726019697496668, 6216030.083077369257808 ], [ 526526.362136357929558, 6215711.09331062156707 ], [ 526195.897526017855853, 6200571.49162847455591 ], [ 511113.174595586198848, 6200889.390963132493198 ], [ 511417.726019697496668, 6216030.083077369257808 ] ] ] } },
{ "type": "Feature", "properties": { "id": 308, "cdep": "10", "dep": "Aube", "nb": 796, "nbobserver": 4, "nbesp": 44, "nbrar": 5, "nbesprar": 2, "occsol": "a" }, "bbox": [ 510809.666567845793907, 6185457.673949308693409, 526195.897526017855853, 6200889.390963132493198 ], "geometry": { "type": "Polygon", "coordinates": [ [ [ 511113.174595586198848, 6200889.390963132493198 ], [ 526195.897526017855853, 6200571.49162847455591 ], [ 525866.565009388024919, 6185457.673949308693409 ], [ 510809.666567845793907, 6185774.488445651717484 ], [ 511113.174595586198848, 6200889.390963132493198 ] ] ] } },
{ "type": "Feature", "properties": { "id": 309, "cdep": "10", "dep": "Aube", "nb": 184, "nbobserver": 8, "nbesp": 32, "nbrar": 0, "nbesprar": 0, "occsol": "a" }, "bbox": [ 510507.196584335470106, 6170369.552030621096492, 525866.565009388024919, 6185774.488445651717484 ], "geometry": { "type": "Polygon", "coordinates": [ [ [ 510809.666567845793907, 6185774.488445651717484 ], [ 525866.565009388024919, 6185457.673949308693409 ], [ 525538.358779907342978, 6170369.552030621096492 ], [ 510507.196584335470106, 6170685.287244176492095 ], [ 510809.666567845793907, 6185774.488445651717484 ] ] ] } },
{ "type": "Feature", "properties": { "id": 310, "cdep": "10", "dep": "Aube", "nb": 142, "nbobserver": 3, "nbesp": 26, "nbrar": 0, "nbesprar": 0, "occsol": "a" }, "bbox": [ 510205.759329452295788, 6155307.038083494640887, 525538.358779907342978, 6170685.287244176492095 ], "geometry": { "type": "Polygon", "coordinates": [ [ [ 510507.196584335470106, 6170685.287244176492095 ], [ 525538.358779907342978, 6170369.552030621096492 ], [ 525211.273070650175214, 6155307.038083494640887 ], [ 510205.759329452295788, 6155621.699531869031489 ], [ 510507.196584335470106, 6170685.287244176492095 ] ] ] } },
{ "type": "Feature", "properties": { "id": 311, "cdep": "10", "dep": "Aube", "nb": 639, "nbobserver": 11, "nbesp": 43, "nbrar": 1, "nbesprar": 1, "occsol": "a" }, "bbox": [ 509905.349523820041213, 6140270.044769500382245, 525211.273070650175214, 6155621.699531869031489 ], "geometry": { "type": "Polygon", "coordinates": [ [ [ 510205.759329452295788, 6155621.699531869031489 ], [ 525211.273070650175214, 6155307.038083494640887 ], [ 524885.302153988508508, 6140270.044769500382245 ], [ 509905.349523820041213, 6140583.637932705692947 ], [ 510205.759329452295788, 6155621.699531869031489 ] ] ] } },
{ "type": "Feature", "properties": { "id": 312, "cdep": "10", "dep": "Aube", "nb": 119, "nbobserver": 2, "nbesp": 23, "nbrar": 0, "nbesprar": 0, "occsol": "a" }, "bbox": [ 509605.96192398131825, 6125258.485197648406029, 524885.302153988508508, 6140583.637932705692947 ], "geometry": { "type": "Polygon", "coordinates": [ [ [ 509905.349523820041213, 6140583.637932705692947 ], [ 524885.302153988508508, 6140270.044769500382245 ], [ 524560.440341258654371, 6125258.485197648406029 ], [ 509605.96192398131825, 6125571.015518416650593 ], [ 509905.349523820041213, 6140583.637932705692947 ] ] ] } },
{ "type": "Feature", "properties": { "id": 313, "cdep": "10", "dep": "Aube", "nb": 56, "nbobserver": 3, "nbesp": 19, "nbrar": 0, "nbesprar": 0, "occsol": "n" }, "bbox": [ 509307.591322092397604, 6110272.272921338677406, 524560.440341258654371, 6125571.015518416650593 ], "geometry": { "type": "Polygon", "coordinates": [ [ [ 509605.96192398131825, 6125571.015518416650593 ], [ 524560.440341258654371, 6125258.485197648406029 ], [ 524236.681982429465279, 6110272.272921338677406 ], [ 509307.591322092397604, 6110583.74580545257777 ], [ 509605.96192398131825, 6125571.015518416650593 ] ] ] } },
{ "type": "Feature", "properties": { "id": 314, "cdep": "10", "dep": "Aube", "nb": 0, "nbobserver": 0, "nbesp": 0, "nbrar": 0, "nbesprar": 0, "occsol": "n" }, "bbox": [ 509010.232545621343888, 6095311.321935358457267, 524236.681982429465279, 6110583.74580545257777 ], "geometry": { "type": "Polygon", "coordinates": [ [ [ 509307.591322092397604, 6110583.74580545257777 ], [ 524236.681982429465279, 6110272.272921338677406 ], [ 523914.021465775847901, 6095311.321935358457267 ], [ 509010.232545621343888, 6095621.742751948535442 ], [ 509307.591322092397604, 6110583.74580545257777 ] ] ] } },
{ "type": "Feature", "properties": { "id": 322, "cdep": "08", "dep": "Ardennes", "nb": 594, "nbobserver": 10, "nbesp": 28, "nbrar": 0, "nbesprar": 0, "occsol": "n" }, "bbox": [ 531972.65785496076569, 6461160.409831204451621, 547885.239662286941893, 6477117.043791736476123 ], "geometry": { "type": "Polygon", "coordinates": [ [ [ 532323.296577729750425, 6477117.043791736476123 ], [ 547885.239662286941893, 6476751.006846566684544 ], [ 547507.113819283200428, 6461160.409831204451621 ], [ 531972.65785496076569, 6461525.157924864441156 ], [ 532323.296577729750425, 6477117.043791736476123 ] ] ] } },
{ "type": "Feature", "properties": { "id": 323, "cdep": "08", "dep": "Ardennes", "nb": 0, "nbobserver": 0, "nbesp": 0, "nbrar": 0, "nbesprar": 0, "occsol": "n" }, "bbox": [ 531623.256346320966259, 6445597.162653468549252, 547507.113819283200428, 6461525.157924864441156 ], "geometry": { "type": "Polygon", "coordinates": [ [ [ 531972.65785496076569, 6461525.157924864441156 ], [ 547507.113819283200428, 6461160.409831204451621 ], [ 547130.322067346191034, 6445597.162653468549252 ], [ 531623.256346320966259, 6445960.628705467097461 ], [ 531972.65785496076569, 6461525.157924864441156 ] ] ] } },
{ "type": "Feature", "properties": { "id": 324, "cdep": "08", "dep": "Ardennes", "nb": 48, "nbobserver": 2, "nbesp": 23, "nbrar": 0, "nbesprar": 0, "occsol": "n" }, "bbox": [ 531275.08551625313703, 6430061.168908854015172, 547130.322067346191034, 6445960.628705467097461 ], "geometry": { "type": "Polygon", "coordinates": [ [ [ 531623.256346320966259, 6445960.628705467097461 ], [ 547130.322067346191034, 6445597.162653468549252 ], [ 546754.857359942863695, 6430061.168908854015172 ], [ 531275.08551625313703, 6430423.35968108382076 ], [ 531623.256346320966259, 6445960.628705467097461 ] ] ] } },
{ "type": "Feature", "properties": { "id": 325, "cdep": "08", "dep": "Ardennes", "nb": 283, "nbobserver": 8, "nbesp": 32, "nbrar": 1, "nbesprar": 1, "occsol": "n" }, "bbox": [ 530928.138875143020414, 6414552.332702774554491, 546754.857359942863695, 6430423.35968108382076 ], "geometry": { "type": "Polygon", "coordinates": [ [ [ 531275.08551625313703, 6430423.35968108382076 ], [ 546754.857359942863695, 6430061.168908854015172 ], [ 546380.712700068135746, 6414552.332702774554491 ], [ 530928.138875143020414, 6414913.254909607581794 ], [ 531275.08551625313703, 6430423.35968108382076 ] ] ] } },
{ "type": "Feature", "properties": { "id": 326, "cdep": "08", "dep": "Ardennes", "nb": 669, "nbobserver": 16, "nbesp": 43, "nbrar": 1, "nbesprar": 1, "occsol": "n" }, "bbox": [ 530582.409978917217813, 6399070.558646985329688, 546380.712700068135746, 6414913.254909607581794 ], "geometry": { "type": "Polygon", "coordinates": [ [ [ 530928.138875143020414, 6414913.254909607581794 ], [ 546380.712700068135746, 6414552.332702774554491 ], [ 546007.881139811594039, 6399070.558646985329688 ], [ 530582.409978917217813, 6399430.218955700285733 ], [ 530928.138875143020414, 6414913.254909607581794 ] ] ] } },
{ "type": "Feature", "properties": { "id": 327, "cdep": "08", "dep": "Ardennes", "nb": 151, "nbobserver": 10, "nbesp": 31, "nbrar": 0, "nbesprar": 0, "occsol": "a" }, "bbox": [ 530237.892428643768653, 6383615.751856064423919, 546007.881139811594039, 6399430.218955700285733 ], "geometry": { "type": "Polygon", "coordinates": [ [ [ 530582.409978917217813, 6399430.218955700285733 ], [ 546007.881139811594039, 6399070.558646985329688 ], [ 545636.355779927223921, 6383615.751856064423919 ], [ 530237.892428643768653, 6383974.156887242570519 ], [ 530582.409978917217813, 6399430.218955700285733 ] ] ] } },
{ "type": "Feature", "properties": { "id": 328, "cdep": "08", "dep": "Ardennes", "nb": 171, "nbobserver": 5, "nbesp": 27, "nbrar": 1, "nbesprar": 1, "occsol": "a" }, "bbox": [ 529894.57987013773527, 6368187.817943875677884, 545636.355779927223921, 6383974.156887242570519 ], "geometry": { "type": "Polygon", "coordinates": [ [ [ 530237.892428643768653, 6383974.156887242570519 ], [ 545636.355779927223921, 6383615.751856064423919 ], [ 545266.129769408260472, 6368187.817943875677884 ], [ 529894.57987013773527, 6368544.974271812476218 ], [ 530237.892428643768653, 6383974.156887242570519 ] ] ] } },
{ "type": "Feature", "properties": { "id": 329, "cdep": "08", "dep": "Ardennes", "nb": 107, "nbobserver": 8, "nbesp": 25, "nbrar": 0, "nbesprar": 0, "occsol": "a" }, "bbox": [ 529552.465993571211584, 6352786.663020120002329, 545266.129769408260472, 6368544.974271812476218 ], "geometry": { "type": "Polygon", "coordinates": [ [ [ 529894.57987013773527, 6368544.974271812476218 ], [ 545266.129769408260472, 6368187.817943875677884 ], [ 544897.196305066463538, 6352786.663020120002329 ], [ 529552.465993571211584, 6353142.577173228375614 ], [ 529894.57987013773527, 6368544.974271812476218 ] ] ] } },
{ "type": "Feature", "properties": { "id": 330, "cdep": "08", "dep": "Ardennes", "nb": 371, "nbobserver": 11, "nbesp": 36, "nbrar": 1, "nbesprar": 1, "occsol": "n" }, "bbox": [ 529211.544533086474985, 6337412.19368685875088, 544897.196305066463538, 6353142.577173228375614 ], "geometry": { "type": "Polygon", "coordinates": [ [ [ 529552.465993571211584, 6353142.577173228375614 ], [ 544897.196305066463538, 6352786.663020120002329 ], [ 544529.548631115467288, 6337412.19368685875088 ], [ 529211.544533086474985, 6337766.87214807420969 ], [ 529552.465993571211584, 6353142.577173228375614 ] ] ] } },
{ "type": "Feature", "properties": { "id": 331, "cdep": "08", "dep": "Ardennes", "nb": 163, "nbobserver": 3, "nbesp": 34, "nbrar": 0, "nbesprar": 0, "occsol": "a" }, "bbox": [ 528871.809266414027661, 6322064.317035108804703, 544529.548631115467288, 6337766.87214807420969 ], "geometry": { "type": "Polygon", "coordinates": [ [ [ 529211.544533086474985, 6337766.87214807420969 ], [ 544529.548631115467288, 6337412.19368685875088 ], [ 544163.180038759135641, 6322064.317035108804703 ], [ 528871.809266414027661, 6322417.766242277808487 ], [ 529211.544533086474985, 6337766.87214807420969 ] ] ] } },
{ "type": "Feature", "properties": { "id": 332, "cdep": "51", "dep": "Marne", "nb": 0, "nbobserver": 0, "nbesp": 0, "nbrar": 0, "nbesprar": 0, "occsol": "a" }, "bbox": [ 528533.254014494479634, 6306742.940641447901726, 544163.180038759135641, 6322417.766242277808487 ], "geometry": { "type": "Polygon", "coordinates": [ [ [ 528871.809266414027661, 6322417.766242277808487 ], [ 544163.180038759135641, 6322064.317035108804703 ], [ 543798.083865783526562, 6306742.940641447901726 ], [ 528533.254014494479634, 6307095.166987728327513 ], [ 528871.809266414027661, 6322417.766242277808487 ] ] ] } },
{ "type": "Feature", "properties": { "id": 333, "cdep": "51", "dep": "Marne", "nb": 76, "nbobserver": 5, "nbesp": 23, "nbrar": 0, "nbesprar": 0, "occsol": "a" }, "bbox": [ 528195.872641103458591, 6291447.972564669325948, 543798.083865783526562, 6307095.166987728327513 ], "geometry": { "type": "Polygon", "coordinates": [ [ [ 528533.254014494479634, 6307095.166987728327513 ], [ 543798.083865783526562, 6306742.940641447901726 ], [ 543434.253496153280139, 6291447.972564669325948 ], [ 528195.872641103458591, 6291798.982398894615471 ], [ 528533.254014494479634, 6307095.166987728327513 ] ] ] } },
{ "type": "Feature", "properties": { "id": 334, "cdep": "51", "dep": "Marne", "nb": 271, "nbobserver": 2, "nbesp": 33, "nbrar": 1, "nbesprar": 1, "occsol": "a" }, "bbox": [ 527859.659052482107654, 6276179.321342417038977, 543434.253496153280139, 6291798.982398894615471 ], "geometry": { "type": "Polygon", "coordinates": [ [ [ 528195.872641103458591, 6291798.982398894615471 ], [ 543434.253496153280139, 6291447.972564669325948 ], [ 543071.682359612663276, 6276179.321342417038977 ], [ 527859.659052482107654, 6276529.120969512499869 ], [ 528195.872641103458591, 6291798.982398894615471 ] ] ] } },
{ "type": "Feature", "properties": { "id": 335, "cdep": "51", "dep": "Marne", "nb": 4, "nbobserver": 1, "nbesp": 4, "nbrar": 0, "nbesprar": 0, "occsol": "a" }, "bbox": [ 527524.60719696956221, 6260936.895987923257053, 543071.682359612663276, 6276529.120969512499869 ], "geometry": { "type": "Polygon", "coordinates": [ [ [ 527859.659052482107654, 6276529.120969512499869 ], [ 543071.682359612663276, 6276179.321342417038977 ], [ 542710.363931289874017, 6260936.895987923257053 ], [ 527524.60719696956221, 6261285.49166925996542 ], [ 527859.659052482107654, 6276529.120969512499869 ] ] ] } },
{ "type": "Feature", "properties": { "id": 336, "cdep": "51", "dep": "Marne", "nb": 0, "nbobserver": 0, "nbesp": 0, "nbrar": 0, "nbesprar": 0, "occsol": "a" }, "bbox": [ 527190.711064640316181, 6245720.605986702255905, 542710.363931289874017, 6261285.49166925996542 ], "geometry": { "type": "Polygon", "coordinates": [ [ [ 527524.60719696956221, 6261285.49166925996542 ], [ 542710.363931289874017, 6260936.895987923257053 ], [ 542350.291731306468137, 6245720.605986702255905 ], [ 527190.711064640316181, 6246068.003940479829907 ], [ 527524.60719696956221, 6261285.49166925996542 ] ] ] } },
{ "type": "Feature", "properties": { "id": 337, "cdep": "51", "dep": "Marne", "nb": 90, "nbobserver": 4, "nbesp": 26, "nbrar": 0, "nbesprar": 0, "occsol": "a" }, "bbox": [ 526857.964686945779249, 6230530.361293324269354, 542350.291731306468137, 6246068.003940479829907 ], "geometry": { "type": "Polygon", "coordinates": [ [ [ 527190.711064640316181, 6246068.003940479829907 ], [ 542350.291731306468137, 6245720.605986702255905 ], [ 541991.459324389812537, 6230530.361293324269354 ], [ 526857.964686945779249, 6230876.567694947123528 ], [ 527190.711064640316181, 6246068.003940479829907 ] ] ] } },
{ "type": "Feature", "properties": { "id": 338, "cdep": "51", "dep": "Marne", "nb": 47, "nbobserver": 2, "nbesp": 15, "nbrar": 0, "nbesprar": 0, "occsol": "a" }, "bbox": [ 526526.362136357929558, 6215366.072328188456595, 541991.459324389812537, 6230876.567694947123528 ], "geometry": { "type": "Polygon", "coordinates": [ [ [ 526857.964686945779249, 6230876.567694947123528 ], [ 541991.459324389812537, 6230530.361293324269354 ], [ 541633.860319490195252, 6215366.072328188456595 ], [ 526526.362136357929558, 6215711.09331062156707 ], [ 526857.964686945779249, 6230876.567694947123528 ] ] ] } },
{ "type": "Feature", "properties": { "id": 339, "cdep": "51", "dep": "Marne", "nb": 661, "nbobserver": 6, "nbesp": 41, "nbrar": 0, "nbesprar": 0, "occsol": "a" }, "bbox": [ 526195.897526017855853, 6200227.64997432846576, 541633.860319490195252, 6215711.09331062156707 ], "geometry": { "type": "Polygon", "coordinates": [ [ [ 526526.362136357929558, 6215711.09331062156707 ], [ 541633.860319490195252, 6215366.072328188456595 ], [ 541277.488369401777163, 6200227.64997432846576 ], [ 526195.897526017855853, 6200571.49162847455591 ], [ 526526.362136357929558, 6215711.09331062156707 ] ] ] } },
{ "type": "Feature", "properties": { "id": 340, "cdep": "52", "dep": "Haute-Marne", "nb": 885, "nbobserver": 14, "nbesp": 46, "nbrar": 2, "nbesprar": 1, "occsol": "a" }, "bbox": [ 525866.565009388024919, 6185115.005574262700975, 541277.488369401777163, 6200571.49162847455591 ], "geometry": { "type": "Polygon", "coordinates": [ [ [ 526195.897526017855853, 6200571.49162847455591 ], [ 541277.488369401777163, 6200227.64997432846576 ], [ 540922.337170386919752, 6185115.005574262700975 ], [ 525866.565009388024919, 6185457.673949308693409 ], [ 526195.897526017855853, 6200571.49162847455591 ] ] ] } },
{ "type": "Feature", "properties": { "id": 341, "cdep": "52", "dep": "Haute-Marne", "nb": 151, "nbobserver": 5, "nbesp": 27, "nbrar": 0, "nbesprar": 0, "occsol": "a" }, "bbox": [ 525538.358779907342978, 6170028.050926837138832, 540922.337170386919752, 6185457.673949308693409 ], "geometry": { "type": "Polygon", "coordinates": [ [ [ 525866.565009388024919, 6185457.673949308693409 ], [ 540922.337170386919752, 6185115.005574262700975 ], [ 540568.400461805285886, 6170028.050926837138832 ], [ 525538.358779907342978, 6170369.552030621096492 ], [ 525866.565009388024919, 6185457.673949308693409 ] ] ] } },
{ "type": "Feature", "properties": { "id": 342, "cdep": "10", "dep": "Aube", "nb": 165, "nbobserver": 3, "nbesp": 27, "nbrar": 0, "nbesprar": 0, "occsol": "a" }, "bbox": [ 525211.273070650175214, 6154966.698284134268761, 540568.400461805285886, 6170369.552030621096492 ], "geometry": { "type": "Polygon", "coordinates": [ [ [ 525538.358779907342978, 6170369.552030621096492 ], [ 540568.400461805285886, 6170028.050926837138832 ], [ 540215.672025746200234, 6154966.698284134268761 ], [ 525211.273070650175214, 6155307.038083494640887 ], [ 525538.358779907342978, 6170369.552030621096492 ] ] ] } },
{ "type": "Feature", "properties": { "id": 343, "cdep": "10", "dep": "Aube", "nb": 57, "nbobserver": 3, "nbesp": 16, "nbrar": 0, "nbesprar": 0, "occsol": "a" }, "bbox": [ 524885.302153988508508, 6139930.860348378308117, 540215.672025746200234, 6155307.038083494640887 ], "geometry": { "type": "Polygon", "coordinates": [ [ [ 525211.273070650175214, 6155307.038083494640887 ], [ 540215.672025746200234, 6154966.698284134268761 ], [ 539864.14568666415289, 6139930.860348378308117 ], [ 524885.302153988508508, 6140270.044769500382245 ], [ 525211.273070650175214, 6155307.038083494640887 ] ] ] } },
{ "type": "Feature", "properties": { "id": 344, "cdep": "10", "dep": "Aube", "nb": 53, "nbobserver": 2, "nbesp": 20, "nbrar": 1, "nbesprar": 1, "occsol": "n" }, "bbox": [ 524560.440341258654371, 6124920.450268880464137, 539864.14568666415289, 6140270.044769500382245 ], "geometry": { "type": "Polygon", "coordinates": [ [ [ 524885.302153988508508, 6140270.044769500382245 ], [ 539864.14568666415289, 6139930.860348378308117 ], [ 539513.81531101942528, 6124920.450268880464137 ], [ 524560.440341258654371, 6125258.485197648406029 ], [ 524885.302153988508508, 6140270.044769500382245 ] ] ] } },
{ "type": "Feature", "properties": { "id": 345, "cdep": "52", "dep": "Haute-Marne", "nb": 65, "nbobserver": 2, "nbesp": 20, "nbrar": 0, "nbesprar": 0, "occsol": "n" }, "bbox": [ 524236.681982429465279, 6109935.381639011204243, 539513.81531101942528, 6125258.485197648406029 ], "geometry": { "type": "Polygon", "coordinates": [ [ [ 524560.440341258654371, 6125258.485197648406029 ], [ 539513.81531101942528, 6124920.450268880464137 ], [ 539164.67480692116078, 6109935.381639011204243 ], [ 524236.681982429465279, 6110272.272921338677406 ], [ 524560.440341258654371, 6125258.485197648406029 ] ] ] } },
{ "type": "Feature", "properties": { "id": 346, "cdep": "52", "dep": "Haute-Marne", "nb": 0, "nbobserver": 0, "nbesp": 0, "nbrar": 0, "nbesprar": 0, "occsol": "a" }, "bbox": [ 523914.021465775847901, 6094975.568493186496198, 539164.67480692116078, 6110272.272921338677406 ], "geometry": { "type": "Polygon", "coordinates": [ [ [ 524236.681982429465279, 6110272.272921338677406 ], [ 539164.67480692116078, 6109935.381639011204243 ], [ 538816.718123774859123, 6094975.568493186496198 ], [ 523914.021465775847901, 6095311.321935358457267 ], [ 524236.681982429465279, 6110272.272921338677406 ] ] ] } },
{ "type": "Feature", "properties": { "id": 347, "cdep": "52", "dep": "Haute-Marne", "nb": 0, "nbobserver": 0, "nbesp": 0, "nbrar": 0, "nbesprar": 0, "occsol": "a" }, "bbox": [ 523592.453217554138973, 6080040.925303891301155, 538816.718123774859123, 6095311.321935358457267 ], "geometry": { "type": "Polygon", "coordinates": [ [ [ 523914.021465775847901, 6095311.321935358457267 ], [ 538816.718123774859123, 6094975.568493186496198 ], [ 538469.93925193278119, 6080040.925303891301155 ], [ 523592.453217554138973, 6080375.546672914177179 ], [ 523914.021465775847901, 6095311.321935358457267 ] ] ] } },
{ "type": "Feature", "properties": { "id": 358, "cdep": "08", "dep": "Ardennes", "nb": 329, "nbobserver": 7, "nbesp": 36, "nbrar": 0, "nbesprar": 0, "occsol": "n" }, "bbox": [ 546007.881139811594039, 6398683.770301234908402, 561831.973433485603891, 6414552.332702774554491 ], "geometry": { "type": "Polygon", "coordinates": [ [ [ 546380.712700068135746, 6414552.332702774554491 ], [ 561831.973433485603891, 6414164.187393478117883 ], [ 561432.046108373440802, 6398683.770301234908402 ], [ 546007.881139811594039, 6399070.558646985329688 ], [ 546380.712700068135746, 6414552.332702774554491 ] ] ] } },
{ "type": "Feature", "properties": { "id": 359, "cdep": "08", "dep": "Ardennes", "nb": 1231, "nbobserver": 28, "nbesp": 44, "nbrar": 0, "nbesprar": 0, "occsol": "a" }, "bbox": [ 545636.355779927223921, 6383230.313355317339301, 561432.046108373440802, 6399070.558646985329688 ], "geometry": { "type": "Polygon", "coordinates": [ [ [ 546007.881139811594039, 6399070.558646985329688 ], [ 561432.046108373440802, 6398683.770301234908402 ], [ 561033.519789814949036, 6383230.313355317339301 ], [ 545636.355779927223921, 6383615.751856064423919 ], [ 546007.881139811594039, 6399070.558646985329688 ] ] ] } },
{ "type": "Feature", "properties": { "id": 360, "cdep": "08", "dep": "Ardennes", "nb": 196, "nbobserver": 10, "nbesp": 34, "nbrar": 0, "nbesprar": 0, "occsol": "a" }, "bbox": [ 545266.129769408260472, 6367803.722219355404377, 561033.519789814949036, 6383615.751856064423919 ], "geometry": { "type": "Polygon", "coordinates": [ [ [ 545636.355779927223921, 6383615.751856064423919 ], [ 561033.519789814949036, 6383230.313355317339301 ], [ 560636.387130402028561, 6367803.722219355404377 ], [ 545266.129769408260472, 6368187.817943875677884 ], [ 545636.355779927223921, 6383615.751856064423919 ] ] ] } },
{ "type": "Feature", "properties": { "id": 361, "cdep": "08", "dep": "Ardennes", "nb": 2772, "nbobserver": 2, "nbesp": 35, "nbrar": 0, "nbesprar": 0, "occsol": "a" }, "bbox": [ 544897.196305066463538, 6352403.903052363544703, 560636.387130402028561, 6368187.817943875677884 ], "geometry": { "type": "Polygon", "coordinates": [ [ [ 545266.129769408260472, 6368187.817943875677884 ], [ 560636.387130402028561, 6367803.722219355404377 ], [ 560240.640834002522752, 6352403.903052363544703 ], [ 544897.196305066463538, 6352786.663020120002329 ], [ 545266.129769408260472, 6368187.817943875677884 ] ] ] } },
{ "type": "Feature", "properties": { "id": 362, "cdep": "08", "dep": "Ardennes", "nb": 41, "nbobserver": 3, "nbesp": 16, "nbrar": 1, "nbesprar": 1, "occsol": "a" }, "bbox": [ 544529.548631115467288, 6337030.76250530499965, 560240.640834002522752, 6352786.663020120002329 ], "geometry": { "type": "Polygon", "coordinates": [ [ [ 544897.196305066463538, 6352786.663020120002329 ], [ 560240.640834002522752, 6352403.903052363544703 ], [ 559846.273655313532799, 6337030.76250530499965 ], [ 544529.548631115467288, 6337412.19368685875088 ], [ 544897.196305066463538, 6352786.663020120002329 ] ] ] } },
{ "type": "Feature", "properties": { "id": 363, "cdep": "08", "dep": "Ardennes", "nb": 11, "nbobserver": 1, "nbesp": 11, "nbrar": 0, "nbesprar": 0, "occsol": "a" }, "bbox": [ 544163.180038759135641, 6321684.207717667333782, 559846.273655313532799, 6337412.19368685875088 ], "geometry": { "type": "Polygon", "coordinates": [ [ [ 544529.548631115467288, 6337412.19368685875088 ], [ 559846.273655313532799, 6337030.76250530499965 ], [ 559453.27839941997081, 6321684.207717667333782 ], [ 544163.180038759135641, 6322064.317035108804703 ], [ 544529.548631115467288, 6337412.19368685875088 ] ] ] } },
{ "type": "Feature", "properties": { "id": 364, "cdep": "51", "dep": "Marne", "nb": 45, "nbobserver": 3, "nbesp": 17, "nbrar": 0, "nbesprar": 0, "occsol": "n" }, "bbox": [ 543798.083865783526562, 6306364.146314085461199, 559453.27839941997081, 6322064.317035108804703 ], "geometry": { "type": "Polygon", "coordinates": [ [ [ 544163.180038759135641, 6322064.317035108804703 ], [ 559453.27839941997081, 6321684.207717667333782 ], [ 559061.647921356954612, 6306364.146314085461199 ], [ 543798.083865783526562, 6306742.940641447901726 ], [ 544163.180038759135641, 6322064.317035108804703 ] ] ] } },
{ "type": "Feature", "properties": { "id": 365, "cdep": "51", "dep": "Marne", "nb": 307, "nbobserver": 7, "nbesp": 36, "nbrar": 1, "nbesprar": 1, "occsol": "n" }, "bbox": [ 543434.253496153280139, 6291070.486400971189141, 559061.647921356954612, 6306742.940641447901726 ], "geometry": { "type": "Polygon", "coordinates": [ [ [ 543798.083865783526562, 6306742.940641447901726 ], [ 559061.647921356954612, 6306364.146314085461199 ], [ 558671.375125677324831, 6291070.486400971189141 ], [ 543434.253496153280139, 6291447.972564669325948 ], [ 543798.083865783526562, 6306742.940641447901726 ] ] ] } },
{ "type": "Feature", "properties": { "id": 366, "cdep": "51", "dep": "Marne", "nb": 249, "nbobserver": 5, "nbesp": 36, "nbrar": 0, "nbesprar": 0, "occsol": "n" }, "bbox": [ 543071.682359612663276, 6275803.136563204228878, 558671.375125677324831, 6291447.972564669325948 ], "geometry": { "type": "Polygon", "coordinates": [ [ [ 543434.253496153280139, 6291447.972564669325948 ], [ 558671.375125677324831, 6291070.486400971189141 ], [ 558282.452966023935005, 6275803.136563204228878 ], [ 543071.682359612663276, 6276179.321342417038977 ], [ 543434.253496153280139, 6291447.972564669325948 ] ] ] } },
{ "type": "Feature", "properties": { "id": 367, "cdep": "51", "dep": "Marne", "nb": 442, "nbobserver": 6, "nbesp": 41, "nbrar": 7, "nbesprar": 3, "occsol": "a" }, "bbox": [ 542710.363931289874017, 6260562.005860831588507, 558282.452966023935005, 6276179.321342417038977 ], "geometry": { "type": "Polygon", "coordinates": [ [ [ 543071.682359612663276, 6276179.321342417038977 ], [ 558282.452966023935005, 6275803.136563204228878 ], [ 557894.874444705201313, 6260562.005860831588507 ], [ 542710.363931289874017, 6260936.895987923257053 ], [ 543071.682359612663276, 6276179.321342417038977 ] ] ] } },
{ "type": "Feature", "properties": { "id": 368, "cdep": "55", "dep": "Meuse", "nb": 38, "nbobserver": 3, "nbesp": 23, "nbrar": 0, "nbesprar": 0, "occsol": "a" }, "bbox": [ 542350.291731306468137, 6245347.003825778141618, 557894.874444705201313, 6260936.895987923257053 ], "geometry": { "type": "Polygon", "coordinates": [ [ [ 542710.363931289874017, 6260936.895987923257053 ], [ 557894.874444705201313, 6260562.005860831588507 ], [ 557508.632612276356667, 6245347.003825778141618 ], [ 542350.291731306468137, 6245720.605986702255905 ], [ 542710.363931289874017, 6260936.895987923257053 ] ] ] } },
{ "type": "Feature", "properties": { "id": 369, "cdep": "55", "dep": "Meuse", "nb": 752, "nbobserver": 14, "nbesp": 43, "nbrar": 1, "nbesprar": 1, "occsol": "n" }, "bbox": [ 541991.459324389812537, 6230158.040458622388542, 557508.632612276356667, 6245720.605986702255905 ], "geometry": { "type": "Polygon", "coordinates": [ [ [ 542350.291731306468137, 6245720.605986702255905 ], [ 557508.632612276356667, 6245347.003825778141618 ], [ 557123.72056712419726, 6230158.040458622388542 ], [ 541991.459324389812537, 6230530.361293324269354 ], [ 542350.291731306468137, 6245720.605986702255905 ] ] ] } },
{ "type": "Feature", "properties": { "id": 370, "cdep": "51", "dep": "Marne", "nb": 860, "nbobserver": 12, "nbesp": 44, "nbrar": 1, "nbesprar": 1, "occsol": "n" }, "bbox": [ 541633.860319490195252, 6214995.026225388981402, 557123.72056712419726, 6230530.361293324269354 ], "geometry": { "type": "Polygon", "coordinates": [ [ [ 541991.459324389812537, 6230530.361293324269354 ], [ 557123.72056712419726, 6230158.040458622388542 ], [ 556740.131455056252889, 6214995.026225388981402 ], [ 541633.860319490195252, 6215366.072328188456595 ], [ 541991.459324389812537, 6230530.361293324269354 ] ] ] } },
{ "type": "Feature", "properties": { "id": 371, "cdep": "52", "dep": "Haute-Marne", "nb": 1251, "nbobserver": 30, "nbesp": 45, "nbrar": 1, "nbesprar": 1, "occsol": "n" }, "bbox": [ 541277.488369401777163, 6199857.872054336592555, 556740.131455056252889, 6215366.072328188456595 ], "geometry": { "type": "Polygon", "coordinates": [ [ [ 541633.860319490195252, 6215366.072328188456595 ], [ 556740.131455056252889, 6214995.026225388981402 ], [ 556357.858468894846737, 6199857.872054336592555 ], [ 541277.488369401777163, 6200227.64997432846576 ], [ 541633.860319490195252, 6215366.072328188456595 ] ] ] } },
{ "type": "Feature", "properties": { "id": 372, "cdep": "52", "dep": "Haute-Marne", "nb": 154, "nbobserver": 7, "nbesp": 36, "nbrar": 0, "nbesprar": 0, "occsol": "n" }, "bbox": [ 540922.337170386919752, 6184746.489332819357514, 556357.858468894846737, 6200227.64997432846576 ], "geometry": { "type": "Polygon", "coordinates": [ [ [ 541277.488369401777163, 6200227.64997432846576 ], [ 556357.858468894846737, 6199857.872054336592555 ], [ 555976.894848074065521, 6184746.489332819357514 ], [ 540922.337170386919752, 6185115.005574262700975 ], [ 541277.488369401777163, 6200227.64997432846576 ] ] ] } },
{ "type": "Feature", "properties": { "id": 373, "cdep": "52", "dep": "Haute-Marne", "nb": 392, "nbobserver": 4, "nbesp": 35, "nbrar": 0, "nbesprar": 0, "occsol": "a" }, "bbox": [ 540568.400461805285886, 6169660.789904148317873, 555976.894848074065521, 6185115.005574262700975 ], "geometry": { "type": "Polygon", "coordinates": [ [ [ 540922.337170386919752, 6185115.005574262700975 ], [ 555976.894848074065521, 6184746.489332819357514 ], [ 555597.233878241851926, 6169660.789904148317873 ], [ 540568.400461805285886, 6170028.050926837138832 ], [ 540922.337170386919752, 6185115.005574262700975 ] ] ] } },
{ "type": "Feature", "properties": { "id": 374, "cdep": "52", "dep": "Haute-Marne", "nb": 272, "nbobserver": 5, "nbesp": 42, "nbrar": 0, "nbesprar": 0, "occsol": "n" }, "bbox": [ 540215.672025746200234, 6154600.686064479872584, 555597.233878241851926, 6170028.050926837138832 ], "geometry": { "type": "Polygon", "coordinates": [ [ [ 540568.400461805285886, 6170028.050926837138832 ], [ 555597.233878241851926, 6169660.789904148317873 ], [ 555218.868890865938738, 6154600.686064479872584 ], [ 540215.672025746200234, 6154966.698284134268761 ], [ 540568.400461805285886, 6170028.050926837138832 ] ] ] } },
{ "type": "Feature", "properties": { "id": 375, "cdep": "52", "dep": "Haute-Marne", "nb": 1874, "nbobserver": 5, "nbesp": 46, "nbrar": 1, "nbesprar": 1, "occsol": "a" }, "bbox": [ 539864.14568666415289, 6139566.090559745207429, 555218.868890865938738, 6154966.698284134268761 ], "geometry": { "type": "Polygon", "coordinates": [ [ [ 540215.672025746200234, 6154966.698284134268761 ], [ 555218.868890865938738, 6154600.686064479872584 ], [ 554841.793262843857519, 6139566.090559745207429 ], [ 539864.14568666415289, 6139930.860348378308117 ], [ 540215.672025746200234, 6154966.698284134268761 ] ] ] } },
{ "type": "Feature", "properties": { "id": 376, "cdep": "52", "dep": "Haute-Marne", "nb": 72, "nbobserver": 3, "nbesp": 26, "nbrar": 1, "nbesprar": 1, "occsol": "n" }, "bbox": [ 539513.81531101942528, 6124556.916582585312426, 554841.793262843857519, 6139930.860348378308117 ], "geometry": { "type": "Polygon", "coordinates": [ [ [ 539864.14568666415289, 6139930.860348378308117 ], [ 554841.793262843857519, 6139566.090559745207429 ], [ 554466.000416116206907, 6124556.916582585312426 ], [ 539513.81531101942528, 6124920.450268880464137 ], [ 539864.14568666415289, 6139930.860348378308117 ] ] ] } },
{ "type": "Feature", "properties": { "id": 377, "cdep": "52", "dep": "Haute-Marne", "nb": 787, "nbobserver": 7, "nbesp": 35, "nbrar": 4, "nbesprar": 1, "occsol": "n" }, "bbox": [ 539164.67480692116078, 6109573.077769338153303, 554466.000416116206907, 6124920.450268880464137 ], "geometry": { "type": "Polygon", "coordinates": [ [ [ 539513.81531101942528, 6124920.450268880464137 ], [ 554466.000416116206907, 6124556.916582585312426 ], [ 554091.483817285508849, 6109573.077769338153303 ], [ 539164.67480692116078, 6109935.381639011204243 ], [ 539513.81531101942528, 6124920.450268880464137 ] ] ] } },
{ "type": "Feature", "properties": { "id": 378, "cdep": "52", "dep": "Haute-Marne", "nb": 26, "nbobserver": 2, "nbesp": 15, "nbrar": 1, "nbesprar": 1, "occsol": "n" }, "bbox": [ 538816.718123774859123, 6094614.488197015598416, 554091.483817285508849, 6109935.381639011204243 ], "geometry": { "type": "Polygon", "coordinates": [ [ [ 539164.67480692116078, 6109935.381639011204243 ], [ 554091.483817285508849, 6109573.077769338153303 ], [ 553718.236977236578241, 6094614.488197015598416 ], [ 538816.718123774859123, 6094975.568493186496198 ], [ 539164.67480692116078, 6109935.381639011204243 ] ] ] } },
{ "type": "Feature", "properties": { "id": 379, "cdep": "52", "dep": "Haute-Marne", "nb": 0, "nbobserver": 0, "nbesp": 0, "nbrar": 0, "nbesprar": 0, "occsol": "n" }, "bbox": [ 538469.93925193278119, 6079681.062380349263549, 553718.236977236578241, 6094975.568493186496198 ], "geometry": { "type": "Polygon", "coordinates": [ [ [ 538816.718123774859123, 6094975.568493186496198 ], [ 553718.236977236578241, 6094614.488197015598416 ], [ 553346.253450763644651, 6079681.062380349263549 ], [ 538469.93925193278119, 6080040.925303891301155 ], [ 538816.718123774859123, 6094975.568493186496198 ] ] ] } },
{ "type": "Feature", "properties": { "id": 380, "cdep": "52", "dep": "Haute-Marne", "nb": 7, "nbobserver": 1, "nbesp": 7, "nbrar": 0, "nbesprar": 0, "occsol": "a" }, "bbox": [ 538124.33222234796267, 6064772.715268819592893, 553346.253450763644651, 6080040.925303891301155 ], "geometry": { "type": "Polygon", "coordinates": [ [ [ 538469.93925193278119, 6080040.925303891301155 ], [ 553346.253450763644651, 6079681.062380349263549 ], [ 552975.526836197706871, 6064772.715268819592893 ], [ 538124.33222234796267, 6065131.366978722624481 ], [ 538469.93925193278119, 6080040.925303891301155 ] ] ] } },
{ "type": "Feature", "properties": { "id": 381, "cdep": "52", "dep": "Haute-Marne", "nb": 0, "nbobserver": 0, "nbesp": 0, "nbrar": 0, "nbesprar": 0, "occsol": "a" }, "bbox": [ 537779.891106233117171, 6049889.362243738956749, 552975.526836197706871, 6065131.366978722624481 ], "geometry": { "type": "Polygon", "coordinates": [ [ [ 538124.33222234796267, 6065131.366978722624481 ], [ 552975.526836197706871, 6064772.715268819592893 ], [ 552606.050775041570887, 6049889.362243738956749 ], [ 537779.891106233117171, 6050246.808857462368906 ], [ 538124.33222234796267, 6065131.366978722624481 ] ] ] } },
{ "type": "Feature", "properties": { "id": 390, "cdep": "08", "dep": "Ardennes", "nb": 0, "nbobserver": 0, "nbesp": 0, "nbrar": 0, "nbesprar": 0, "occsol": "n" }, "bbox": [ 561432.046108373440802, 6398269.861041452735662, 577281.825769911636598, 6414164.187393478117883 ], "geometry": { "type": "Polygon", "coordinates": [ [ [ 561831.973433485603891, 6414164.187393478117883 ], [ 577281.825769911636598, 6413748.826154901646078 ], [ 576854.810079002985731, 6398269.861041452735662 ], [ 561432.046108373440802, 6398683.770301234908402 ], [ 561831.973433485603891, 6414164.187393478117883 ] ] ] } },
{ "type": "Feature", "properties": { "id": 391, "cdep": "08", "dep": "Ardennes", "nb": 316, "nbobserver": 5, "nbesp": 30, "nbrar": 1, "nbesprar": 1, "occsol": "a" }, "bbox": [ 561033.519789814949036, 6382817.848458277992904, 576854.810079002985731, 6398683.770301234908402 ], "geometry": { "type": "Polygon", "coordinates": [ [ [ 561432.046108373440802, 6398683.770301234908402 ], [ 576854.810079002985731, 6398269.861041452735662 ], [ 576429.290149103035219, 6382817.848458277992904 ], [ 561033.519789814949036, 6383230.313355317339301 ], [ 561432.046108373440802, 6398683.770301234908402 ] ] ] } },
{ "type": "Feature", "properties": { "id": 392, "cdep": "08", "dep": "Ardennes", "nb": 125, "nbobserver": 3, "nbesp": 25, "nbrar": 0, "nbesprar": 0, "occsol": "a" }, "bbox": [ 560636.387130402028561, 6367392.694122215732932, 576429.290149103035219, 6383230.313355317339301 ], "geometry": { "type": "Polygon", "coordinates": [ [ [ 561033.519789814949036, 6383230.313355317339301 ], [ 576429.290149103035219, 6382817.848458277992904 ], [ 576005.258136853808537, 6367392.694122215732932 ], [ 560636.387130402028561, 6367803.722219355404377 ], [ 561033.519789814949036, 6383230.313355317339301 ] ] ] } },
{ "type": "Feature", "properties": { "id": 393, "cdep": "55", "dep": "Meuse", "nb": 388, "nbobserver": 6, "nbesp": 37, "nbrar": 0, "nbesprar": 0, "occsol": "a" }, "bbox": [ 560240.640834002522752, 6351994.304245059378445, 576005.258136853808537, 6367803.722219355404377 ], "geometry": { "type": "Polygon", "coordinates": [ [ [ 560636.387130402028561, 6367803.722219355404377 ], [ 576005.258136853808537, 6367392.694122215732932 ], [ 575582.706253625801764, 6351994.304245059378445 ], [ 560240.640834002522752, 6352403.903052363544703 ], [ 560636.387130402028561, 6367803.722219355404377 ] ] ] } },
{ "type": "Feature", "properties": { "id": 394, "cdep": "55", "dep": "Meuse", "nb": 132, "nbobserver": 3, "nbesp": 21, "nbrar": 1, "nbesprar": 1, "occsol": "a" }, "bbox": [ 559846.273655313532799, 6336622.585530068725348, 575582.706253625801764, 6352403.903052363544703 ], "geometry": { "type": "Polygon", "coordinates": [ [ [ 560240.640834002522752, 6352403.903052363544703 ], [ 575582.706253625801764, 6351994.304245059378445 ], [ 575161.626765041262843, 6336622.585530068725348 ], [ 559846.273655313532799, 6337030.76250530499965 ], [ 560240.640834002522752, 6352403.903052363544703 ] ] ] } },
{ "type": "Feature", "properties": { "id": 395, "cdep": "55", "dep": "Meuse", "nb": 0, "nbobserver": 0, "nbesp": 0, "nbrar": 0, "nbesprar": 0, "occsol": "a" }, "bbox": [ 559453.27839941997081, 6321277.445168589241803, 575161.626765041262843, 6337030.76250530499965 ], "geometry": { "type": "Polygon", "coordinates": [ [ [ 559846.273655313532799, 6337030.76250530499965 ], [ 575161.626765041262843, 6336622.585530068725348 ], [ 574742.011990503058769, 6321277.445168589241803 ], [ 559453.27839941997081, 6321684.207717667333782 ], [ 559846.273655313532799, 6337030.76250530499965 ] ] ] } },
{ "type": "Feature", "properties": { "id": 396, "cdep": "55", "dep": "Meuse", "nb": 162, "nbobserver": 3, "nbesp": 29, "nbrar": 0, "nbesprar": 0, "occsol": "a" }, "bbox": [ 559061.647921356954612, 6305958.790836649946868, 574742.011990503058769, 6321684.207717667333782 ], "geometry": { "type": "Polygon", "coordinates": [ [ [ 559453.27839941997081, 6321684.207717667333782 ], [ 574742.011990503058769, 6321277.445168589241803 ], [ 574323.854302728315815, 6305958.790836649946868 ], [ 559061.647921356954612, 6306364.146314085461199 ], [ 559453.27839941997081, 6321684.207717667333782 ] ] ] } },
{ "type": "Feature", "properties": { "id": 397, "cdep": "55", "dep": "Meuse", "nb": 633, "nbobserver": 2, "nbesp": 37, "nbrar": 4, "nbesprar": 1, "occsol": "a" }, "bbox": [ 558671.375125677324831, 6290666.530691624619067, 574323.854302728315815, 6306364.146314085461199 ], "geometry": { "type": "Polygon", "coordinates": [ [ [ 559061.647921356954612, 6306364.146314085461199 ], [ 574323.854302728315815, 6305958.790836649946868 ], [ 573907.146127286134288, 6290666.530691624619067 ], [ 558671.375125677324831, 6291070.486400971189141 ], [ 559061.647921356954612, 6306364.146314085461199 ] ] ] } },
{ "type": "Feature", "properties": { "id": 398, "cdep": "55", "dep": "Meuse", "nb": 42, "nbobserver": 4, "nbesp": 13, "nbrar": 0, "nbesprar": 0, "occsol": "a" }, "bbox": [ 558282.452966023935005, 6275400.573368913494051, 573907.146127286134288, 6291070.486400971189141 ], "geometry": { "type": "Polygon", "coordinates": [ [ [ 558671.375125677324831, 6291070.486400971189141 ], [ 573907.146127286134288, 6290666.530691624619067 ], [ 573491.879942141473293, 6275400.573368913494051 ], [ 558282.452966023935005, 6275803.136563204228878 ], [ 558671.375125677324831, 6291070.486400971189141 ] ] ] } },
{ "type": "Feature", "properties": { "id": 399, "cdep": "55", "dep": "Meuse", "nb": 1680, "nbobserver": 1, "nbesp": 43, "nbrar": 2, "nbesprar": 1, "occsol": "a" }, "bbox": [ 557894.874444705201313, 6260160.827978631481528, 573491.879942141473293, 6275803.136563204228878 ], "geometry": { "type": "Polygon", "coordinates": [ [ [ 558282.452966023935005, 6275803.136563204228878 ], [ 573491.879942141473293, 6275400.573368913494051 ], [ 573078.048277202411555, 6260160.827978631481528 ], [ 557894.874444705201313, 6260562.005860831588507 ], [ 558282.452966023935005, 6275803.136563204228878 ] ] ] } },
{ "type": "Feature", "properties": { "id": 400, "cdep": "55", "dep": "Meuse", "nb": 1177, "nbobserver": 6, "nbesp": 38, "nbrar": 0, "nbesprar": 0, "occsol": "a" }, "bbox": [ 557508.632612276356667, 6244947.204102358780801, 573078.048277202411555, 6260562.005860831588507 ], "geometry": { "type": "Polygon", "coordinates": [ [ [ 557894.874444705201313, 6260562.005860831588507 ], [ 573078.048277202411555, 6260160.827978631481528 ], [ 572665.643713872763328, 6244947.204102358780801 ], [ 557508.632612276356667, 6245347.003825778141618 ], [ 557894.874444705201313, 6260562.005860831588507 ] ] ] } },
{ "type": "Feature", "properties": { "id": 401, "cdep": "55", "dep": "Meuse", "nb": 4793, "nbobserver": 13, "nbesp": 47, "nbrar": 6, "nbesprar": 2, "occsol": "a" }, "bbox": [ 557123.72056712419726, 6229759.611789902672172, 572665.643713872763328, 6245347.003825778141618 ], "geometry": { "type": "Polygon", "coordinates": [ [ [ 557508.632612276356667, 6245347.003825778141618 ], [ 572665.643713872763328, 6244947.204102358780801 ], [ 572254.658884609583765, 6229759.611789902672172 ], [ 557123.72056712419726, 6230158.040458622388542 ], [ 557508.632612276356667, 6245347.003825778141618 ] ] ] } },
{ "type": "Feature", "properties": { "id": 402, "cdep": "55", "dep": "Meuse", "nb": 197, "nbobserver": 10, "nbesp": 32, "nbrar": 1, "nbesprar": 1, "occsol": "a" }, "bbox": [ 556740.131455056252889, 6214597.961556077934802, 572254.658884609583765, 6230158.040458622388542 ], "geometry": { "type": "Polygon", "coordinates": [ [ [ 557123.72056712419726, 6230158.040458622388542 ], [ 572254.658884609583765, 6229759.611789902672172 ], [ 571845.086472484399565, 6214597.961556077934802 ], [ 556740.131455056252889, 6214995.026225388981402 ], [ 557123.72056712419726, 6230158.040458622388542 ] ] ] } },
{ "type": "Feature", "properties": { "id": 403, "cdep": "52", "dep": "Haute-Marne", "nb": 382, "nbobserver": 13, "nbesp": 37, "nbrar": 0, "nbesprar": 0, "occsol": "a" }, "bbox": [ 556357.858468894846737, 6199462.164377528242767, 571845.086472484399565, 6214995.026225388981402 ], "geometry": { "type": "Polygon", "coordinates": [ [ [ 556740.131455056252889, 6214995.026225388981402 ], [ 571845.086472484399565, 6214597.961556077934802 ], [ 571436.919210749561898, 6199462.164377528242767 ], [ 556357.858468894846737, 6199857.872054336592555 ], [ 556740.131455056252889, 6214995.026225388981402 ] ] ] } },
{ "type": "Feature", "properties": { "id": 404, "cdep": "52", "dep": "Haute-Marne", "nb": 11031, "nbobserver": 17, "nbesp": 51, "nbrar": 34, "nbesprar": 4, "occsol": "a" }, "bbox": [ 555976.894848074065521, 6184352.131689580157399, 571436.919210749561898, 6199857.872054336592555 ], "geometry": { "type": "Polygon", "coordinates": [ [ [ 556357.858468894846737, 6199857.872054336592555 ], [ 571436.919210749561898, 6199462.164377528242767 ], [ 571030.149882409139536, 6184352.131689580157399 ], [ 555976.894848074065521, 6184746.489332819357514 ], [ 556357.858468894846737, 6199857.872054336592555 ] ] ] } },
{ "type": "Feature", "properties": { "id": 405, "cdep": "52", "dep": "Haute-Marne", "nb": 79, "nbobserver": 2, "nbesp": 19, "nbrar": 0, "nbesprar": 0, "occsol": "a" }, "bbox": [ 555597.233878241851926, 6169267.775383101776242, 571030.149882409139536, 6184746.489332819357514 ], "geometry": { "type": "Polygon", "coordinates": [ [ [ 555976.894848074065521, 6184746.489332819357514 ], [ 571030.149882409139536, 6184352.131689580157399 ], [ 570624.771319793420844, 6169267.775383101776242 ], [ 555597.233878241851926, 6169660.789904148317873 ], [ 555976.894848074065521, 6184746.489332819357514 ] ] ] } },
{ "type": "Feature", "properties": { "id": 406, "cdep": "52", "dep": "Haute-Marne", "nb": 24, "nbobserver": 1, "nbesp": 16, "nbrar": 1, "nbesprar": 1, "occsol": "a" }, "bbox": [ 555218.868890865938738, 6154209.007801401428878, 570624.771319793420844, 6169660.789904148317873 ], "geometry": { "type": "Polygon", "coordinates": [ [ [ 555597.233878241851926, 6169660.789904148317873 ], [ 570624.771319793420844, 6169267.775383101776242 ], [ 570220.776404139352962, 6154209.007801401428878 ], [ 555218.868890865938738, 6154600.686064479872584 ], [ 555597.233878241851926, 6169660.789904148317873 ] ] ] } },
{ "type": "Feature", "properties": { "id": 407, "cdep": "52", "dep": "Haute-Marne", "nb": 121, "nbobserver": 5, "nbesp": 33, "nbrar": 0, "nbesprar": 0, "occsol": "a" }, "bbox": [ 554841.793262843857519, 6139175.741737159900367, 570220.776404139352962, 6154600.686064479872584 ], "geometry": { "type": "Polygon", "coordinates": [ [ [ 555218.868890865938738, 6154600.686064479872584 ], [ 570220.776404139352962, 6154209.007801401428878 ], [ 569818.158065172261558, 6139175.741737159900367 ], [ 554841.793262843857519, 6139566.090559745207429 ], [ 555218.868890865938738, 6154600.686064479872584 ] ] ] } },
{ "type": "Feature", "properties": { "id": 408, "cdep": "52", "dep": "Haute-Marne", "nb": 57, "nbobserver": 2, "nbesp": 17, "nbrar": 0, "nbesprar": 0, "occsol": "a" }, "bbox": [ 554466.000416116206907, 6124167.89042937848717, 569818.158065172261558, 6139566.090559745207429 ], "geometry": { "type": "Polygon", "coordinates": [ [ [ 554841.793262843857519, 6139566.090559745207429 ], [ 569818.158065172261558, 6139175.741737159900367 ], [ 569416.909280696767382, 6124167.89042937848717 ], [ 554466.000416116206907, 6124556.916582585312426 ], [ 554841.793262843857519, 6139566.090559745207429 ] ] ] } },
{ "type": "Feature", "properties": { "id": 409, "cdep": "52", "dep": "Haute-Marne", "nb": 65, "nbobserver": 3, "nbesp": 20, "nbrar": 0, "nbesprar": 0, "occsol": "a" }, "bbox": [ 554091.483817285508849, 6109185.367560351267457, 569416.909280696767382, 6124556.916582585312426 ], "geometry": { "type": "Polygon", "coordinates": [ [ [ 554466.000416116206907, 6124556.916582585312426 ], [ 569416.909280696767382, 6124167.89042937848717 ], [ 569017.023076185723767, 6109185.367560351267457 ], [ 554091.483817285508849, 6109573.077769338153303 ], [ 554466.000416116206907, 6124556.916582585312426 ] ] ] } },
{ "type": "Feature", "properties": { "id": 410, "cdep": "52", "dep": "Haute-Marne", "nb": 25, "nbobserver": 3, "nbesp": 16, "nbrar": 0, "nbesprar": 0, "occsol": "n" }, "bbox": [ 553718.236977236578241, 6094228.087252669967711, 569017.023076185723767, 6109573.077769338153303 ], "geometry": { "type": "Polygon", "coordinates": [ [ [ 554091.483817285508849, 6109573.077769338153303 ], [ 569017.023076185723767, 6109185.367560351267457 ], [ 568618.492524378933012, 6094228.087252669967711 ], [ 553718.236977236578241, 6094614.488197015598416 ], [ 554091.483817285508849, 6109573.077769338153303 ] ] ] } },
{ "type": "Feature", "properties": { "id": 411, "cdep": "52", "dep": "Haute-Marne", "nb": 6, "nbobserver": 1, "nbesp": 6, "nbrar": 0, "nbesprar": 0, "occsol": "n" }, "bbox": [ 553346.253450763644651, 6079295.964066247455776, 568618.492524378933012, 6094614.488197015598416 ], "geometry": { "type": "Polygon", "coordinates": [ [ [ 553718.236977236578241, 6094614.488197015598416 ], [ 568618.492524378933012, 6094228.087252669967711 ], [ 568221.310744882095605, 6079295.964066247455776 ], [ 553346.253450763644651, 6079681.062380349263549 ], [ 553718.236977236578241, 6094614.488197015598416 ] ] ] } },
{ "type": "Feature", "properties": { "id": 412, "cdep": "52", "dep": "Haute-Marne", "nb": 68, "nbobserver": 5, "nbesp": 23, "nbrar": 1, "nbesprar": 1, "occsol": "n" }, "bbox": [ 552975.526836197706871, 6064388.912995373830199, 568221.310744882095605, 6079681.062380349263549 ], "geometry": { "type": "Polygon", "coordinates": [ [ [ 553346.253450763644651, 6079681.062380349263549 ], [ 568221.310744882095605, 6079295.964066247455776 ], [ 567825.470903772045858, 6064388.912995373830199 ], [ 552975.526836197706871, 6064772.715268819592893 ], [ 553346.253450763644651, 6079681.062380349263549 ] ] ] } },
{ "type": "Feature", "properties": { "id": 413, "cdep": "52", "dep": "Haute-Marne", "nb": 48, "nbobserver": 2, "nbesp": 23, "nbrar": 0, "nbesprar": 0, "occsol": "n" }, "bbox": [ 552606.050775041570887, 6049506.849465791136026, 567825.470903772045858, 6064772.715268819592893 ], "geometry": { "type": "Polygon", "coordinates": [ [ [ 552975.526836197706871, 6064772.715268819592893 ], [ 567825.470903772045858, 6064388.912995373830199 ], [ 567430.966213204548694, 6049506.849465791136026 ], [ 552606.050775041570887, 6049889.362243738956749 ], [ 552975.526836197706871, 6064772.715268819592893 ] ] ] } },
{ "type": "Feature", "properties": { "id": 423, "cdep": "08", "dep": "Ardennes", "nb": 0, "nbobserver": 0, "nbesp": 0, "nbrar": 0, "nbesprar": 0, "occsol": "a" }, "bbox": [ 576429.290149103035219, 6382378.364732568152249, 592276.078297824948095, 6398269.861041452735662 ], "geometry": { "type": "Polygon", "coordinates": [ [ [ 576854.810079002985731, 6398269.861041452735662 ], [ 592276.078297824948095, 6397828.838488475419581 ], [ 591823.572599861421622, 6382378.364732568152249 ], [ 576429.290149103035219, 6382817.848458277992904 ], [ 576854.810079002985731, 6398269.861041452735662 ] ] ] } },
{ "type": "Feature", "properties": { "id": 424, "cdep": "08", "dep": "Ardennes", "nb": 124, "nbobserver": 6, "nbesp": 30, "nbrar": 0, "nbesprar": 0, "occsol": "a" }, "bbox": [ 576005.258136853808537, 6366954.741167355328798, 591823.572599861421622, 6382817.848458277992904 ], "geometry": { "type": "Polygon", "coordinates": [ [ [ 576429.290149103035219, 6382817.848458277992904 ], [ 591823.572599861421622, 6382378.364732568152249 ], [ 591372.649023326346651, 6366954.741167355328798 ], [ 576005.258136853808537, 6367392.694122215732932 ], [ 576429.290149103035219, 6382817.848458277992904 ] ] ] } },
{ "type": "Feature", "properties": { "id": 425, "cdep": "55", "dep": "Meuse", "nb": 296, "nbobserver": 11, "nbesp": 35, "nbrar": 0, "nbesprar": 0, "occsol": "a" }, "bbox": [ 575582.706253625801764, 6351557.874060823582113, 591372.649023326346651, 6367392.694122215732932 ], "geometry": { "type": "Polygon", "coordinates": [ [ [ 576005.258136853808537, 6367392.694122215732932 ], [ 591372.649023326346651, 6366954.741167355328798 ], [ 590923.2992875687778, 6351557.874060823582113 ], [ 575582.706253625801764, 6351994.304245059378445 ], [ 576005.258136853808537, 6367392.694122215732932 ] ] ] } },
{ "type": "Feature", "properties": { "id": 426, "cdep": "55", "dep": "Meuse", "nb": 749, "nbobserver": 5, "nbesp": 39, "nbrar": 2, "nbesprar": 1, "occsol": "a" }, "bbox": [ 575161.626765041262843, 6336187.670171947218478, 590923.2992875687778, 6351994.304245059378445 ], "geometry": { "type": "Polygon", "coordinates": [ [ [ 575582.706253625801764, 6351994.304245059378445 ], [ 590923.2992875687778, 6351557.874060823582113 ], [ 590475.515169608057477, 6336187.670171947218478 ], [ 575161.626765041262843, 6336622.585530068725348 ], [ 575582.706253625801764, 6351994.304245059378445 ] ] ] } },
{ "type": "Feature", "properties": { "id": 427, "cdep": "55", "dep": "Meuse", "nb": 21, "nbobserver": 2, "nbesp": 12, "nbrar": 1, "nbesprar": 1, "occsol": "a" }, "bbox": [ 574742.011990503058769, 6320844.036747291684151, 590475.515169608057477, 6336622.585530068725348 ], "geometry": { "type": "Polygon", "coordinates": [ [ [ 575161.626765041262843, 6336622.585530068725348 ], [ 590475.515169608057477, 6336187.670171947218478 ], [ 590029.288503631483763, 6320844.036747291684151 ], [ 574742.011990503058769, 6321277.445168589241803 ], [ 575161.626765041262843, 6336622.585530068725348 ] ] ] } },
{ "type": "Feature", "properties": { "id": 428, "cdep": "55", "dep": "Meuse", "nb": 0, "nbobserver": 0, "nbesp": 0, "nbrar": 0, "nbesprar": 0, "occsol": "a" }, "bbox": [ 574323.854302728315815, 6305526.881517639383674, 590029.288503631483763, 6321277.445168589241803 ], "geometry": { "type": "Polygon", "coordinates": [ [ [ 574742.011990503058769, 6321277.445168589241803 ], [ 590029.288503631483763, 6320844.036747291684151 ], [ 589584.611180499545299, 6305526.881517639383674 ], [ 574323.854302728315815, 6305958.790836649946868 ], [ 574742.011990503058769, 6321277.445168589241803 ] ] ] } },
{ "type": "Feature", "properties": { "id": 429, "cdep": "55", "dep": "Meuse", "nb": 249, "nbobserver": 4, "nbesp": 35, "nbrar": 0, "nbesprar": 0, "occsol": "a" }, "bbox": [ 573907.146127286134288, 6290236.112694635987282, 589584.611180499545299, 6305958.790836649946868 ], "geometry": { "type": "Polygon", "coordinates": [ [ [ 574323.854302728315815, 6305958.790836649946868 ], [ 589584.611180499545299, 6305526.881517639383674 ], [ 589141.475147254648618, 6290236.112694635987282 ], [ 573907.146127286134288, 6290666.530691624619067 ], [ 574323.854302728315815, 6305958.790836649946868 ] ] ] } },
{ "type": "Feature", "properties": { "id": 430, "cdep": "55", "dep": "Meuse", "nb": 117, "nbobserver": 1, "nbesp": 32, "nbrar": 0, "nbesprar": 0, "occsol": "a" }, "bbox": [ 573491.879942141473293, 6274971.638967485167086, 589141.475147254648618, 6290666.530691624619067 ], "geometry": { "type": "Polygon", "coordinates": [ [ [ 573907.146127286134288, 6290666.530691624619067 ], [ 589141.475147254648618, 6290236.112694635987282 ], [ 588699.872406636131927, 6274971.638967485167086 ], [ 573491.879942141473293, 6275400.573368913494051 ], [ 573907.146127286134288, 6290666.530691624619067 ] ] ] } },
{ "type": "Feature", "properties": { "id": 431, "cdep": "55", "dep": "Meuse", "nb": 0, "nbobserver": 0, "nbesp": 0, "nbrar": 0, "nbesprar": 0, "occsol": "a" }, "bbox": [ 573078.048277202411555, 6259733.369499645195901, 588699.872406636131927, 6275400.573368913494051 ], "geometry": { "type": "Polygon", "coordinates": [ [ [ 573491.879942141473293, 6275400.573368913494051 ], [ 588699.872406636131927, 6274971.638967485167086 ], [ 588259.795016598771326, 6259733.369499645195901 ], [ 573078.048277202411555, 6260160.827978631481528 ], [ 573491.879942141473293, 6275400.573368913494051 ] ] ] } },
{ "type": "Feature", "properties": { "id": 432, "cdep": "55", "dep": "Meuse", "nb": 48, "nbobserver": 5, "nbesp": 18, "nbrar": 0, "nbesprar": 0, "occsol": "a" }, "bbox": [ 572665.643713872763328, 6244521.213925575837493, 588259.795016598771326, 6260160.827978631481528 ], "geometry": { "type": "Polygon", "coordinates": [ [ [ 573078.048277202411555, 6260160.827978631481528 ], [ 588259.795016598771326, 6259733.369499645195901 ], [ 587821.235089838504791, 6244521.213925575837493 ], [ 572665.643713872763328, 6244947.204102358780801 ], [ 573078.048277202411555, 6260160.827978631481528 ] ] ] } },
{ "type": "Feature", "properties": { "id": 433, "cdep": "55", "dep": "Meuse", "nb": 1581, "nbobserver": 31, "nbesp": 42, "nbrar": 0, "nbesprar": 0, "occsol": "n" }, "bbox": [ 572254.658884609583765, 6229335.082347514107823, 587821.235089838504791, 6244947.204102358780801 ], "geometry": { "type": "Polygon", "coordinates": [ [ [ 572665.643713872763328, 6244947.204102358780801 ], [ 587821.235089838504791, 6244521.213925575837493 ], [ 587384.184793320484459, 6229335.082347514107823 ], [ 572254.658884609583765, 6229759.611789902672172 ], [ 572665.643713872763328, 6244947.204102358780801 ] ] ] } },
{ "type": "Feature", "properties": { "id": 434, "cdep": "55", "dep": "Meuse", "nb": 67, "nbobserver": 4, "nbesp": 21, "nbrar": 0, "nbesprar": 0, "occsol": "a" }, "bbox": [ 571845.086472484399565, 6214174.885332251898944, 587384.184793320484459, 6229759.611789902672172 ], "geometry": { "type": "Polygon", "coordinates": [ [ [ 572254.658884609583765, 6229759.611789902672172 ], [ 587384.184793320484459, 6229335.082347514107823 ], [ 586948.636347813881002, 6214174.885332251898944 ], [ 571845.086472484399565, 6214597.961556077934802 ], [ 572254.658884609583765, 6229759.611789902672172 ] ] ] } },
{ "type": "Feature", "properties": { "id": 435, "cdep": "55", "dep": "Meuse", "nb": 331, "nbobserver": 4, "nbesp": 32, "nbrar": 0, "nbesprar": 0, "occsol": "a" }, "bbox": [ 571436.919210749561898, 6199040.533907963894308, 586948.636347813881002, 6214597.961556077934802 ], "geometry": { "type": "Polygon", "coordinates": [ [ [ 571845.086472484399565, 6214597.961556077934802 ], [ 586948.636347813881002, 6214174.885332251898944 ], [ 586514.582027430878952, 6199040.533907963894308 ], [ 571436.919210749561898, 6199462.164377528242767 ], [ 571845.086472484399565, 6214597.961556077934802 ] ] ] } },
{ "type": "Feature", "properties": { "id": 436, "cdep": "52", "dep": "Haute-Marne", "nb": 154, "nbobserver": 5, "nbesp": 24, "nbrar": 0, "nbesprar": 0, "occsol": "n" }, "bbox": [ 571030.149882409139536, 6183931.939561069943011, 586514.582027430878952, 6199462.164377528242767 ], "geometry": { "type": "Polygon", "coordinates": [ [ [ 571436.919210749561898, 6199462.164377528242767 ], [ 586514.582027430878952, 6199040.533907963894308 ], [ 586082.014159170212224, 6183931.939561069943011 ], [ 571030.149882409139536, 6184352.131689580157399 ], [ 571436.919210749561898, 6199462.164377528242767 ] ] ] } },
{ "type": "Feature", "properties": { "id": 437, "cdep": "52", "dep": "Haute-Marne", "nb": 8437, "nbobserver": 14, "nbesp": 49, "nbrar": 3, "nbesprar": 3, "occsol": "n" }, "bbox": [ 570624.771319793420844, 6168849.014233089052141, 586082.014159170212224, 6184352.131689580157399 ], "geometry": { "type": "Polygon", "coordinates": [ [ [ 571030.149882409139536, 6184352.131689580157399 ], [ 586082.014159170212224, 6183931.939561069943011 ], [ 585650.925122465356253, 6168849.014233089052141 ], [ 570624.771319793420844, 6169267.775383101776242 ], [ 571030.149882409139536, 6184352.131689580157399 ] ] ] } },
{ "type": "Feature", "properties": { "id": 438, "cdep": "52", "dep": "Haute-Marne", "nb": 2078, "nbobserver": 9, "nbesp": 42, "nbrar": 0, "nbesprar": 0, "occsol": "n" }, "bbox": [ 570220.776404139352962, 6153791.670317560434341, 585650.925122465356253, 6169267.775383101776242 ], "geometry": { "type": "Polygon", "coordinates": [ [ [ 570624.771319793420844, 6169267.775383101776242 ], [ 585650.925122465356253, 6168849.014233089052141 ], [ 585221.307348737842403, 6153791.670317560434341 ], [ 570220.776404139352962, 6154209.007801401428878 ], [ 570624.771319793420844, 6169267.775383101776242 ] ] ] } },
{ "type": "Feature", "properties": { "id": 439, "cdep": "52", "dep": "Haute-Marne", "nb": 151, "nbobserver": 8, "nbesp": 30, "nbrar": 0, "nbesprar": 0, "occsol": "n" }, "bbox": [ 569818.158065172261558, 6138759.820656955242157, 585221.307348737842403, 6154209.007801401428878 ], "geometry": { "type": "Polygon", "coordinates": [ [ [ 570220.776404139352962, 6154209.007801401428878 ], [ 585221.307348737842403, 6153791.670317560434341 ], [ 584793.153320954414085, 6138759.820656955242157 ], [ 569818.158065172261558, 6139175.741737159900367 ], [ 570220.776404139352962, 6154209.007801401428878 ] ] ] } },
{ "type": "Feature", "properties": { "id": 440, "cdep": "52", "dep": "Haute-Marne", "nb": 621, "nbobserver": 27, "nbesp": 41, "nbrar": 1, "nbesprar": 1, "occsol": "a" }, "bbox": [ 569416.909280696767382, 6123753.378539653494954, 584793.153320954414085, 6139175.741737159900367 ], "geometry": { "type": "Polygon", "coordinates": [ [ [ 569818.158065172261558, 6139175.741737159900367 ], [ 584793.153320954414085, 6138759.820656955242157 ], [ 584366.455573190003633, 6123753.378539653494954 ], [ 569416.909280696767382, 6124167.89042937848717 ], [ 569818.158065172261558, 6139175.741737159900367 ] ] ] } },
{ "type": "Feature", "properties": { "id": 441, "cdep": "52", "dep": "Haute-Marne", "nb": 2339, "nbobserver": 42, "nbesp": 43, "nbrar": 3, "nbesprar": 2, "occsol": "n" }, "bbox": [ 569017.023076185723767, 6108772.257696898654103, 584366.455573190003633, 6124167.89042937848717 ], "geometry": { "type": "Polygon", "coordinates": [ [ [ 569416.909280696767382, 6124167.89042937848717 ], [ 584366.455573190003633, 6123753.378539653494954 ], [ 583941.206690192804672, 6108772.257696898654103 ], [ 569017.023076185723767, 6109185.367560351267457 ], [ 569416.909280696767382, 6124167.89042937848717 ] ] ] } },
{ "type": "Feature", "properties": { "id": 442, "cdep": "52", "dep": "Haute-Marne", "nb": 23, "nbobserver": 1, "nbesp": 12, "nbrar": 0, "nbesprar": 0, "occsol": "a" }, "bbox": [ 568618.492524378933012, 6093816.372299828566611, 583941.206690192804672, 6109185.367560351267457 ], "geometry": { "type": "Polygon", "coordinates": [ [ [ 569017.023076185723767, 6109185.367560351267457 ], [ 583941.206690192804672, 6108772.257696898654103 ], [ 583517.399306956096552, 6093816.372299828566611 ], [ 568618.492524378933012, 6094228.087252669967711 ], [ 569017.023076185723767, 6109185.367560351267457 ] ] ] } },
{ "type": "Feature", "properties": { "id": 443, "cdep": "52", "dep": "Haute-Marne", "nb": 69, "nbobserver": 2, "nbesp": 25, "nbrar": 0, "nbesprar": 0, "occsol": "a" }, "bbox": [ 568221.310744882095605, 6078885.636956484988332, 583517.399306956096552, 6094228.087252669967711 ], "geometry": { "type": "Polygon", "coordinates": [ [ [ 568618.492524378933012, 6094228.087252669967711 ], [ 583517.399306956096552, 6093816.372299828566611 ], [ 583095.02610829367768, 6078885.636956484988332 ], [ 568221.310744882095605, 6079295.964066247455776 ], [ 568618.492524378933012, 6094228.087252669967711 ] ] ] } },
{ "type": "Feature", "properties": { "id": 444, "cdep": "52", "dep": "Haute-Marne", "nb": 14, "nbobserver": 3, "nbesp": 12, "nbrar": 0, "nbesprar": 0, "occsol": "n" }, "bbox": [ 567825.470903772045858, 6063979.966708880849183, 583095.02610829367768, 6079295.964066247455776 ], "geometry": { "type": "Polygon", "coordinates": [ [ [ 568221.310744882095605, 6079295.964066247455776 ], [ 583095.02610829367768, 6078885.636956484988332 ], [ 582674.079828418907709, 6063979.966708880849183 ], [ 567825.470903772045858, 6064388.912995373830199 ], [ 568221.310744882095605, 6079295.964066247455776 ] ] ] } },
{ "type": "Feature", "properties": { "id": 445, "cdep": "52", "dep": "Haute-Marne", "nb": 20, "nbobserver": 3, "nbesp": 10, "nbrar": 0, "nbesprar": 0, "occsol": "a" }, "bbox": [ 567430.966213204548694, 6049099.277030081488192, 582674.079828418907709, 6064388.912995373830199 ], "geometry": { "type": "Polygon", "coordinates": [ [ [ 567825.470903772045858, 6064388.912995373830199 ], [ 582674.079828418907709, 6063979.966708880849183 ], [ 582254.553250528639182, 6049099.277030081488192 ], [ 567430.966213204548694, 6049506.849465791136026 ], [ 567825.470903772045858, 6064388.912995373830199 ] ] ] } },
{ "type": "Feature", "properties": { "id": 446, "cdep": "52", "dep": "Haute-Marne", "nb": 0, "nbobserver": 0, "nbesp": 0, "nbrar": 0, "nbesprar": 0, "occsol": "a" }, "bbox": [ 567037.789931027218699, 6034243.483821302652359, 582254.553250528639182, 6049506.849465791136026 ], "geometry": { "type": "Polygon", "coordinates": [ [ [ 567430.966213204548694, 6049506.849465791136026 ], [ 582254.553250528639182, 6049099.277030081488192 ], [ 581836.439206391456537, 6034243.483821302652359 ], [ 567037.789931027218699, 6034649.689331789501011 ], [ 567430.966213204548694, 6049506.849465791136026 ] ] ] } },
{ "type": "Feature", "properties": { "id": 455, "cdep": "08", "dep": "Ardennes", "nb": 0, "nbobserver": 0, "nbesp": 0, "nbrar": 0, "nbesprar": 0, "occsol": "a" }, "bbox": [ 591823.572599861421622, 6381911.870239736512303, 607695.756066173198633, 6397828.838488475419581 ], "geometry": { "type": "Polygon", "coordinates": [ [ [ 592276.078297824948095, 6397828.838488475419581 ], [ 607695.756066173198633, 6397360.710760504938662 ], [ 607216.272938887355849, 6381911.870239736512303 ], [ 591823.572599861421622, 6382378.364732568152249 ], [ 592276.078297824948095, 6397828.838488475419581 ] ] ] } },
{ "type": "Feature", "properties": { "id": 456, "cdep": "55", "dep": "Meuse", "nb": 42, "nbobserver": 2, "nbesp": 19, "nbrar": 0, "nbesprar": 0, "occsol": "a" }, "bbox": [ 591372.649023326346651, 6366489.871360148303211, 607216.272938887355849, 6382378.364732568152249 ], "geometry": { "type": "Polygon", "coordinates": [ [ [ 591823.572599861421622, 6382378.364732568152249 ], [ 607216.272938887355849, 6381911.870239736512303 ], [ 606738.466078632511199, 6366489.871360148303211 ], [ 591372.649023326346651, 6366954.741167355328798 ], [ 591823.572599861421622, 6382378.364732568152249 ] ] ] } },
{ "type": "Feature", "properties": { "id": 457, "cdep": "55", "dep": "Meuse", "nb": 2015, "nbobserver": 8, "nbesp": 47, "nbrar": 5, "nbesprar": 3, "occsol": "a" }, "bbox": [ 590923.2992875687778, 6351094.620449347421527, 606738.466078632511199, 6366954.741167355328798 ], "geometry": { "type": "Polygon", "coordinates": [ [ [ 591372.649023326346651, 6366954.741167355328798 ], [ 606738.466078632511199, 6366489.871360148303211 ], [ 606262.326713243150152, 6351094.620449347421527 ], [ 590923.2992875687778, 6351557.874060823582113 ], [ 591372.649023326346651, 6366954.741167355328798 ] ] ] } },
{ "type": "Feature", "properties": { "id": 458, "cdep": "55", "dep": "Meuse", "nb": 90, "nbobserver": 2, "nbesp": 24, "nbrar": 0, "nbesprar": 0, "occsol": "a" }, "bbox": [ 590475.515169608057477, 6335726.024325430393219, 606262.326713243150152, 6351557.874060823582113 ], "geometry": { "type": "Polygon", "coordinates": [ [ [ 590923.2992875687778, 6351557.874060823582113 ], [ 606262.326713243150152, 6351094.620449347421527 ], [ 605787.846131635946222, 6335726.024325430393219 ], [ 590475.515169608057477, 6336187.670171947218478 ], [ 590923.2992875687778, 6351557.874060823582113 ] ] ] } },
{ "type": "Feature", "properties": { "id": 459, "cdep": "55", "dep": "Meuse", "nb": 140, "nbobserver": 3, "nbesp": 25, "nbrar": 0, "nbesprar": 0, "occsol": "a" }, "bbox": [ 590029.288503631483763, 6320383.990293549373746, 605787.846131635946222, 6336187.670171947218478 ], "geometry": { "type": "Polygon", "coordinates": [ [ [ 590475.515169608057477, 6336187.670171947218478 ], [ 605787.846131635946222, 6335726.024325430393219 ], [ 605315.015683278790675, 6320383.990293549373746 ], [ 590029.288503631483763, 6320844.036747291684151 ], [ 590475.515169608057477, 6336187.670171947218478 ] ] ] } },
{ "type": "Feature", "properties": { "id": 460, "cdep": "55", "dep": "Meuse", "nb": 335, "nbobserver": 12, "nbesp": 36, "nbrar": 1, "nbesprar": 1, "occsol": "n" }, "bbox": [ 589584.611180499545299, 6305068.426142578944564, 605315.015683278790675, 6320844.036747291684151 ], "geometry": { "type": "Polygon", "coordinates": [ [ [ 590029.288503631483763, 6320844.036747291684151 ], [ 605315.015683278790675, 6320383.990293549373746 ], [ 604843.826777666108683, 6305068.426142578944564 ], [ 589584.611180499545299, 6305526.881517639383674 ], [ 590029.288503631483763, 6320844.036747291684151 ] ] ] } },
{ "type": "Feature", "properties": { "id": 461, "cdep": "55", "dep": "Meuse", "nb": 3112, "nbobserver": 33, "nbesp": 43, "nbrar": 0, "nbesprar": 0, "occsol": "a" }, "bbox": [ 589141.475147254648618, 6289779.240141751244664, 604843.826777666108683, 6305526.881517639383674 ], "geometry": { "type": "Polygon", "coordinates": [ [ [ 589584.611180499545299, 6305526.881517639383674 ], [ 604843.826777666108683, 6305068.426142578944564 ], [ 604374.270883799297735, 6289779.240141751244664 ], [ 589141.475147254648618, 6290236.112694635987282 ], [ 589584.611180499545299, 6305526.881517639383674 ] ] ] } },
{ "type": "Feature", "properties": { "id": 462, "cdep": "55", "dep": "Meuse", "nb": 69, "nbobserver": 2, "nbesp": 20, "nbrar": 0, "nbesprar": 0, "occsol": "a" }, "bbox": [ 588699.872406636131927, 6274516.341037355363369, 604374.270883799297735, 6290236.112694635987282 ], "geometry": { "type": "Polygon", "coordinates": [ [ [ 589141.475147254648618, 6290236.112694635987282 ], [ 604374.270883799297735, 6289779.240141751244664 ], [ 603906.339529672521167, 6274516.341037355363369 ], [ 588699.872406636131927, 6274971.638967485167086 ], [ 589141.475147254648618, 6290236.112694635987282 ] ] ] } },
{ "type": "Feature", "properties": { "id": 463, "cdep": "55", "dep": "Meuse", "nb": 65, "nbobserver": 3, "nbesp": 22, "nbrar": 0, "nbesprar": 0, "occsol": "a" }, "bbox": [ 588259.795016598771326, 6259279.638049454428256, 603906.339529672521167, 6274971.638967485167086 ], "geometry": { "type": "Polygon", "coordinates": [ [ [ 588699.872406636131927, 6274971.638967485167086 ], [ 603906.339529672521167, 6274516.341037355363369 ], [ 603440.024301763158292, 6259279.638049454428256 ], [ 588259.795016598771326, 6259733.369499645195901 ], [ 588699.872406636131927, 6274971.638967485167086 ] ] ] } },
{ "type": "Feature", "properties": { "id": 464, "cdep": "55", "dep": "Meuse", "nb": 16, "nbobserver": 3, "nbesp": 11, "nbrar": 0, "nbesprar": 0, "occsol": "a" }, "bbox": [ 587821.235089838504791, 6244069.040868612937629, 603440.024301763158292, 6259733.369499645195901 ], "geometry": { "type": "Polygon", "coordinates": [ [ [ 588259.795016598771326, 6259733.369499645195901 ], [ 603440.024301763158292, 6259279.638049454428256 ], [ 602975.316844529239461, 6244069.040868612937629 ], [ 587821.235089838504791, 6244521.213925575837493 ], [ 588259.795016598771326, 6259733.369499645195901 ] ] ] } },
{ "type": "Feature", "properties": { "id": 465, "cdep": "55", "dep": "Meuse", "nb": 26, "nbobserver": 2, "nbesp": 13, "nbrar": 0, "nbesprar": 0, "occsol": "a" }, "bbox": [ 587384.184793320484459, 6228884.459652693010867, 602975.316844529239461, 6244521.213925575837493 ], "geometry": { "type": "Polygon", "coordinates": [ [ [ 587821.235089838504791, 6244521.213925575837493 ], [ 602975.316844529239461, 6244069.040868612937629 ], [ 602512.208859910257161, 6228884.459652693010867 ], [ 587384.184793320484459, 6229335.082347514107823 ], [ 587821.235089838504791, 6244521.213925575837493 ] ] ] } },
{ "type": "Feature", "properties": { "id": 466, "cdep": "55", "dep": "Meuse", "nb": 826, "nbobserver": 13, "nbesp": 35, "nbrar": 0, "nbesprar": 0, "occsol": "a" }, "bbox": [ 586948.636347813881002, 6213725.805023637600243, 602512.208859910257161, 6229335.082347514107823 ], "geometry": { "type": "Polygon", "coordinates": [ [ [ 587384.184793320484459, 6229335.082347514107823 ], [ 602512.208859910257161, 6228884.459652693010867 ], [ 602050.692106834147125, 6213725.805023637600243 ], [ 586948.636347813881002, 6214174.885332251898944 ], [ 587384.184793320484459, 6229335.082347514107823 ] ] ] } },
{ "type": "Feature", "properties": { "id": 467, "cdep": "55", "dep": "Meuse", "nb": 22, "nbobserver": 2, "nbesp": 12, "nbrar": 0, "nbesprar": 0, "occsol": "a" }, "bbox": [ 586514.582027430878952, 6198592.988064306788146, 602050.692106834147125, 6214174.885332251898944 ], "geometry": { "type": "Polygon", "coordinates": [ [ [ 586948.636347813881002, 6214174.885332251898944 ], [ 602050.692106834147125, 6213725.805023637600243 ], [ 601590.758400729042478, 6198592.988064306788146 ], [ 586514.582027430878952, 6199040.533907963894308 ], [ 586948.636347813881002, 6214174.885332251898944 ] ] ] } },
{ "type": "Feature", "properties": { "id": 468, "cdep": "55", "dep": "Meuse", "nb": 7, "nbobserver": 1, "nbesp": 7, "nbrar": 0, "nbesprar": 0, "occsol": "a" }, "bbox": [ 586082.014159170212224, 6183485.920315317809582, 601590.758400729042478, 6199040.533907963894308 ], "geometry": { "type": "Polygon", "coordinates": [ [ [ 586514.582027430878952, 6199040.533907963894308 ], [ 601590.758400729042478, 6198592.988064306788146 ], [ 601132.399613039917313, 6183485.920315317809582 ], [ 586082.014159170212224, 6183931.939561069943011 ], [ 586514.582027430878952, 6199040.533907963894308 ] ] ] } },
{ "type": "Feature", "properties": { "id": 469, "cdep": "52", "dep": "Haute-Marne", "nb": 46, "nbobserver": 1, "nbesp": 22, "nbrar": 0, "nbesprar": 0, "occsol": "a" }, "bbox": [ 585650.925122465356253, 6168404.51377194840461, 601132.399613039917313, 6183931.939561069943011 ], "geometry": { "type": "Polygon", "coordinates": [ [ [ 586082.014159170212224, 6183931.939561069943011 ], [ 601132.399613039917313, 6183485.920315317809582 ], [ 600675.607670750585385, 6168404.51377194840461 ], [ 585650.925122465356253, 6168849.014233089052141 ], [ 586082.014159170212224, 6183931.939561069943011 ] ] ] } },
{ "type": "Feature", "properties": { "id": 470, "cdep": "52", "dep": "Haute-Marne", "nb": 0, "nbobserver": 0, "nbesp": 0, "nbrar": 0, "nbesprar": 0, "occsol": "n" }, "bbox": [ 585221.307348737842403, 6153348.680881020613015, 600675.607670750585385, 6168849.014233089052141 ], "geometry": { "type": "Polygon", "coordinates": [ [ [ 585650.925122465356253, 6168849.014233089052141 ], [ 600675.607670750585385, 6168404.51377194840461 ], [ 600220.374555909773335, 6153348.680881020613015 ], [ 585221.307348737842403, 6153791.670317560434341 ], [ 585650.925122465356253, 6168849.014233089052141 ] ] ] } },
{ "type": "Feature", "properties": { "id": 471, "cdep": "52", "dep": "Haute-Marne", "nb": 3, "nbobserver": 1, "nbesp": 2, "nbrar": 0, "nbesprar": 0, "occsol": "n" }, "bbox": [ 584793.153320954414085, 6138318.334537850692868, 600220.374555909773335, 6153791.670317560434341 ], "geometry": { "type": "Polygon", "coordinates": [ [ [ 585221.307348737842403, 6153791.670317560434341 ], [ 600220.374555909773335, 6153348.680881020613015 ], [ 599766.692305163480341, 6138318.334537850692868 ], [ 584793.153320954414085, 6138759.820656955242157 ], [ 585221.307348737842403, 6153791.670317560434341 ] ] ] } },
{ "type": "Feature", "properties": { "id": 472, "cdep": "52", "dep": "Haute-Marne", "nb": 81, "nbobserver": 5, "nbesp": 25, "nbrar": 1, "nbesprar": 1, "occsol": "a" }, "bbox": [ 584366.455573190003633, 6123313.388083197176456, 599766.692305163480341, 6138759.820656955242157 ], "geometry": { "type": "Polygon", "coordinates": [ [ [ 584793.153320954414085, 6138759.820656955242157 ], [ 599766.692305163480341, 6138318.334537850692868 ], [ 599314.55300929013174, 6123313.388083197176456 ], [ 584366.455573190003633, 6123753.378539653494954 ], [ 584793.153320954414085, 6138759.820656955242157 ] ] ] } },
{ "type": "Feature", "properties": { "id": 473, "cdep": "52", "dep": "Haute-Marne", "nb": 166, "nbobserver": 8, "nbesp": 26, "nbrar": 0, "nbesprar": 0, "occsol": "a" }, "bbox": [ 583941.206690192804672, 6108333.75530025549233, 599314.55300929013174, 6123753.378539653494954 ], "geometry": { "type": "Polygon", "coordinates": [ [ [ 584366.455573190003633, 6123753.378539653494954 ], [ 599314.55300929013174, 6123313.388083197176456 ], [ 598863.948812742484733, 6108333.75530025549233 ], [ 583941.206690192804672, 6108772.257696898654103 ], [ 584366.455573190003633, 6123753.378539653494954 ] ] ] } },
{ "type": "Feature", "properties": { "id": 474, "cdep": "52", "dep": "Haute-Marne", "nb": 1285, "nbobserver": 7, "nbesp": 46, "nbrar": 4, "nbesprar": 3, "occsol": "a" }, "bbox": [ 583517.399306956096552, 6093379.350411660969257, 598863.948812742484733, 6108772.257696898654103 ], "geometry": { "type": "Polygon", "coordinates": [ [ [ 583941.206690192804672, 6108772.257696898654103 ], [ 598863.948812742484733, 6108333.75530025549233 ], [ 598414.871913192328066, 6093379.350411660969257 ], [ 583517.399306956096552, 6093816.372299828566611 ], [ 583941.206690192804672, 6108772.257696898654103 ] ] ] } },
{ "type": "Feature", "properties": { "id": 475, "cdep": "52", "dep": "Haute-Marne", "nb": 1022, "nbobserver": 27, "nbesp": 46, "nbrar": 1, "nbesprar": 1, "occsol": "a" }, "bbox": [ 583095.02610829367768, 6078450.088076528161764, 598414.871913192328066, 6093816.372299828566611 ], "geometry": { "type": "Polygon", "coordinates": [ [ [ 583517.399306956096552, 6093816.372299828566611 ], [ 598414.871913192328066, 6093379.350411660969257 ], [ 597967.314561081584543, 6078450.088076528161764 ], [ 583095.02610829367768, 6078885.636956484988332 ], [ 583517.399306956096552, 6093816.372299828566611 ] ] ] } },
{ "type": "Feature", "properties": { "id": 476, "cdep": "52", "dep": "Haute-Marne", "nb": 461, "nbobserver": 13, "nbesp": 32, "nbrar": 0, "nbesprar": 0, "occsol": "a" }, "bbox": [ 582674.079828418907709, 6063545.883387507870793, 597967.314561081584543, 6078885.636956484988332 ], "geometry": { "type": "Polygon", "coordinates": [ [ [ 583095.02610829367768, 6078885.636956484988332 ], [ 597967.314561081584543, 6078450.088076528161764 ], [ 597521.269059176440351, 6063545.883387507870793 ], [ 582674.079828418907709, 6063979.966708880849183 ], [ 583095.02610829367768, 6078885.636956484988332 ] ] ] } },
{ "type": "Feature", "properties": { "id": 477, "cdep": "52", "dep": "Haute-Marne", "nb": 554, "nbobserver": 7, "nbesp": 32, "nbrar": 0, "nbesprar": 0, "occsol": "a" }, "bbox": [ 582254.553250528639182, 6048666.651867875829339, 597521.269059176440351, 6063979.966708880849183 ], "geometry": { "type": "Polygon", "coordinates": [ [ [ 582674.079828418907709, 6063979.966708880849183 ], [ 597521.269059176440351, 6063545.883387507870793 ], [ 597076.727762126829475, 6048666.651867875829339 ], [ 582254.553250528639182, 6049099.277030081488192 ], [ 582674.079828418907709, 6063979.966708880849183 ] ] ] } },
{ "type": "Feature", "properties": { "id": 478, "cdep": "52", "dep": "Haute-Marne", "nb": 17, "nbobserver": 2, "nbesp": 16, "nbrar": 0, "nbesprar": 0, "occsol": "a" }, "bbox": [ 581836.439206391456537, 6033812.309468644671142, 597076.727762126829475, 6049099.277030081488192 ], "geometry": { "type": "Polygon", "coordinates": [ [ [ 582254.553250528639182, 6049099.277030081488192 ], [ 597076.727762126829475, 6048666.651867875829339 ], [ 596633.683076030109078, 6033812.309468644671142 ], [ 581836.439206391456537, 6034243.483821302652359 ], [ 582254.553250528639182, 6049099.277030081488192 ] ] ] } },
{ "type": "Feature", "properties": { "id": 488, "cdep": "55", "dep": "Meuse", "nb": 0, "nbobserver": 0, "nbesp": 0, "nbrar": 0, "nbesprar": 0, "occsol": "a" }, "bbox": [ 606738.466078632511199, 6365998.093195942230523, 622607.297021151869558, 6381911.870239736512303 ], "geometry": { "type": "Polygon", "coordinates": [ [ [ 607216.272938887355849, 6381911.870239736512303 ], [ 622607.297021151869558, 6381418.373534732498229 ], [ 622102.615649253479205, 6365998.093195942230523 ], [ 606738.466078632511199, 6366489.871360148303211 ], [ 607216.272938887355849, 6381911.870239736512303 ] ] ] } },
{ "type": "Feature", "properties": { "id": 489, "cdep": "54", "dep": "Meurthe-et-Moselle", "nb": 208, "nbobserver": 4, "nbesp": 21, "nbrar": 0, "nbesprar": 0, "occsol": "a" }, "bbox": [ 606262.326713243150152, 6350604.551846909336746, 622102.615649253479205, 6366489.871360148303211 ], "geometry": { "type": "Polygon", "coordinates": [ [ [ 606738.466078632511199, 6366489.871360148303211 ], [ 622102.615649253479205, 6365998.093195942230523 ], [ 621599.695365227293223, 6350604.551846909336746 ], [ 606262.326713243150152, 6351094.620449347421527 ], [ 606738.466078632511199, 6366489.871360148303211 ] ] ] } },
{ "type": "Feature", "properties": { "id": 490, "cdep": "55", "dep": "Meuse", "nb": 22, "nbobserver": 2, "nbesp": 20, "nbrar": 0, "nbesprar": 0, "occsol": "a" }, "bbox": [ 605787.846131635946222, 6335237.656368224881589, 621599.695365227293223, 6351094.620449347421527 ], "geometry": { "type": "Polygon", "coordinates": [ [ [ 606262.326713243150152, 6351094.620449347421527 ], [ 621599.695365227293223, 6350604.551846909336746 ], [ 621098.526970418053679, 6335237.656368224881589 ], [ 605787.846131635946222, 6335726.024325430393219 ], [ 606262.326713243150152, 6351094.620449347421527 ] ] ] } },
{ "type": "Feature", "properties": { "id": 491, "cdep": "55", "dep": "Meuse", "nb": 10, "nbobserver": 1, "nbesp": 10, "nbrar": 0, "nbesprar": 0, "occsol": "a" }, "bbox": [ 605315.015683278790675, 6319897.314127010293305, 621098.526970418053679, 6335726.024325430393219 ], "geometry": { "type": "Polygon", "coordinates": [ [ [ 605787.846131635946222, 6335726.024325430393219 ], [ 621098.526970418053679, 6335237.656368224881589 ], [ 620599.101330099161714, 6319897.314127010293305 ], [ 605315.015683278790675, 6320383.990293549373746 ], [ 605787.846131635946222, 6335726.024325430393219 ] ] ] } },
{ "type": "Feature", "properties": { "id": 492, "cdep": "55", "dep": "Meuse", "nb": 25, "nbobserver": 3, "nbesp": 16, "nbrar": 0, "nbesprar": 0, "occsol": "a" }, "bbox": [ 604843.826777666108683, 6304583.432973561808467, 620599.101330099161714, 6320383.990293549373746 ], "geometry": { "type": "Polygon", "coordinates": [ [ [ 605315.015683278790675, 6320383.990293549373746 ], [ 620599.101330099161714, 6319897.314127010293305 ], [ 620101.409372918889858, 6304583.432973561808467 ], [ 604843.826777666108683, 6305068.426142578944564 ], [ 605315.015683278790675, 6320383.990293549373746 ] ] ] } },
{ "type": "Feature", "properties": { "id": 493, "cdep": "55", "dep": "Meuse", "nb": 243, "nbobserver": 5, "nbesp": 41, "nbrar": 1, "nbesprar": 1, "occsol": "n" }, "bbox": [ 604374.270883799297735, 6289295.921238006092608, 620101.409372918889858, 6305068.426142578944564 ], "geometry": { "type": "Polygon", "coordinates": [ [ [ 604843.826777666108683, 6305068.426142578944564 ], [ 620101.409372918889858, 6304583.432973561808467 ], [ 619605.442090351483785, 6289295.921238006092608 ], [ 604374.270883799297735, 6289779.240141751244664 ], [ 604843.826777666108683, 6305068.426142578944564 ] ] ] } },
{ "type": "Feature", "properties": { "id": 494, "cdep": "55", "dep": "Meuse", "nb": 290, "nbobserver": 8, "nbesp": 35, "nbrar": 1, "nbesprar": 1, "occsol": "n" }, "bbox": [ 603906.339529672521167, 6274034.687726999633014, 619605.442090351483785, 6289779.240141751244664 ], "geometry": { "type": "Polygon", "coordinates": [ [ [ 604374.270883799297735, 6289779.240141751244664 ], [ 619605.442090351483785, 6289295.921238006092608 ], [ 619111.190536154666916, 6274034.687726999633014 ], [ 603906.339529672521167, 6274516.341037355363369 ], [ 604374.270883799297735, 6289779.240141751244664 ] ] ] } },
{ "type": "Feature", "properties": { "id": 495, "cdep": "55", "dep": "Meuse", "nb": 102, "nbobserver": 4, "nbesp": 22, "nbrar": 0, "nbesprar": 0, "occsol": "a" }, "bbox": [ 603440.024301763158292, 6258799.64172044955194, 619111.190536154666916, 6274516.341037355363369 ], "geometry": { "type": "Polygon", "coordinates": [ [ [ 603906.339529672521167, 6274516.341037355363369 ], [ 619111.190536154666916, 6274034.687726999633014 ], [ 618618.645825832267292, 6258799.64172044955194 ], [ 603440.024301763158292, 6259279.638049454428256 ], [ 603906.339529672521167, 6274516.341037355363369 ] ] ] } },
{ "type": "Feature", "properties": { "id": 496, "cdep": "55", "dep": "Meuse", "nb": 594, "nbobserver": 9, "nbesp": 37, "nbrar": 2, "nbesprar": 1, "occsol": "n" }, "bbox": [ 602975.316844529239461, 6243590.69296825863421, 618618.645825832267292, 6259279.638049454428256 ], "geometry": { "type": "Polygon", "coordinates": [ [ [ 603440.024301763158292, 6259279.638049454428256 ], [ 618618.645825832267292, 6258799.64172044955194 ], [ 618127.799136102898046, 6243590.69296825863421 ], [ 602975.316844529239461, 6244069.040868612937629 ], [ 603440.024301763158292, 6259279.638049454428256 ] ] ] } },
{ "type": "Feature", "properties": { "id": 497, "cdep": "55", "dep": "Meuse", "nb": 19, "nbobserver": 2, "nbesp": 14, "nbrar": 0, "nbesprar": 0, "occsol": "a" }, "bbox": [ 602512.208859910257161, 6228407.751687108539045, 618127.799136102898046, 6244069.040868612937629 ], "geometry": { "type": "Polygon", "coordinates": [ [ [ 602975.316844529239461, 6244069.040868612937629 ], [ 618127.799136102898046, 6243590.69296825863421 ], [ 617638.641704373643734, 6228407.751687108539045 ], [ 602512.208859910257161, 6228884.459652693010867 ], [ 602975.316844529239461, 6244069.040868612937629 ] ] ] } },
{ "type": "Feature", "properties": { "id": 498, "cdep": "55", "dep": "Meuse", "nb": 242, "nbobserver": 3, "nbesp": 30, "nbrar": 0, "nbesprar": 0, "occsol": "a" }, "bbox": [ 602050.692106834147125, 6213250.728557259775698, 617638.641704373643734, 6228884.459652693010867 ], "geometry": { "type": "Polygon", "coordinates": [ [ [ 602512.208859910257161, 6228884.459652693010867 ], [ 617638.641704373643734, 6228407.751687108539045 ], [ 617151.16482821945101, 6213250.728557259775698 ], [ 602050.692106834147125, 6213725.805023637600243 ], [ 602512.208859910257161, 6228884.459652693010867 ] ] ] } },
{ "type": "Feature", "properties": { "id": 499, "cdep": "55", "dep": "Meuse", "nb": 0, "nbobserver": 0, "nbesp": 0, "nbrar": 0, "nbesprar": 0, "occsol": "a" }, "bbox": [ 601590.758400729042478, 6198119.53471938893199, 617151.16482821945101, 6213725.805023637600243 ], "geometry": { "type": "Polygon", "coordinates": [ [ [ 602050.692106834147125, 6213725.805023637600243 ], [ 617151.16482821945101, 6213250.728557259775698 ], [ 616665.359864867525175, 6198119.53471938893199 ], [ 601590.758400729042478, 6198592.988064306788146 ], [ 602050.692106834147125, 6213725.805023637600243 ] ] ] } },
{ "type": "Feature", "properties": { "id": 500, "cdep": "55", "dep": "Meuse", "nb": 47, "nbobserver": 2, "nbesp": 12, "nbrar": 0, "nbesprar": 0, "occsol": "a" }, "bbox": [ 601132.399613039917313, 6183014.081771445460618, 616665.359864867525175, 6198592.988064306788146 ], "geometry": { "type": "Polygon", "coordinates": [ [ [ 601590.758400729042478, 6198592.988064306788146 ], [ 616665.359864867525175, 6198119.53471938893199 ], [ 616181.21823068743106, 6183014.081771445460618 ], [ 601132.399613039917313, 6183485.920315317809582 ], [ 601590.758400729042478, 6198592.988064306788146 ] ] ] } },
{ "type": "Feature", "properties": { "id": 501, "cdep": "88", "dep": "Vosges", "nb": 30, "nbobserver": 1, "nbesp": 13, "nbrar": 0, "nbesprar": 0, "occsol": "n" }, "bbox": [ 600675.607670750585385, 6167934.281765536405146, 616181.21823068743106, 6183485.920315317809582 ], "geometry": { "type": "Polygon", "coordinates": [ [ [ 601132.399613039917313, 6183485.920315317809582 ], [ 616181.21823068743106, 6183014.081771445460618 ], [ 615698.731400686432607, 6167934.281765536405146 ], [ 600675.607670750585385, 6168404.51377194840461 ], [ 601132.399613039917313, 6183485.920315317809582 ] ] ] } },
{ "type": "Feature", "properties": { "id": 502, "cdep": "52", "dep": "Haute-Marne", "nb": 66, "nbobserver": 1, "nbesp": 20, "nbrar": 0, "nbesprar": 0, "occsol": "n" }, "bbox": [ 600220.374555909773335, 6152880.047204836271703, 615698.731400686432607, 6168404.51377194840461 ], "geometry": { "type": "Polygon", "coordinates": [ [ [ 600675.607670750585385, 6168404.51377194840461 ], [ 615698.731400686432607, 6167934.281765536405146 ], [ 615217.890908009489067, 6152880.047204836271703 ], [ 600220.374555909773335, 6153348.680881020613015 ], [ 600675.607670750585385, 6168404.51377194840461 ] ] ] } },
{ "type": "Feature", "properties": { "id": 503, "cdep": "52", "dep": "Haute-Marne", "nb": 62, "nbobserver": 2, "nbesp": 18, "nbrar": 0, "nbesprar": 0, "occsol": "a" }, "bbox": [ 599766.692305163480341, 6137851.291040531359613, 615217.890908009489067, 6153348.680881020613015 ], "geometry": { "type": "Polygon", "coordinates": [ [ [ 600220.374555909773335, 6153348.680881020613015 ], [ 615217.890908009489067, 6152880.047204836271703 ], [ 614738.688343444955535, 6137851.291040531359613 ], [ 599766.692305163480341, 6138318.334537850692868 ], [ 600220.374555909773335, 6153348.680881020613015 ] ] ] } },
{ "type": "Feature", "properties": { "id": 504, "cdep": "52", "dep": "Haute-Marne", "nb": 31, "nbobserver": 1, "nbesp": 16, "nbrar": 0, "nbesprar": 0, "occsol": "a" }, "bbox": [ 599314.55300929013174, 6122847.926668783649802, 614738.688343444955535, 6138318.334537850692868 ], "geometry": { "type": "Polygon", "coordinates": [ [ [ 599766.692305163480341, 6138318.334537850692868 ], [ 614738.688343444955535, 6137851.291040531359613 ], [ 614261.115354934474453, 6122847.926668783649802 ], [ 599314.55300929013174, 6123313.388083197176456 ], [ 599766.692305163480341, 6138318.334537850692868 ] ] ] } },
{ "type": "Feature", "properties": { "id": 505, "cdep": "52", "dep": "Haute-Marne", "nb": 13, "nbobserver": 2, "nbesp": 10, "nbrar": 0, "nbesprar": 0, "occsol": "a" }, "bbox": [ 598863.948812742484733, 6107869.867927710525692, 614261.115354934474453, 6123313.388083197176456 ], "geometry": { "type": "Polygon", "coordinates": [ [ [ 599314.55300929013174, 6123313.388083197176456 ], [ 614261.115354934474453, 6122847.926668783649802 ], [ 613785.163647089269944, 6107869.867927710525692 ], [ 598863.948812742484733, 6108333.75530025549233 ], [ 599314.55300929013174, 6123313.388083197176456 ] ] ] } },
{ "type": "Feature", "properties": { "id": 506, "cdep": "52", "dep": "Haute-Marne", "nb": 322, "nbobserver": 5, "nbesp": 27, "nbrar": 1, "nbesprar": 1, "occsol": "a" }, "bbox": [ 598414.871913192328066, 6092917.029094416648149, 613785.163647089269944, 6108333.75530025549233 ], "geometry": { "type": "Polygon", "coordinates": [ [ [ 598863.948812742484733, 6108333.75530025549233 ], [ 613785.163647089269944, 6107869.867927710525692 ], [ 613310.824980709701777, 6092917.029094416648149 ], [ 598414.871913192328066, 6093379.350411660969257 ], [ 598863.948812742484733, 6108333.75530025549233 ] ] ] } },
{ "type": "Feature", "properties": { "id": 507, "cdep": "52", "dep": "Haute-Marne", "nb": 74, "nbobserver": 2, "nbesp": 22, "nbrar": 0, "nbesprar": 0, "occsol": "a" }, "bbox": [ 597967.314561081584543, 6077989.324882013723254, 613310.824980709701777, 6093379.350411660969257 ], "geometry": { "type": "Polygon", "coordinates": [ [ [ 598414.871913192328066, 6093379.350411660969257 ], [ 613310.824980709701777, 6092917.029094416648149 ], [ 612838.091172311105765, 6077989.324882013723254 ], [ 597967.314561081584543, 6078450.088076528161764 ], [ 598414.871913192328066, 6093379.350411660969257 ] ] ] } },
{ "type": "Feature", "properties": { "id": 508, "cdep": "52", "dep": "Haute-Marne", "nb": 288, "nbobserver": 15, "nbesp": 34, "nbrar": 1, "nbesprar": 1, "occsol": "a" }, "bbox": [ 597521.269059176440351, 6063086.670436708256602, 612838.091172311105765, 6078450.088076528161764 ], "geometry": { "type": "Polygon", "coordinates": [ [ [ 597967.314561081584543, 6078450.088076528161764 ], [ 612838.091172311105765, 6077989.324882013723254 ], [ 612366.954093652893789, 6063086.670436708256602 ], [ 597521.269059176440351, 6063545.883387507870793 ], [ 597967.314561081584543, 6078450.088076528161764 ] ] ] } },
{ "type": "Feature", "properties": { "id": 509, "cdep": "52", "dep": "Haute-Marne", "nb": 266, "nbobserver": 5, "nbesp": 30, "nbrar": 1, "nbesprar": 1, "occsol": "a" }, "bbox": [ 597076.727762126829475, 6048208.981334867887199, 612366.954093652893789, 6063545.883387507870793 ], "geometry": { "type": "Polygon", "coordinates": [ [ [ 597521.269059176440351, 6063545.883387507870793 ], [ 612366.954093652893789, 6063086.670436708256602 ], [ 611897.405671274522319, 6048208.981334867887199 ], [ 597076.727762126829475, 6048666.651867875829339 ], [ 597521.269059176440351, 6063545.883387507870793 ] ] ] } },
{ "type": "Feature", "properties": { "id": 510, "cdep": "52", "dep": "Haute-Marne", "nb": 0, "nbobserver": 0, "nbesp": 0, "nbrar": 0, "nbesprar": 0, "occsol": "a" }, "bbox": [ 596633.683076030109078, 6033356.173580160364509, 611897.405671274522319, 6048666.651867875829339 ], "geometry": { "type": "Polygon", "coordinates": [ [ [ 597076.727762126829475, 6048666.651867875829339 ], [ 611897.405671274522319, 6048208.981334867887199 ], [ 611429.437886034254916, 6033356.173580160364509 ], [ 596633.683076030109078, 6033812.309468644671142 ], [ 597076.727762126829475, 6048666.651867875829339 ] ] ] } },
{ "type": "Feature", "properties": { "id": 520, "cdep": "54", "dep": "Meurthe-et-Moselle", "nb": 44, "nbobserver": 5, "nbesp": 17, "nbrar": 0, "nbesprar": 0, "occsol": "a" }, "bbox": [ 622102.615649253479205, 6365479.415659559890628, 637996.550763242412359, 6381418.373534732498229 ], "geometry": { "type": "Polygon", "coordinates": [ [ [ 622607.297021151869558, 6381418.373534732498229 ], [ 637996.550763242412359, 6380897.883665390312672 ], [ 637465.004142750287428, 6365479.415659559890628 ], [ 622102.615649253479205, 6365998.093195942230523 ], [ 622607.297021151869558, 6381418.373534732498229 ] ] ] } },
{ "type": "Feature", "properties": { "id": 521, "cdep": "54", "dep": "Meurthe-et-Moselle", "nb": 592, "nbobserver": 8, "nbesp": 33, "nbrar": 13, "nbesprar": 1, "occsol": "a" }, "bbox": [ 621599.695365227293223, 6350087.677175851538777, 637465.004142750287428, 6365998.093195942230523 ], "geometry": { "type": "Polygon", "coordinates": [ [ [ 622102.615649253479205, 6365998.093195942230523 ], [ 637465.004142750287428, 6365479.415659559890628 ], [ 636935.312138649169356, 6350087.677175851538777 ], [ 621599.695365227293223, 6350604.551846909336746 ], [ 622102.615649253479205, 6365998.093195942230523 ] ] ] } },
{ "type": "Feature", "properties": { "id": 522, "cdep": "55", "dep": "Meuse", "nb": 124, "nbobserver": 5, "nbesp": 38, "nbrar": 0, "nbesprar": 0, "occsol": "a" }, "bbox": [ 621098.526970418053679, 6334722.575160751119256, 636935.312138649169356, 6350604.551846909336746 ], "geometry": { "type": "Polygon", "coordinates": [ [ [ 621599.695365227293223, 6350604.551846909336746 ], [ 636935.312138649169356, 6350087.677175851538777 ], [ 636407.465065271942876, 6334722.575160751119256 ], [ 621098.526970418053679, 6335237.656368224881589 ], [ 621599.695365227293223, 6350604.551846909336746 ] ] ] } },
{ "type": "Feature", "properties": { "id": 523, "cdep": "55", "dep": "Meuse", "nb": 60, "nbobserver": 2, "nbesp": 23, "nbrar": 0, "nbesprar": 0, "occsol": "a" }, "bbox": [ 620599.101330099161714, 6319384.017046700231731, 636407.465065271942876, 6335237.656368224881589 ], "geometry": { "type": "Polygon", "coordinates": [ [ [ 621098.526970418053679, 6335237.656368224881589 ], [ 636407.465065271942876, 6334722.575160751119256 ], [ 635881.453304251888767, 6319384.017046700231731 ], [ 620599.101330099161714, 6319897.314127010293305 ], [ 621098.526970418053679, 6335237.656368224881589 ] ] ] } },
{ "type": "Feature", "properties": { "id": 524, "cdep": "55", "dep": "Meuse", "nb": 189, "nbobserver": 10, "nbesp": 34, "nbrar": 0, "nbesprar": 0, "occsol": "a" }, "bbox": [ 620101.409372918889858, 6304071.910748751834035, 635881.453304251888767, 6319897.314127010293305 ], "geometry": { "type": "Polygon", "coordinates": [ [ [ 620599.101330099161714, 6319897.314127010293305 ], [ 635881.453304251888767, 6319384.017046700231731 ], [ 635357.267303939210251, 6304071.910748751834035 ], [ 620101.409372918889858, 6304583.432973561808467 ], [ 620599.101330099161714, 6319897.314127010293305 ] ] ] } },
{ "type": "Feature", "properties": { "id": 525, "cdep": "55", "dep": "Meuse", "nb": 32, "nbobserver": 2, "nbesp": 13, "nbrar": 0, "nbesprar": 0, "occsol": "a" }, "bbox": [ 619605.442090351483785, 6288786.164661226794124, 635357.267303939210251, 6304583.432973561808467 ], "geometry": { "type": "Polygon", "coordinates": [ [ [ 620101.409372918889858, 6304583.432973561808467 ], [ 635357.267303939210251, 6304071.910748751834035 ], [ 634834.897578823845834, 6288786.164661226794124 ], [ 619605.442090351483785, 6289295.921238006092608 ], [ 620101.409372918889858, 6304583.432973561808467 ] ] ] } },
{ "type": "Feature", "properties": { "id": 526, "cdep": "55", "dep": "Meuse", "nb": 70, "nbobserver": 7, "nbesp": 23, "nbrar": 0, "nbesprar": 0, "occsol": "a" }, "bbox": [ 619111.190536154666916, 6273526.687654424458742, 634834.897578823845834, 6289295.921238006092608 ], "geometry": { "type": "Polygon", "coordinates": [ [ [ 619605.442090351483785, 6289295.921238006092608 ], [ 634834.897578823845834, 6288786.164661226794124 ], [ 634314.334708964568563, 6273526.687654424458742 ], [ 619111.190536154666916, 6274034.687726999633014 ], [ 619605.442090351483785, 6289295.921238006092608 ] ] ] } },
{ "type": "Feature", "properties": { "id": 527, "cdep": "55", "dep": "Meuse", "nb": 473, "nbobserver": 2, "nbesp": 37, "nbrar": 4, "nbesprar": 1, "occsol": "n" }, "bbox": [ 618618.645825832267292, 6258293.389071340672672, 634314.334708964568563, 6274034.687726999633014 ], "geometry": { "type": "Polygon", "coordinates": [ [ [ 619111.190536154666916, 6274034.687726999633014 ], [ 634314.334708964568563, 6273526.687654424458742 ], [ 633795.569339422741905, 6258293.389071340672672 ], [ 618618.645825832267292, 6258799.64172044955194 ], [ 619111.190536154666916, 6274034.687726999633014 ] ] ] } },
{ "type": "Feature", "properties": { "id": 528, "cdep": "55", "dep": "Meuse", "nb": 0, "nbobserver": 0, "nbesp": 0, "nbrar": 0, "nbesprar": 0, "occsol": "a" }, "bbox": [ 618127.799136102898046, 6243086.178724430501461, 633795.569339422741905, 6258799.64172044955194 ], "geometry": { "type": "Polygon", "coordinates": [ [ [ 618618.645825832267292, 6258799.64172044955194 ], [ 633795.569339422741905, 6258293.389071340672672 ], [ 633278.592179704224691, 6243086.178724430501461 ], [ 618127.799136102898046, 6243590.69296825863421 ], [ 618618.645825832267292, 6258799.64172044955194 ] ] ] } },
{ "type": "Feature", "properties": { "id": 529, "cdep": "55", "dep": "Meuse", "nb": 227, "nbobserver": 3, "nbesp": 26, "nbrar": 0, "nbesprar": 0, "occsol": "n" }, "bbox": [ 617638.641704373643734, 6227904.96689238678664, 633278.592179704224691, 6243590.69296825863421 ], "geometry": { "type": "Polygon", "coordinates": [ [ [ 618127.799136102898046, 6243590.69296825863421 ], [ 633278.592179704224691, 6243086.178724430501461 ], [ 632763.394003204186447, 6227904.96689238678664 ], [ 617638.641704373643734, 6228407.751687108539045 ], [ 618127.799136102898046, 6243590.69296825863421 ] ] ] } },
{ "type": "Feature", "properties": { "id": 530, "cdep": "55", "dep": "Meuse", "nb": 245, "nbobserver": 7, "nbesp": 35, "nbrar": 0, "nbesprar": 0, "occsol": "a" }, "bbox": [ 617151.16482821945101, 6212749.664316955022514, 632763.394003204186447, 6228407.751687108539045 ], "geometry": { "type": "Polygon", "coordinates": [ [ [ 617638.641704373643734, 6228407.751687108539045 ], [ 632763.394003204186447, 6227904.96689238678664 ], [ 632249.965646659373306, 6212749.664316955022514 ], [ 617151.16482821945101, 6213250.728557259775698 ], [ 617638.641704373643734, 6228407.751687108539045 ] ] ] } },
{ "type": "Feature", "properties": { "id": 531, "cdep": "55", "dep": "Meuse", "nb": 183, "nbobserver": 2, "nbesp": 37, "nbrar": 1, "nbesprar": 1, "occsol": "a" }, "bbox": [ 616665.359864867525175, 6197620.182199761271477, 632249.965646659373306, 6213250.728557259775698 ], "geometry": { "type": "Polygon", "coordinates": [ [ [ 617151.16482821945101, 6213250.728557259775698 ], [ 632249.965646659373306, 6212749.664316955022514 ], [ 631738.298009606660344, 6197620.182199761271477 ], [ 616665.359864867525175, 6198119.53471938893199 ], [ 617151.16482821945101, 6213250.728557259775698 ] ] ] } },
{ "type": "Feature", "properties": { "id": 532, "cdep": "55", "dep": "Meuse", "nb": 14, "nbobserver": 2, "nbesp": 10, "nbrar": 0, "nbesprar": 0, "occsol": "n" }, "bbox": [ 616181.21823068743106, 6182516.432199192233384, 631738.298009606660344, 6198119.53471938893199 ], "geometry": { "type": "Polygon", "coordinates": [ [ [ 616665.359864867525175, 6198119.53471938893199 ], [ 631738.298009606660344, 6197620.182199761271477 ], [ 631228.38205384532921, 6182516.432199192233384 ], [ 616181.21823068743106, 6183014.081771445460618 ], [ 616665.359864867525175, 6198119.53471938893199 ] ] ] } },
{ "type": "Feature", "properties": { "id": 533, "cdep": "88", "dep": "Vosges", "nb": 32, "nbobserver": 1, "nbesp": 14, "nbrar": 0, "nbesprar": 0, "occsol": "n" }, "bbox": [ 615698.731400686432607, 6167438.326427268795669, 631228.38205384532921, 6183014.081771445460618 ], "geometry": { "type": "Polygon", "coordinates": [ [ [ 616181.21823068743106, 6183014.081771445460618 ], [ 631228.38205384532921, 6182516.432199192233384 ], [ 630720.208802905282937, 6167438.326427268795669 ], [ 615698.731400686432607, 6167934.281765536405146 ], [ 616181.21823068743106, 6183014.081771445460618 ] ] ] } },
{ "type": "Feature", "properties": { "id": 534, "cdep": "88", "dep": "Vosges", "nb": 22, "nbobserver": 2, "nbesp": 12, "nbrar": 0, "nbesprar": 0, "occsol": "n" }, "bbox": [ 615217.890908009489067, 6152385.777446577325463, 630720.208802905282937, 6167934.281765536405146 ], "geometry": { "type": "Polygon", "coordinates": [ [ [ 615698.731400686432607, 6167934.281765536405146 ], [ 630720.208802905282937, 6167438.326427268795669 ], [ 630213.769341522478499, 6152385.777446577325463 ], [ 615217.890908009489067, 6152880.047204836271703 ], [ 615698.731400686432607, 6167934.281765536405146 ] ] ] } },
{ "type": "Feature", "properties": { "id": 535, "cdep": "52", "dep": "Haute-Marne", "nb": 286, "nbobserver": 4, "nbesp": 40, "nbrar": 0, "nbesprar": 0, "occsol": "a" }, "bbox": [ 614738.688343444955535, 6137358.698267203755677, 630213.769341522478499, 6152880.047204836271703 ], "geometry": { "type": "Polygon", "coordinates": [ [ [ 615217.890908009489067, 6152880.047204836271703 ], [ 630213.769341522478499, 6152385.777446577325463 ], [ 629709.054815116920508, 6137358.698267203755677 ], [ 614738.688343444955535, 6137851.291040531359613 ], [ 615217.890908009489067, 6152880.047204836271703 ] ] ] } },
{ "type": "Feature", "properties": { "id": 536, "cdep": "52", "dep": "Haute-Marne", "nb": 134, "nbobserver": 3, "nbesp": 25, "nbrar": 0, "nbesprar": 0, "occsol": "a" }, "bbox": [ 614261.115354934474453, 6122357.002343717962503, 629709.054815116920508, 6137851.291040531359613 ], "geometry": { "type": "Polygon", "coordinates": [ [ [ 614738.688343444955535, 6137851.291040531359613 ], [ 629709.054815116920508, 6137358.698267203755677 ], [ 629206.056429278338328, 6122357.002343717962503 ], [ 614261.115354934474453, 6122847.926668783649802 ], [ 614738.688343444955535, 6137851.291040531359613 ] ] ] } },
{ "type": "Feature", "properties": { "id": 537, "cdep": "52", "dep": "Haute-Marne", "nb": 21, "nbobserver": 2, "nbesp": 13, "nbrar": 0, "nbesprar": 0, "occsol": "a" }, "bbox": [ 613785.163647089269944, 6107380.60357213858515, 629206.056429278338328, 6122847.926668783649802 ], "geometry": { "type": "Polygon", "coordinates": [ [ [ 614261.115354934474453, 6122847.926668783649802 ], [ 629206.056429278338328, 6122357.002343717962503 ], [ 628704.765449256170541, 6107380.60357213858515 ], [ 613785.163647089269944, 6107869.867927710525692 ], [ 614261.115354934474453, 6122847.926668783649802 ] ] ] } },
{ "type": "Feature", "properties": { "id": 538, "cdep": "52", "dep": "Haute-Marne", "nb": 5827, "nbobserver": 8, "nbesp": 49, "nbrar": 26, "nbesprar": 3, "occsol": "a" }, "bbox": [ 613310.824980709701777, 6092429.416286990046501, 628704.765449256170541, 6107869.867927710525692 ], "geometry": { "type": "Polygon", "coordinates": [ [ [ 613785.163647089269944, 6107869.867927710525692 ], [ 628704.765449256170541, 6107380.60357213858515 ], [ 628205.173199453740381, 6092429.416286990046501 ], [ 613310.824980709701777, 6092917.029094416648149 ], [ 613785.163647089269944, 6107869.867927710525692 ] ] ] } },
{ "type": "Feature", "properties": { "id": 539, "cdep": "52", "dep": "Haute-Marne", "nb": 108, "nbobserver": 6, "nbesp": 33, "nbrar": 0, "nbesprar": 0, "occsol": "a" }, "bbox": [ 612838.091172311105765, 6077503.355258323252201, 628205.173199453740381, 6092917.029094416648149 ], "geometry": { "type": "Polygon", "coordinates": [ [ [ 613310.824980709701777, 6092917.029094416648149 ], [ 628205.173199453740381, 6092429.416286990046501 ], [ 627707.271062929648906, 6077503.355258323252201 ], [ 612838.091172311105765, 6077989.324882013723254 ], [ 613310.824980709701777, 6092917.029094416648149 ] ] ] } },
{ "type": "Feature", "properties": { "id": 540, "cdep": "52", "dep": "Haute-Marne", "nb": 42, "nbobserver": 4, "nbesp": 25, "nbrar": 2, "nbesprar": 2, "occsol": "a" }, "bbox": [ 612366.954093652893789, 6062602.335688787512481, 627707.271062929648906, 6077989.324882013723254 ], "geometry": { "type": "Polygon", "coordinates": [ [ [ 612838.091172311105765, 6077989.324882013723254 ], [ 627707.271062929648906, 6077503.355258323252201 ], [ 627211.050480902427807, 6062602.335688787512481 ], [ 612366.954093652893789, 6063086.670436708256602 ], [ 612838.091172311105765, 6077989.324882013723254 ] ] ] } },
{ "type": "Feature", "properties": { "id": 541, "cdep": "52", "dep": "Haute-Marne", "nb": 72, "nbobserver": 2, "nbesp": 22, "nbrar": 0, "nbesprar": 0, "occsol": "a" }, "bbox": [ 611897.405671274522319, 6047726.273210739716887, 627211.050480902427807, 6063086.670436708256602 ], "geometry": { "type": "Polygon", "coordinates": [ [ [ 612366.954093652893789, 6063086.670436708256602 ], [ 627211.050480902427807, 6062602.335688787512481 ], [ 626716.502952261362225, 6047726.273210739716887 ], [ 611897.405671274522319, 6048208.981334867887199 ], [ 612366.954093652893789, 6063086.670436708256602 ] ] ] } },
{ "type": "Feature", "properties": { "id": 552, "cdep": "54", "dep": "Meurthe-et-Moselle", "nb": 52, "nbobserver": 6, "nbesp": 20, "nbrar": 1, "nbesprar": 1, "occsol": "u" }, "bbox": [ 637465.004142750287428, 6364933.848224734887481, 653383.940146799082868, 6380897.883665390312672 ], "geometry": { "type": "Polygon", "coordinates": [ [ [ 637996.550763242412359, 6380897.883665390312672 ], [ 653383.940146799082868, 6380350.410171885043383 ], [ 652825.538031170843169, 6364933.848224734887481 ], [ 637465.004142750287428, 6365479.415659559890628 ], [ 637996.550763242412359, 6380897.883665390312672 ] ] ] } },
{ "type": "Feature", "properties": { "id": 553, "cdep": "54", "dep": "Meurthe-et-Moselle", "nb": 1120, "nbobserver": 18, "nbesp": 43, "nbrar": 0, "nbesprar": 0, "occsol": "a" }, "bbox": [ 636935.312138649169356, 6349544.00584405194968, 652825.538031170843169, 6365479.415659559890628 ], "geometry": { "type": "Polygon", "coordinates": [ [ [ 637465.004142750287428, 6365479.415659559890628 ], [ 652825.538031170843169, 6364933.848224734887481 ], [ 652269.083992563653737, 6349544.00584405194968 ], [ 636935.312138649169356, 6350087.677175851538777 ], [ 637465.004142750287428, 6365479.415659559890628 ] ] ] } },
{ "type": "Feature", "properties": { "id": 554, "cdep": "54", "dep": "Meurthe-et-Moselle", "nb": 174, "nbobserver": 10, "nbesp": 31, "nbrar": 0, "nbesprar": 0, "occsol": "a" }, "bbox": [ 636407.465065271942876, 6334180.790045597590506, 652269.083992563653737, 6350087.677175851538777 ], "geometry": { "type": "Polygon", "coordinates": [ [ [ 636935.312138649169356, 6350087.677175851538777 ], [ 652269.083992563653737, 6349544.00584405194968 ], [ 651714.567858888185583, 6334180.790045597590506 ], [ 636407.465065271942876, 6334722.575160751119256 ], [ 636935.312138649169356, 6350087.677175851538777 ] ] ] } },
{ "type": "Feature", "properties": { "id": 555, "cdep": "54", "dep": "Meurthe-et-Moselle", "nb": 40, "nbobserver": 3, "nbesp": 27, "nbrar": 0, "nbesprar": 0, "occsol": "a" }, "bbox": [ 635881.453304251888767, 6318844.108330488204956, 651714.567858888185583, 6334722.575160751119256 ], "geometry": { "type": "Polygon", "coordinates": [ [ [ 636407.465065271942876, 6334722.575160751119256 ], [ 651714.567858888185583, 6334180.790045597590506 ], [ 651161.979528720374219, 6318844.108330488204956 ], [ 635881.453304251888767, 6319384.017046700231731 ], [ 636407.465065271942876, 6334722.575160751119256 ] ] ] } },
{ "type": "Feature", "properties": { "id": 556, "cdep": "54", "dep": "Meurthe-et-Moselle", "nb": 68, "nbobserver": 3, "nbesp": 24, "nbrar": 0, "nbesprar": 0, "occsol": "a" }, "bbox": [ 635357.267303939210251, 6303533.868681858293712, 651161.979528720374219, 6319384.017046700231731 ], "geometry": { "type": "Polygon", "coordinates": [ [ [ 635881.453304251888767, 6319384.017046700231731 ], [ 651161.979528720374219, 6318844.108330488204956 ], [ 650611.30897069000639, 6303533.868681858293712 ], [ 635357.267303939210251, 6304071.910748751834035 ], [ 635881.453304251888767, 6319384.017046700231731 ] ] ] } },
{ "type": "Feature", "properties": { "id": 557, "cdep": "55", "dep": "Meuse", "nb": 21, "nbobserver": 3, "nbesp": 8, "nbrar": 0, "nbesprar": 0, "occsol": "a" }, "bbox": [ 634834.897578823845834, 6288249.979561514221132, 650611.30897069000639, 6304071.910748751834035 ], "geometry": { "type": "Polygon", "coordinates": [ [ [ 635357.267303939210251, 6304071.910748751834035 ], [ 650611.30897069000639, 6303533.868681858293712 ], [ 650062.546222873963416, 6288249.979561514221132 ], [ 634834.897578823845834, 6288786.164661226794124 ], [ 635357.267303939210251, 6304071.910748751834035 ] ] ] } },
{ "type": "Feature", "properties": { "id": 558, "cdep": "55", "dep": "Meuse", "nb": 24, "nbobserver": 3, "nbesp": 13, "nbrar": 1, "nbesprar": 1, "occsol": "a" }, "bbox": [ 634314.334708964568563, 6272992.349906667135656, 650062.546222873963416, 6288786.164661226794124 ], "geometry": { "type": "Polygon", "coordinates": [ [ [ 634834.897578823845834, 6288786.164661226794124 ], [ 650062.546222873963416, 6288249.979561514221132 ], [ 649515.681392197147943, 6272992.349906667135656 ], [ 634314.334708964568563, 6273526.687654424458742 ], [ 634834.897578823845834, 6288786.164661226794124 ] ] ] } },
{ "type": "Feature", "properties": { "id": 559, "cdep": "55", "dep": "Meuse", "nb": 611, "nbobserver": 5, "nbesp": 39, "nbrar": 0, "nbesprar": 0, "occsol": "a" }, "bbox": [ 633795.569339422741905, 6257760.88912664912641, 649515.681392197147943, 6273526.687654424458742 ], "geometry": { "type": "Polygon", "coordinates": [ [ [ 634314.334708964568563, 6273526.687654424458742 ], [ 649515.681392197147943, 6272992.349906667135656 ], [ 648970.704653838532977, 6257760.88912664912641 ], [ 633795.569339422741905, 6258293.389071340672672 ], [ 634314.334708964568563, 6273526.687654424458742 ] ] ] } },
{ "type": "Feature", "properties": { "id": 560, "cdep": "55", "dep": "Meuse", "nb": 16, "nbobserver": 1, "nbesp": 12, "nbrar": 0, "nbesprar": 0, "occsol": "a" }, "bbox": [ 633278.592179704224691, 6242555.507099675014615, 648970.704653838532977, 6258293.389071340672672 ], "geometry": { "type": "Polygon", "coordinates": [ [ [ 633795.569339422741905, 6258293.389071340672672 ], [ 648970.704653838532977, 6257760.88912664912641 ], [ 648427.60625064407941, 6242555.507099675014615 ], [ 633278.592179704224691, 6243086.178724430501461 ], [ 633795.569339422741905, 6258293.389071340672672 ] ] ] } },
{ "type": "Feature", "properties": { "id": 561, "cdep": "54", "dep": "Meurthe-et-Moselle", "nb": 23, "nbobserver": 1, "nbesp": 12, "nbrar": 0, "nbesprar": 0, "occsol": "n" }, "bbox": [ 632763.394003204186447, 6227376.114169630222023, 648427.60625064407941, 6243086.178724430501461 ], "geometry": { "type": "Polygon", "coordinates": [ [ [ 633278.592179704224691, 6243086.178724430501461 ], [ 648427.60625064407941, 6242555.507099675014615 ], [ 647886.376492545357905, 6227376.114169630222023 ], [ 632763.394003204186447, 6227904.96689238678664 ], [ 633278.592179704224691, 6243086.178724430501461 ] ] ] } },
{ "type": "Feature", "properties": { "id": 562, "cdep": "55", "dep": "Meuse", "nb": 372, "nbobserver": 10, "nbesp": 38, "nbrar": 1, "nbesprar": 1, "occsol": "n" }, "bbox": [ 632249.965646659373306, 6212222.621142897754908, 647886.376492545357905, 6227904.96689238678664 ], "geometry": { "type": "Polygon", "coordinates": [ [ [ 632763.394003204186447, 6227904.96689238678664 ], [ 647886.376492545357905, 6227376.114169630222023 ], [ 647347.005755984107964, 6212222.621142897754908 ], [ 632249.965646659373306, 6212749.664316955022514 ], [ 632763.394003204186447, 6227904.96689238678664 ] ] ] } },
{ "type": "Feature", "properties": { "id": 563, "cdep": "55", "dep": "Meuse", "nb": 648, "nbobserver": 5, "nbesp": 27, "nbrar": 0, "nbesprar": 0, "occsol": "n" }, "bbox": [ 631738.298009606660344, 6197094.939285196363926, 647347.005755984107964, 6212749.664316955022514 ], "geometry": { "type": "Polygon", "coordinates": [ [ [ 632249.965646659373306, 6212749.664316955022514 ], [ 647347.005755984107964, 6212222.621142897754908 ], [ 646809.484483343199827, 6197094.939285196363926 ], [ 631738.298009606660344, 6197620.182199761271477 ], [ 632249.965646659373306, 6212749.664316955022514 ] ] ] } },
{ "type": "Feature", "properties": { "id": 564, "cdep": "55", "dep": "Meuse", "nb": 309, "nbobserver": 4, "nbesp": 36, "nbrar": 0, "nbesprar": 0, "occsol": "a" }, "bbox": [ 631228.38205384532921, 6181992.980318444781005, 646809.484483343199827, 6197620.182199761271477 ], "geometry": { "type": "Polygon", "coordinates": [ [ [ 631738.298009606660344, 6197620.182199761271477 ], [ 646809.484483343199827, 6197094.939285196363926 ], [ 646273.803182382369414, 6181992.980318444781005 ], [ 631228.38205384532921, 6182516.432199192233384 ], [ 631738.298009606660344, 6197620.182199761271477 ] ] ] } },
{ "type": "Feature", "properties": { "id": 565, "cdep": "88", "dep": "Vosges", "nb": 258, "nbobserver": 9, "nbesp": 38, "nbrar": 0, "nbesprar": 0, "occsol": "a" }, "bbox": [ 630720.208802905282937, 6166916.656417654827237, 646273.803182382369414, 6182516.432199192233384 ], "geometry": { "type": "Polygon", "coordinates": [ [ [ 631228.38205384532921, 6182516.432199192233384 ], [ 646273.803182382369414, 6181992.980318444781005 ], [ 645739.952425681054592, 6166916.656417654827237 ], [ 630720.208802905282937, 6167438.326427268795669 ], [ 631228.38205384532921, 6182516.432199192233384 ] ] ] } },
{ "type": "Feature", "properties": { "id": 566, "cdep": "88", "dep": "Vosges", "nb": 214, "nbobserver": 6, "nbesp": 34, "nbrar": 0, "nbesprar": 0, "occsol": "a" }, "bbox": [ 630213.769341522478499, 6151865.880207881331444, 645739.952425681054592, 6167438.326427268795669 ], "geometry": { "type": "Polygon", "coordinates": [ [ [ 630720.208802905282937, 6167438.326427268795669 ], [ 645739.952425681054592, 6166916.656417654827237 ], [ 645207.922850086120889, 6151865.880207881331444 ], [ 630213.769341522478499, 6152385.777446577325463 ], [ 630720.208802905282937, 6167438.326427268795669 ] ] ] } },
{ "type": "Feature", "properties": { "id": 567, "cdep": "88", "dep": "Vosges", "nb": 40, "nbobserver": 3, "nbesp": 20, "nbrar": 0, "nbesprar": 0, "occsol": "a" }, "bbox": [ 629709.054815116920508, 6136840.564761133864522, 645207.922850086120889, 6152385.777446577325463 ], "geometry": { "type": "Polygon", "coordinates": [ [ [ 630213.769341522478499, 6152385.777446577325463 ], [ 645207.922850086120889, 6151865.880207881331444 ], [ 644677.705156164942309, 6136840.564761133864522 ], [ 629709.054815116920508, 6137358.698267203755677 ], [ 630213.769341522478499, 6152385.777446577325463 ] ] ] } },
{ "type": "Feature", "properties": { "id": 568, "cdep": "88", "dep": "Vosges", "nb": 1369, "nbobserver": 3, "nbesp": 38, "nbrar": 1, "nbesprar": 1, "occsol": "a" }, "bbox": [ 629206.056429278338328, 6121840.623593383468688, 644677.705156164942309, 6137358.698267203755677 ], "geometry": { "type": "Polygon", "coordinates": [ [ [ 629709.054815116920508, 6137358.698267203755677 ], [ 644677.705156164942309, 6136840.564761133864522 ], [ 644149.29010766511783, 6121840.623593383468688 ], [ 629206.056429278338328, 6122357.002343717962503 ], [ 629709.054815116920508, 6137358.698267203755677 ] ] ] } },
{ "type": "Feature", "properties": { "id": 569, "cdep": "52", "dep": "Haute-Marne", "nb": 0, "nbobserver": 0, "nbesp": 0, "nbrar": 0, "nbesprar": 0, "occsol": "n" }, "bbox": [ 628704.765449256170541, 6106865.970661533996463, 644149.29010766511783, 6122357.002343717962503 ], "geometry": { "type": "Polygon", "coordinates": [ [ [ 629206.056429278338328, 6122357.002343717962503 ], [ 644149.29010766511783, 6121840.623593383468688 ], [ 643622.668530978844501, 6106865.970661533996463 ], [ 628704.765449256170541, 6107380.60357213858515 ], [ 629206.056429278338328, 6122357.002343717962503 ] ] ] } },
{ "type": "Feature", "properties": { "id": 570, "cdep": "52", "dep": "Haute-Marne", "nb": 329, "nbobserver": 5, "nbesp": 30, "nbrar": 2, "nbesprar": 2, "occsol": "n" }, "bbox": [ 628205.173199453740381, 6091916.520360477268696, 643622.668530978844501, 6107380.60357213858515 ], "geometry": { "type": "Polygon", "coordinates": [ [ [ 628704.765449256170541, 6107380.60357213858515 ], [ 643622.668530978844501, 6106865.970661533996463 ], [ 643097.831314612529241, 6091916.520360477268696 ], [ 628205.173199453740381, 6092429.416286990046501 ], [ 628704.765449256170541, 6107380.60357213858515 ] ] ] } },
{ "type": "Feature", "properties": { "id": 571, "cdep": "52", "dep": "Haute-Marne", "nb": 17, "nbobserver": 1, "nbesp": 12, "nbrar": 0, "nbesprar": 0, "occsol": "a" }, "bbox": [ 627707.271062929648906, 6076992.187520118430257, 643097.831314612529241, 6092429.416286990046501 ], "geometry": { "type": "Polygon", "coordinates": [ [ [ 628205.173199453740381, 6092429.416286990046501 ], [ 643097.831314612529241, 6091916.520360477268696 ], [ 642574.769408662919886, 6076992.187520118430257 ], [ 627707.271062929648906, 6077503.355258323252201 ], [ 628205.173199453740381, 6092429.416286990046501 ] ] ] } },
{ "type": "Feature", "properties": { "id": 572, "cdep": "52", "dep": "Haute-Marne", "nb": 4, "nbobserver": 1, "nbesp": 4, "nbrar": 0, "nbesprar": 0, "occsol": "a" }, "bbox": [ 627211.050480902427807, 6062092.887402470223606, 642574.769408662919886, 6077503.355258323252201 ], "geometry": { "type": "Polygon", "coordinates": [ [ [ 627707.271062929648906, 6077503.355258323252201 ], [ 642574.769408662919886, 6076992.187520118430257 ], [ 642053.473824296845123, 6062092.887402470223606 ], [ 627211.050480902427807, 6062602.335688787512481 ], [ 627707.271062929648906, 6077503.355258323252201 ] ] ] } },
{ "type": "Feature", "properties": { "id": 573, "cdep": "52", "dep": "Haute-Marne", "nb": 205, "nbobserver": 2, "nbesp": 32, "nbrar": 0, "nbesprar": 0, "occsol": "a" }, "bbox": [ 626716.502952261362225, 6047218.535698730498552, 642053.473824296845123, 6062602.335688787512481 ], "geometry": { "type": "Polygon", "coordinates": [ [ [ 627211.050480902427807, 6062602.335688787512481 ], [ 642053.473824296845123, 6062092.887402470223606 ], [ 641533.935633238172159, 6047218.535698730498552 ], [ 626716.502952261362225, 6047726.273210739716887 ], [ 627211.050480902427807, 6062602.335688787512481 ] ] ] } },
{ "type": "Feature", "properties": { "id": 585, "cdep": "54", "dep": "Meurthe-et-Moselle", "nb": 880, "nbobserver": 10, "nbesp": 38, "nbrar": 0, "nbesprar": 0, "occsol": "n" }, "bbox": [ 652269.083992563653737, 6348973.547744343057275, 668184.123854450765066, 6364933.848224734887481 ], "geometry": { "type": "Polygon", "coordinates": [ [ [ 652825.538031170843169, 6364933.848224734887481 ], [ 668184.123854450765066, 6364361.400853539817035 ], [ 667600.917953324038535, 6348973.547744343057275 ], [ 652269.083992563653737, 6349544.00584405194968 ], [ 652825.538031170843169, 6364933.848224734887481 ] ] ] } },
{ "type": "Feature", "properties": { "id": 586, "cdep": "54", "dep": "Meurthe-et-Moselle", "nb": 12952, "nbobserver": 13, "nbesp": 45, "nbrar": 4, "nbesprar": 2, "occsol": "a" }, "bbox": [ 651714.567858888185583, 6333612.310846960172057, 667600.917953324038535, 6349544.00584405194968 ], "geometry": { "type": "Polygon", "coordinates": [ [ [ 652269.083992563653737, 6349544.00584405194968 ], [ 667600.917953324038535, 6348973.547744343057275 ], [ 667019.742860671831295, 6333612.310846960172057 ], [ 651714.567858888185583, 6334180.790045597590506 ], [ 652269.083992563653737, 6349544.00584405194968 ] ] ] } },
{ "type": "Feature", "properties": { "id": 587, "cdep": "54", "dep": "Meurthe-et-Moselle", "nb": 269, "nbobserver": 9, "nbesp": 30, "nbrar": 2, "nbesprar": 2, "occsol": "a" }, "bbox": [ 651161.979528720374219, 6318277.597734524868429, 667019.742860671831295, 6334180.790045597590506 ], "geometry": { "type": "Polygon", "coordinates": [ [ [ 651714.567858888185583, 6334180.790045597590506 ], [ 667019.742860671831295, 6333612.310846960172057 ], [ 666440.587992625776678, 6318277.597734524868429 ], [ 651161.979528720374219, 6318844.108330488204956 ], [ 651714.567858888185583, 6334180.790045597590506 ] ] ] } },
{ "type": "Feature", "properties": { "id": 588, "cdep": "54", "dep": "Meurthe-et-Moselle", "nb": 404, "nbobserver": 19, "nbesp": 35, "nbrar": 2, "nbesprar": 1, "occsol": "a" }, "bbox": [ 650611.30897069000639, 6302969.31646156962961, 666440.587992625776678, 6318844.108330488204956 ], "geometry": { "type": "Polygon", "coordinates": [ [ [ 651161.979528720374219, 6318844.108330488204956 ], [ 666440.587992625776678, 6318277.597734524868429 ], [ 665863.44283870072104, 6302969.31646156962961 ], [ 650611.30897069000639, 6303533.868681858293712 ], [ 651161.979528720374219, 6318844.108330488204956 ] ] ] } },
{ "type": "Feature", "properties": { "id": 589, "cdep": "54", "dep": "Meurthe-et-Moselle", "nb": 986, "nbobserver": 19, "nbesp": 37, "nbrar": 0, "nbesprar": 0, "occsol": "a" }, "bbox": [ 650062.546222873963416, 6287687.375560688786209, 665863.44283870072104, 6303533.868681858293712 ], "geometry": { "type": "Polygon", "coordinates": [ [ [ 650611.30897069000639, 6303533.868681858293712 ], [ 665863.44283870072104, 6302969.31646156962961 ], [ 665288.296961160376668, 6287687.375560688786209 ], [ 650062.546222873963416, 6288249.979561514221132 ], [ 650611.30897069000639, 6303533.868681858293712 ] ] ] } },
{ "type": "Feature", "properties": { "id": 590, "cdep": "54", "dep": "Meurthe-et-Moselle", "nb": 483, "nbobserver": 7, "nbesp": 35, "nbrar": 0, "nbesprar": 0, "occsol": "a" }, "bbox": [ 649515.681392197147943, 6272431.68403925653547, 665288.296961160376668, 6288249.979561514221132 ], "geometry": { "type": "Polygon", "coordinates": [ [ [ 650062.546222873963416, 6288249.979561514221132 ], [ 665288.296961160376668, 6287687.375560688786209 ], [ 664715.139994389144704, 6272431.68403925653547 ], [ 649515.681392197147943, 6272992.349906667135656 ], [ 650062.546222873963416, 6288249.979561514221132 ] ] ] } },
{ "type": "Feature", "properties": { "id": 591, "cdep": "54", "dep": "Meurthe-et-Moselle", "nb": 484, "nbobserver": 7, "nbesp": 41, "nbrar": 3, "nbesprar": 2, "occsol": "a" }, "bbox": [ 648970.704653838532977, 6257202.151376174762845, 664715.139994389144704, 6272992.349906667135656 ], "geometry": { "type": "Polygon", "coordinates": [ [ [ 649515.681392197147943, 6272992.349906667135656 ], [ 664715.139994389144704, 6272431.68403925653547 ], [ 664143.961644270806573, 6257202.151376174762845 ], [ 648970.704653838532977, 6257760.88912664912641 ], [ 649515.681392197147943, 6272992.349906667135656 ] ] ] } },
{ "type": "Feature", "properties": { "id": 592, "cdep": "54", "dep": "Meurthe-et-Moselle", "nb": 197, "nbobserver": 8, "nbesp": 27, "nbrar": 0, "nbesprar": 0, "occsol": "a" }, "bbox": [ 648427.60625064407941, 6241998.687518620863557, 664143.961644270806573, 6257760.88912664912641 ], "geometry": { "type": "Polygon", "coordinates": [ [ [ 648970.704653838532977, 6257760.88912664912641 ], [ 664143.961644270806573, 6257202.151376174762845 ], [ 663574.751687573036179, 6241998.687518620863557 ], [ 648427.60625064407941, 6242555.507099675014615 ], [ 648970.704653838532977, 6257760.88912664912641 ] ] ] } },
{ "type": "Feature", "properties": { "id": 593, "cdep": "54", "dep": "Meurthe-et-Moselle", "nb": 160, "nbobserver": 11, "nbesp": 27, "nbrar": 0, "nbesprar": 0, "occsol": "a" }, "bbox": [ 647886.376492545357905, 6226821.202878860756755, 663574.751687573036179, 6242555.507099675014615 ], "geometry": { "type": "Polygon", "coordinates": [ [ [ 648427.60625064407941, 6242555.507099675014615 ], [ 663574.751687573036179, 6241998.687518620863557 ], [ 663007.499971339013427, 6226821.202878860756755 ], [ 647886.376492545357905, 6227376.114169630222023 ], [ 648427.60625064407941, 6242555.507099675014615 ] ] ] } },
{ "type": "Feature", "properties": { "id": 594, "cdep": "54", "dep": "Meurthe-et-Moselle", "nb": 3846, "nbobserver": 24, "nbesp": 43, "nbrar": 2, "nbesprar": 2, "occsol": "a" }, "bbox": [ 647347.005755984107964, 6211669.60833106841892, 663007.499971339013427, 6227376.114169630222023 ], "geometry": { "type": "Polygon", "coordinates": [ [ [ 647886.376492545357905, 6227376.114169630222023 ], [ 663007.499971339013427, 6226821.202878860756755 ], [ 662442.196412284858525, 6211669.60833106841892 ], [ 647347.005755984107964, 6212222.621142897754908 ], [ 647886.376492545357905, 6227376.114169630222023 ] ] ] } },
{ "type": "Feature", "properties": { "id": 595, "cdep": "54", "dep": "Meurthe-et-Moselle", "nb": 196, "nbobserver": 8, "nbesp": 25, "nbrar": 0, "nbesprar": 0, "occsol": "a" }, "bbox": [ 646809.484483343199827, 6196543.815208164975047, 662442.196412284858525, 6212222.621142897754908 ], "geometry": { "type": "Polygon", "coordinates": [ [ [ 647347.005755984107964, 6212222.621142897754908 ], [ 662442.196412284858525, 6211669.60833106841892 ], [ 661878.830996202654205, 6196543.815208164975047 ], [ 646809.484483343199827, 6197094.939285196363926 ], [ 647347.005755984107964, 6212222.621142897754908 ] ] ] } },
{ "type": "Feature", "properties": { "id": 596, "cdep": "54", "dep": "Meurthe-et-Moselle", "nb": 21, "nbobserver": 2, "nbesp": 12, "nbrar": 0, "nbesprar": 0, "occsol": "a" }, "bbox": [ 646273.803182382369414, 6181443.735298708081245, 661878.830996202654205, 6197094.939285196363926 ], "geometry": { "type": "Polygon", "coordinates": [ [ [ 646809.484483343199827, 6197094.939285196363926 ], [ 661878.830996202654205, 6196543.815208164975047 ], [ 661317.393777370918542, 6181443.735298708081245 ], [ 646273.803182382369414, 6181992.980318444781005 ], [ 646809.484483343199827, 6197094.939285196363926 ] ] ] } },
{ "type": "Feature", "properties": { "id": 597, "cdep": "88", "dep": "Vosges", "nb": 14, "nbobserver": 2, "nbesp": 13, "nbrar": 0, "nbesprar": 0, "occsol": "a" }, "bbox": [ 645739.952425681054592, 6166369.280843784101307, 661317.393777370918542, 6181992.980318444781005 ], "geometry": { "type": "Polygon", "coordinates": [ [ [ 646273.803182382369414, 6181992.980318444781005 ], [ 661317.393777370918542, 6181443.735298708081245 ], [ 660757.874877970549278, 6166369.280843784101307 ], [ 645739.952425681054592, 6166916.656417654827237 ], [ 646273.803182382369414, 6181992.980318444781005 ] ] ] } },
{ "type": "Feature", "properties": { "id": 598, "cdep": "88", "dep": "Vosges", "nb": 54, "nbobserver": 4, "nbesp": 22, "nbrar": 0, "nbesprar": 0, "occsol": "a" }, "bbox": [ 645207.922850086120889, 6151320.364533939398825, 660757.874877970549278, 6166916.656417654827237 ], "geometry": { "type": "Polygon", "coordinates": [ [ [ 645739.952425681054592, 6166916.656417654827237 ], [ 660757.874877970549278, 6166369.280843784101307 ], [ 660200.264487505657598, 6151320.364533939398825 ], [ 645207.922850086120889, 6151865.880207881331444 ], [ 645739.952425681054592, 6166916.656417654827237 ] ] ] } },
{ "type": "Feature", "properties": { "id": 599, "cdep": "88", "dep": "Vosges", "nb": 91, "nbobserver": 6, "nbesp": 25, "nbrar": 1, "nbesprar": 1, "occsol": "a" }, "bbox": [ 644677.705156164942309, 6136296.89950614143163, 660200.264487505657598, 6151865.880207881331444 ], "geometry": { "type": "Polygon", "coordinates": [ [ [ 645207.922850086120889, 6151865.880207881331444 ], [ 660200.264487505657598, 6151320.364533939398825 ], [ 659644.552862232085317, 6136296.89950614143163 ], [ 644677.705156164942309, 6136840.564761133864522 ], [ 645207.922850086120889, 6151865.880207881331444 ] ] ] } },
{ "type": "Feature", "properties": { "id": 600, "cdep": "88", "dep": "Vosges", "nb": 115, "nbobserver": 4, "nbesp": 28, "nbrar": 0, "nbesprar": 0, "occsol": "a" }, "bbox": [ 644149.29010766511783, 6121298.799340751953423, 659644.552862232085317, 6136840.564761133864522 ], "geometry": { "type": "Polygon", "coordinates": [ [ [ 644677.705156164942309, 6136840.564761133864522 ], [ 659644.552862232085317, 6136296.89950614143163 ], [ 659090.730324590578675, 6121298.799340751953423 ], [ 644149.29010766511783, 6121840.623593383468688 ], [ 644677.705156164942309, 6136840.564761133864522 ] ] ] } },
{ "type": "Feature", "properties": { "id": 601, "cdep": "88", "dep": "Vosges", "nb": 0, "nbobserver": 0, "nbesp": 0, "nbrar": 0, "nbesprar": 0, "occsol": "a" }, "bbox": [ 643622.668530978844501, 6106325.978058533743024, 659090.730324590578675, 6121840.623593383468688 ], "geometry": { "type": "Polygon", "coordinates": [ [ [ 644149.29010766511783, 6121840.623593383468688 ], [ 659090.730324590578675, 6121298.799340751953423 ], [ 658538.787262646248564, 6106325.978058533743024 ], [ 643622.668530978844501, 6106865.970661533996463 ], [ 644149.29010766511783, 6121840.623593383468688 ] ] ] } },
{ "type": "Feature", "properties": { "id": 602, "cdep": "88", "dep": "Vosges", "nb": 77, "nbobserver": 3, "nbesp": 25, "nbrar": 0, "nbesprar": 0, "occsol": "a" }, "bbox": [ 643097.831314612529241, 6091378.350117686204612, 658538.787262646248564, 6106865.970661533996463 ], "geometry": { "type": "Polygon", "coordinates": [ [ [ 643622.668530978844501, 6106865.970661533996463 ], [ 658538.787262646248564, 6106325.978058533743024 ], [ 657988.714129533153027, 6091378.350117686204612 ], [ 643097.831314612529241, 6091916.520360477268696 ], [ 643622.668530978844501, 6106865.970661533996463 ] ] ] } },
{ "type": "Feature", "properties": { "id": 603, "cdep": "52", "dep": "Haute-Marne", "nb": 89, "nbobserver": 2, "nbesp": 23, "nbrar": 3, "nbesprar": 1, "occsol": "a" }, "bbox": [ 642574.769408662919886, 6076455.830410894937813, 657988.714129533153027, 6091916.520360477268696 ], "geometry": { "type": "Polygon", "coordinates": [ [ [ 643097.831314612529241, 6091916.520360477268696 ], [ 657988.714129533153027, 6091378.350117686204612 ], [ 657440.501442905049771, 6076455.830410894937813 ], [ 642574.769408662919886, 6076992.187520118430257 ], [ 643097.831314612529241, 6091916.520360477268696 ] ] ] } },
{ "type": "Feature", "properties": { "id": 617, "cdep": "57", "dep": "Moselle", "nb": 55, "nbobserver": 5, "nbesp": 24, "nbrar": 0, "nbesprar": 0, "occsol": "n" }, "bbox": [ 667600.917953324038535, 6348376.313253922387958, 683540.668223808286712, 6364361.400853539817035 ], "geometry": { "type": "Polygon", "coordinates": [ [ [ 668184.123854450765066, 6364361.400853539817035 ], [ 683540.668223808286712, 6363762.083995781838894 ], [ 682930.721117947134189, 6348376.313253922387958 ], [ 667600.917953324038535, 6348973.547744343057275 ], [ 668184.123854450765066, 6364361.400853539817035 ] ] ] } },
{ "type": "Feature", "properties": { "id": 618, "cdep": "57", "dep": "Moselle", "nb": 1483, "nbobserver": 30, "nbesp": 40, "nbrar": 3, "nbesprar": 1, "occsol": "a" }, "bbox": [ 667019.742860671831295, 6333017.147870048880577, 682930.721117947134189, 6348973.547744343057275 ], "geometry": { "type": "Polygon", "coordinates": [ [ [ 667600.917953324038535, 6348973.547744343057275 ], [ 682930.721117947134189, 6348376.313253922387958 ], [ 682322.897650080034509, 6333017.147870048880577 ], [ 667019.742860671831295, 6333612.310846960172057 ], [ 667600.917953324038535, 6348973.547744343057275 ] ] ] } },
{ "type": "Feature", "properties": { "id": 619, "cdep": "57", "dep": "Moselle", "nb": 1626, "nbobserver": 31, "nbesp": 45, "nbrar": 1, "nbesprar": 1, "occsol": "n" }, "bbox": [ 666440.587992625776678, 6317684.495492658577859, 682322.897650080034509, 6333612.310846960172057 ], "geometry": { "type": "Polygon", "coordinates": [ [ [ 667019.742860671831295, 6333612.310846960172057 ], [ 682322.897650080034509, 6333017.147870048880577 ], [ 681717.186754534952343, 6317684.495492658577859 ], [ 666440.587992625776678, 6318277.597734524868429 ], [ 667019.742860671831295, 6333612.310846960172057 ] ] ] } },
{ "type": "Feature", "properties": { "id": 620, "cdep": "57", "dep": "Moselle", "nb": 6884, "nbobserver": 41, "nbesp": 46, "nbrar": 3, "nbesprar": 2, "occsol": "n" }, "bbox": [ 665863.44283870072104, 6302378.264250998385251, 681717.186754534952343, 6318277.597734524868429 ], "geometry": { "type": "Polygon", "coordinates": [ [ [ 666440.587992625776678, 6318277.597734524868429 ], [ 681717.186754534952343, 6317684.495492658577859 ], [ 681113.57744234695565, 6302378.264250998385251 ], [ 665863.44283870072104, 6302969.31646156962961 ], [ 666440.587992625776678, 6318277.597734524868429 ] ] ] } },
{ "type": "Feature", "properties": { "id": 621, "cdep": "57", "dep": "Moselle", "nb": 815, "nbobserver": 33, "nbesp": 46, "nbrar": 4, "nbesprar": 3, "occsol": "a" }, "bbox": [ 665288.296961160376668, 6287098.36275172047317, 681113.57744234695565, 6302969.31646156962961 ], "geometry": { "type": "Polygon", "coordinates": [ [ [ 665863.44283870072104, 6302969.31646156962961 ], [ 681113.57744234695565, 6302378.264250998385251 ], [ 680512.05880059406627, 6287098.36275172047317 ], [ 665288.296961160376668, 6287687.375560688786209 ], [ 665863.44283870072104, 6302969.31646156962961 ] ] ] } },
{ "type": "Feature", "properties": { "id": 622, "cdep": "57", "dep": "Moselle", "nb": 2441, "nbobserver": 29, "nbesp": 47, "nbrar": 1, "nbesprar": 1, "occsol": "n" }, "bbox": [ 664715.139994389144704, 6271844.700075634755194, 680512.05880059406627, 6287687.375560688786209 ], "geometry": { "type": "Polygon", "coordinates": [ [ [ 665288.296961160376668, 6287687.375560688786209 ], [ 680512.05880059406627, 6287098.36275172047317 ], [ 679912.619991742190905, 6271844.700075634755194 ], [ 664715.139994389144704, 6272431.68403925653547 ], [ 665288.296961160376668, 6287687.375560688786209 ] ] ] } },
{ "type": "Feature", "properties": { "id": 623, "cdep": "54", "dep": "Meurthe-et-Moselle", "nb": 1975, "nbobserver": 35, "nbesp": 50, "nbrar": 4, "nbesprar": 3, "occsol": "n" }, "bbox": [ 664143.961644270806573, 6256617.185774425975978, 679912.619991742190905, 6272431.68403925653547 ], "geometry": { "type": "Polygon", "coordinates": [ [ [ 664715.139994389144704, 6272431.68403925653547 ], [ 679912.619991742190905, 6271844.700075634755194 ], [ 679315.250252994708717, 6256617.185774425975978 ], [ 664143.961644270806573, 6257202.151376174762845 ], [ 664715.139994389144704, 6272431.68403925653547 ] ] ] } },
{ "type": "Feature", "properties": { "id": 624, "cdep": "54", "dep": "Meurthe-et-Moselle", "nb": 397, "nbobserver": 15, "nbesp": 37, "nbrar": 3, "nbesprar": 1, "occsol": "n" }, "bbox": [ 663574.751687573036179, 6241415.729867444373667, 679315.250252994708717, 6257202.151376174762845 ], "geometry": { "type": "Polygon", "coordinates": [ [ [ 664143.961644270806573, 6257202.151376174762845 ], [ 679315.250252994708717, 6256617.185774425975978 ], [ 678719.938895650207996, 6241415.729867444373667 ], [ 663574.751687573036179, 6241998.687518620863557 ], [ 664143.961644270806573, 6257202.151376174762845 ] ] ] } },
{ "type": "Feature", "properties": { "id": 625, "cdep": "54", "dep": "Meurthe-et-Moselle", "nb": 1174, "nbobserver": 23, "nbesp": 43, "nbrar": 1, "nbesprar": 1, "occsol": "n" }, "bbox": [ 663007.499971339013427, 6226240.242838503792882, 678719.938895650207996, 6241998.687518620863557 ], "geometry": { "type": "Polygon", "coordinates": [ [ [ 663574.751687573036179, 6241998.687518620863557 ], [ 678719.938895650207996, 6241415.729867444373667 ], [ 678126.675304465694353, 6226240.242838503792882 ], [ 663007.499971339013427, 6226821.202878860756755 ], [ 663574.751687573036179, 6241998.687518620863557 ] ] ] } },
{ "type": "Feature", "properties": { "id": 626, "cdep": "54", "dep": "Meurthe-et-Moselle", "nb": 229, "nbobserver": 11, "nbesp": 37, "nbrar": 1, "nbesprar": 1, "occsol": "n" }, "bbox": [ 662442.196412284858525, 6211090.635632708668709, 678126.675304465694353, 6226821.202878860756755 ], "geometry": { "type": "Polygon", "coordinates": [ [ [ 663007.499971339013427, 6226821.202878860756755 ], [ 678126.675304465694353, 6226240.242838503792882 ], [ 677535.448937027715147, 6211090.635632708668709 ], [ 662442.196412284858525, 6211669.60833106841892 ], [ 663007.499971339013427, 6226821.202878860756755 ] ] ] } },
{ "type": "Feature", "properties": { "id": 627, "cdep": "54", "dep": "Meurthe-et-Moselle", "nb": 459, "nbobserver": 13, "nbesp": 30, "nbrar": 0, "nbesprar": 0, "occsol": "n" }, "bbox": [ 661878.830996202654205, 6195966.8196533145383, 677535.448937027715147, 6211669.60833106841892 ], "geometry": { "type": "Polygon", "coordinates": [ [ [ 662442.196412284858525, 6211669.60833106841892 ], [ 677535.448937027715147, 6211090.635632708668709 ], [ 676946.249323128256947, 6195966.8196533145383 ], [ 661878.830996202654205, 6196543.815208164975047 ], [ 662442.196412284858525, 6211669.60833106841892 ] ] ] } },
{ "type": "Feature", "properties": { "id": 628, "cdep": "54", "dep": "Meurthe-et-Moselle", "nb": 129, "nbobserver": 7, "nbesp": 25, "nbrar": 0, "nbesprar": 0, "occsol": "a" }, "bbox": [ 661317.393777370918542, 6180868.706758600659668, 676946.249323128256947, 6196543.815208164975047 ], "geometry": { "type": "Polygon", "coordinates": [ [ [ 661878.830996202654205, 6196543.815208164975047 ], [ 676946.249323128256947, 6195966.8196533145383 ], [ 676359.066064148908481, 6180868.706758600659668 ], [ 661317.393777370918542, 6181443.735298708081245 ], [ 661878.830996202654205, 6196543.815208164975047 ] ] ] } },
{ "type": "Feature", "properties": { "id": 629, "cdep": "54", "dep": "Meurthe-et-Moselle", "nb": 132, "nbobserver": 7, "nbesp": 27, "nbrar": 1, "nbesprar": 1, "occsol": "a" }, "bbox": [ 660757.874877970549278, 6165796.209258791990578, 676359.066064148908481, 6181443.735298708081245 ], "geometry": { "type": "Polygon", "coordinates": [ [ [ 661317.393777370918542, 6181443.735298708081245 ], [ 676359.066064148908481, 6180868.706758600659668 ], [ 675773.888832449680194, 6165796.209258791990578 ], [ 660757.874877970549278, 6166369.280843784101307 ], [ 661317.393777370918542, 6181443.735298708081245 ] ] ] } },
{ "type": "Feature", "properties": { "id": 630, "cdep": "88", "dep": "Vosges", "nb": 37, "nbobserver": 2, "nbesp": 16, "nbrar": 0, "nbesprar": 0, "occsol": "a" }, "bbox": [ 660200.264487505657598, 6150749.239912977442145, 675773.888832449680194, 6166369.280843784101307 ], "geometry": { "type": "Polygon", "coordinates": [ [ [ 660757.874877970549278, 6166369.280843784101307 ], [ 675773.888832449680194, 6165796.209258791990578 ], [ 675190.707370764459483, 6150749.239912977442145 ], [ 660200.264487505657598, 6151320.364533939398825 ], [ 660757.874877970549278, 6166369.280843784101307 ] ] ] } },
{ "type": "Feature", "properties": { "id": 631, "cdep": "88", "dep": "Vosges", "nb": 597, "nbobserver": 11, "nbesp": 40, "nbrar": 1, "nbesprar": 1, "occsol": "a" }, "bbox": [ 659644.552862232085317, 6135727.711926085874438, 675190.707370764459483, 6151320.364533939398825 ], "geometry": { "type": "Polygon", "coordinates": [ [ [ 660200.264487505657598, 6151320.364533939398825 ], [ 675190.707370764459483, 6150749.239912977442145 ], [ 674609.511491604382172, 6135727.711926085874438 ], [ 659644.552862232085317, 6136296.89950614143163 ], [ 660200.264487505657598, 6151320.364533939398825 ] ] ] } },
{ "type": "Feature", "properties": { "id": 632, "cdep": "88", "dep": "Vosges", "nb": 210, "nbobserver": 2, "nbesp": 27, "nbrar": 1, "nbesprar": 1, "occsol": "a" }, "bbox": [ 659090.730324590578675, 6120731.538945869542658, 674609.511491604382172, 6136296.89950614143163 ], "geometry": { "type": "Polygon", "coordinates": [ [ [ 659644.552862232085317, 6136296.89950614143163 ], [ 674609.511491604382172, 6135727.711926085874438 ], [ 674030.29107666364871, 6120731.538945869542658 ], [ 659090.730324590578675, 6121298.799340751953423 ], [ 659644.552862232085317, 6136296.89950614143163 ] ] ] } },
{ "type": "Feature", "properties": { "id": 633, "cdep": "88", "dep": "Vosges", "nb": 29, "nbobserver": 1, "nbesp": 13, "nbrar": 0, "nbesprar": 0, "occsol": "n" }, "bbox": [ 658538.787262646248564, 6105760.635059904307127, 674030.29107666364871, 6121298.799340751953423 ], "geometry": { "type": "Polygon", "coordinates": [ [ [ 659090.730324590578675, 6121298.799340751953423 ], [ 674030.29107666364871, 6120731.538945869542658 ], [ 673453.036076235584915, 6105760.635059904307127 ], [ 658538.787262646248564, 6106325.978058533743024 ], [ 659090.730324590578675, 6121298.799340751953423 ] ] ] } },
{ "type": "Feature", "properties": { "id": 634, "cdep": "88", "dep": "Vosges", "nb": 12, "nbobserver": 2, "nbesp": 9, "nbrar": 0, "nbesprar": 0, "occsol": "a" }, "bbox": [ 657988.714129533153027, 6090814.914792638272047, 673453.036076235584915, 6106325.978058533743024 ], "geometry": { "type": "Polygon", "coordinates": [ [ [ 658538.787262646248564, 6106325.978058533743024 ], [ 673453.036076235584915, 6105760.635059904307127 ], [ 672877.736508631147444, 6090814.914792638272047 ], [ 657988.714129533153027, 6091378.350117686204612 ], [ 658538.787262646248564, 6106325.978058533743024 ] ] ] } },
{ "type": "Feature", "properties": { "id": 649, "cdep": "57", "dep": "Moselle", "nb": 299, "nbobserver": 14, "nbesp": 37, "nbrar": 0, "nbesprar": 0, "occsol": "a" }, "bbox": [ 682930.721117947134189, 6347752.313233707100153, 698895.077825131709687, 6363762.083995781838894 ], "geometry": { "type": "Polygon", "coordinates": [ [ [ 683540.668223808286712, 6363762.083995781838894 ], [ 698895.077825131709687, 6363135.90858836658299 ], [ 698258.400657471851446, 6347752.313233707100153 ], [ 682930.721117947134189, 6348376.313253922387958 ], [ 683540.668223808286712, 6363762.083995781838894 ] ] ] } },
{ "type": "Feature", "properties": { "id": 650, "cdep": "57", "dep": "Moselle", "nb": 2516, "nbobserver": 60, "nbesp": 48, "nbrar": 7, "nbesprar": 2, "occsol": "a" }, "bbox": [ 682322.897650080034509, 6332395.311900459229946, 698258.400657471851446, 6348376.313253922387958 ], "geometry": { "type": "Polygon", "coordinates": [ [ [ 682930.721117947134189, 6348376.313253922387958 ], [ 698258.400657471851446, 6347752.313233707100153 ], [ 697623.939879950252362, 6332395.311900459229946 ], [ 682322.897650080034509, 6333017.147870048880577 ], [ 682930.721117947134189, 6348376.313253922387958 ] ] ] } },
{ "type": "Feature", "properties": { "id": 651, "cdep": "57", "dep": "Moselle", "nb": 1346, "nbobserver": 34, "nbesp": 43, "nbrar": 1, "nbesprar": 1, "occsol": "a" }, "bbox": [ 681717.186754534952343, 6317064.812315820716321, 697623.939879950252362, 6333017.147870048880577 ], "geometry": { "type": "Polygon", "coordinates": [ [ [ 682322.897650080034509, 6333017.147870048880577 ], [ 697623.939879950252362, 6332395.311900459229946 ], [ 696991.68394576094579, 6317064.812315820716321 ], [ 681717.186754534952343, 6317684.495492658577859 ], [ 682322.897650080034509, 6333017.147870048880577 ] ] ] } },
{ "type": "Feature", "properties": { "id": 652, "cdep": "57", "dep": "Moselle", "nb": 1319, "nbobserver": 44, "nbesp": 43, "nbrar": 4, "nbesprar": 2, "occsol": "a" }, "bbox": [ 681113.57744234695565, 6301760.722687045112252, 696991.68394576094579, 6317684.495492658577859 ], "geometry": { "type": "Polygon", "coordinates": [ [ [ 681717.186754534952343, 6317684.495492658577859 ], [ 696991.68394576094579, 6317064.812315820716321 ], [ 696361.621388122206554, 6301760.722687045112252 ], [ 681113.57744234695565, 6302378.264250998385251 ], [ 681717.186754534952343, 6317684.495492658577859 ] ] ] } },
{ "type": "Feature", "properties": { "id": 653, "cdep": "57", "dep": "Moselle", "nb": 10415, "nbobserver": 153, "nbesp": 51, "nbrar": 66, "nbesprar": 5, "occsol": "u" }, "bbox": [ 680512.05880059406627, 6286482.951698133721948, 696361.621388122206554, 6302378.264250998385251 ], "geometry": { "type": "Polygon", "coordinates": [ [ [ 681113.57744234695565, 6302378.264250998385251 ], [ 696361.621388122206554, 6301760.722687045112252 ], [ 695733.740819582948461, 6286482.951698133721948 ], [ 680512.05880059406627, 6287098.36275172047317 ], [ 681113.57744234695565, 6302378.264250998385251 ] ] ] } },
{ "type": "Feature", "properties": { "id": 654, "cdep": "57", "dep": "Moselle", "nb": 2025, "nbobserver": 32, "nbesp": 44, "nbrar": 2, "nbesprar": 2, "occsol": "a" }, "bbox": [ 679912.619991742190905, 6271231.408506562002003, 695733.740819582948461, 6287098.36275172047317 ], "geometry": { "type": "Polygon", "coordinates": [ [ [ 680512.05880059406627, 6287098.36275172047317 ], [ 695733.740819582948461, 6286482.951698133721948 ], [ 695108.030931339832023, 6271231.408506562002003 ], [ 679912.619991742190905, 6271844.700075634755194 ], [ 680512.05880059406627, 6287098.36275172047317 ] ] ] } },
{ "type": "Feature", "properties": { "id": 655, "cdep": "54", "dep": "Meurthe-et-Moselle", "nb": 69, "nbobserver": 9, "nbesp": 17, "nbrar": 0, "nbesprar": 0, "occsol": "a" }, "bbox": [ 679315.250252994708717, 6256006.002740038558841, 695108.030931339832023, 6271844.700075634755194 ], "geometry": { "type": "Polygon", "coordinates": [ [ [ 679912.619991742190905, 6271844.700075634755194 ], [ 695108.030931339832023, 6271231.408506562002003 ], [ 694484.480492558912374, 6256006.002740038558841 ], [ 679315.250252994708717, 6256617.185774425975978 ], [ 679912.619991742190905, 6271844.700075634755194 ] ] ] } },
{ "type": "Feature", "properties": { "id": 656, "cdep": "54", "dep": "Meurthe-et-Moselle", "nb": 101, "nbobserver": 6, "nbesp": 26, "nbrar": 0, "nbesprar": 0, "occsol": "a" }, "bbox": [ 678719.938895650207996, 6240806.644493266008794, 694484.480492558912374, 6256617.185774425975978 ], "geometry": { "type": "Polygon", "coordinates": [ [ [ 679315.250252994708717, 6256617.185774425975978 ], [ 694484.480492558912374, 6256006.002740038558841 ], [ 693863.078349705319852, 6240806.644493266008794 ], [ 678719.938895650207996, 6241415.729867444373667 ], [ 679315.250252994708717, 6256617.185774425975978 ] ] ] } },
{ "type": "Feature", "properties": { "id": 657, "cdep": "54", "dep": "Meurthe-et-Moselle", "nb": 3207, "nbobserver": 74, "nbesp": 48, "nbrar": 38, "nbesprar": 3, "occsol": "n" }, "bbox": [ 678126.675304465694353, 6225633.244324778206646, 693863.078349705319852, 6241415.729867444373667 ], "geometry": { "type": "Polygon", "coordinates": [ [ [ 678719.938895650207996, 6241415.729867444373667 ], [ 693863.078349705319852, 6240806.644493266008794 ], [ 693243.813425880041905, 6225633.244324778206646 ], [ 678126.675304465694353, 6226240.242838503792882 ], [ 678719.938895650207996, 6241415.729867444373667 ] ] ] } },
{ "type": "Feature", "properties": { "id": 658, "cdep": "54", "dep": "Meurthe-et-Moselle", "nb": 10871, "nbobserver": 278, "nbesp": 49, "nbrar": 270, "nbesprar": 3, "occsol": "u" }, "bbox": [ 677535.448937027715147, 6210485.71325375046581, 693243.813425880041905, 6226240.242838503792882 ], "geometry": { "type": "Polygon", "coordinates": [ [ [ 678126.675304465694353, 6226240.242838503792882 ], [ 693243.813425880041905, 6225633.244324778206646 ], [ 692626.67472016310785, 6210485.71325375046581 ], [ 677535.448937027715147, 6211090.635632708668709 ], [ 678126.675304465694353, 6226240.242838503792882 ] ] ] } },
{ "type": "Feature", "properties": { "id": 659, "cdep": "54", "dep": "Meurthe-et-Moselle", "nb": 4096, "nbobserver": 45, "nbesp": 46, "nbrar": 8, "nbesprar": 2, "occsol": "a" }, "bbox": [ 676946.249323128256947, 6195363.962756883352995, 692626.67472016310785, 6211090.635632708668709 ], "geometry": { "type": "Polygon", "coordinates": [ [ [ 677535.448937027715147, 6211090.635632708668709 ], [ 692626.67472016310785, 6210485.71325375046581 ], [ 692011.651306963525712, 6195363.962756883352995 ], [ 676946.249323128256947, 6195966.8196533145383 ], [ 677535.448937027715147, 6211090.635632708668709 ] ] ] } },
{ "type": "Feature", "properties": { "id": 660, "cdep": "54", "dep": "Meurthe-et-Moselle", "nb": 146, "nbobserver": 8, "nbesp": 34, "nbrar": 0, "nbesprar": 0, "occsol": "a" }, "bbox": [ 676359.066064148908481, 6180267.904765264131129, 692011.651306963525712, 6195966.8196533145383 ], "geometry": { "type": "Polygon", "coordinates": [ [ [ 676946.249323128256947, 6195966.8196533145383 ], [ 692011.651306963525712, 6195363.962756883352995 ], [ 691398.732335375854746, 6180267.904765264131129 ], [ 676359.066064148908481, 6180868.706758600659668 ], [ 676946.249323128256947, 6195966.8196533145383 ] ] ] } },
{ "type": "Feature", "properties": { "id": 661, "cdep": "54", "dep": "Meurthe-et-Moselle", "nb": 1209, "nbobserver": 10, "nbesp": 40, "nbrar": 0, "nbesprar": 0, "occsol": "a" }, "bbox": [ 675773.888832449680194, 6165197.451661315746605, 691398.732335375854746, 6180868.706758600659668 ], "geometry": { "type": "Polygon", "coordinates": [ [ [ 676359.066064148908481, 6180868.706758600659668 ], [ 691398.732335375854746, 6180267.904765264131129 ], [ 690787.907028543530032, 6165197.451661315746605 ], [ 675773.888832449680194, 6165796.209258791990578 ], [ 676359.066064148908481, 6180868.706758600659668 ] ] ] } },
{ "type": "Feature", "properties": { "id": 662, "cdep": "88", "dep": "Vosges", "nb": 1118, "nbobserver": 14, "nbesp": 37, "nbrar": 0, "nbesprar": 0, "occsol": "a" }, "bbox": [ 675190.707370764459483, 6150152.516275703907013, 690787.907028543530032, 6165796.209258791990578 ], "geometry": { "type": "Polygon", "coordinates": [ [ [ 675773.888832449680194, 6165796.209258791990578 ], [ 690787.907028543530032, 6165197.451661315746605 ], [ 690179.164683029288426, 6150152.516275703907013 ], [ 675190.707370764459483, 6150749.239912977442145 ], [ 675773.888832449680194, 6165796.209258791990578 ] ] ] } },
{ "type": "Feature", "properties": { "id": 663, "cdep": "88", "dep": "Vosges", "nb": 435, "nbobserver": 5, "nbesp": 34, "nbrar": 1, "nbesprar": 1, "occsol": "a" }, "bbox": [ 674609.511491604382172, 6135133.011884329840541, 690179.164683029288426, 6150749.239912977442145 ], "geometry": { "type": "Polygon", "coordinates": [ [ [ 675190.707370764459483, 6150749.239912977442145 ], [ 690179.164683029288426, 6150152.516275703907013 ], [ 689572.494668189901859, 6135133.011884329840541 ], [ 674609.511491604382172, 6135727.711926085874438 ], [ 675190.707370764459483, 6150749.239912977442145 ] ] ] } },
{ "type": "Feature", "properties": { "id": 664, "cdep": "88", "dep": "Vosges", "nb": 123, "nbobserver": 3, "nbesp": 28, "nbrar": 0, "nbesprar": 0, "occsol": "a" }, "bbox": [ 674030.29107666364871, 6120138.85220531001687, 689572.494668189901859, 6135727.711926085874438 ], "geometry": { "type": "Polygon", "coordinates": [ [ [ 674609.511491604382172, 6135727.711926085874438 ], [ 689572.494668189901859, 6135133.011884329840541 ], [ 688967.886425560573116, 6120138.85220531001687 ], [ 674030.29107666364871, 6120731.538945869542658 ], [ 674609.511491604382172, 6135727.711926085874438 ] ] ] } },
{ "type": "Feature", "properties": { "id": 665, "cdep": "88", "dep": "Vosges", "nb": 276, "nbobserver": 2, "nbesp": 29, "nbrar": 0, "nbesprar": 0, "occsol": "n" }, "bbox": [ 673453.036076235584915, 6105169.951395998708904, 688967.886425560573116, 6120731.538945869542658 ], "geometry": { "type": "Polygon", "coordinates": [ [ [ 674030.29107666364871, 6120731.538945869542658 ], [ 688967.886425560573116, 6120138.85220531001687 ], [ 688365.329468241892755, 6105169.951395998708904 ], [ 673453.036076235584915, 6105760.635059904307127 ], [ 674030.29107666364871, 6120731.538945869542658 ] ] ] } },
{ "type": "Feature", "properties": { "id": 666, "cdep": "88", "dep": "Vosges", "nb": 0, "nbobserver": 0, "nbesp": 0, "nbrar": 0, "nbesprar": 0, "occsol": "n" }, "bbox": [ 672877.736508631147444, 6090226.224050029180944, 688365.329468241892755, 6105760.635059904307127 ], "geometry": { "type": "Polygon", "coordinates": [ [ [ 673453.036076235584915, 6105760.635059904307127 ], [ 688365.329468241892755, 6105169.951395998708904 ], [ 687764.813380296342075, 6090226.224050029180944 ], [ 672877.736508631147444, 6090814.914792638272047 ], [ 673453.036076235584915, 6105760.635059904307127 ] ] ] } },
{ "type": "Feature", "properties": { "id": 681, "cdep": "57", "dep": "Moselle", "nb": 279, "nbobserver": 12, "nbesp": 32, "nbrar": 0, "nbesprar": 0, "occsol": "a" }, "bbox": [ 698258.400657471851446, 6347101.559027692303061, 714247.259422360803001, 6363135.90858836658299 ], "geometry": { "type": "Polygon", "coordinates": [ [ [ 698895.077825131709687, 6363135.90858836658299 ], [ 714247.259422360803001, 6362482.886054626666009 ], [ 713583.863820312428288, 6347101.559027692303061 ], [ 698258.400657471851446, 6347752.313233707100153 ], [ 698895.077825131709687, 6363135.90858836658299 ] ] ] } },
{ "type": "Feature", "properties": { "id": 682, "cdep": "57", "dep": "Moselle", "nb": 1889, "nbobserver": 8, "nbesp": 42, "nbrar": 21, "nbesprar": 2, "occsol": "a" }, "bbox": [ 697623.939879950252362, 6331746.814203531481326, 713583.863820312428288, 6347752.313233707100153 ], "geometry": { "type": "Polygon", "coordinates": [ [ [ 698258.400657471851446, 6347752.313233707100153 ], [ 713583.863820312428288, 6347101.559027692303061 ], [ 712922.777279824949801, 6331746.814203531481326 ], [ 697623.939879950252362, 6332395.311900459229946 ], [ 698258.400657471851446, 6347752.313233707100153 ] ] ] } },
{ "type": "Feature", "properties": { "id": 683, "cdep": "57", "dep": "Moselle", "nb": 595, "nbobserver": 19, "nbesp": 40, "nbrar": 3, "nbesprar": 1, "occsol": "a" }, "bbox": [ 696991.68394576094579, 6316418.559391370043159, 712922.777279824949801, 6332395.311900459229946 ], "geometry": { "type": "Polygon", "coordinates": [ [ [ 697623.939879950252362, 6332395.311900459229946 ], [ 712922.777279824949801, 6331746.814203531481326 ], [ 712263.987773658358492, 6316418.559391370043159 ], [ 696991.68394576094579, 6317064.812315820716321 ], [ 697623.939879950252362, 6332395.311900459229946 ] ] ] } },
{ "type": "Feature", "properties": { "id": 684, "cdep": "57", "dep": "Moselle", "nb": 117, "nbobserver": 8, "nbesp": 24, "nbrar": 1, "nbesprar": 1, "occsol": "a" }, "bbox": [ 696361.621388122206554, 6301116.70287977065891, 712263.987773658358492, 6317064.812315820716321 ], "geometry": { "type": "Polygon", "coordinates": [ [ [ 696991.68394576094579, 6317064.812315820716321 ], [ 712263.987773658358492, 6316418.559391370043159 ], [ 711607.483357905293815, 6301116.70287977065891 ], [ 696361.621388122206554, 6301760.722687045112252 ], [ 696991.68394576094579, 6317064.812315820716321 ] ] ] } },
{ "type": "Feature", "properties": { "id": 685, "cdep": "57", "dep": "Moselle", "nb": 1217, "nbobserver": 31, "nbesp": 41, "nbrar": 1, "nbesprar": 1, "occsol": "a" }, "bbox": [ 695733.740819582948461, 6285841.153433346189559, 711607.483357905293815, 6301760.722687045112252 ], "geometry": { "type": "Polygon", "coordinates": [ [ [ 696361.621388122206554, 6301760.722687045112252 ], [ 711607.483357905293815, 6301116.70287977065891 ], [ 710953.252171270316467, 6285841.153433346189559 ], [ 695733.740819582948461, 6286482.951698133721948 ], [ 696361.621388122206554, 6301760.722687045112252 ] ] ] } },
{ "type": "Feature", "properties": { "id": 686, "cdep": "57", "dep": "Moselle", "nb": 2084, "nbobserver": 22, "nbesp": 41, "nbrar": 1, "nbesprar": 1, "occsol": "a" }, "bbox": [ 695108.030931339832023, 6270591.820289491675794, 710953.252171270316467, 6286482.951698133721948 ], "geometry": { "type": "Polygon", "coordinates": [ [ [ 695733.740819582948461, 6286482.951698133721948 ], [ 710953.252171270316467, 6285841.153433346189559 ], [ 710301.282434358261526, 6270591.820289491675794 ], [ 695108.030931339832023, 6271231.408506562002003 ], [ 695733.740819582948461, 6286482.951698133721948 ] ] ] } },
{ "type": "Feature", "properties": { "id": 687, "cdep": "57", "dep": "Moselle", "nb": 162, "nbobserver": 4, "nbesp": 27, "nbrar": 0, "nbesprar": 0, "occsol": "a" }, "bbox": [ 694484.480492558912374, 6255368.613155136816204, 710301.282434358261526, 6271231.408506562002003 ], "geometry": { "type": "Polygon", "coordinates": [ [ [ 695108.030931339832023, 6271231.408506562002003 ], [ 710301.282434358261526, 6270591.820289491675794 ], [ 709651.562448967830278, 6255368.613155136816204 ], [ 694484.480492558912374, 6256006.002740038558841 ], [ 695108.030931339832023, 6271231.408506562002003 ] ] ] } },
{ "type": "Feature", "properties": { "id": 688, "cdep": "54", "dep": "Meurthe-et-Moselle", "nb": 34, "nbobserver": 5, "nbesp": 16, "nbrar": 0, "nbesprar": 0, "occsol": "a" }, "bbox": [ 693863.078349705319852, 6240171.442203543148935, 709651.562448967830278, 6256006.002740038558841 ], "geometry": { "type": "Polygon", "coordinates": [ [ [ 694484.480492558912374, 6256006.002740038558841 ], [ 709651.562448967830278, 6255368.613155136816204 ], [ 709004.080597394960932, 6240171.442203543148935 ], [ 693863.078349705319852, 6240806.644493266008794 ], [ 694484.480492558912374, 6256006.002740038558841 ] ] ] } },
{ "type": "Feature", "properties": { "id": 689, "cdep": "54", "dep": "Meurthe-et-Moselle", "nb": 2574, "nbobserver": 28, "nbesp": 48, "nbrar": 4, "nbesprar": 3, "occsol": "a" }, "bbox": [ 693243.813425880041905, 6225000.218071108683944, 709004.080597394960932, 6240806.644493266008794 ], "geometry": { "type": "Polygon", "coordinates": [ [ [ 693863.078349705319852, 6240806.644493266008794 ], [ 709004.080597394960932, 6240171.442203543148935 ], [ 708358.825341740855947, 6225000.218071108683944 ], [ 693243.813425880041905, 6225633.244324778206646 ], [ 693863.078349705319852, 6240806.644493266008794 ] ] ] } },
{ "type": "Feature", "properties": { "id": 690, "cdep": "54", "dep": "Meurthe-et-Moselle", "nb": 4547, "nbobserver": 66, "nbesp": 50, "nbrar": 14, "nbesprar": 5, "occsol": "a" }, "bbox": [ 692626.67472016310785, 6209854.851854218170047, 708358.825341740855947, 6225633.244324778206646 ], "geometry": { "type": "Polygon", "coordinates": [ [ [ 693243.813425880041905, 6225633.244324778206646 ], [ 708358.825341740855947, 6225000.218071108683944 ], [ 707715.785223228973337, 6209854.851854218170047 ], [ 692626.67472016310785, 6210485.71325375046581 ], [ 693243.813425880041905, 6225633.244324778206646 ] ] ] } },
{ "type": "Feature", "properties": { "id": 691, "cdep": "54", "dep": "Meurthe-et-Moselle", "nb": 2657, "nbobserver": 14, "nbesp": 39, "nbrar": 0, "nbesprar": 0, "occsol": "a" }, "bbox": [ 692011.651306963525712, 6194735.255106116645038, 707715.785223228973337, 6210485.71325375046581 ], "geometry": { "type": "Polygon", "coordinates": [ [ [ 692626.67472016310785, 6210485.71325375046581 ], [ 707715.785223228973337, 6209854.851854218170047 ], [ 707074.94886152818799, 6194735.255106116645038 ], [ 692011.651306963525712, 6195363.962756883352995 ], [ 692626.67472016310785, 6210485.71325375046581 ] ] ] } },
{ "type": "Feature", "properties": { "id": 692, "cdep": "54", "dep": "Meurthe-et-Moselle", "nb": 88, "nbobserver": 7, "nbesp": 22, "nbrar": 0, "nbesprar": 0, "occsol": "a" }, "bbox": [ 691398.732335375854746, 6179641.339833789505064, 707074.94886152818799, 6195363.962756883352995 ], "geometry": { "type": "Polygon", "coordinates": [ [ [ 692011.651306963525712, 6195363.962756883352995 ], [ 707074.94886152818799, 6194735.255106116645038 ], [ 706436.304954083403572, 6179641.339833789505064 ], [ 691398.732335375854746, 6180267.904765264131129 ], [ 692011.651306963525712, 6195363.962756883352995 ] ] ] } },
{ "type": "Feature", "properties": { "id": 693, "cdep": "88", "dep": "Vosges", "nb": 1583, "nbobserver": 12, "nbesp": 46, "nbrar": 2, "nbesprar": 2, "occsol": "a" }, "bbox": [ 690787.907028543530032, 6164573.018494902178645, 706436.304954083403572, 6180267.904765264131129 ], "geometry": { "type": "Polygon", "coordinates": [ [ [ 691398.732335375854746, 6180267.904765264131129 ], [ 706436.304954083403572, 6179641.339833789505064 ], [ 705799.842275451868773, 6164573.018494902178645 ], [ 690787.907028543530032, 6165197.451661315746605 ], [ 691398.732335375854746, 6180267.904765264131129 ] ] ] } },
{ "type": "Feature", "properties": { "id": 694, "cdep": "88", "dep": "Vosges", "nb": 9985, "nbobserver": 4, "nbesp": 49, "nbrar": 9, "nbesprar": 4, "occsol": "a" }, "bbox": [ 690179.164683029288426, 6149530.203994732350111, 705799.842275451868773, 6165197.451661315746605 ], "geometry": { "type": "Polygon", "coordinates": [ [ [ 690787.907028543530032, 6165197.451661315746605 ], [ 705799.842275451868773, 6164573.018494902178645 ], [ 705165.549676648224704, 6149530.203994732350111 ], [ 690179.164683029288426, 6150152.516275703907013 ], [ 690787.907028543530032, 6165197.451661315746605 ] ] ] } },
{ "type": "Feature", "properties": { "id": 695, "cdep": "88", "dep": "Vosges", "nb": 11623, "nbobserver": 7, "nbesp": 46, "nbrar": 21, "nbesprar": 2, "occsol": "a" }, "bbox": [ 689572.494668189901859, 6134512.809683148749173, 705165.549676648224704, 6150152.516275703907013 ], "geometry": { "type": "Polygon", "coordinates": [ [ [ 690179.164683029288426, 6150152.516275703907013 ], [ 705165.549676648224704, 6149530.203994732350111 ], [ 704533.416084493277594, 6134512.809683148749173 ], [ 689572.494668189901859, 6135133.011884329840541 ], [ 690179.164683029288426, 6150152.516275703907013 ] ] ] } },
{ "type": "Feature", "properties": { "id": 696, "cdep": "88", "dep": "Vosges", "nb": 34, "nbobserver": 5, "nbesp": 19, "nbrar": 0, "nbesprar": 0, "occsol": "a" }, "bbox": [ 688967.886425560573116, 6119520.749351618811488, 704533.416084493277594, 6135133.011884329840541 ], "geometry": { "type": "Polygon", "coordinates": [ [ [ 689572.494668189901859, 6135133.011884329840541 ], [ 704533.416084493277594, 6134512.809683148749173 ], [ 703903.430500973132439, 6119520.749351618811488 ], [ 688967.886425560573116, 6120138.85220531001687 ], [ 689572.494668189901859, 6135133.011884329840541 ] ] ] } },
{ "type": "Feature", "properties": { "id": 697, "cdep": "88", "dep": "Vosges", "nb": 74, "nbobserver": 5, "nbesp": 22, "nbrar": 0, "nbesprar": 0, "occsol": "a" }, "bbox": [ 688365.329468241892755, 6104553.937230222858489, 703903.430500973132439, 6120138.85220531001687 ], "geometry": { "type": "Polygon", "coordinates": [ [ [ 688967.886425560573116, 6120138.85220531001687 ], [ 703903.430500973132439, 6119520.749351618811488 ], [ 703275.582002602168359, 6104553.937230222858489 ], [ 688365.329468241892755, 6105169.951395998708904 ], [ 688967.886425560573116, 6120138.85220531001687 ] ] ] } },
{ "type": "Feature", "properties": { "id": 698, "cdep": "88", "dep": "Vosges", "nb": 105, "nbobserver": 3, "nbesp": 29, "nbrar": 1, "nbesprar": 1, "occsol": "n" }, "bbox": [ 687764.813380296342075, 6089612.287984696216881, 703275.582002602168359, 6105169.951395998708904 ], "geometry": { "type": "Polygon", "coordinates": [ [ [ 688365.329468241892755, 6105169.951395998708904 ], [ 703275.582002602168359, 6104553.937230222858489 ], [ 702649.859739791951142, 6089612.287984696216881 ], [ 687764.813380296342075, 6090226.224050029180944 ], [ 688365.329468241892755, 6105169.951395998708904 ] ] ] } },
{ "type": "Feature", "properties": { "id": 713, "cdep": "57", "dep": "Moselle", "nb": 4, "nbobserver": 1, "nbesp": 4, "nbrar": 0, "nbesprar": 0, "occsol": "a" }, "bbox": [ 713583.863820312428288, 6346424.062462250702083, 729597.119860861566849, 6362482.886054626666009 ], "geometry": { "type": "Polygon", "coordinates": [ [ [ 714247.259422360803001, 6362482.886054626666009 ], [ 729597.119860861566849, 6361803.028303634375334 ], [ 728907.017935601645149, 6346424.062462250702083 ], [ 713583.863820312428288, 6347101.559027692303061 ], [ 714247.259422360803001, 6362482.886054626666009 ] ] ] } },
{ "type": "Feature", "properties": { "id": 714, "cdep": "57", "dep": "Moselle", "nb": 114, "nbobserver": 6, "nbesp": 29, "nbrar": 1, "nbesprar": 1, "occsol": "a" }, "bbox": [ 712922.777279824949801, 6331071.666523663327098, 728907.017935601645149, 6347101.559027692303061 ], "geometry": { "type": "Polygon", "coordinates": [ [ [ 713583.863820312428288, 6347101.559027692303061 ], [ 728907.017935601645149, 6346424.062462250702083 ], [ 728219.317659267107956, 6331071.666523663327098 ], [ 712922.777279824949801, 6331746.814203531481326 ], [ 713583.863820312428288, 6347101.559027692303061 ] ] ] } },
{ "type": "Feature", "properties": { "id": 715, "cdep": "57", "dep": "Moselle", "nb": 647, "nbobserver": 12, "nbesp": 40, "nbrar": 3, "nbesprar": 2, "occsol": "a" }, "bbox": [ 712263.987773658358492, 6315745.748382431454957, 728219.317659267107956, 6331746.814203531481326 ], "geometry": { "type": "Polygon", "coordinates": [ [ [ 712922.777279824949801, 6331746.814203531481326 ], [ 728219.317659267107956, 6331071.666523663327098 ], [ 727534.00652491080109, 6315745.748382431454957 ], [ 712263.987773658358492, 6316418.559391370043159 ], [ 712922.777279824949801, 6331746.814203531481326 ] ] ] } },
{ "type": "Feature", "properties": { "id": 716, "cdep": "57", "dep": "Moselle", "nb": 421, "nbobserver": 21, "nbesp": 38, "nbrar": 3, "nbesprar": 1, "occsol": "a" }, "bbox": [ 711607.483357905293815, 6300446.216411730274558, 727534.00652491080109, 6316418.559391370043159 ], "geometry": { "type": "Polygon", "coordinates": [ [ [ 712263.987773658358492, 6316418.559391370043159 ], [ 727534.00652491080109, 6315745.748382431454957 ], [ 726851.072112219990231, 6300446.216411730274558 ], [ 711607.483357905293815, 6301116.70287977065891 ], [ 712263.987773658358492, 6316418.559391370043159 ] ] ] } },
{ "type": "Feature", "properties": { "id": 717, "cdep": "57", "dep": "Moselle", "nb": 426, "nbobserver": 11, "nbesp": 41, "nbrar": 2, "nbesprar": 2, "occsol": "a" }, "bbox": [ 710953.252171270316467, 6285172.979460042901337, 726851.072112219990231, 6301116.70287977065891 ], "geometry": { "type": "Polygon", "coordinates": [ [ [ 711607.483357905293815, 6301116.70287977065891 ], [ 726851.072112219990231, 6300446.216411730274558 ], [ 726170.502086767344736, 6285172.979460042901337 ], [ 710953.252171270316467, 6285841.153433346189559 ], [ 711607.483357905293815, 6301116.70287977065891 ] ] ] } },
{ "type": "Feature", "properties": { "id": 718, "cdep": "57", "dep": "Moselle", "nb": 62, "nbobserver": 9, "nbesp": 22, "nbrar": 0, "nbesprar": 0, "occsol": "a" }, "bbox": [ 710301.282434358261526, 6269925.946847917512059, 726170.502086767344736, 6285841.153433346189559 ], "geometry": { "type": "Polygon", "coordinates": [ [ [ 710953.252171270316467, 6285841.153433346189559 ], [ 726170.502086767344736, 6285172.979460042901337 ], [ 725492.284199270769022, 6269925.946847917512059 ], [ 710301.282434358261526, 6270591.820289491675794 ], [ 710953.252171270316467, 6285841.153433346189559 ] ] ] } },
{ "type": "Feature", "properties": { "id": 719, "cdep": "57", "dep": "Moselle", "nb": 1915, "nbobserver": 10, "nbesp": 44, "nbrar": 5, "nbesprar": 2, "occsol": "a" }, "bbox": [ 709651.562448967830278, 6254705.028364717029035, 725492.284199270769022, 6270591.820289491675794 ], "geometry": { "type": "Polygon", "coordinates": [ [ [ 710301.282434358261526, 6270591.820289491675794 ], [ 725492.284199270769022, 6269925.946847917512059 ], [ 724816.40628486033529, 6254705.028364717029035 ], [ 709651.562448967830278, 6255368.613155136816204 ], [ 710301.282434358261526, 6270591.820289491675794 ] ] ] } },
{ "type": "Feature", "properties": { "id": 720, "cdep": "57", "dep": "Moselle", "nb": 53, "nbobserver": 5, "nbesp": 20, "nbrar": 0, "nbesprar": 0, "occsol": "a" }, "bbox": [ 709004.080597394960932, 6239510.134265430271626, 724816.40628486033529, 6255368.613155136816204 ], "geometry": { "type": "Polygon", "coordinates": [ [ [ 709651.562448967830278, 6255368.613155136816204 ], [ 724816.40628486033529, 6254705.028364717029035 ], [ 724142.856262352550402, 6239510.134265430271626 ], [ 709004.080597394960932, 6240171.442203543148935 ], [ 709651.562448967830278, 6255368.613155136816204 ] ] ] } },
{ "type": "Feature", "properties": { "id": 721, "cdep": "54", "dep": "Meurthe-et-Moselle", "nb": 123, "nbobserver": 5, "nbesp": 33, "nbrar": 0, "nbesprar": 0, "occsol": "a" }, "bbox": [ 708358.825341740855947, 6224341.175267479382455, 724142.856262352550402, 6240171.442203543148935 ], "geometry": { "type": "Polygon", "coordinates": [ [ [ 709004.080597394960932, 6240171.442203543148935 ], [ 724142.856262352550402, 6239510.134265430271626 ], [ 723471.622133533121087, 6224341.175267479382455 ], [ 708358.825341740855947, 6225000.218071108683944 ], [ 709004.080597394960932, 6240171.442203543148935 ] ] ] } },
{ "type": "Feature", "properties": { "id": 722, "cdep": "54", "dep": "Meurthe-et-Moselle", "nb": 1503, "nbobserver": 22, "nbesp": 43, "nbrar": 1, "nbesprar": 1, "occsol": "a" }, "bbox": [ 707715.785223228973337, 6209198.062547586858273, 723471.622133533121087, 6225000.218071108683944 ], "geometry": { "type": "Polygon", "coordinates": [ [ [ 708358.825341740855947, 6225000.218071108683944 ], [ 723471.622133533121087, 6224341.175267479382455 ], [ 722802.691982445656322, 6209198.062547586858273 ], [ 707715.785223228973337, 6209854.851854218170047 ], [ 708358.825341740855947, 6225000.218071108683944 ] ] ] } },
{ "type": "Feature", "properties": { "id": 723, "cdep": "54", "dep": "Meurthe-et-Moselle", "nb": 1293, "nbobserver": 35, "nbesp": 48, "nbrar": 3, "nbesprar": 3, "occsol": "a" }, "bbox": [ 707074.94886152818799, 6194080.707738641649485, 722802.691982445656322, 6209854.851854218170047 ], "geometry": { "type": "Polygon", "coordinates": [ [ [ 707715.785223228973337, 6209854.851854218170047 ], [ 722802.691982445656322, 6209198.062547586858273 ], [ 722136.053974688751623, 6194080.707738641649485 ], [ 707074.94886152818799, 6194735.255106116645038 ], [ 707715.785223228973337, 6209854.851854218170047 ] ] ] } },
{ "type": "Feature", "properties": { "id": 724, "cdep": "54", "dep": "Meurthe-et-Moselle", "nb": 42, "nbobserver": 8, "nbesp": 19, "nbrar": 0, "nbesprar": 0, "occsol": "a" }, "bbox": [ 706436.304954083403572, 6178989.022926595062017, 722136.053974688751623, 6194735.255106116645038 ], "geometry": { "type": "Polygon", "coordinates": [ [ [ 707074.94886152818799, 6194735.255106116645038 ], [ 722136.053974688751623, 6194080.707738641649485 ], [ 721471.696356720174663, 6178989.022926595062017 ], [ 706436.304954083403572, 6179641.339833789505064 ], [ 707074.94886152818799, 6194735.255106116645038 ] ] ] } },
{ "type": "Feature", "properties": { "id": 725, "cdep": "88", "dep": "Vosges", "nb": 65, "nbobserver": 4, "nbesp": 25, "nbrar": 0, "nbesprar": 0, "occsol": "n" }, "bbox": [ 705799.842275451868773, 6163922.920647404156625, 721471.696356720174663, 6179641.339833789505064 ], "geometry": { "type": "Polygon", "coordinates": [ [ [ 706436.304954083403572, 6179641.339833789505064 ], [ 721471.696356720174663, 6178989.022926595062017 ], [ 720809.60745516710449, 6163922.920647404156625 ], [ 705799.842275451868773, 6164573.018494902178645 ], [ 706436.304954083403572, 6179641.339833789505064 ] ] ] } },
{ "type": "Feature", "properties": { "id": 726, "cdep": "88", "dep": "Vosges", "nb": 403, "nbobserver": 18, "nbesp": 43, "nbrar": 1, "nbesprar": 1, "occsol": "n" }, "bbox": [ 705165.549676648224704, 6148882.313883977942169, 720809.60745516710449, 6164573.018494902178645 ], "geometry": { "type": "Polygon", "coordinates": [ [ [ 705799.842275451868773, 6164573.018494902178645 ], [ 720809.60745516710449, 6163922.920647404156625 ], [ 720149.775676145218313, 6148882.313883977942169 ], [ 705165.549676648224704, 6149530.203994732350111 ], [ 705799.842275451868773, 6164573.018494902178645 ] ] ] } },
{ "type": "Feature", "properties": { "id": 727, "cdep": "88", "dep": "Vosges", "nb": 1718, "nbobserver": 44, "nbesp": 45, "nbrar": 1, "nbesprar": 1, "occsol": "n" }, "bbox": [ 704533.416084493277594, 6133867.11606315523386, 720149.775676145218313, 6149530.203994732350111 ], "geometry": { "type": "Polygon", "coordinates": [ [ [ 705165.549676648224704, 6149530.203994732350111 ], [ 720149.775676145218313, 6148882.313883977942169 ], [ 719492.189504582784139, 6133867.11606315523386 ], [ 704533.416084493277594, 6134512.809683148749173 ], [ 705165.549676648224704, 6149530.203994732350111 ] ] ] } },
{ "type": "Feature", "properties": { "id": 728, "cdep": "88", "dep": "Vosges", "nb": 439, "nbobserver": 19, "nbesp": 40, "nbrar": 0, "nbesprar": 0, "occsol": "n" }, "bbox": [ 703903.430500973132439, 6118877.241052716039121, 719492.189504582784139, 6134512.809683148749173 ], "geometry": { "type": "Polygon", "coordinates": [ [ [ 704533.416084493277594, 6134512.809683148749173 ], [ 719492.189504582784139, 6133867.11606315523386 ], [ 718836.837503553251736, 6118877.241052716039121 ], [ 703903.430500973132439, 6119520.749351618811488 ], [ 704533.416084493277594, 6134512.809683148749173 ] ] ] } },
{ "type": "Feature", "properties": { "id": 729, "cdep": "88", "dep": "Vosges", "nb": 247, "nbobserver": 6, "nbesp": 42, "nbrar": 1, "nbesprar": 1, "occsol": "a" }, "bbox": [ 703275.582002602168359, 6103912.603158416226506, 718836.837503553251736, 6119520.749351618811488 ], "geometry": { "type": "Polygon", "coordinates": [ [ [ 703903.430500973132439, 6119520.749351618811488 ], [ 718836.837503553251736, 6118877.241052716039121 ], [ 718183.708313613431528, 6103912.603158416226506 ], [ 703275.582002602168359, 6104553.937230222858489 ], [ 703903.430500973132439, 6119520.749351618811488 ] ] ] } },
{ "type": "Feature", "properties": { "id": 730, "cdep": "88", "dep": "Vosges", "nb": 9, "nbobserver": 1, "nbesp": 9, "nbrar": 0, "nbesprar": 0, "occsol": "n" }, "bbox": [ 702649.859739791951142, 6088973.117121024988592, 718183.708313613431528, 6104553.937230222858489 ], "geometry": { "type": "Polygon", "coordinates": [ [ [ 703275.582002602168359, 6104553.937230222858489 ], [ 718183.708313613431528, 6103912.603158416226506 ], [ 717532.790652149007656, 6088973.117121024988592 ], [ 702649.859739791951142, 6089612.287984696216881 ], [ 703275.582002602168359, 6104553.937230222858489 ] ] ] } },
{ "type": "Feature", "properties": { "id": 745, "cdep": "57", "dep": "Moselle", "nb": 0, "nbobserver": 0, "nbesp": 0, "nbrar": 0, "nbesprar": 0, "occsol": "a" }, "bbox": [ 728907.017935601645149, 6345719.83584542106837, 744944.566070792381652, 6361803.028303634375334 ], "geometry": { "type": "Polygon", "coordinates": [ [ [ 729597.119860861566849, 6361803.028303634375334 ], [ 744944.566070792381652, 6361096.347729473374784 ], [ 744227.770416530780494, 6345719.83584542106837 ], [ 728907.017935601645149, 6346424.062462250702083 ], [ 729597.119860861566849, 6361803.028303634375334 ] ] ] } },
{ "type": "Feature", "properties": { "id": 746, "cdep": "57", "dep": "Moselle", "nb": 0, "nbobserver": 0, "nbesp": 0, "nbrar": 0, "nbesprar": 0, "occsol": "a" }, "bbox": [ 728219.317659267107956, 6330369.881083589978516, 744227.770416530780494, 6346424.062462250702083 ], "geometry": { "type": "Polygon", "coordinates": [ [ [ 728907.017935601645149, 6346424.062462250702083 ], [ 744227.770416530780494, 6345719.83584542106837 ], [ 743513.468911169911735, 6330369.881083589978516 ], [ 728219.317659267107956, 6331071.666523663327098 ], [ 728907.017935601645149, 6346424.062462250702083 ] ] ] } },
{ "type": "Feature", "properties": { "id": 747, "cdep": "57", "dep": "Moselle", "nb": 653, "nbobserver": 10, "nbesp": 39, "nbrar": 0, "nbesprar": 0, "occsol": "a" }, "bbox": [ 727534.00652491080109, 6315046.391427187249064, 743513.468911169911735, 6331071.666523663327098 ], "geometry": { "type": "Polygon", "coordinates": [ [ [ 728219.317659267107956, 6331071.666523663327098 ], [ 743513.468911169911735, 6330369.881083589978516 ], [ 742801.648568811942823, 6315046.391427187249064 ], [ 727534.00652491080109, 6315745.748382431454957 ], [ 728219.317659267107956, 6331071.666523663327098 ] ] ] } },
{ "type": "Feature", "properties": { "id": 748, "cdep": "57", "dep": "Moselle", "nb": 8031, "nbobserver": 22, "nbesp": 50, "nbrar": 5, "nbesprar": 3, "occsol": "a" }, "bbox": [ 726851.072112219990231, 6299749.275337276048958, 742801.648568811942823, 6315745.748382431454957 ], "geometry": { "type": "Polygon", "coordinates": [ [ [ 727534.00652491080109, 6315745.748382431454957 ], [ 742801.648568811942823, 6315046.391427187249064 ], [ 742092.296493487083353, 6299749.275337276048958 ], [ 726851.072112219990231, 6300446.216411730274558 ], [ 727534.00652491080109, 6315745.748382431454957 ] ] ] } },
{ "type": "Feature", "properties": { "id": 749, "cdep": "57", "dep": "Moselle", "nb": 251, "nbobserver": 12, "nbesp": 34, "nbrar": 2, "nbesprar": 1, "occsol": "a" }, "bbox": [ 726170.502086767344736, 6284478.441749472171068, 742092.296493487083353, 6300446.216411730274558 ], "geometry": { "type": "Polygon", "coordinates": [ [ [ 726851.072112219990231, 6300446.216411730274558 ], [ 742092.296493487083353, 6299749.275337276048958 ], [ 741385.399878376745619, 6284478.441749472171068 ], [ 726170.502086767344736, 6285172.979460042901337 ], [ 726851.072112219990231, 6300446.216411730274558 ] ] ] } },
{ "type": "Feature", "properties": { "id": 750, "cdep": "57", "dep": "Moselle", "nb": 374, "nbobserver": 16, "nbesp": 36, "nbrar": 0, "nbesprar": 0, "occsol": "a" }, "bbox": [ 725492.284199270769022, 6269233.800070695579052, 741385.399878376745619, 6285172.979460042901337 ], "geometry": { "type": "Polygon", "coordinates": [ [ [ 726170.502086767344736, 6285172.979460042901337 ], [ 741385.399878376745619, 6284478.441749472171068 ], [ 740680.946005044854246, 6269233.800070695579052 ], [ 725492.284199270769022, 6269925.946847917512059 ], [ 726170.502086767344736, 6285172.979460042901337 ] ] ] } },
{ "type": "Feature", "properties": { "id": 751, "cdep": "57", "dep": "Moselle", "nb": 126, "nbobserver": 3, "nbesp": 24, "nbrar": 1, "nbesprar": 1, "occsol": "a" }, "bbox": [ 724816.40628486033529, 6254015.260175944305956, 740680.946005044854246, 6269925.946847917512059 ], "geometry": { "type": "Polygon", "coordinates": [ [ [ 725492.284199270769022, 6269925.946847917512059 ], [ 740680.946005044854246, 6269233.800070695579052 ], [ 739978.92224267788697, 6254015.260175944305956 ], [ 724816.40628486033529, 6254705.028364717029035 ], [ 725492.284199270769022, 6269925.946847917512059 ] ] ] } },
{ "type": "Feature", "properties": { "id": 752, "cdep": "57", "dep": "Moselle", "nb": 579, "nbobserver": 6, "nbesp": 41, "nbrar": 1, "nbesprar": 1, "occsol": "a" }, "bbox": [ 724142.856262352550402, 6238822.732405113056302, 739978.92224267788697, 6254705.028364717029035 ], "geometry": { "type": "Polygon", "coordinates": [ [ [ 724816.40628486033529, 6254705.028364717029035 ], [ 739978.92224267788697, 6254015.260175944305956 ], [ 739279.31604733155109, 6238822.732405113056302 ], [ 724142.856262352550402, 6239510.134265430271626 ], [ 724816.40628486033529, 6254705.028364717029035 ] ] ] } },
{ "type": "Feature", "properties": { "id": 753, "cdep": "57", "dep": "Moselle", "nb": 66, "nbobserver": 2, "nbesp": 18, "nbrar": 1, "nbesprar": 1, "occsol": "a" }, "bbox": [ 723471.622133533121087, 6223656.127559793181717, 739279.31604733155109, 6239510.134265430271626 ], "geometry": { "type": "Polygon", "coordinates": [ [ [ 724142.856262352550402, 6239510.134265430271626 ], [ 739279.31604733155109, 6238822.732405113056302 ], [ 738582.114961185958236, 6223656.127559793181717 ], [ 723471.622133533121087, 6224341.175267479382455 ], [ 724142.856262352550402, 6239510.134265430271626 ] ] ] } },
{ "type": "Feature", "properties": { "id": 754, "cdep": "54", "dep": "Meurthe-et-Moselle", "nb": 59, "nbobserver": 5, "nbesp": 16, "nbrar": 0, "nbesprar": 0, "occsol": "a" }, "bbox": [ 722802.691982445656322, 6208515.356900156475604, 738582.114961185958236, 6224341.175267479382455 ], "geometry": { "type": "Polygon", "coordinates": [ [ [ 723471.622133533121087, 6224341.175267479382455 ], [ 738582.114961185958236, 6223656.127559793181717 ], [ 737887.306611808133312, 6208515.356900156475604 ], [ 722802.691982445656322, 6209198.062547586858273 ], [ 723471.622133533121087, 6224341.175267479382455 ] ] ] } },
{ "type": "Feature", "properties": { "id": 755, "cdep": "54", "dep": "Meurthe-et-Moselle", "nb": 1347, "nbobserver": 29, "nbesp": 45, "nbrar": 3, "nbesprar": 3, "occsol": "a" }, "bbox": [ 722136.053974688751623, 6193400.332141827791929, 737887.306611808133312, 6209198.062547586858273 ], "geometry": { "type": "Polygon", "coordinates": [ [ [ 722802.691982445656322, 6209198.062547586858273 ], [ 737887.306611808133312, 6208515.356900156475604 ], [ 737194.878711422788911, 6193400.332141827791929 ], [ 722136.053974688751623, 6194080.707738641649485 ], [ 722802.691982445656322, 6209198.062547586858273 ] ] ] } },
{ "type": "Feature", "properties": { "id": 756, "cdep": "54", "dep": "Meurthe-et-Moselle", "nb": 92, "nbobserver": 5, "nbesp": 22, "nbrar": 0, "nbesprar": 0, "occsol": "a" }, "bbox": [ 721471.696356720174663, 6178310.96545279584825, 737194.878711422788911, 6194080.707738641649485 ], "geometry": { "type": "Polygon", "coordinates": [ [ [ 722136.053974688751623, 6194080.707738641649485 ], [ 737194.878711422788911, 6193400.332141827791929 ], [ 736504.819056189153343, 6178310.96545279584825 ], [ 721471.696356720174663, 6178989.022926595062017 ], [ 722136.053974688751623, 6194080.707738641649485 ] ] ] } },
{ "type": "Feature", "properties": { "id": 757, "cdep": "88", "dep": "Vosges", "nb": 36, "nbobserver": 2, "nbesp": 20, "nbrar": 0, "nbesprar": 0, "occsol": "a" }, "bbox": [ 720809.60745516710449, 6163247.169450351968408, 736504.819056189153343, 6178989.022926595062017 ], "geometry": { "type": "Polygon", "coordinates": [ [ [ 721471.696356720174663, 6178989.022926595062017 ], [ 736504.819056189153343, 6178310.96545279584825 ], [ 735817.115525486529805, 6163247.169450351968408 ], [ 720809.60745516710449, 6163922.920647404156625 ], [ 721471.696356720174663, 6178989.022926595062017 ] ] ] } },
{ "type": "Feature", "properties": { "id": 758, "cdep": "88", "dep": "Vosges", "nb": 76, "nbobserver": 4, "nbesp": 20, "nbrar": 0, "nbesprar": 0, "occsol": "a" }, "bbox": [ 720149.775676145218313, 6148208.857198042795062, 735817.115525486529805, 6163922.920647404156625 ], "geometry": { "type": "Polygon", "coordinates": [ [ [ 720809.60745516710449, 6163922.920647404156625 ], [ 735817.115525486529805, 6163247.169450351968408 ], [ 735131.756081206724048, 6148208.857198042795062 ], [ 720149.775676145218313, 6148882.313883977942169 ], [ 720809.60745516710449, 6163922.920647404156625 ] ] ] } },
{ "type": "Feature", "properties": { "id": 759, "cdep": "88", "dep": "Vosges", "nb": 419, "nbobserver": 19, "nbesp": 41, "nbrar": 0, "nbesprar": 0, "occsol": "n" }, "bbox": [ 719492.189504582784139, 6133195.942202668637037, 735131.756081206724048, 6148882.313883977942169 ], "geometry": { "type": "Polygon", "coordinates": [ [ [ 720149.775676145218313, 6148882.313883977942169 ], [ 735131.756081206724048, 6148208.857198042795062 ], [ 734448.728767053340562, 6133195.942202668637037 ], [ 719492.189504582784139, 6133867.11606315523386 ], [ 720149.775676145218313, 6148882.313883977942169 ] ] ] } },
{ "type": "Feature", "properties": { "id": 760, "cdep": "88", "dep": "Vosges", "nb": 422, "nbobserver": 21, "nbesp": 39, "nbrar": 4, "nbesprar": 1, "occsol": "n" }, "bbox": [ 718836.837503553251736, 6118208.338411294855177, 734448.728767053340562, 6133867.11606315523386 ], "geometry": { "type": "Polygon", "coordinates": [ [ [ 719492.189504582784139, 6133867.11606315523386 ], [ 734448.728767053340562, 6133195.942202668637037 ], [ 733768.021707848296501, 6118208.338411294855177 ], [ 718836.837503553251736, 6118877.241052716039121 ], [ 719492.189504582784139, 6133867.11606315523386 ] ] ] } },
{ "type": "Feature", "properties": { "id": 761, "cdep": "88", "dep": "Vosges", "nb": 232, "nbobserver": 12, "nbesp": 35, "nbrar": 0, "nbesprar": 0, "occsol": "n" }, "bbox": [ 718183.708313613431528, 6103245.960208280943334, 733768.021707848296501, 6118877.241052716039121 ], "geometry": { "type": "Polygon", "coordinates": [ [ [ 718836.837503553251736, 6118877.241052716039121 ], [ 733768.021707848296501, 6118208.338411294855177 ], [ 733089.623108846135437, 6103245.960208280943334 ], [ 718183.708313613431528, 6103912.603158416226506 ], [ 718836.837503553251736, 6118877.241052716039121 ] ] ] } },
{ "type": "Feature", "properties": { "id": 762, "cdep": "88", "dep": "Vosges", "nb": 218, "nbobserver": 8, "nbesp": 34, "nbrar": 1, "nbesprar": 1, "occsol": "n" }, "bbox": [ 717532.790652149007656, 6088308.722412345930934, 733089.623108846135437, 6103912.603158416226506 ], "geometry": { "type": "Polygon", "coordinates": [ [ [ 718183.708313613431528, 6103912.603158416226506 ], [ 733089.623108846135437, 6103245.960208280943334 ], [ 732413.521255053812638, 6088308.722412345930934 ], [ 717532.790652149007656, 6088973.117121024988592 ], [ 718183.708313613431528, 6103912.603158416226506 ] ] ] } },
{ "type": "Feature", "properties": { "id": 763, "cdep": "88", "dep": "Vosges", "nb": 0, "nbobserver": 0, "nbesp": 0, "nbrar": 0, "nbesprar": 0, "occsol": "n" }, "bbox": [ 716884.073312726453878, 6073396.540273663587868, 732413.521255053812638, 6088973.117121024988592 ], "geometry": { "type": "Polygon", "coordinates": [ [ [ 717532.790652149007656, 6088973.117121024988592 ], [ 732413.521255053812638, 6088308.722412345930934 ], [ 731739.704510559211485, 6073396.540273663587868 ], [ 716884.073312726453878, 6074058.698113424703479 ], [ 717532.790652149007656, 6088973.117121024988592 ] ] ] } },
{ "type": "Feature", "properties": { "id": 779, "cdep": "57", "dep": "Moselle", "nb": 0, "nbobserver": 0, "nbesp": 0, "nbrar": 0, "nbesprar": 0, "occsol": "n" }, "bbox": [ 742801.648568811942823, 6314320.501138149760664, 758805.139015057473443, 6330369.881083589978516 ], "geometry": { "type": "Polygon", "coordinates": [ [ [ 743513.468911169911735, 6330369.881083589978516 ], [ 758805.139015057473443, 6329641.470583666115999 ], [ 758066.82236053829547, 6314320.501138149760664 ], [ 742801.648568811942823, 6315046.391427187249064 ], [ 743513.468911169911735, 6330369.881083589978516 ] ] ] } },
{ "type": "Feature", "properties": { "id": 780, "cdep": "57", "dep": "Moselle", "nb": 7450, "nbobserver": 27, "nbesp": 47, "nbrar": 4, "nbesprar": 2, "occsol": "n" }, "bbox": [ 742092.296493487083353, 6299025.892181839793921, 758066.82236053829547, 6315046.391427187249064 ], "geometry": { "type": "Polygon", "coordinates": [ [ [ 742801.648568811942823, 6315046.391427187249064 ], [ 758066.82236053829547, 6314320.501138149760664 ], [ 757331.065429270034656, 6299025.892181839793921 ], [ 742092.296493487083353, 6299749.275337276048958 ], [ 742801.648568811942823, 6315046.391427187249064 ] ] ] } },
{ "type": "Feature", "properties": { "id": 781, "cdep": "57", "dep": "Moselle", "nb": 1248, "nbobserver": 31, "nbesp": 47, "nbrar": 3, "nbesprar": 2, "occsol": "n" }, "bbox": [ 741385.399878376745619, 6283757.552740726619959, 757331.065429270034656, 6299749.275337276048958 ], "geometry": { "type": "Polygon", "coordinates": [ [ [ 742092.296493487083353, 6299749.275337276048958 ], [ 757331.065429270034656, 6299025.892181839793921 ], [ 756597.854942810954526, 6283757.552740726619959 ], [ 741385.399878376745619, 6284478.441749472171068 ], [ 742092.296493487083353, 6299749.275337276048958 ] ] ] } },
{ "type": "Feature", "properties": { "id": 782, "cdep": "57", "dep": "Moselle", "nb": 154, "nbobserver": 8, "nbesp": 26, "nbrar": 0, "nbesprar": 0, "occsol": "a" }, "bbox": [ 740680.946005044854246, 6268515.392311329953372, 756597.854942810954526, 6284478.441749472171068 ], "geometry": { "type": "Polygon", "coordinates": [ [ [ 741385.399878376745619, 6284478.441749472171068 ], [ 756597.854942810954526, 6283757.552740726619959 ], [ 755867.177714332006872, 6268515.392311329953372 ], [ 740680.946005044854246, 6269233.800070695579052 ], [ 741385.399878376745619, 6284478.441749472171068 ] ] ] } },
{ "type": "Feature", "properties": { "id": 783, "cdep": "57", "dep": "Moselle", "nb": 0, "nbobserver": 0, "nbesp": 0, "nbrar": 0, "nbesprar": 0, "occsol": "a" }, "bbox": [ 739978.92224267788697, 6253299.320857477374375, 755867.177714332006872, 6269233.800070695579052 ], "geometry": { "type": "Polygon", "coordinates": [ [ [ 740680.946005044854246, 6269233.800070695579052 ], [ 755867.177714332006872, 6268515.392311329953372 ], [ 755139.020647828816436, 6253299.320857477374375 ], [ 739978.92224267788697, 6254015.260175944305956 ], [ 740680.946005044854246, 6269233.800070695579052 ] ] ] } },
{ "type": "Feature", "properties": { "id": 784, "cdep": "57", "dep": "Moselle", "nb": 371, "nbobserver": 7, "nbesp": 36, "nbrar": 0, "nbesprar": 0, "occsol": "a" }, "bbox": [ 739279.31604733155109, 6238109.248807119205594, 755139.020647828816436, 6254015.260175944305956 ], "geometry": { "type": "Polygon", "coordinates": [ [ [ 739978.92224267788697, 6254015.260175944305956 ], [ 755139.020647828816436, 6253299.320857477374375 ], [ 754413.370737340883352, 6238109.248807119205594 ], [ 739279.31604733155109, 6238822.732405113056302 ], [ 739978.92224267788697, 6254015.260175944305956 ] ] ] } },
{ "type": "Feature", "properties": { "id": 785, "cdep": "57", "dep": "Moselle", "nb": 28, "nbobserver": 2, "nbesp": 11, "nbrar": 0, "nbesprar": 0, "occsol": "a" }, "bbox": [ 738582.114961185958236, 6222945.087049162946641, 754413.370737340883352, 6238822.732405113056302 ], "geometry": { "type": "Polygon", "coordinates": [ [ [ 739279.31604733155109, 6238822.732405113056302 ], [ 754413.370737340883352, 6238109.248807119205594 ], [ 753690.215066180215217, 6222945.087049162946641 ], [ 738582.114961185958236, 6223656.127559793181717 ], [ 739279.31604733155109, 6238822.732405113056302 ] ] ] } },
{ "type": "Feature", "properties": { "id": 786, "cdep": "54", "dep": "Meurthe-et-Moselle", "nb": 51, "nbobserver": 2, "nbesp": 16, "nbrar": 0, "nbesprar": 0, "occsol": "a" }, "bbox": [ 737887.306611808133312, 6207806.746930344030261, 753690.215066180215217, 6223656.127559793181717 ], "geometry": { "type": "Polygon", "coordinates": [ [ [ 738582.114961185958236, 6223656.127559793181717 ], [ 753690.215066180215217, 6222945.087049162946641 ], [ 752969.540806167409755, 6207806.746930344030261 ], [ 737887.306611808133312, 6208515.356900156475604 ], [ 738582.114961185958236, 6223656.127559793181717 ] ] ] } },
{ "type": "Feature", "properties": { "id": 787, "cdep": "54", "dep": "Meurthe-et-Moselle", "nb": 92, "nbobserver": 7, "nbesp": 26, "nbrar": 0, "nbesprar": 0, "occsol": "a" }, "bbox": [ 737194.878711422788911, 6192694.14025210775435, 752969.540806167409755, 6208515.356900156475604 ], "geometry": { "type": "Polygon", "coordinates": [ [ [ 737887.306611808133312, 6208515.356900156475604 ], [ 752969.540806167409755, 6207806.746930344030261 ], [ 752251.335216874838807, 6192694.14025210775435 ], [ 737194.878711422788911, 6193400.332141827791929 ], [ 737887.306611808133312, 6208515.356900156475604 ] ] ] } },
{ "type": "Feature", "properties": { "id": 788, "cdep": "54", "dep": "Meurthe-et-Moselle", "nb": 166, "nbobserver": 6, "nbesp": 26, "nbrar": 0, "nbesprar": 0, "occsol": "a" }, "bbox": [ 736504.819056189153343, 6177607.179267534986138, 752251.335216874838807, 6193400.332141827791929 ], "geometry": { "type": "Polygon", "coordinates": [ [ [ 737194.878711422788911, 6193400.332141827791929 ], [ 752251.335216874838807, 6192694.14025210775435 ], [ 751535.585644878796302, 6177607.179267534986138 ], [ 736504.819056189153343, 6178310.96545279584825 ], [ 737194.878711422788911, 6193400.332141827791929 ] ] ] } },
{ "type": "Feature", "properties": { "id": 789, "cdep": "88", "dep": "Vosges", "nb": 437, "nbobserver": 8, "nbesp": 38, "nbrar": 1, "nbesprar": 1, "occsol": "n" }, "bbox": [ 735817.115525486529805, 6162545.776678281836212, 751535.585644878796302, 6178310.96545279584825 ], "geometry": { "type": "Polygon", "coordinates": [ [ [ 736504.819056189153343, 6178310.96545279584825 ], [ 751535.585644878796302, 6177607.179267534986138 ], [ 750822.279523018281907, 6162545.776678281836212 ], [ 735817.115525486529805, 6163247.169450351968408 ], [ 736504.819056189153343, 6178310.96545279584825 ] ] ] } },
{ "type": "Feature", "properties": { "id": 790, "cdep": "88", "dep": "Vosges", "nb": 27, "nbobserver": 1, "nbesp": 14, "nbrar": 0, "nbesprar": 0, "occsol": "n" }, "bbox": [ 735131.756081206724048, 6147509.845631550997496, 750822.279523018281907, 6163247.169450351968408 ], "geometry": { "type": "Polygon", "coordinates": [ [ [ 735817.115525486529805, 6163247.169450351968408 ], [ 750822.279523018281907, 6162545.776678281836212 ], [ 750111.404369661468081, 6147509.845631550997496 ], [ 735131.756081206724048, 6148208.857198042795062 ], [ 735817.115525486529805, 6163247.169450351968408 ] ] ] } },
{ "type": "Feature", "properties": { "id": 791, "cdep": "88", "dep": "Vosges", "nb": 220, "nbobserver": 7, "nbesp": 31, "nbrar": 0, "nbesprar": 0, "occsol": "n" }, "bbox": [ 734448.728767053340562, 6132499.299717078916728, 750111.404369661468081, 6148208.857198042795062 ], "geometry": { "type": "Polygon", "coordinates": [ [ [ 735131.756081206724048, 6148208.857198042795062 ], [ 750111.404369661468081, 6147509.845631550997496 ], [ 749402.947787980549037, 6132499.299717078916728 ], [ 734448.728767053340562, 6133195.942202668637037 ], [ 735131.756081206724048, 6148208.857198042795062 ] ] ] } },
{ "type": "Feature", "properties": { "id": 792, "cdep": "88", "dep": "Vosges", "nb": 127, "nbobserver": 6, "nbesp": 28, "nbrar": 1, "nbesprar": 1, "occsol": "n" }, "bbox": [ 733768.021707848296501, 6117514.052964169532061, 749402.947787980549037, 6133195.942202668637037 ], "geometry": { "type": "Polygon", "coordinates": [ [ [ 734448.728767053340562, 6133195.942202668637037 ], [ 749402.947787980549037, 6132499.299717078916728 ], [ 748696.897465232526883, 6117514.052964169532061 ], [ 733768.021707848296501, 6118208.338411294855177 ], [ 734448.728767053340562, 6133195.942202668637037 ] ] ] } },
{ "type": "Feature", "properties": { "id": 793, "cdep": "88", "dep": "Vosges", "nb": 624, "nbobserver": 23, "nbesp": 40, "nbrar": 1, "nbesprar": 1, "occsol": "n" }, "bbox": [ 733089.623108846135437, 6102554.019838726148009, 748696.897465232526883, 6118208.338411294855177 ], "geometry": { "type": "Polygon", "coordinates": [ [ [ 733768.021707848296501, 6118208.338411294855177 ], [ 748696.897465232526883, 6117514.052964169532061 ], [ 747993.241172048728913, 6102554.019838726148009 ], [ 733089.623108846135437, 6103245.960208280943334 ], [ 733768.021707848296501, 6118208.338411294855177 ] ] ] } },
{ "type": "Feature", "properties": { "id": 794, "cdep": "88", "dep": "Vosges", "nb": 16, "nbobserver": 3, "nbesp": 11, "nbrar": 0, "nbesprar": 0, "occsol": "n" }, "bbox": [ 732413.521255053812638, 6087619.115240322425961, 747993.241172048728913, 6103245.960208280943334 ], "geometry": { "type": "Polygon", "coordinates": [ [ [ 733089.623108846135437, 6103245.960208280943334 ], [ 747993.241172048728913, 6102554.019838726148009 ], [ 747291.966761730029248, 6087619.115240322425961 ], [ 732413.521255053812638, 6088308.722412345930934 ], [ 733089.623108846135437, 6103245.960208280943334 ] ] ] } },
{ "type": "Feature", "properties": { "id": 795, "cdep": "88", "dep": "Vosges", "nb": 0, "nbobserver": 0, "nbesp": 0, "nbrar": 0, "nbesprar": 0, "occsol": "n" }, "bbox": [ 731739.704510559211485, 6072709.254499304108322, 747291.966761730029248, 6088308.722412345930934 ], "geometry": { "type": "Polygon", "coordinates": [ [ [ 732413.521255053812638, 6088308.722412345930934 ], [ 747291.966761730029248, 6087619.115240322425961 ], [ 746593.062169551150873, 6072709.254499304108322 ], [ 731739.704510559211485, 6073396.540273663587868 ], [ 732413.521255053812638, 6088308.722412345930934 ] ] ] } },
{ "type": "Feature", "properties": { "id": 812, "cdep": "57", "dep": "Moselle", "nb": 631, "nbobserver": 20, "nbesp": 43, "nbrar": 4, "nbesprar": 1, "occsol": "u" }, "bbox": [ 757331.065429270034656, 6298276.079941174015403, 773329.436444414895959, 6314320.501138149760664 ], "geometry": { "type": "Polygon", "coordinates": [ [ [ 758066.82236053829547, 6314320.501138149760664 ], [ 773329.436444414895959, 6313568.090601401403546 ], [ 772567.287935512023978, 6298276.079941174015403 ], [ 757331.065429270034656, 6299025.892181839793921 ], [ 758066.82236053829547, 6314320.501138149760664 ] ] ] } },
{ "type": "Feature", "properties": { "id": 813, "cdep": "57", "dep": "Moselle", "nb": 561, "nbobserver": 27, "nbesp": 42, "nbrar": 0, "nbesprar": 0, "occsol": "a" }, "bbox": [ 756597.854942810954526, 6283010.325340013019741, 772567.287935512023978, 6299025.892181839793921 ], "geometry": { "type": "Polygon", "coordinates": [ [ [ 757331.065429270034656, 6299025.892181839793921 ], [ 772567.287935512023978, 6298276.079941174015403 ], [ 771807.776764402049594, 6283010.325340013019741 ], [ 756597.854942810954526, 6283757.552740726619959 ], [ 757331.065429270034656, 6299025.892181839793921 ] ] ] } },
{ "type": "Feature", "properties": { "id": 814, "cdep": "57", "dep": "Moselle", "nb": 218, "nbobserver": 9, "nbesp": 24, "nbrar": 0, "nbesprar": 0, "occsol": "a" }, "bbox": [ 755867.177714332006872, 6267770.736387246288359, 771807.776764402049594, 6283757.552740726619959 ], "geometry": { "type": "Polygon", "coordinates": [ [ [ 756597.854942810954526, 6283757.552740726619959 ], [ 771807.776764402049594, 6283010.325340013019741 ], [ 771050.889276650850661, 6267770.736387246288359 ], [ 755867.177714332006872, 6268515.392311329953372 ], [ 756597.854942810954526, 6283757.552740726619959 ] ] ] } },
{ "type": "Feature", "properties": { "id": 815, "cdep": "57", "dep": "Moselle", "nb": 105, "nbobserver": 6, "nbesp": 25, "nbrar": 0, "nbesprar": 0, "occsol": "a" }, "bbox": [ 755139.020647828816436, 6252557.223138716071844, 771050.889276650850661, 6268515.392311329953372 ], "geometry": { "type": "Polygon", "coordinates": [ [ [ 755867.177714332006872, 6268515.392311329953372 ], [ 771050.889276650850661, 6267770.736387246288359 ], [ 770296.611911842948757, 6252557.223138716071844 ], [ 755139.020647828816436, 6253299.320857477374375 ], [ 755867.177714332006872, 6268515.392311329953372 ] ] ] } },
{ "type": "Feature", "properties": { "id": 816, "cdep": "57", "dep": "Moselle", "nb": 787, "nbobserver": 2, "nbesp": 40, "nbrar": 0, "nbesprar": 0, "occsol": "a" }, "bbox": [ 754413.370737340883352, 6237369.696113590151072, 770296.611911842948757, 6253299.320857477374375 ], "geometry": { "type": "Polygon", "coordinates": [ [ [ 755139.020647828816436, 6253299.320857477374375 ], [ 770296.611911842948757, 6252557.223138716071844 ], [ 769544.931202773819678, 6237369.696113590151072 ], [ 754413.370737340883352, 6238109.248807119205594 ], [ 755139.020647828816436, 6253299.320857477374375 ] ] ] } },
{ "type": "Feature", "properties": { "id": 817, "cdep": "57", "dep": "Moselle", "nb": 146, "nbobserver": 4, "nbesp": 21, "nbrar": 0, "nbesprar": 0, "occsol": "a" }, "bbox": [ 753690.215066180215217, 6222208.066291217692196, 769544.931202773819678, 6238109.248807119205594 ], "geometry": { "type": "Polygon", "coordinates": [ [ [ 754413.370737340883352, 6238109.248807119205594 ], [ 769544.931202773819678, 6237369.696113590151072 ], [ 768795.833774651749991, 6222208.066291217692196 ], [ 753690.215066180215217, 6222945.087049162946641 ], [ 754413.370737340883352, 6238109.248807119205594 ] ] ] } },
{ "type": "Feature", "properties": { "id": 818, "cdep": "57", "dep": "Moselle", "nb": 55, "nbobserver": 4, "nbesp": 24, "nbrar": 0, "nbesprar": 0, "occsol": "a" }, "bbox": [ 752969.540806167409755, 6207072.245107996277511, 768795.833774651749991, 6222945.087049162946641 ], "geometry": { "type": "Polygon", "coordinates": [ [ [ 753690.215066180215217, 6222945.087049162946641 ], [ 768795.833774651749991, 6222208.066291217692196 ], [ 768049.306344306445681, 6207072.245107996277511 ], [ 752969.540806167409755, 6207806.746930344030261 ], [ 753690.215066180215217, 6222945.087049162946641 ] ] ] } },
{ "type": "Feature", "properties": { "id": 819, "cdep": "54", "dep": "Meurthe-et-Moselle", "nb": 37, "nbobserver": 6, "nbesp": 20, "nbrar": 0, "nbesprar": 0, "occsol": "a" }, "bbox": [ 752251.335216874838807, 6191962.144454279914498, 768049.306344306445681, 6207806.746930344030261 ], "geometry": { "type": "Polygon", "coordinates": [ [ [ 752969.540806167409755, 6207806.746930344030261 ], [ 768049.306344306445681, 6207072.245107996277511 ], [ 767305.335719407186843, 6191962.144454279914498 ], [ 752251.335216874838807, 6192694.14025210775435 ], [ 752969.540806167409755, 6207806.746930344030261 ] ] ] } },
{ "type": "Feature", "properties": { "id": 820, "cdep": "54", "dep": "Meurthe-et-Moselle", "nb": 67, "nbobserver": 6, "nbesp": 28, "nbrar": 0, "nbesprar": 0, "occsol": "n" }, "bbox": [ 751535.585644878796302, 6176877.676671287044883, 767305.335719407186843, 6192694.14025210775435 ], "geometry": { "type": "Polygon", "coordinates": [ [ [ 752251.335216874838807, 6192694.14025210775435 ], [ 767305.335719407186843, 6191962.144454279914498 ], [ 766563.908797687734477, 6176877.676671287044883 ], [ 751535.585644878796302, 6177607.179267534986138 ], [ 752251.335216874838807, 6192694.14025210775435 ] ] ] } },
{ "type": "Feature", "properties": { "id": 821, "cdep": "88", "dep": "Vosges", "nb": 261, "nbobserver": 12, "nbesp": 33, "nbrar": 0, "nbesprar": 0, "occsol": "n" }, "bbox": [ 750822.279523018281907, 6161818.754548069089651, 766563.908797687734477, 6177607.179267534986138 ], "geometry": { "type": "Polygon", "coordinates": [ [ [ 751535.585644878796302, 6177607.179267534986138 ], [ 766563.908797687734477, 6176877.676671287044883 ], [ 765825.012566179735586, 6161818.754548069089651 ], [ 750822.279523018281907, 6162545.776678281836212 ], [ 751535.585644878796302, 6177607.179267534986138 ] ] ] } },
{ "type": "Feature", "properties": { "id": 822, "cdep": "88", "dep": "Vosges", "nb": 196, "nbobserver": 4, "nbesp": 31, "nbrar": 0, "nbesprar": 0, "occsol": "n" }, "bbox": [ 750111.404369661468081, 6146785.291318475268781, 765825.012566179735586, 6162545.776678281836212 ], "geometry": { "type": "Polygon", "coordinates": [ [ [ 750822.279523018281907, 6162545.776678281836212 ], [ 765825.012566179735586, 6161818.754548069089651 ], [ 765088.634100454277359, 6146785.291318475268781 ], [ 750111.404369661468081, 6147509.845631550997496 ], [ 750822.279523018281907, 6162545.776678281836212 ] ] ] } },
{ "type": "Feature", "properties": { "id": 823, "cdep": "88", "dep": "Vosges", "nb": 288, "nbobserver": 10, "nbesp": 32, "nbrar": 0, "nbesprar": 0, "occsol": "n" }, "bbox": [ 749402.947787980549037, 6131777.200658162124455, 765088.634100454277359, 6147509.845631550997496 ], "geometry": { "type": "Polygon", "coordinates": [ [ [ 750111.404369661468081, 6147509.845631550997496 ], [ 765088.634100454277359, 6146785.291318475268781 ], [ 764354.760563870193437, 6131777.200658162124455 ], [ 749402.947787980549037, 6132499.299717078916728 ], [ 750111.404369661468081, 6147509.845631550997496 ] ] ] } },
{ "type": "Feature", "properties": { "id": 824, "cdep": "88", "dep": "Vosges", "nb": 499, "nbobserver": 15, "nbesp": 40, "nbrar": 2, "nbesprar": 1, "occsol": "n" }, "bbox": [ 748696.897465232526883, 6116794.396681619808078, 764354.760563870193437, 6132499.299717078916728 ], "geometry": { "type": "Polygon", "coordinates": [ [ [ 749402.947787980549037, 6132499.299717078916728 ], [ 764354.760563870193437, 6131777.200658162124455 ], [ 763623.379206830635667, 6116794.396681619808078 ], [ 748696.897465232526883, 6117514.052964169532061 ], [ 749402.947787980549037, 6132499.299717078916728 ] ] ] } },
{ "type": "Feature", "properties": { "id": 825, "cdep": "88", "dep": "Vosges", "nb": 278, "nbobserver": 14, "nbesp": 29, "nbrar": 0, "nbesprar": 0, "occsol": "n" }, "bbox": [ 747993.241172048728913, 6101836.793939217925072, 763623.379206830635667, 6117514.052964169532061 ], "geometry": { "type": "Polygon", "coordinates": [ [ [ 748696.897465232526883, 6117514.052964169532061 ], [ 763623.379206830635667, 6116794.396681619808078 ], [ 762894.477366047911346, 6101836.793939217925072 ], [ 747993.241172048728913, 6102554.019838726148009 ], [ 748696.897465232526883, 6117514.052964169532061 ] ] ] } },
{ "type": "Feature", "properties": { "id": 826, "cdep": "88", "dep": "Vosges", "nb": 294, "nbobserver": 12, "nbesp": 34, "nbrar": 0, "nbesprar": 0, "occsol": "n" }, "bbox": [ 747291.966761730029248, 6086904.307414288632572, 762894.477366047911346, 6102554.019838726148009 ], "geometry": { "type": "Polygon", "coordinates": [ [ [ 747993.241172048728913, 6102554.019838726148009 ], [ 762894.477366047911346, 6101836.793939217925072 ], [ 762168.042463813791983, 6086904.307414288632572 ], [ 747291.966761730029248, 6087619.115240322425961 ], [ 747993.241172048728913, 6102554.019838726148009 ] ] ] } },
{ "type": "Feature", "properties": { "id": 827, "cdep": "88", "dep": "Vosges", "nb": 725, "nbobserver": 4, "nbesp": 33, "nbrar": 1, "nbesprar": 1, "occsol": "n" }, "bbox": [ 746593.062169551150873, 6071996.852520228363574, 762168.042463813791983, 6087619.115240322425961 ], "geometry": { "type": "Polygon", "coordinates": [ [ [ 747291.966761730029248, 6087619.115240322425961 ], [ 762168.042463813791983, 6086904.307414288632572 ], [ 761444.062007279135287, 6071996.852520228363574 ], [ 746593.062169551150873, 6072709.254499304108322 ], [ 747291.966761730029248, 6087619.115240322425961 ] ] ] } },
{ "type": "Feature", "properties": { "id": 844, "cdep": "57", "dep": "Moselle", "nb": 212, "nbobserver": 13, "nbesp": 33, "nbrar": 0, "nbesprar": 0, "occsol": "a" }, "bbox": [ 772567.287935512023978, 6297499.852080585435033, 788589.399457173421979, 6313568.090601401403546 ], "geometry": { "type": "Polygon", "coordinates": [ [ [ 773329.436444414895959, 6313568.090601401403546 ], [ 788589.399457173421979, 6312789.173375817015767 ], [ 787800.873119766707532, 6297499.852080585435033 ], [ 772567.287935512023978, 6298276.079941174015403 ], [ 773329.436444414895959, 6313568.090601401403546 ] ] ] } },
{ "type": "Feature", "properties": { "id": 845, "cdep": "57", "dep": "Moselle", "nb": 2117, "nbobserver": 31, "nbesp": 48, "nbrar": 9, "nbesprar": 2, "occsol": "a" }, "bbox": [ 771807.776764402049594, 6282236.772919879294932, 787800.873119766707532, 6298276.079941174015403 ], "geometry": { "type": "Polygon", "coordinates": [ [ [ 772567.287935512023978, 6298276.079941174015403 ], [ 787800.873119766707532, 6297499.852080585435033 ], [ 787015.074918303871527, 6282236.772919879294932 ], [ 771807.776764402049594, 6283010.325340013019741 ], [ 772567.287935512023978, 6298276.079941174015403 ] ] ] } },
{ "type": "Feature", "properties": { "id": 846, "cdep": "57", "dep": "Moselle", "nb": 2180, "nbobserver": 17, "nbesp": 41, "nbrar": 2, "nbesprar": 1, "occsol": "a" }, "bbox": [ 771050.889276650850661, 6266999.845579030923545, 787015.074918303871527, 6283010.325340013019741 ], "geometry": { "type": "Polygon", "coordinates": [ [ [ 771807.776764402049594, 6283010.325340013019741 ], [ 787015.074918303871527, 6282236.772919879294932 ], [ 786231.990731561556458, 6266999.845579030923545 ], [ 771050.889276650850661, 6267770.736387246288359 ], [ 771807.776764402049594, 6283010.325340013019741 ] ] ] } },
{ "type": "Feature", "properties": { "id": 847, "cdep": "67", "dep": "Bas-Rhin", "nb": 93, "nbobserver": 5, "nbesp": 24, "nbrar": 0, "nbesprar": 0, "occsol": "a" }, "bbox": [ 770296.611911842948757, 6251788.980209072120488, 786231.990731561556458, 6267770.736387246288359 ], "geometry": { "type": "Polygon", "coordinates": [ [ [ 771050.889276650850661, 6267770.736387246288359 ], [ 786231.990731561556458, 6266999.845579030923545 ], [ 785451.606535520055331, 6251788.980209072120488 ], [ 770296.611911842948757, 6252557.223138716071844 ], [ 771050.889276650850661, 6267770.736387246288359 ] ] ] } },
{ "type": "Feature", "properties": { "id": 848, "cdep": "57", "dep": "Moselle", "nb": 92, "nbobserver": 7, "nbesp": 27, "nbrar": 0, "nbesprar": 0, "occsol": "a" }, "bbox": [ 769544.931202773819678, 6236604.087423543445766, 785451.606535520055331, 6252557.223138716071844 ], "geometry": { "type": "Polygon", "coordinates": [ [ [ 770296.611911842948757, 6252557.223138716071844 ], [ 785451.606535520055331, 6251788.980209072120488 ], [ 784673.908402529894374, 6236604.087423543445766 ], [ 769544.931202773819678, 6237369.696113590151072 ], [ 770296.611911842948757, 6252557.223138716071844 ] ] ] } },
{ "type": "Feature", "properties": { "id": 849, "cdep": "57", "dep": "Moselle", "nb": 283, "nbobserver": 6, "nbesp": 26, "nbrar": 1, "nbesprar": 1, "occsol": "a" }, "bbox": [ 768795.833774651749991, 6221445.078295354731381, 784673.908402529894374, 6237369.696113590151072 ], "geometry": { "type": "Polygon", "coordinates": [ [ [ 769544.931202773819678, 6237369.696113590151072 ], [ 784673.908402529894374, 6236604.087423543445766 ], [ 783898.882500486099161, 6221445.078295354731381 ], [ 768795.833774651749991, 6222208.066291217692196 ], [ 769544.931202773819678, 6237369.696113590151072 ] ] ] } },
{ "type": "Feature", "properties": { "id": 850, "cdep": "57", "dep": "Moselle", "nb": 147, "nbobserver": 7, "nbesp": 26, "nbrar": 0, "nbesprar": 0, "occsol": "a" }, "bbox": [ 768049.306344306445681, 6206311.864353663288057, 783898.882500486099161, 6222208.066291217692196 ], "geometry": { "type": "Polygon", "coordinates": [ [ [ 768795.833774651749991, 6222208.066291217692196 ], [ 783898.882500486099161, 6221445.078295354731381 ], [ 783126.51509201026056, 6206311.864353663288057 ], [ 768049.306344306445681, 6207072.245107996277511 ], [ 768795.833774651749991, 6222208.066291217692196 ] ] ] } },
{ "type": "Feature", "properties": { "id": 851, "cdep": "54", "dep": "Meurthe-et-Moselle", "nb": 703, "nbobserver": 6, "nbesp": 38, "nbrar": 0, "nbesprar": 0, "occsol": "n" }, "bbox": [ 767305.335719407186843, 6191204.357580793090165, 783126.51509201026056, 6207072.245107996277511 ], "geometry": { "type": "Polygon", "coordinates": [ [ [ 768049.306344306445681, 6207072.245107996277511 ], [ 783126.51509201026056, 6206311.864353663288057 ], [ 782356.792533642728813, 6191204.357580793090165 ], [ 767305.335719407186843, 6191962.144454279914498 ], [ 768049.306344306445681, 6207072.245107996277511 ] ] ] } },
{ "type": "Feature", "properties": { "id": 852, "cdep": "54", "dep": "Meurthe-et-Moselle", "nb": 82, "nbobserver": 6, "nbesp": 23, "nbrar": 1, "nbesprar": 1, "occsol": "n" }, "bbox": [ 766563.908797687734477, 6176122.470409154891968, 782356.792533642728813, 6191962.144454279914498 ], "geometry": { "type": "Polygon", "coordinates": [ [ [ 767305.335719407186843, 6191962.144454279914498 ], [ 782356.792533642728813, 6191204.357580793090165 ], [ 781589.701275041559711, 6176122.470409154891968 ], [ 766563.908797687734477, 6176877.676671287044883 ], [ 767305.335719407186843, 6191962.144454279914498 ] ] ] } },
{ "type": "Feature", "properties": { "id": 853, "cdep": "88", "dep": "Vosges", "nb": 355, "nbobserver": 13, "nbesp": 34, "nbrar": 0, "nbesprar": 0, "occsol": "n" }, "bbox": [ 765825.012566179735586, 6161066.115718205459416, 781589.701275041559711, 6176877.676671287044883 ], "geometry": { "type": "Polygon", "coordinates": [ [ [ 766563.908797687734477, 6176877.676671287044883 ], [ 781589.701275041559711, 6176122.470409154891968 ], [ 780825.22785819019191, 6161066.115718205459416 ], [ 765825.012566179735586, 6161818.754548069089651 ], [ 766563.908797687734477, 6176877.676671287044883 ] ] ] } },
{ "type": "Feature", "properties": { "id": 854, "cdep": "88", "dep": "Vosges", "nb": 6630, "nbobserver": 36, "nbesp": 49, "nbrar": 8, "nbesprar": 3, "occsol": "n" }, "bbox": [ 765088.634100454277359, 6146035.206831439398229, 780825.22785819019191, 6161818.754548069089651 ], "geometry": { "type": "Polygon", "coordinates": [ [ [ 765825.012566179735586, 6161818.754548069089651 ], [ 780825.22785819019191, 6161066.115718205459416 ], [ 780063.358916613156907, 6146035.206831439398229 ], [ 765088.634100454277359, 6146785.291318475268781 ], [ 765825.012566179735586, 6161818.754548069089651 ] ] ] } },
{ "type": "Feature", "properties": { "id": 855, "cdep": "88", "dep": "Vosges", "nb": 2115, "nbobserver": 18, "nbesp": 47, "nbrar": 3, "nbesprar": 2, "occsol": "n" }, "bbox": [ 764354.760563870193437, 6131029.657513397745788, 780063.358916613156907, 6146785.291318475268781 ], "geometry": { "type": "Polygon", "coordinates": [ [ [ 765088.634100454277359, 6146785.291318475268781 ], [ 780063.358916613156907, 6146035.206831439398229 ], [ 779304.081174599705264, 6131029.657513397745788 ], [ 764354.760563870193437, 6131777.200658162124455 ], [ 765088.634100454277359, 6146785.291318475268781 ] ] ] } },
{ "type": "Feature", "properties": { "id": 856, "cdep": "88", "dep": "Vosges", "nb": 717, "nbobserver": 16, "nbesp": 45, "nbrar": 2, "nbesprar": 2, "occsol": "n" }, "bbox": [ 763623.379206830635667, 6116049.381966697052121, 779304.081174599705264, 6131777.200658162124455 ], "geometry": { "type": "Polygon", "coordinates": [ [ [ 764354.760563870193437, 6131777.200658162124455 ], [ 779304.081174599705264, 6131029.657513397745788 ], [ 778547.381446435349062, 6116049.381966697052121 ], [ 763623.379206830635667, 6116794.396681619808078 ], [ 764354.760563870193437, 6131777.200658162124455 ] ] ] } },
{ "type": "Feature", "properties": { "id": 857, "cdep": "88", "dep": "Vosges", "nb": 218, "nbobserver": 4, "nbesp": 22, "nbrar": 0, "nbesprar": 0, "occsol": "n" }, "bbox": [ 762894.477366047911346, 6101094.294829100370407, 778547.381446435349062, 6116794.396681619808078 ], "geometry": { "type": "Polygon", "coordinates": [ [ [ 763623.379206830635667, 6116794.396681619808078 ], [ 778547.381446435349062, 6116049.381966697052121 ], [ 777793.246635641669855, 6101094.294829100370407 ], [ 762894.477366047911346, 6101836.793939217925072 ], [ 763623.379206830635667, 6116794.396681619808078 ] ] ] } },
{ "type": "Feature", "properties": { "id": 858, "cdep": "88", "dep": "Vosges", "nb": 592, "nbobserver": 8, "nbesp": 42, "nbrar": 1, "nbesprar": 1, "occsol": "n" }, "bbox": [ 762168.042463813791983, 6086164.311170583590865, 777793.246635641669855, 6101836.793939217925072 ], "geometry": { "type": "Polygon", "coordinates": [ [ [ 762894.477366047911346, 6101836.793939217925072 ], [ 777793.246635641669855, 6101094.294829100370407 ], [ 777041.663734222063795, 6086164.311170583590865 ], [ 762168.042463813791983, 6086904.307414288632572 ], [ 762894.477366047911346, 6101836.793939217925072 ] ] ] } },
{ "type": "Feature", "properties": { "id": 859, "cdep": "68", "dep": "Haut-Rhin", "nb": 7, "nbobserver": 2, "nbesp": 6, "nbrar": 0, "nbesprar": 0, "occsol": "n" }, "bbox": [ 761444.062007279135287, 6071259.346490464173257, 777041.663734222063795, 6086904.307414288632572 ], "geometry": { "type": "Polygon", "coordinates": [ [ [ 762168.042463813791983, 6086904.307414288632572 ], [ 777041.663734222063795, 6086164.311170583590865 ], [ 776292.619821918196976, 6071259.346490464173257 ], [ 761444.062007279135287, 6071996.852520228363574 ], [ 762168.042463813791983, 6086904.307414288632572 ] ] ] } },
{ "type": "Feature", "properties": { "id": 860, "cdep": "68", "dep": "Haut-Rhin", "nb": 13, "nbobserver": 1, "nbesp": 13, "nbrar": 0, "nbesprar": 0, "occsol": "n" }, "bbox": [ 760722.523587739560753, 6056379.316714515909553, 776292.619821918196976, 6071996.852520228363574 ], "geometry": { "type": "Polygon", "coordinates": [ [ [ 761444.062007279135287, 6071996.852520228363574 ], [ 776292.619821918196976, 6071259.346490464173257 ], [ 775546.102065470302477, 6056379.316714515909553 ], [ 760722.523587739560753, 6057114.34509761352092 ], [ 761444.062007279135287, 6071996.852520228363574 ] ] ] } },
{ "type": "Feature", "properties": { "id": 876, "cdep": "57", "dep": "Moselle", "nb": 0, "nbobserver": 0, "nbesp": 0, "nbrar": 0, "nbesprar": 0, "occsol": "a" }, "bbox": [ 787800.873119766707532, 6296697.222534120082855, 803846.620131199946627, 6312789.173375817015767 ], "geometry": { "type": "Polygon", "coordinates": [ [ [ 788589.399457173421979, 6312789.173375817015767 ], [ 803846.620131199946627, 6311983.763492232188582 ], [ 803031.730184418032877, 6296697.222534120082855 ], [ 787800.873119766707532, 6297499.852080585435033 ], [ 788589.399457173421979, 6312789.173375817015767 ] ] ] } },
{ "type": "Feature", "properties": { "id": 877, "cdep": "57", "dep": "Moselle", "nb": 1063, "nbobserver": 27, "nbesp": 44, "nbrar": 3, "nbesprar": 1, "occsol": "a" }, "bbox": [ 787015.074918303871527, 6281436.909318403340876, 803031.730184418032877, 6297499.852080585435033 ], "geometry": { "type": "Polygon", "coordinates": [ [ [ 787800.873119766707532, 6297499.852080585435033 ], [ 803031.730184418032877, 6296697.222534120082855 ], [ 802219.659073685761541, 6281436.909318403340876 ], [ 787015.074918303871527, 6282236.772919879294932 ], [ 787800.873119766707532, 6297499.852080585435033 ] ] ] } },
{ "type": "Feature", "properties": { "id": 878, "cdep": "67", "dep": "Bas-Rhin", "nb": 244, "nbobserver": 8, "nbesp": 37, "nbrar": 3, "nbesprar": 1, "occsol": "a" }, "bbox": [ 786231.990731561556458, 6266202.733629627153277, 802219.659073685761541, 6282236.772919879294932 ], "geometry": { "type": "Polygon", "coordinates": [ [ [ 787015.074918303871527, 6282236.772919879294932 ], [ 802219.659073685761541, 6281436.909318403340876 ], [ 801410.392211832571775, 6266202.733629627153277 ], [ 786231.990731561556458, 6266999.845579030923545 ], [ 787015.074918303871527, 6282236.772919879294932 ] ] ] } },
{ "type": "Feature", "properties": { "id": 879, "cdep": "67", "dep": "Bas-Rhin", "nb": 252, "nbobserver": 7, "nbesp": 31, "nbrar": 0, "nbesprar": 0, "occsol": "a" }, "bbox": [ 785451.606535520055331, 6250994.605717174708843, 801410.392211832571775, 6266999.845579030923545 ], "geometry": { "type": "Polygon", "coordinates": [ [ [ 786231.990731561556458, 6266999.845579030923545 ], [ 801410.392211832571775, 6266202.733629627153277 ], [ 800603.915112069807947, 6250994.605717174708843 ], [ 785451.606535520055331, 6251788.980209072120488 ], [ 786231.990731561556458, 6266999.845579030923545 ] ] ] } },
{ "type": "Feature", "properties": { "id": 880, "cdep": "57", "dep": "Moselle", "nb": 468, "nbobserver": 8, "nbesp": 32, "nbrar": 0, "nbesprar": 0, "occsol": "a" }, "bbox": [ 784673.908402529894374, 6235812.436292089521885, 800603.915112069807947, 6251788.980209072120488 ], "geometry": { "type": "Polygon", "coordinates": [ [ [ 785451.606535520055331, 6251788.980209072120488 ], [ 800603.915112069807947, 6250994.605717174708843 ], [ 799800.213387127500027, 6235812.436292089521885 ], [ 784673.908402529894374, 6236604.087423543445766 ], [ 785451.606535520055331, 6251788.980209072120488 ] ] ] } },
{ "type": "Feature", "properties": { "id": 881, "cdep": "57", "dep": "Moselle", "nb": 2274, "nbobserver": 26, "nbesp": 47, "nbrar": 6, "nbesprar": 3, "occsol": "a" }, "bbox": [ 783898.882500486099161, 6220656.136523969471455, 799800.213387127500027, 6236604.087423543445766 ], "geometry": { "type": "Polygon", "coordinates": [ [ [ 784673.908402529894374, 6236604.087423543445766 ], [ 799800.213387127500027, 6235812.436292089521885 ], [ 798999.272748405230232, 6220656.136523969471455 ], [ 783898.882500486099161, 6221445.078295354731381 ], [ 784673.908402529894374, 6236604.087423543445766 ] ] ] } },
{ "type": "Feature", "properties": { "id": 882, "cdep": "57", "dep": "Moselle", "nb": 102, "nbobserver": 9, "nbesp": 30, "nbrar": 0, "nbesprar": 0, "occsol": "n" }, "bbox": [ 783126.51509201026056, 6205525.618037818931043, 798999.272748405230232, 6221445.078295354731381 ], "geometry": { "type": "Polygon", "coordinates": [ [ [ 783898.882500486099161, 6221445.078295354731381 ], [ 798999.272748405230232, 6220656.136523969471455 ], [ 798201.079005124978721, 6205525.618037818931043 ], [ 783126.51509201026056, 6206311.864353663288057 ], [ 783898.882500486099161, 6221445.078295354731381 ] ] ] } },
{ "type": "Feature", "properties": { "id": 883, "cdep": "57", "dep": "Moselle", "nb": 7, "nbobserver": 1, "nbesp": 7, "nbrar": 0, "nbesprar": 0, "occsol": "n" }, "bbox": [ 782356.792533642728813, 6190420.792910990305245, 798201.079005124978721, 6206311.864353663288057 ], "geometry": { "type": "Polygon", "coordinates": [ [ [ 783126.51509201026056, 6206311.864353663288057 ], [ 798201.079005124978721, 6205525.618037818931043 ], [ 797405.618063498986885, 6190420.792910990305245 ], [ 782356.792533642728813, 6191204.357580793090165 ], [ 783126.51509201026056, 6206311.864353663288057 ] ] ] } },
{ "type": "Feature", "properties": { "id": 884, "cdep": "88", "dep": "Vosges", "nb": 200, "nbobserver": 7, "nbesp": 36, "nbrar": 0, "nbesprar": 0, "occsol": "n" }, "bbox": [ 781589.701275041559711, 6175341.573670115321875, 797405.618063498986885, 6191204.357580793090165 ], "geometry": { "type": "Polygon", "coordinates": [ [ [ 782356.792533642728813, 6191204.357580793090165 ], [ 797405.618063498986885, 6190420.792910990305245 ], [ 796612.875925902160816, 6175341.573670115321875 ], [ 781589.701275041559711, 6176122.470409154891968 ], [ 782356.792533642728813, 6191204.357580793090165 ] ] ] } },
{ "type": "Feature", "properties": { "id": 885, "cdep": "88", "dep": "Vosges", "nb": 271, "nbobserver": 7, "nbesp": 37, "nbrar": 0, "nbesprar": 0, "occsol": "n" }, "bbox": [ 780825.22785819019191, 6160287.873288074508309, 796612.875925902160816, 6176122.470409154891968 ], "geometry": { "type": "Polygon", "coordinates": [ [ [ 781589.701275041559711, 6176122.470409154891968 ], [ 796612.875925902160816, 6175341.573670115321875 ], [ 795822.838690053322352, 6160287.873288074508309 ], [ 780825.22785819019191, 6161066.115718205459416 ], [ 781589.701275041559711, 6176122.470409154891968 ] ] ] } },
{ "type": "Feature", "properties": { "id": 886, "cdep": "88", "dep": "Vosges", "nb": 341, "nbobserver": 14, "nbesp": 35, "nbrar": 0, "nbesprar": 0, "occsol": "n" }, "bbox": [ 780063.358916613156907, 6145259.605180990882218, 795822.838690053322352, 6161066.115718205459416 ], "geometry": { "type": "Polygon", "coordinates": [ [ [ 780825.22785819019191, 6161066.115718205459416 ], [ 795822.838690053322352, 6160287.873288074508309 ], [ 795035.492548207519576, 6145259.605180990882218 ], [ 780063.358916613156907, 6146035.206831439398229 ], [ 780825.22785819019191, 6161066.115718205459416 ] ] ] } },
{ "type": "Feature", "properties": { "id": 887, "cdep": "88", "dep": "Vosges", "nb": 3362, "nbobserver": 6, "nbesp": 43, "nbrar": 3, "nbesprar": 2, "occsol": "n" }, "bbox": [ 779304.081174599705264, 6130256.683205247856677, 795035.492548207519576, 6146035.206831439398229 ], "geometry": { "type": "Polygon", "coordinates": [ [ [ 780063.358916613156907, 6146035.206831439398229 ], [ 795035.492548207519576, 6145259.605180990882218 ], [ 794250.823786352411844, 6130256.683205247856677 ], [ 779304.081174599705264, 6131029.657513397745788 ], [ 780063.358916613156907, 6146035.206831439398229 ] ] ] } },
{ "type": "Feature", "properties": { "id": 888, "cdep": "68", "dep": "Haut-Rhin", "nb": 6140, "nbobserver": 9, "nbesp": 40, "nbrar": 0, "nbesprar": 0, "occsol": "n" }, "bbox": [ 778547.381446435349062, 6115279.021654527634382, 794250.823786352411844, 6131029.657513397745788 ], "geometry": { "type": "Polygon", "coordinates": [ [ [ 779304.081174599705264, 6131029.657513397745788 ], [ 794250.823786352411844, 6130256.683205247856677 ], [ 793468.818783416529186, 6115279.021654527634382 ], [ 778547.381446435349062, 6116049.381966697052121 ], [ 779304.081174599705264, 6131029.657513397745788 ] ] ] } },
{ "type": "Feature", "properties": { "id": 889, "cdep": "68", "dep": "Haut-Rhin", "nb": 721, "nbobserver": 17, "nbesp": 42, "nbrar": 0, "nbesprar": 0, "occsol": "n" }, "bbox": [ 777793.246635641669855, 6100326.535256893374026, 793468.818783416529186, 6116049.381966697052121 ], "geometry": { "type": "Polygon", "coordinates": [ [ [ 778547.381446435349062, 6116049.381966697052121 ], [ 793468.818783416529186, 6115279.021654527634382 ], [ 792689.464010483585298, 6100326.535256893374026 ], [ 777793.246635641669855, 6101094.294829100370407 ], [ 778547.381446435349062, 6116049.381966697052121 ] ] ] } },
{ "type": "Feature", "properties": { "id": 890, "cdep": "68", "dep": "Haut-Rhin", "nb": 475, "nbobserver": 15, "nbesp": 33, "nbrar": 1, "nbesprar": 1, "occsol": "n" }, "bbox": [ 777041.663734222063795, 6085399.139171849936247, 792689.464010483585298, 6101094.294829100370407 ], "geometry": { "type": "Polygon", "coordinates": [ [ [ 777793.246635641669855, 6101094.294829100370407 ], [ 792689.464010483585298, 6100326.535256893374026 ], [ 791912.74603001459036, 6085399.139171849936247 ], [ 777041.663734222063795, 6086164.311170583590865 ], [ 777793.246635641669855, 6101094.294829100370407 ] ] ] } },
{ "type": "Feature", "properties": { "id": 891, "cdep": "68", "dep": "Haut-Rhin", "nb": 6936, "nbobserver": 25, "nbesp": 46, "nbrar": 5, "nbesprar": 2, "occsol": "n" }, "bbox": [ 776292.619821918196976, 6070496.748987499624491, 791912.74603001459036, 6086164.311170583590865 ], "geometry": { "type": "Polygon", "coordinates": [ [ [ 777041.663734222063795, 6086164.311170583590865 ], [ 791912.74603001459036, 6085399.139171849936247 ], [ 791138.651495078927837, 6070496.748987499624491 ], [ 776292.619821918196976, 6071259.346490464173257 ], [ 777041.663734222063795, 6086164.311170583590865 ] ] ] } },
{ "type": "Feature", "properties": { "id": 892, "cdep": "68", "dep": "Haut-Rhin", "nb": 902, "nbobserver": 16, "nbesp": 42, "nbrar": 1, "nbesprar": 1, "occsol": "n" }, "bbox": [ 775546.102065470302477, 6055619.280717652291059, 791138.651495078927837, 6071259.346490464173257 ], "geometry": { "type": "Polygon", "coordinates": [ [ [ 776292.619821918196976, 6071259.346490464173257 ], [ 791138.651495078927837, 6070496.748987499624491 ], [ 790367.167148592649028, 6055619.280717652291059 ], [ 775546.102065470302477, 6056379.316714515909553 ], [ 776292.619821918196976, 6071259.346490464173257 ] ] ] } },
{ "type": "Feature", "properties": { "id": 893, "cdep": "68", "dep": "Haut-Rhin", "nb": 1743, "nbobserver": 13, "nbesp": 43, "nbrar": 0, "nbesprar": 0, "occsol": "a" }, "bbox": [ 774802.097717888420448, 6040766.650799009017646, 790367.167148592649028, 6056379.316714515909553 ], "geometry": { "type": "Polygon", "coordinates": [ [ [ 775546.102065470302477, 6056379.316714515909553 ], [ 790367.167148592649028, 6055619.280717652291059 ], [ 789598.279822564218193, 6040766.650799009017646 ], [ 774802.097717888420448, 6041524.1381921377033 ], [ 775546.102065470302477, 6056379.316714515909553 ] ] ] } },
{ "type": "Feature", "properties": { "id": 894, "cdep": "68", "dep": "Haut-Rhin", "nb": 0, "nbobserver": 0, "nbesp": 0, "nbrar": 0, "nbesprar": 0, "occsol": "a" }, "bbox": [ 774060.594117727945559, 6025938.776088324375451, 789598.279822564218193, 6041524.1381921377033 ], "geometry": { "type": "Polygon", "coordinates": [ [ [ 774802.097717888420448, 6041524.1381921377033 ], [ 789598.279822564218193, 6040766.650799009017646 ], [ 788831.97643734770827, 6025938.776088324375451 ], [ 774060.594117727945559, 6026693.727693532593548 ], [ 774802.097717888420448, 6041524.1381921377033 ] ] ] } },
{ "type": "Feature", "properties": { "id": 908, "cdep": "57", "dep": "Moselle", "nb": 0, "nbobserver": 0, "nbesp": 0, "nbrar": 0, "nbesprar": 0, "occsol": "a" }, "bbox": [ 803031.730184418032877, 6295868.205703731626272, 819101.007297776755877, 6311983.763492232188582 ], "geometry": { "type": "Polygon", "coordinates": [ [ [ 803846.620131199946627, 6311983.763492232188582 ], [ 819101.007297776755877, 6311151.875452620908618 ], [ 818259.768429894931614, 6295868.205703731626272 ], [ 803031.730184418032877, 6296697.222534120082855 ], [ 803846.620131199946627, 6311983.763492232188582 ] ] ] } },
{ "type": "Feature", "properties": { "id": 909, "cdep": "57", "dep": "Moselle", "nb": 649, "nbobserver": 9, "nbesp": 42, "nbrar": 1, "nbesprar": 1, "occsol": "a" }, "bbox": [ 802219.659073685761541, 6280610.748838392086327, 818259.768429894931614, 6296697.222534120082855 ], "geometry": { "type": "Polygon", "coordinates": [ [ [ 803031.730184418032877, 6296697.222534120082855 ], [ 818259.768429894931614, 6295868.205703731626272 ], [ 817421.438996918266639, 6280610.748838392086327 ], [ 802219.659073685761541, 6281436.909318403340876 ], [ 803031.730184418032877, 6296697.222534120082855 ] ] ] } },
{ "type": "Feature", "properties": { "id": 910, "cdep": "57", "dep": "Moselle", "nb": 261, "nbobserver": 8, "nbesp": 33, "nbrar": 0, "nbesprar": 0, "occsol": "n" }, "bbox": [ 801410.392211832571775, 6265379.414743535220623, 817421.438996918266639, 6281436.909318403340876 ], "geometry": { "type": "Polygon", "coordinates": [ [ [ 802219.659073685761541, 6281436.909318403340876 ], [ 817421.438996918266639, 6280610.748838392086327 ], [ 816586.003946600132622, 6265379.414743535220623 ], [ 801410.392211832571775, 6266202.733629627153277 ], [ 802219.659073685761541, 6281436.909318403340876 ] ] ] } },
{ "type": "Feature", "properties": { "id": 911, "cdep": "67", "dep": "Bas-Rhin", "nb": 714, "nbobserver": 12, "nbesp": 42, "nbrar": 4, "nbesprar": 2, "occsol": "n" }, "bbox": [ 800603.915112069807947, 6250174.113770057447255, 816586.003946600132622, 6266202.733629627153277 ], "geometry": { "type": "Polygon", "coordinates": [ [ [ 801410.392211832571775, 6266202.733629627153277 ], [ 816586.003946600132622, 6265379.414743535220623 ], [ 815753.448330242536031, 6250174.113770057447255 ], [ 800603.915112069807947, 6250994.605717174708843 ], [ 801410.392211832571775, 6266202.733629627153277 ] ] ] } },
{ "type": "Feature", "properties": { "id": 912, "cdep": "67", "dep": "Bas-Rhin", "nb": 253, "nbobserver": 6, "nbesp": 31, "nbrar": 1, "nbesprar": 1, "occsol": "a" }, "bbox": [ 799800.213387127500027, 6234994.756729652173817, 815753.448330242536031, 6250994.605717174708843 ], "geometry": { "type": "Polygon", "coordinates": [ [ [ 800603.915112069807947, 6250994.605717174708843 ], [ 815753.448330242536031, 6250174.113770057447255 ], [ 814923.757301809382625, 6234994.756729652173817 ], [ 799800.213387127500027, 6235812.436292089521885 ], [ 800603.915112069807947, 6250994.605717174708843 ] ] ] } },
{ "type": "Feature", "properties": { "id": 913, "cdep": "57", "dep": "Moselle", "nb": 386, "nbobserver": 11, "nbesp": 31, "nbrar": 1, "nbesprar": 1, "occsol": "n" }, "bbox": [ 798999.272748405230232, 6219841.254891685210168, 814923.757301809382625, 6235812.436292089521885 ], "geometry": { "type": "Polygon", "coordinates": [ [ [ 799800.213387127500027, 6235812.436292089521885 ], [ 814923.757301809382625, 6234994.756729652173817 ], [ 814096.916117046610452, 6219841.254891685210168 ], [ 798999.272748405230232, 6220656.136523969471455 ], [ 799800.213387127500027, 6235812.436292089521885 ] ] ] } },
{ "type": "Feature", "properties": { "id": 914, "cdep": "57", "dep": "Moselle", "nb": 595, "nbobserver": 15, "nbesp": 36, "nbrar": 0, "nbesprar": 0, "occsol": "n" }, "bbox": [ 798201.079005124978721, 6204713.519980099052191, 814096.916117046610452, 6220656.136523969471455 ], "geometry": { "type": "Polygon", "coordinates": [ [ [ 798999.272748405230232, 6220656.136523969471455 ], [ 814096.916117046610452, 6219841.254891685210168 ], [ 813272.91013261245098, 6204713.519980099052191 ], [ 798201.079005124978721, 6205525.618037818931043 ], [ 798999.272748405230232, 6220656.136523969471455 ] ] ] } },
{ "type": "Feature", "properties": { "id": 915, "cdep": "67", "dep": "Bas-Rhin", "nb": 314, "nbobserver": 12, "nbesp": 33, "nbrar": 0, "nbesprar": 0, "occsol": "n" }, "bbox": [ 797405.618063498986885, 6189611.464170326478779, 813272.91013261245098, 6205525.618037818931043 ], "geometry": { "type": "Polygon", "coordinates": [ [ [ 798201.079005124978721, 6205525.618037818931043 ], [ 813272.91013261245098, 6204713.519980099052191 ], [ 812451.72480521723628, 6189611.464170326478779 ], [ 797405.618063498986885, 6190420.792910990305245 ], [ 798201.079005124978721, 6205525.618037818931043 ] ] ] } },
{ "type": "Feature", "properties": { "id": 916, "cdep": "67", "dep": "Bas-Rhin", "nb": 353, "nbobserver": 12, "nbesp": 38, "nbrar": 1, "nbesprar": 1, "occsol": "n" }, "bbox": [ 796612.875925902160816, 6174535.000086254440248, 812451.72480521723628, 6190420.792910990305245 ], "geometry": { "type": "Polygon", "coordinates": [ [ [ 797405.618063498986885, 6190420.792910990305245 ], [ 812451.72480521723628, 6189611.464170326478779 ], [ 811633.345690770074725, 6174535.000086254440248 ], [ 796612.875925902160816, 6175341.573670115321875 ], [ 797405.618063498986885, 6190420.792910990305245 ] ] ] } },
{ "type": "Feature", "properties": { "id": 917, "cdep": "67", "dep": "Bas-Rhin", "nb": 1247, "nbobserver": 10, "nbesp": 41, "nbrar": 0, "nbesprar": 0, "occsol": "n" }, "bbox": [ 795822.838690053322352, 6159484.040797183290124, 811633.345690770074725, 6175341.573670115321875 ], "geometry": { "type": "Polygon", "coordinates": [ [ [ 796612.875925902160816, 6175341.573670115321875 ], [ 811633.345690770074725, 6174535.000086254440248 ], [ 810817.758443535887636, 6159484.040797183290124 ], [ 795822.838690053322352, 6160287.873288074508309 ], [ 796612.875925902160816, 6175341.573670115321875 ] ] ] } },
{ "type": "Feature", "properties": { "id": 918, "cdep": "68", "dep": "Haut-Rhin", "nb": 721, "nbobserver": 9, "nbesp": 41, "nbrar": 0, "nbesprar": 0, "occsol": "n" }, "bbox": [ 795035.492548207519576, 6144458.499814841896296, 810817.758443535887636, 6160287.873288074508309 ], "geometry": { "type": "Polygon", "coordinates": [ [ [ 795822.838690053322352, 6160287.873288074508309 ], [ 810817.758443535887636, 6159484.040797183290124 ], [ 810004.948815300595015, 6144458.499814841896296 ], [ 795035.492548207519576, 6145259.605180990882218 ], [ 795822.838690053322352, 6160287.873288074508309 ] ] ] } },
{ "type": "Feature", "properties": { "id": 919, "cdep": "68", "dep": "Haut-Rhin", "nb": 756, "nbobserver": 19, "nbesp": 43, "nbrar": 2, "nbesprar": 2, "occsol": "n" }, "bbox": [ 794250.823786352411844, 6129458.291090407408774, 810004.948815300595015, 6145259.605180990882218 ], "geometry": { "type": "Polygon", "coordinates": [ [ [ 795035.492548207519576, 6145259.605180990882218 ], [ 810004.948815300595015, 6144458.499814841896296 ], [ 809194.902654544683173, 6129458.291090407408774 ], [ 794250.823786352411844, 6130256.683205247856677 ], [ 795035.492548207519576, 6145259.605180990882218 ] ] ] } },
{ "type": "Feature", "properties": { "id": 920, "cdep": "68", "dep": "Haut-Rhin", "nb": 1119, "nbobserver": 18, "nbesp": 43, "nbrar": 0, "nbesprar": 0, "occsol": "n" }, "bbox": [ 793468.818783416529186, 6114483.329011558555067, 809194.902654544683173, 6130256.683205247856677 ], "geometry": { "type": "Polygon", "coordinates": [ [ [ 794250.823786352411844, 6130256.683205247856677 ], [ 809194.902654544683173, 6129458.291090407408774 ], [ 808387.605905624222942, 6114483.329011558555067 ], [ 793468.818783416529186, 6115279.021654527634382 ], [ 794250.823786352411844, 6130256.683205247856677 ] ] ] } },
{ "type": "Feature", "properties": { "id": 921, "cdep": "68", "dep": "Haut-Rhin", "nb": 10016, "nbobserver": 24, "nbesp": 49, "nbrar": 10, "nbesprar": 3, "occsol": "n" }, "bbox": [ 792689.464010483585298, 6099533.528399549424648, 808387.605905624222942, 6115279.021654527634382 ], "geometry": { "type": "Polygon", "coordinates": [ [ [ 793468.818783416529186, 6115279.021654527634382 ], [ 808387.605905624222942, 6114483.329011558555067 ], [ 807583.044607962830923, 6099533.528399549424648 ], [ 792689.464010483585298, 6100326.535256893374026 ], [ 793468.818783416529186, 6115279.021654527634382 ] ] ] } },
{ "type": "Feature", "properties": { "id": 922, "cdep": "68", "dep": "Haut-Rhin", "nb": 21018, "nbobserver": 36, "nbesp": 51, "nbrar": 12, "nbesprar": 4, "occsol": "n" }, "bbox": [ 791912.74603001459036, 6084608.804506307467818, 807583.044607962830923, 6100326.535256893374026 ], "geometry": { "type": "Polygon", "coordinates": [ [ [ 792689.464010483585298, 6100326.535256893374026 ], [ 807583.044607962830923, 6099533.528399549424648 ], [ 806781.204895247821696, 6084608.804506307467818 ], [ 791912.74603001459036, 6085399.139171849936247 ], [ 792689.464010483585298, 6100326.535256893374026 ] ] ] } },
{ "type": "Feature", "properties": { "id": 923, "cdep": "68", "dep": "Haut-Rhin", "nb": 909, "nbobserver": 30, "nbesp": 43, "nbrar": 1, "nbesprar": 1, "occsol": "n" }, "bbox": [ 791138.651495078927837, 6069709.073011570610106, 806781.204895247821696, 6085399.139171849936247 ], "geometry": { "type": "Polygon", "coordinates": [ [ [ 791912.74603001459036, 6085399.139171849936247 ], [ 806781.204895247821696, 6084608.804506307467818 ], [ 805982.072994638932869, 6069709.073011570610106 ], [ 791138.651495078927837, 6070496.748987499624491 ], [ 791912.74603001459036, 6085399.139171849936247 ] ] ] } },
{ "type": "Feature", "properties": { "id": 924, "cdep": "68", "dep": "Haut-Rhin", "nb": 797, "nbobserver": 19, "nbesp": 44, "nbrar": 5, "nbesprar": 1, "occsol": "a" }, "bbox": [ 790367.167148592649028, 6054834.250020011328161, 805982.072994638932869, 6070496.748987499624491 ], "geometry": { "type": "Polygon", "coordinates": [ [ [ 791138.651495078927837, 6070496.748987499624491 ], [ 805982.072994638932869, 6069709.073011570610106 ], [ 805185.635225981590338, 6054834.250020011328161 ], [ 790367.167148592649028, 6055619.280717652291059 ], [ 791138.651495078927837, 6070496.748987499624491 ] ] ] } },
{ "type": "Feature", "properties": { "id": 925, "cdep": "68", "dep": "Haut-Rhin", "nb": 260, "nbobserver": 13, "nbesp": 31, "nbrar": 0, "nbesprar": 0, "occsol": "a" }, "bbox": [ 789598.279822564218193, 6039984.252058435231447, 805185.635225981590338, 6055619.280717652291059 ], "geometry": { "type": "Polygon", "coordinates": [ [ [ 790367.167148592649028, 6055619.280717652291059 ], [ 805185.635225981590338, 6054834.250020011328161 ], [ 804391.878001028671861, 6039984.252058435231447 ], [ 789598.279822564218193, 6040766.650799009017646 ], [ 790367.167148592649028, 6055619.280717652291059 ] ] ] } },
{ "type": "Feature", "properties": { "id": 926, "cdep": "68", "dep": "Haut-Rhin", "nb": 195, "nbobserver": 7, "nbesp": 29, "nbrar": 0, "nbesprar": 0, "occsol": "a" }, "bbox": [ 788831.97643734770827, 6025158.996072950772941, 804391.878001028671861, 6040766.650799009017646 ], "geometry": { "type": "Polygon", "coordinates": [ [ [ 789598.279822564218193, 6040766.650799009017646 ], [ 804391.878001028671861, 6039984.252058435231447 ], [ 803600.787822673097253, 6025158.996072950772941 ], [ 788831.97643734770827, 6025938.776088324375451 ], [ 789598.279822564218193, 6040766.650799009017646 ] ] ] } },
{ "type": "Feature", "properties": { "id": 927, "cdep": "68", "dep": "Haut-Rhin", "nb": 301, "nbobserver": 3, "nbesp": 27, "nbrar": 0, "nbesprar": 0, "occsol": "n" }, "bbox": [ 788068.244000904611312, 6010358.399426205083728, 803600.787822673097253, 6025938.776088324375451 ], "geometry": { "type": "Polygon", "coordinates": [ [ [ 788831.97643734770827, 6025938.776088324375451 ], [ 803600.787822673097253, 6025158.996072950772941 ], [ 802812.351284182746895, 6010358.399426205083728 ], [ 788068.244000904611312, 6011135.573859649710357 ], [ 788831.97643734770827, 6025938.776088324375451 ] ] ] } },
{ "type": "Feature", "properties": { "id": 940, "cdep": "57", "dep": "Moselle", "nb": 142, "nbobserver": 3, "nbesp": 23, "nbrar": 1, "nbesprar": 1, "occsol": "a" }, "bbox": [ 818259.768429894931614, 6295012.816458430141211, 834352.469890313223004, 6311151.875452620908618 ], "geometry": { "type": "Polygon", "coordinates": [ [ [ 819101.007297776755877, 6311151.875452620908618 ], [ 834352.469890313223004, 6310293.52422921359539 ], [ 833484.897257874021307, 6295012.816458430141211 ], [ 818259.768429894931614, 6295868.205703731626272 ], [ 819101.007297776755877, 6311151.875452620908618 ] ] ] } },
{ "type": "Feature", "properties": { "id": 941, "cdep": "57", "dep": "Moselle", "nb": 38, "nbobserver": 5, "nbesp": 25, "nbrar": 1, "nbesprar": 1, "occsol": "n" }, "bbox": [ 817421.438996918266639, 6279758.306246511638165, 833484.897257874021307, 6295868.205703731626272 ], "geometry": { "type": "Polygon", "coordinates": [ [ [ 818259.768429894931614, 6295868.205703731626272 ], [ 833484.897257874021307, 6295012.816458430141211 ], [ 832620.324554750579409, 6279758.306246511638165 ], [ 817421.438996918266639, 6280610.748838392086327 ], [ 818259.768429894931614, 6295868.205703731626272 ] ] ] } },
{ "type": "Feature", "properties": { "id": 942, "cdep": "57", "dep": "Moselle", "nb": 169, "nbobserver": 10, "nbesp": 31, "nbrar": 0, "nbesprar": 0, "occsol": "n" }, "bbox": [ 816586.003946600132622, 6264529.903585964813828, 832620.324554750579409, 6280610.748838392086327 ], "geometry": { "type": "Polygon", "coordinates": [ [ [ 817421.438996918266639, 6280610.748838392086327 ], [ 832620.324554750579409, 6279758.306246511638165 ], [ 831758.736264517065138, 6264529.903585964813828 ], [ 816586.003946600132622, 6265379.414743535220623 ], [ 817421.438996918266639, 6280610.748838392086327 ] ] ] } },
{ "type": "Feature", "properties": { "id": 943, "cdep": "67", "dep": "Bas-Rhin", "nb": 4362, "nbobserver": 11, "nbesp": 44, "nbrar": 2, "nbesprar": 1, "occsol": "n" }, "bbox": [ 815753.448330242536031, 6249327.518932342529297, 831758.736264517065138, 6265379.414743535220623 ], "geometry": { "type": "Polygon", "coordinates": [ [ [ 816586.003946600132622, 6265379.414743535220623 ], [ 831758.736264517065138, 6264529.903585964813828 ], [ 830900.116977454745211, 6249327.518932342529297 ], [ 815753.448330242536031, 6250174.113770057447255 ], [ 816586.003946600132622, 6265379.414743535220623 ] ] ] } },
{ "type": "Feature", "properties": { "id": 944, "cdep": "67", "dep": "Bas-Rhin", "nb": 147, "nbobserver": 11, "nbesp": 26, "nbrar": 0, "nbesprar": 0, "occsol": "n" }, "bbox": [ 814923.757301809382625, 6234151.063201111741364, 830900.116977454745211, 6250174.113770057447255 ], "geometry": { "type": "Polygon", "coordinates": [ [ [ 815753.448330242536031, 6250174.113770057447255 ], [ 830900.116977454745211, 6249327.518932342529297 ], [ 830044.451389639289118, 6234151.063201111741364 ], [ 814923.757301809382625, 6234994.756729652173817 ], [ 815753.448330242536031, 6250174.113770057447255 ] ] ] } },
{ "type": "Feature", "properties": { "id": 945, "cdep": "67", "dep": "Bas-Rhin", "nb": 1104, "nbobserver": 30, "nbesp": 42, "nbrar": 2, "nbesprar": 1, "occsol": "a" }, "bbox": [ 814096.916117046610452, 6219000.447764511220157, 830044.451389639289118, 6234994.756729652173817 ], "geometry": { "type": "Polygon", "coordinates": [ [ [ 814923.757301809382625, 6234994.756729652173817 ], [ 830044.451389639289118, 6234151.063201111741364 ], [ 829191.724302034126595, 6219000.447764511220157 ], [ 814096.916117046610452, 6219841.254891685210168 ], [ 814923.757301809382625, 6234994.756729652173817 ] ] ] } },
{ "type": "Feature", "properties": { "id": 946, "cdep": "67", "dep": "Bas-Rhin", "nb": 290, "nbobserver": 14, "nbesp": 33, "nbrar": 0, "nbesprar": 0, "occsol": "n" }, "bbox": [ 813272.91013261245098, 6203875.584448483772576, 829191.724302034126595, 6219841.254891685210168 ], "geometry": { "type": "Polygon", "coordinates": [ [ [ 814096.916117046610452, 6219841.254891685210168 ], [ 829191.724302034126595, 6219000.447764511220157 ], [ 828341.92061959404964, 6203875.584448483772576 ], [ 813272.91013261245098, 6204713.519980099052191 ], [ 814096.916117046610452, 6219841.254891685210168 ] ] ] } },
{ "type": "Feature", "properties": { "id": 947, "cdep": "67", "dep": "Bas-Rhin", "nb": 636, "nbobserver": 17, "nbesp": 43, "nbrar": 1, "nbesprar": 1, "occsol": "n" }, "bbox": [ 812451.72480521723628, 6188776.385529588907957, 828341.92061959404964, 6204713.519980099052191 ], "geometry": { "type": "Polygon", "coordinates": [ [ [ 813272.91013261245098, 6204713.519980099052191 ], [ 828341.92061959404964, 6203875.584448483772576 ], [ 827495.025350379641168, 6188776.385529588907957 ], [ 812451.72480521723628, 6189611.464170326478779 ], [ 813272.91013261245098, 6204713.519980099052191 ] ] ] } },
{ "type": "Feature", "properties": { "id": 948, "cdep": "67", "dep": "Bas-Rhin", "nb": 1569, "nbobserver": 17, "nbesp": 42, "nbrar": 0, "nbesprar": 0, "occsol": "n" }, "bbox": [ 811633.345690770074725, 6173702.763731984421611, 827495.025350379641168, 6189611.464170326478779 ], "geometry": { "type": "Polygon", "coordinates": [ [ [ 812451.72480521723628, 6189611.464170326478779 ], [ 827495.025350379641168, 6188776.385529588907957 ], [ 826651.023604678106494, 6173702.763731984421611 ], [ 811633.345690770074725, 6174535.000086254440248 ], [ 812451.72480521723628, 6189611.464170326478779 ] ] ] } },
{ "type": "Feature", "properties": { "id": 949, "cdep": "67", "dep": "Bas-Rhin", "nb": 510, "nbobserver": 19, "nbesp": 36, "nbrar": 0, "nbesprar": 0, "occsol": "n" }, "bbox": [ 810817.758443535887636, 6158654.632224389351904, 826651.023604678106494, 6174535.000086254440248 ], "geometry": { "type": "Polygon", "coordinates": [ [ [ 811633.345690770074725, 6174535.000086254440248 ], [ 826651.023604678106494, 6173702.763731984421611 ], [ 825809.900594134931453, 6158654.632224389351904 ], [ 810817.758443535887636, 6159484.040797183290124 ], [ 811633.345690770074725, 6174535.000086254440248 ] ] ] } },
{ "type": "Feature", "properties": { "id": 950, "cdep": "67", "dep": "Bas-Rhin", "nb": 934, "nbobserver": 28, "nbesp": 42, "nbrar": 3, "nbesprar": 2, "occsol": "n" }, "bbox": [ 810004.948815300595015, 6143631.904617104679346, 825809.900594134931453, 6159484.040797183290124 ], "geometry": { "type": "Polygon", "coordinates": [ [ [ 810817.758443535887636, 6159484.040797183290124 ], [ 825809.900594134931453, 6158654.632224389351904 ], [ 824971.641630894038826, 6143631.904617104679346 ], [ 810004.948815300595015, 6144458.499814841896296 ], [ 810817.758443535887636, 6159484.040797183290124 ] ] ] } },
{ "type": "Feature", "properties": { "id": 951, "cdep": "68", "dep": "Haut-Rhin", "nb": 521, "nbobserver": 28, "nbesp": 42, "nbrar": 0, "nbesprar": 0, "occsol": "a" }, "bbox": [ 809194.902654544683173, 6128634.49495904520154, 824971.641630894038826, 6144458.499814841896296 ], "geometry": { "type": "Polygon", "coordinates": [ [ [ 810004.948815300595015, 6144458.499814841896296 ], [ 824971.641630894038826, 6143631.904617104679346 ], [ 824136.232126745511778, 6128634.49495904520154 ], [ 809194.902654544683173, 6129458.291090407408774 ], [ 810004.948815300595015, 6144458.499814841896296 ] ] ] } },
{ "type": "Feature", "properties": { "id": 952, "cdep": "68", "dep": "Haut-Rhin", "nb": 2879, "nbobserver": 71, "nbesp": 45, "nbrar": 2, "nbesprar": 1, "occsol": "a" }, "bbox": [ 808387.605905624222942, 6113662.31773480027914, 824136.232126745511778, 6129458.291090407408774 ], "geometry": { "type": "Polygon", "coordinates": [ [ [ 809194.902654544683173, 6129458.291090407408774 ], [ 824136.232126745511778, 6128634.49495904520154 ], [ 823303.657592283911072, 6113662.31773480027914 ], [ 808387.605905624222942, 6114483.329011558555067 ], [ 809194.902654544683173, 6129458.291090407408774 ] ] ] } },
{ "type": "Feature", "properties": { "id": 953, "cdep": "68", "dep": "Haut-Rhin", "nb": 487, "nbobserver": 20, "nbesp": 31, "nbrar": 0, "nbesprar": 0, "occsol": "a" }, "bbox": [ 807583.044607962830923, 6098715.287861720658839, 823303.657592283911072, 6114483.329011558555067 ], "geometry": { "type": "Polygon", "coordinates": [ [ [ 808387.605905624222942, 6114483.329011558555067 ], [ 823303.657592283911072, 6113662.31773480027914 ], [ 822473.903636073577218, 6098715.287861720658839 ], [ 807583.044607962830923, 6099533.528399549424648 ], [ 808387.605905624222942, 6114483.329011558555067 ] ] ] } },
{ "type": "Feature", "properties": { "id": 954, "cdep": "68", "dep": "Haut-Rhin", "nb": 2136, "nbobserver": 24, "nbesp": 39, "nbrar": 0, "nbesprar": 0, "occsol": "a" }, "bbox": [ 806781.204895247821696, 6083793.320687022060156, 822473.903636073577218, 6099533.528399549424648 ], "geometry": { "type": "Polygon", "coordinates": [ [ [ 807583.044607962830923, 6099533.528399549424648 ], [ 822473.903636073577218, 6098715.287861720658839 ], [ 821646.955963822430931, 6083793.320687022060156 ], [ 806781.204895247821696, 6084608.804506307467818 ], [ 807583.044607962830923, 6099533.528399549424648 ] ] ] } },
{ "type": "Feature", "properties": { "id": 955, "cdep": "68", "dep": "Haut-Rhin", "nb": 4918, "nbobserver": 68, "nbesp": 48, "nbrar": 7, "nbesprar": 2, "occsol": "u" }, "bbox": [ 805982.072994638932869, 6068896.331984917633235, 821646.955963822430931, 6084608.804506307467818 ], "geometry": { "type": "Polygon", "coordinates": [ [ [ 806781.204895247821696, 6084608.804506307467818 ], [ 821646.955963822430931, 6083793.320687022060156 ], [ 820822.800377565436065, 6068896.331984917633235 ], [ 805982.072994638932869, 6069709.073011570610106 ], [ 806781.204895247821696, 6084608.804506307467818 ] ] ] } },
{ "type": "Feature", "properties": { "id": 956, "cdep": "68", "dep": "Haut-Rhin", "nb": 5277, "nbobserver": 125, "nbesp": 49, "nbrar": 12, "nbesprar": 4, "occsol": "u" }, "bbox": [ 805185.635225981590338, 6054024.237953777424991, 820822.800377565436065, 6069709.073011570610106 ], "geometry": { "type": "Polygon", "coordinates": [ [ [ 805982.072994638932869, 6069709.073011570610106 ], [ 820822.800377565436065, 6068896.331984917633235 ], [ 820001.422774854698218, 6054024.237953777424991 ], [ 805185.635225981590338, 6054834.250020011328161 ], [ 805982.072994638932869, 6069709.073011570610106 ] ] ] } },
{ "type": "Feature", "properties": { "id": 957, "cdep": "68", "dep": "Haut-Rhin", "nb": 2026, "nbobserver": 31, "nbesp": 44, "nbrar": 6, "nbesprar": 2, "occsol": "a" }, "bbox": [ 804391.878001028671861, 6039176.955213302746415, 820001.422774854698218, 6054834.250020011328161 ], "geometry": { "type": "Polygon", "coordinates": [ [ [ 805185.635225981590338, 6054834.250020011328161 ], [ 820001.422774854698218, 6054024.237953777424991 ], [ 819182.809147958876565, 6039176.955213302746415 ], [ 804391.878001028671861, 6039984.252058435231447 ], [ 805185.635225981590338, 6054834.250020011328161 ] ] ] } },
{ "type": "Feature", "properties": { "id": 958, "cdep": "68", "dep": "Haut-Rhin", "nb": 326, "nbobserver": 13, "nbesp": 35, "nbrar": 1, "nbesprar": 1, "occsol": "a" }, "bbox": [ 803600.787822673097253, 6024354.400801735930145, 819182.809147958876565, 6039984.252058435231447 ], "geometry": { "type": "Polygon", "coordinates": [ [ [ 804391.878001028671861, 6039984.252058435231447 ], [ 819182.809147958876565, 6039176.955213302746415 ], [ 818366.945583069929853, 6024354.400801735930145 ], [ 803600.787822673097253, 6025158.996072950772941 ], [ 804391.878001028671861, 6039984.252058435231447 ] ] ] } },
{ "type": "Feature", "properties": { "id": 959, "cdep": "68", "dep": "Haut-Rhin", "nb": 65, "nbobserver": 7, "nbesp": 24, "nbrar": 0, "nbesprar": 0, "occsol": "n" }, "bbox": [ 802812.351284182746895, 6009556.492173076607287, 818366.945583069929853, 6025158.996072950772941 ], "geometry": { "type": "Polygon", "coordinates": [ [ [ 803600.787822673097253, 6025158.996072950772941 ], [ 818366.945583069929853, 6024354.400801735930145 ], [ 817553.818259517429397, 6009556.492173076607287 ], [ 802812.351284182746895, 6010358.399426205083728 ], [ 803600.787822673097253, 6025158.996072950772941 ] ] ] } },
{ "type": "Feature", "properties": { "id": 972, "cdep": "57", "dep": "Moselle", "nb": 0, "nbobserver": 0, "nbesp": 0, "nbrar": 0, "nbesprar": 0, "occsol": "a" }, "bbox": [ 833484.897257874021307, 6294131.070133377797902, 849600.91694756958168, 6310293.52422921359539 ], "geometry": { "type": "Polygon", "coordinates": [ [ [ 834352.469890313223004, 6310293.52422921359539 ], [ 849600.91694756958168, 6309408.725263603962958 ], [ 848707.026174475788139, 6294131.070133377797902 ], [ 833484.897257874021307, 6295012.816458430141211 ], [ 834352.469890313223004, 6310293.52422921359539 ] ] ] } },
{ "type": "Feature", "properties": { "id": 973, "cdep": "57", "dep": "Moselle", "nb": 185, "nbobserver": 2, "nbesp": 24, "nbrar": 0, "nbesprar": 0, "occsol": "n" }, "bbox": [ 832620.324554750579409, 6278879.596772417426109, 848707.026174475788139, 6295012.816458430141211 ], "geometry": { "type": "Polygon", "coordinates": [ [ [ 833484.897257874021307, 6295012.816458430141211 ], [ 848707.026174475788139, 6294131.070133377797902 ], [ 847816.225717477616854, 6278879.596772417426109 ], [ 832620.324554750579409, 6279758.306246511638165 ], [ 833484.897257874021307, 6295012.816458430141211 ] ] ] } },
{ "type": "Feature", "properties": { "id": 974, "cdep": "57", "dep": "Moselle", "nb": 1025, "nbobserver": 3, "nbesp": 35, "nbrar": 3, "nbesprar": 1, "occsol": "n" }, "bbox": [ 831758.736264517065138, 6263654.215281960554421, 847816.225717477616854, 6279758.306246511638165 ], "geometry": { "type": "Polygon", "coordinates": [ [ [ 832620.324554750579409, 6279758.306246511638165 ], [ 847816.225717477616854, 6278879.596772417426109 ], [ 846928.49959689413663, 6263654.215281960554421 ], [ 831758.736264517065138, 6264529.903585964813828 ], [ 832620.324554750579409, 6279758.306246511638165 ] ] ] } },
{ "type": "Feature", "properties": { "id": 975, "cdep": "67", "dep": "Bas-Rhin", "nb": 1134, "nbobserver": 14, "nbesp": 37, "nbrar": 2, "nbesprar": 1, "occsol": "a" }, "bbox": [ 830900.116977454745211, 6248454.836225371807814, 846928.49959689413663, 6264529.903585964813828 ], "geometry": { "type": "Polygon", "coordinates": [ [ [ 831758.736264517065138, 6264529.903585964813828 ], [ 846928.49959689413663, 6263654.215281960554421 ], [ 846043.831942901248112, 6248454.836225371807814 ], [ 830900.116977454745211, 6249327.518932342529297 ], [ 831758.736264517065138, 6264529.903585964813828 ] ] ] } },
{ "type": "Feature", "properties": { "id": 976, "cdep": "67", "dep": "Bas-Rhin", "nb": 255, "nbobserver": 16, "nbesp": 33, "nbrar": 1, "nbesprar": 1, "occsol": "a" }, "bbox": [ 830044.451389639289118, 6233281.370624985545874, 846043.831942901248112, 6249327.518932342529297 ], "geometry": { "type": "Polygon", "coordinates": [ [ [ 830900.116977454745211, 6249327.518932342529297 ], [ 846043.831942901248112, 6248454.836225371807814 ], [ 845162.206994590931572, 6233281.370624985545874 ], [ 830044.451389639289118, 6234151.063201111741364 ], [ 830900.116977454745211, 6249327.518932342529297 ] ] ] } },
{ "type": "Feature", "properties": { "id": 977, "cdep": "67", "dep": "Bas-Rhin", "nb": 775, "nbobserver": 27, "nbesp": 39, "nbrar": 2, "nbesprar": 1, "occsol": "a" }, "bbox": [ 829191.724302034126595, 6218133.729959015734494, 845162.206994590931572, 6234151.063201111741364 ], "geometry": { "type": "Polygon", "coordinates": [ [ [ 830044.451389639289118, 6234151.063201111741364 ], [ 845162.206994590931572, 6233281.370624985545874 ], [ 844283.609099040273577, 6218133.729959015734494 ], [ 829191.724302034126595, 6219000.447764511220157 ], [ 830044.451389639289118, 6234151.063201111741364 ] ] ] } },
{ "type": "Feature", "properties": { "id": 978, "cdep": "67", "dep": "Bas-Rhin", "nb": 1321, "nbobserver": 24, "nbesp": 44, "nbrar": 6, "nbesprar": 2, "occsol": "a" }, "bbox": [ 828341.92061959404964, 6203011.82615845836699, 844283.609099040273577, 6219000.447764511220157 ], "geometry": { "type": "Polygon", "coordinates": [ [ [ 829191.724302034126595, 6219000.447764511220157 ], [ 844283.609099040273577, 6218133.729959015734494 ], [ 843408.022710387827829, 6203011.82615845836699 ], [ 828341.92061959404964, 6203875.584448483772576 ], [ 829191.724302034126595, 6219000.447764511220157 ] ] ] } },
{ "type": "Feature", "properties": { "id": 979, "cdep": "67", "dep": "Bas-Rhin", "nb": 2008, "nbobserver": 56, "nbesp": 47, "nbrar": 4, "nbesprar": 2, "occsol": "a" }, "bbox": [ 827495.025350379641168, 6187915.571604049764574, 843408.022710387827829, 6203875.584448483772576 ], "geometry": { "type": "Polygon", "coordinates": [ [ [ 828341.92061959404964, 6203875.584448483772576 ], [ 843408.022710387827829, 6203011.82615845836699 ], [ 842535.432388921966776, 6187915.571604049764574 ], [ 827495.025350379641168, 6188776.385529588907957 ], [ 828341.92061959404964, 6203875.584448483772576 ] ] ] } },
{ "type": "Feature", "properties": { "id": 980, "cdep": "67", "dep": "Bas-Rhin", "nb": 1787, "nbobserver": 31, "nbesp": 46, "nbrar": 4, "nbesprar": 1, "occsol": "a" }, "bbox": [ 826651.023604678106494, 6172844.879123215563595, 842535.432388921966776, 6188776.385529588907957 ], "geometry": { "type": "Polygon", "coordinates": [ [ [ 827495.025350379641168, 6188776.385529588907957 ], [ 842535.432388921966776, 6187915.571604049764574 ], [ 841665.822800177149475, 6172844.879123215563595 ], [ 826651.023604678106494, 6173702.763731984421611 ], [ 827495.025350379641168, 6188776.385529588907957 ] ] ] } },
{ "type": "Feature", "properties": { "id": 981, "cdep": "67", "dep": "Bas-Rhin", "nb": 1396, "nbobserver": 14, "nbesp": 37, "nbrar": 1, "nbesprar": 1, "occsol": "a" }, "bbox": [ 825809.900594134931453, 6157799.661987077444792, 841665.822800177149475, 6173702.763731984421611 ], "geometry": { "type": "Polygon", "coordinates": [ [ [ 826651.023604678106494, 6173702.763731984421611 ], [ 841665.822800177149475, 6172844.879123215563595 ], [ 840799.178714039619081, 6157799.661987077444792 ], [ 825809.900594134931453, 6158654.632224389351904 ], [ 826651.023604678106494, 6173702.763731984421611 ] ] ] } },
{ "type": "Feature", "properties": { "id": 982, "cdep": "67", "dep": "Bas-Rhin", "nb": 3455, "nbobserver": 30, "nbesp": 44, "nbrar": 0, "nbesprar": 0, "occsol": "a" }, "bbox": [ 824971.641630894038826, 6142779.833907476626337, 840799.178714039619081, 6158654.632224389351904 ], "geometry": { "type": "Polygon", "coordinates": [ [ [ 825809.900594134931453, 6158654.632224389351904 ], [ 840799.178714039619081, 6157799.661987077444792 ], [ 839935.485003861947916, 6142779.833907476626337 ], [ 824971.641630894038826, 6143631.904617104679346 ], [ 825809.900594134931453, 6158654.632224389351904 ] ] ] } },
{ "type": "Feature", "properties": { "id": 983, "cdep": "68", "dep": "Haut-Rhin", "nb": 151, "nbobserver": 6, "nbesp": 31, "nbrar": 0, "nbesprar": 0, "occsol": "a" }, "bbox": [ 824136.232126745511778, 6127785.309033992700279, 839935.485003861947916, 6143631.904617104679346 ], "geometry": { "type": "Polygon", "coordinates": [ [ [ 824971.641630894038826, 6143631.904617104679346 ], [ 839935.485003861947916, 6142779.833907476626337 ], [ 839074.726645587710664, 6127785.309033992700279 ], [ 824136.232126745511778, 6128634.49495904520154 ], [ 824971.641630894038826, 6143631.904617104679346 ] ] ] } },
{ "type": "Feature", "properties": { "id": 984, "cdep": "68", "dep": "Haut-Rhin", "nb": 420, "nbobserver": 20, "nbesp": 40, "nbrar": 2, "nbesprar": 2, "occsol": "a" }, "bbox": [ 823303.657592283911072, 6112816.001951049081981, 839074.726645587710664, 6128634.49495904520154 ], "geometry": { "type": "Polygon", "coordinates": [ [ [ 824136.232126745511778, 6128634.49495904520154 ], [ 839074.726645587710664, 6127785.309033992700279 ], [ 838216.888716882909648, 6112816.001951049081981 ], [ 823303.657592283911072, 6113662.31773480027914 ], [ 824136.232126745511778, 6128634.49495904520154 ] ] ] } },
{ "type": "Feature", "properties": { "id": 985, "cdep": "68", "dep": "Haut-Rhin", "nb": 195, "nbobserver": 10, "nbesp": 29, "nbrar": 5, "nbesprar": 1, "occsol": "a" }, "bbox": [ 822473.903636073577218, 6097871.827674967236817, 838216.888716882909648, 6113662.31773480027914 ], "geometry": { "type": "Polygon", "coordinates": [ [ [ 823303.657592283911072, 6113662.31773480027914 ], [ 838216.888716882909648, 6112816.001951049081981 ], [ 837361.956396279274486, 6097871.827674967236817 ], [ 822473.903636073577218, 6098715.287861720658839 ], [ 823303.657592283911072, 6113662.31773480027914 ] ] ] } },
{ "type": "Feature", "properties": { "id": 986, "cdep": "68", "dep": "Haut-Rhin", "nb": 39, "nbobserver": 3, "nbesp": 13, "nbrar": 0, "nbesprar": 0, "occsol": "a" }, "bbox": [ 821646.955963822430931, 6082952.7016511131078, 837361.956396279274486, 6098715.287861720658839 ], "geometry": { "type": "Polygon", "coordinates": [ [ [ 822473.903636073577218, 6098715.287861720658839 ], [ 837361.956396279274486, 6097871.827674967236817 ], [ 836509.914962322218344, 6082952.7016511131078 ], [ 821646.955963822430931, 6083793.320687022060156 ], [ 822473.903636073577218, 6098715.287861720658839 ] ] ] } },
{ "type": "Feature", "properties": { "id": 987, "cdep": "68", "dep": "Haut-Rhin", "nb": 106, "nbobserver": 11, "nbesp": 28, "nbrar": 0, "nbesprar": 0, "occsol": "n" }, "bbox": [ 820822.800377565436065, 6068058.539751026779413, 836509.914962322218344, 6083793.320687022060156 ], "geometry": { "type": "Polygon", "coordinates": [ [ [ 821646.955963822430931, 6083793.320687022060156 ], [ 836509.914962322218344, 6082952.7016511131078 ], [ 835660.749792731367052, 6068058.539751026779413 ], [ 820822.800377565436065, 6068896.331984917633235 ], [ 821646.955963822430931, 6083793.320687022060156 ] ] ] } },
{ "type": "Feature", "properties": { "id": 988, "cdep": "68", "dep": "Haut-Rhin", "nb": 2998, "nbobserver": 39, "nbesp": 47, "nbrar": 4, "nbesprar": 1, "occsol": "n" }, "bbox": [ 820001.422774854698218, 6053189.258269573561847, 835660.749792731367052, 6068896.331984917633235 ], "geometry": { "type": "Polygon", "coordinates": [ [ [ 820822.800377565436065, 6068896.331984917633235 ], [ 835660.749792731367052, 6068058.539751026779413 ], [ 834814.446363567025401, 6053189.258269573561847 ], [ 820001.422774854698218, 6054024.237953777424991 ], [ 820822.800377565436065, 6068896.331984917633235 ] ] ] } },
{ "type": "Feature", "properties": { "id": 989, "cdep": "68", "dep": "Haut-Rhin", "nb": 1766, "nbobserver": 32, "nbesp": 45, "nbrar": 1, "nbesprar": 1, "occsol": "a" }, "bbox": [ 819182.809147958876565, 6038344.773922162130475, 834814.446363567025401, 6054024.237953777424991 ], "geometry": { "type": "Polygon", "coordinates": [ [ [ 820001.422774854698218, 6054024.237953777424991 ], [ 834814.446363567025401, 6053189.258269573561847 ], [ 833970.990248405374587, 6038344.773922162130475 ], [ 819182.809147958876565, 6039176.955213302746415 ], [ 820001.422774854698218, 6054024.237953777424991 ] ] ] } },
{ "type": "Feature", "properties": { "id": 990, "cdep": "68", "dep": "Haut-Rhin", "nb": 622, "nbobserver": 14, "nbesp": 36, "nbrar": 2, "nbesprar": 1, "occsol": "a" }, "bbox": [ 818366.945583069929853, 6023525.003841917030513, 833970.990248405374587, 6039176.955213302746415 ], "geometry": { "type": "Polygon", "coordinates": [ [ [ 819182.809147958876565, 6039176.955213302746415 ], [ 833970.990248405374587, 6038344.773922162130475 ], [ 833130.367117523448542, 6023525.003841917030513 ], [ 818366.945583069929853, 6024354.400801735930145 ], [ 819182.809147958876565, 6039176.955213302746415 ] ] ] } },
{ "type": "Feature", "properties": { "id": 991, "cdep": "68", "dep": "Haut-Rhin", "nb": 1321, "nbobserver": 6, "nbesp": 46, "nbrar": 4, "nbesprar": 2, "occsol": "n" }, "bbox": [ 817553.818259517429397, 6008729.865576952695847, 833130.367117523448542, 6024354.400801735930145 ], "geometry": { "type": "Polygon", "coordinates": [ [ [ 818366.945583069929853, 6024354.400801735930145 ], [ 833130.367117523448542, 6023525.003841917030513 ], [ 832292.562737089814618, 6008729.865576952695847 ], [ 817553.818259517429397, 6009556.492173076607287 ], [ 818366.945583069929853, 6024354.400801735930145 ] ] ] } },
{ "type": "Feature", "properties": { "id": 1005, "cdep": "67", "dep": "Bas-Rhin", "nb": 62, "nbobserver": 1, "nbesp": 20, "nbrar": 0, "nbesprar": 0, "occsol": "n" }, "bbox": [ 847816.225717477616854, 6277974.636107844300568, 863926.064793449360877, 6294131.070133377797902 ], "geometry": { "type": "Polygon", "coordinates": [ [ [ 848707.026174475788139, 6294131.070133377797902 ], [ 863926.064793449360877, 6293222.982528993859887 ], [ 863009.052562099532224, 6277974.636107844300568 ], [ 847816.225717477616854, 6278879.596772417426109 ], [ 848707.026174475788139, 6294131.070133377797902 ] ] ] } },
{ "type": "Feature", "properties": { "id": 1006, "cdep": "67", "dep": "Bas-Rhin", "nb": 1411, "nbobserver": 21, "nbesp": 44, "nbrar": 1, "nbesprar": 1, "occsol": "n" }, "bbox": [ 846928.49959689413663, 6262752.365415515378118, 863009.052562099532224, 6278879.596772417426109 ], "geometry": { "type": "Polygon", "coordinates": [ [ [ 847816.225717477616854, 6278879.596772417426109 ], [ 863009.052562099532224, 6277974.636107844300568 ], [ 862095.204480833141133, 6262752.365415515378118 ], [ 846928.49959689413663, 6263654.215281960554421 ], [ 847816.225717477616854, 6278879.596772417426109 ] ] ] } },
{ "type": "Feature", "properties": { "id": 1007, "cdep": "67", "dep": "Bas-Rhin", "nb": 2332, "nbobserver": 16, "nbesp": 50, "nbrar": 29, "nbesprar": 4, "occsol": "a" }, "bbox": [ 846043.831942901248112, 6247556.081126304343343, 862095.204480833141133, 6263654.215281960554421 ], "geometry": { "type": "Polygon", "coordinates": [ [ [ 846928.49959689413663, 6263654.215281960554421 ], [ 862095.204480833141133, 6262752.365415515378118 ], [ 861184.504220661823638, 6247556.081126304343343 ], [ 846043.831942901248112, 6248454.836225371807814 ], [ 846928.49959689413663, 6263654.215281960554421 ] ] ] } },
{ "type": "Feature", "properties": { "id": 1008, "cdep": "67", "dep": "Bas-Rhin", "nb": 7339, "nbobserver": 23, "nbesp": 48, "nbrar": 82, "nbesprar": 2, "occsol": "a" }, "bbox": [ 845162.206994590931572, 6232385.694372529163957, 861184.504220661823638, 6248454.836225371807814 ], "geometry": { "type": "Polygon", "coordinates": [ [ [ 846043.831942901248112, 6248454.836225371807814 ], [ 861184.504220661823638, 6247556.081126304343343 ], [ 860276.935564626706764, 6232385.694372529163957 ], [ 845162.206994590931572, 6233281.370624985545874 ], [ 846043.831942901248112, 6248454.836225371807814 ] ] ] } },
{ "type": "Feature", "properties": { "id": 1009, "cdep": "67", "dep": "Bas-Rhin", "nb": 1706, "nbobserver": 34, "nbesp": 46, "nbrar": 2, "nbesprar": 2, "occsol": "a" }, "bbox": [ 844283.609099040273577, 6217241.116741450503469, 860276.935564626706764, 6233281.370624985545874 ], "geometry": { "type": "Polygon", "coordinates": [ [ [ 845162.206994590931572, 6233281.370624985545874 ], [ 860276.935564626706764, 6232385.694372529163957 ], [ 859372.482406839495525, 6217241.116741450503469 ], [ 844283.609099040273577, 6218133.729959015734494 ], [ 845162.206994590931572, 6233281.370624985545874 ] ] ] } },
{ "type": "Feature", "properties": { "id": 1010, "cdep": "67", "dep": "Bas-Rhin", "nb": 4453, "nbobserver": 82, "nbesp": 49, "nbrar": 6, "nbesprar": 3, "occsol": "a" }, "bbox": [ 843408.022710387827829, 6202122.260272174142301, 859372.482406839495525, 6218133.729959015734494 ], "geometry": { "type": "Polygon", "coordinates": [ [ [ 844283.609099040273577, 6218133.729959015734494 ], [ 859372.482406839495525, 6217241.116741450503469 ], [ 858471.128751535434276, 6202122.260272174142301 ], [ 843408.022710387827829, 6203011.82615845836699 ], [ 844283.609099040273577, 6218133.729959015734494 ] ] ] } },
{ "type": "Feature", "properties": { "id": 1011, "cdep": "67", "dep": "Bas-Rhin", "nb": 2181, "nbobserver": 50, "nbesp": 42, "nbrar": 2, "nbesprar": 1, "occsol": "a" }, "bbox": [ 842535.432388921966776, 6187029.037452624179423, 858471.128751535434276, 6203011.82615845836699 ], "geometry": { "type": "Polygon", "coordinates": [ [ [ 843408.022710387827829, 6203011.82615845836699 ], [ 858471.128751535434276, 6202122.260272174142301 ], [ 857572.858712134882808, 6187029.037452624179423 ], [ 842535.432388921966776, 6187915.571604049764574 ], [ 843408.022710387827829, 6203011.82615845836699 ] ] ] } },
{ "type": "Feature", "properties": { "id": 1012, "cdep": "67", "dep": "Bas-Rhin", "nb": 612, "nbobserver": 19, "nbesp": 37, "nbrar": 0, "nbesprar": 0, "occsol": "a" }, "bbox": [ 841665.822800177149475, 6171961.36121651250869, 857572.858712134882808, 6187915.571604049764574 ], "geometry": { "type": "Polygon", "coordinates": [ [ [ 842535.432388921966776, 6187915.571604049764574 ], [ 857572.858712134882808, 6187029.037452624179423 ], [ 856677.656510313157924, 6171961.36121651250869 ], [ 841665.822800177149475, 6172844.879123215563595 ], [ 842535.432388921966776, 6187915.571604049764574 ] ] ] } },
{ "type": "Feature", "properties": { "id": 1013, "cdep": "67", "dep": "Bas-Rhin", "nb": 1458, "nbobserver": 22, "nbesp": 44, "nbrar": 0, "nbesprar": 0, "occsol": "a" }, "bbox": [ 840799.178714039619081, 6156919.144940339028835, 856677.656510313157924, 6172844.879123215563595 ], "geometry": { "type": "Polygon", "coordinates": [ [ [ 841665.822800177149475, 6172844.879123215563595 ], [ 856677.656510313157924, 6171961.36121651250869 ], [ 855785.506475082249381, 6156919.144940339028835 ], [ 840799.178714039619081, 6157799.661987077444792 ], [ 841665.822800177149475, 6172844.879123215563595 ] ] ] } },
{ "type": "Feature", "properties": { "id": 1014, "cdep": "67", "dep": "Bas-Rhin", "nb": 337, "nbobserver": 17, "nbesp": 34, "nbrar": 0, "nbesprar": 0, "occsol": "a" }, "bbox": [ 839935.485003861947916, 6141902.302440426312387, 855785.506475082249381, 6157799.661987077444792 ], "geometry": { "type": "Polygon", "coordinates": [ [ [ 840799.178714039619081, 6157799.661987077444792 ], [ 855785.506475082249381, 6156919.144940339028835 ], [ 854896.393041880335659, 6141902.302440426312387 ], [ 839935.485003861947916, 6142779.833907476626337 ], [ 840799.178714039619081, 6157799.661987077444792 ] ] ] } },
{ "type": "Feature", "properties": { "id": 1015, "cdep": "67", "dep": "Bas-Rhin", "nb": 13, "nbobserver": 1, "nbesp": 9, "nbrar": 0, "nbesprar": 0, "occsol": "a" }, "bbox": [ 839074.726645587710664, 6126910.747969955205917, 854896.393041880335659, 6142779.833907476626337 ], "geometry": { "type": "Polygon", "coordinates": [ [ [ 839935.485003861947916, 6142779.833907476626337 ], [ 854896.393041880335659, 6141902.302440426312387 ], [ 854010.300751670496538, 6126910.747969955205917 ], [ 839074.726645587710664, 6127785.309033992700279 ], [ 839935.485003861947916, 6142779.833907476626337 ] ] ] } },
{ "type": "Feature", "properties": { "id": 1016, "cdep": "68", "dep": "Haut-Rhin", "nb": 235, "nbobserver": 10, "nbesp": 35, "nbrar": 1, "nbesprar": 1, "occsol": "a" }, "bbox": [ 838216.888716882909648, 6111944.396216071210802, 854010.300751670496538, 6127785.309033992700279 ], "geometry": { "type": "Polygon", "coordinates": [ [ [ 839074.726645587710664, 6127785.309033992700279 ], [ 854010.300751670496538, 6126910.747969955205917 ], [ 853127.214250050135888, 6111944.396216071210802 ], [ 838216.888716882909648, 6112816.001951049081981 ], [ 839074.726645587710664, 6127785.309033992700279 ] ] ] } },
{ "type": "Feature", "properties": { "id": 1017, "cdep": "68", "dep": "Haut-Rhin", "nb": 92, "nbobserver": 5, "nbesp": 27, "nbrar": 1, "nbesprar": 1, "occsol": "a" }, "bbox": [ 837361.956396279274486, 6097003.162296963855624, 853127.214250050135888, 6112816.001951049081981 ], "geometry": { "type": "Polygon", "coordinates": [ [ [ 838216.888716882909648, 6112816.001951049081981 ], [ 853127.214250050135888, 6111944.396216071210802 ], [ 852247.118286366807297, 6097003.162296963855624 ], [ 837361.956396279274486, 6097871.827674967236817 ], [ 838216.888716882909648, 6112816.001951049081981 ] ] ] } },
{ "type": "Feature", "properties": { "id": 1018, "cdep": "68", "dep": "Haut-Rhin", "nb": 525, "nbobserver": 6, "nbesp": 28, "nbrar": 1, "nbesprar": 1, "occsol": "a" }, "bbox": [ 836509.914962322218344, 6082086.961758991703391, 852247.118286366807297, 6097871.827674967236817 ], "geometry": { "type": "Polygon", "coordinates": [ [ [ 837361.956396279274486, 6097871.827674967236817 ], [ 852247.118286366807297, 6097003.162296963855624 ], [ 851369.99771284556482, 6082086.961758991703391 ], [ 836509.914962322218344, 6082952.7016511131078 ], [ 837361.956396279274486, 6097871.827674967236817 ] ] ] } },
{ "type": "Feature", "properties": { "id": 1019, "cdep": "68", "dep": "Haut-Rhin", "nb": 6, "nbobserver": 1, "nbesp": 6, "nbrar": 0, "nbesprar": 0, "occsol": "n" }, "bbox": [ 835660.749792731367052, 6067195.71057384647429, 851369.99771284556482, 6082952.7016511131078 ], "geometry": { "type": "Polygon", "coordinates": [ [ [ 836509.914962322218344, 6082952.7016511131078 ], [ 851369.99771284556482, 6082086.961758991703391 ], [ 850495.837483723298647, 6067195.71057384647429 ], [ 835660.749792731367052, 6068058.539751026779413 ], [ 836509.914962322218344, 6082952.7016511131078 ] ] ] } },
{ "type": "Feature", "properties": { "id": 1020, "cdep": "68", "dep": "Haut-Rhin", "nb": 46, "nbobserver": 4, "nbesp": 16, "nbrar": 0, "nbesprar": 0, "occsol": "n" }, "bbox": [ 834814.446363567025401, 6052329.325135712511837, 850495.837483723298647, 6068058.539751026779413 ], "geometry": { "type": "Polygon", "coordinates": [ [ [ 835660.749792731367052, 6068058.539751026779413 ], [ 850495.837483723298647, 6067195.71057384647429 ], [ 849624.622654392616823, 6052329.325135712511837 ], [ 834814.446363567025401, 6053189.258269573561847 ], [ 835660.749792731367052, 6068058.539751026779413 ] ] ] } },
{ "type": "Feature", "properties": { "id": 1021, "cdep": "68", "dep": "Haut-Rhin", "nb": 1692, "nbobserver": 22, "nbesp": 44, "nbrar": 6, "nbesprar": 1, "occsol": "u" }, "bbox": [ 833970.990248405374587, 6037487.722258467227221, 849624.622654392616823, 6053189.258269573561847 ], "geometry": { "type": "Polygon", "coordinates": [ [ [ 834814.446363567025401, 6053189.258269573561847 ], [ 849624.622654392616823, 6052329.325135712511837 ], [ 848756.338380553992465, 6037487.722258467227221 ], [ 833970.990248405374587, 6038344.773922162130475 ], [ 834814.446363567025401, 6053189.258269573561847 ] ] ] } },
{ "type": "Feature", "properties": { "id": 1022, "cdep": "68", "dep": "Haut-Rhin", "nb": 198, "nbobserver": 9, "nbesp": 30, "nbrar": 0, "nbesprar": 0, "occsol": "a" }, "bbox": [ 833130.367117523448542, 6022670.819172906689346, 848756.338380553992465, 6038344.773922162130475 ], "geometry": { "type": "Polygon", "coordinates": [ [ [ 833970.990248405374587, 6038344.773922162130475 ], [ 848756.338380553992465, 6037487.722258467227221 ], [ 847890.969917377107777, 6022670.819172906689346 ], [ 833130.367117523448542, 6023525.003841917030513 ], [ 833970.990248405374587, 6038344.773922162130475 ] ] ] } },
{ "type": "Feature", "properties": { "id": 1023, "cdep": "68", "dep": "Haut-Rhin", "nb": 1, "nbobserver": 1, "nbesp": 1, "nbrar": 0, "nbesprar": 0, "occsol": "a" }, "bbox": [ 832292.562737089814618, 6007878.533523970283568, 847890.969917377107777, 6023525.003841917030513 ], "geometry": { "type": "Polygon", "coordinates": [ [ [ 833130.367117523448542, 6023525.003841917030513 ], [ 847890.969917377107777, 6022670.819172906689346 ], [ 847028.502618669182993, 6007878.533523970283568 ], [ 832292.562737089814618, 6008729.865576952695847 ], [ 833130.367117523448542, 6023525.003841917030513 ] ] ] } },
{ "type": "Feature", "properties": { "id": 1037, "cdep": "67", "dep": "Bas-Rhin", "nb": 27, "nbobserver": 2, "nbesp": 18, "nbrar": 0, "nbesprar": 0, "occsol": "n" }, "bbox": [ 863009.052562099532224, 6277043.440405675210059, 879141.922839349950664, 6293222.982528993859887 ], "geometry": { "type": "Polygon", "coordinates": [ [ [ 863926.064793449360877, 6293222.982528993859887 ], [ 879141.922839349950664, 6292288.569909993559122 ], [ 878198.71527547086589, 6277043.440405675210059 ], [ 863009.052562099532224, 6277974.636107844300568 ], [ 863926.064793449360877, 6293222.982528993859887 ] ] ] } },
{ "type": "Feature", "properties": { "id": 1038, "cdep": "67", "dep": "Bas-Rhin", "nb": 562, "nbobserver": 20, "nbesp": 39, "nbrar": 0, "nbesprar": 0, "occsol": "n" }, "bbox": [ 862095.204480833141133, 6261824.370028639212251, 878198.71527547086589, 6277974.636107844300568 ], "geometry": { "type": "Polygon", "coordinates": [ [ [ 863009.052562099532224, 6277974.636107844300568 ], [ 878198.71527547086589, 6277043.440405675210059 ], [ 877258.761562348809093, 6261824.370028639212251 ], [ 862095.204480833141133, 6262752.365415515378118 ], [ 863009.052562099532224, 6277974.636107844300568 ] ] ] } },
{ "type": "Feature", "properties": { "id": 1039, "cdep": "67", "dep": "Bas-Rhin", "nb": 741, "nbobserver": 14, "nbesp": 37, "nbrar": 0, "nbesprar": 0, "occsol": "n" }, "bbox": [ 861184.504220661823638, 6246631.269567228853703, 877258.761562348809093, 6262752.365415515378118 ], "geometry": { "type": "Polygon", "coordinates": [ [ [ 862095.204480833141133, 6262752.365415515378118 ], [ 877258.761562348809093, 6261824.370028639212251 ], [ 876322.044912798446603, 6246631.269567228853703 ], [ 861184.504220661823638, 6247556.081126304343343 ], [ 862095.204480833141133, 6262752.365415515378118 ] ] ] } },
{ "type": "Feature", "properties": { "id": 1040, "cdep": "67", "dep": "Bas-Rhin", "nb": 2951, "nbobserver": 38, "nbesp": 49, "nbrar": 17, "nbesprar": 3, "occsol": "n" }, "bbox": [ 860276.935564626706764, 6231464.050266846083105, 876322.044912798446603, 6247556.081126304343343 ], "geometry": { "type": "Polygon", "coordinates": [ [ [ 861184.504220661823638, 6247556.081126304343343 ], [ 876322.044912798446603, 6246631.269567228853703 ], [ 875388.548654768033884, 6231464.050266846083105 ], [ 860276.935564626706764, 6232385.694372529163957 ], [ 861184.504220661823638, 6247556.081126304343343 ] ] ] } },
{ "type": "Feature", "properties": { "id": 1041, "cdep": "67", "dep": "Bas-Rhin", "nb": 1187, "nbobserver": 23, "nbesp": 37, "nbrar": 0, "nbesprar": 0, "occsol": "a" }, "bbox": [ 859372.482406839495525, 6216322.623826860450208, 875388.548654768033884, 6232385.694372529163957 ], "geometry": { "type": "Polygon", "coordinates": [ [ [ 860276.935564626706764, 6232385.694372529163957 ], [ 875388.548654768033884, 6231464.050266846083105 ], [ 874458.256230352679268, 6216322.623826860450208 ], [ 859372.482406839495525, 6217241.116741450503469 ], [ 860276.935564626706764, 6232385.694372529163957 ] ] ] } },
{ "type": "Feature", "properties": { "id": 1042, "cdep": "67", "dep": "Bas-Rhin", "nb": 4435, "nbobserver": 135, "nbesp": 47, "nbrar": 5, "nbesprar": 3, "occsol": "u" }, "bbox": [ 858471.128751535434276, 6201206.902397531084716, 874458.256230352679268, 6217241.116741450503469 ], "geometry": { "type": "Polygon", "coordinates": [ [ [ 859372.482406839495525, 6217241.116741450503469 ], [ 874458.256230352679268, 6216322.623826860450208 ], [ 873531.151194822625257, 6201206.902397531084716 ], [ 858471.128751535434276, 6202122.260272174142301 ], [ 859372.482406839495525, 6217241.116741450503469 ] ] ] } },
{ "type": "Feature", "properties": { "id": 1043, "cdep": "67", "dep": "Bas-Rhin", "nb": 2437, "nbobserver": 66, "nbesp": 47, "nbrar": 5, "nbesprar": 3, "occsol": "u" }, "bbox": [ 857572.858712134882808, 6186116.798576998524368, 873531.151194822625257, 6202122.260272174142301 ], "geometry": { "type": "Polygon", "coordinates": [ [ [ 858471.128751535434276, 6202122.260272174142301 ], [ 873531.151194822625257, 6201206.902397531084716 ], [ 872607.217215658398345, 6186116.798576998524368 ], [ 857572.858712134882808, 6187029.037452624179423 ], [ 858471.128751535434276, 6202122.260272174142301 ] ] ] } },
{ "type": "Feature", "properties": { "id": 1044, "cdep": "67", "dep": "Bas-Rhin", "nb": 164, "nbobserver": 8, "nbesp": 26, "nbrar": 0, "nbesprar": 0, "occsol": "a" }, "bbox": [ 856677.656510313157924, 6171052.225408243015409, 872607.217215658398345, 6187029.037452624179423 ], "geometry": { "type": "Polygon", "coordinates": [ [ [ 857572.858712134882808, 6187029.037452624179423 ], [ 872607.217215658398345, 6186116.798576998524368 ], [ 871686.438071596203372, 6171052.225408243015409 ], [ 856677.656510313157924, 6171961.36121651250869 ], [ 857572.858712134882808, 6187029.037452624179423 ] ] ] } },
{ "type": "Feature", "properties": { "id": 1045, "cdep": "67", "dep": "Bas-Rhin", "nb": 232, "nbobserver": 7, "nbesp": 32, "nbrar": 1, "nbesprar": 1, "occsol": "a" }, "bbox": [ 855785.506475082249381, 6156013.096376106142998, 871686.438071596203372, 6171961.36121651250869 ], "geometry": { "type": "Polygon", "coordinates": [ [ [ 856677.656510313157924, 6171961.36121651250869 ], [ 871686.438071596203372, 6171052.225408243015409 ], [ 870768.79765168344602, 6156013.096376106142998 ], [ 855785.506475082249381, 6156919.144940339028835 ], [ 856677.656510313157924, 6171961.36121651250869 ] ] ] } },
{ "type": "Feature", "properties": { "id": 1046, "cdep": "67", "dep": "Bas-Rhin", "nb": 0, "nbobserver": 0, "nbesp": 0, "nbrar": 0, "nbesprar": 0, "occsol": "n" }, "bbox": [ 854896.393041880335659, 6140999.325404339469969, 870768.79765168344602, 6156919.144940339028835 ], "geometry": { "type": "Polygon", "coordinates": [ [ [ 855785.506475082249381, 6156919.144940339028835 ], [ 870768.79765168344602, 6156013.096376106142998 ], [ 869854.279954345081933, 6140999.325404339469969 ], [ 854896.393041880335659, 6141902.302440426312387 ], [ 855785.506475082249381, 6156919.144940339028835 ] ] ] } },
{ "type": "Feature", "properties": { "id": 1069, "cdep": "67", "dep": "Bas-Rhin", "nb": 4323, "nbobserver": 17, "nbesp": 45, "nbrar": 0, "nbesprar": 0, "occsol": "n" }, "bbox": [ 878198.71527547086589, 6276086.026278989389539, 894354.510150703135878, 6292288.569909993559122 ], "geometry": { "type": "Polygon", "coordinates": [ [ [ 879141.922839349950664, 6292288.569909993559122 ], [ 894354.510150703135878, 6291327.849004435352981 ], [ 893385.124157439102419, 6276086.026278989389539 ], [ 878198.71527547086589, 6277043.440405675210059 ], [ 879141.922839349950664, 6292288.569909993559122 ] ] ] } },
{ "type": "Feature", "properties": { "id": 1070, "cdep": "67", "dep": "Bas-Rhin", "nb": 948, "nbobserver": 16, "nbesp": 43, "nbrar": 1, "nbesprar": 1, "occsol": "a" }, "bbox": [ 877258.761562348809093, 6260870.245620410889387, 893385.124157439102419, 6277043.440405675210059 ], "geometry": { "type": "Polygon", "coordinates": [ [ [ 878198.71527547086589, 6277043.440405675210059 ], [ 893385.124157439102419, 6276086.026278989389539 ], [ 892419.081599480472505, 6260870.245620410889387 ], [ 877258.761562348809093, 6261824.370028639212251 ], [ 878198.71527547086589, 6277043.440405675210059 ] ] ] } },
{ "type": "Feature", "properties": { "id": 1071, "cdep": "67", "dep": "Bas-Rhin", "nb": 104, "nbobserver": 10, "nbesp": 29, "nbrar": 3, "nbesprar": 2, "occsol": "n" }, "bbox": [ 876322.044912798446603, 6245680.417934207245708, 892419.081599480472505, 6261824.370028639212251 ], "geometry": { "type": "Polygon", "coordinates": [ [ [ 877258.761562348809093, 6261824.370028639212251 ], [ 892419.081599480472505, 6260870.245620410889387 ], [ 891456.365232439944521, 6245680.417934207245708 ], [ 876322.044912798446603, 6246631.269567228853703 ], [ 877258.761562348809093, 6261824.370028639212251 ] ] ] } },
{ "type": "Feature", "properties": { "id": 1072, "cdep": "67", "dep": "Bas-Rhin", "nb": 5806, "nbobserver": 17, "nbesp": 41, "nbrar": 0, "nbesprar": 0, "occsol": "a" }, "bbox": [ 875388.548654768033884, 6230516.454581942409277, 891456.365232439944521, 6246631.269567228853703 ], "geometry": { "type": "Polygon", "coordinates": [ [ [ 876322.044912798446603, 6246631.269567228853703 ], [ 891456.365232439944521, 6245680.417934207245708 ], [ 890496.957930156029761, 6230516.454581942409277 ], [ 875388.548654768033884, 6231464.050266846083105 ], [ 876322.044912798446603, 6246631.269567228853703 ] ] ] } },
{ "type": "Feature", "properties": { "id": 1073, "cdep": "67", "dep": "Bas-Rhin", "nb": 639, "nbobserver": 17, "nbesp": 32, "nbrar": 1, "nbesprar": 1, "occsol": "a" }, "bbox": [ 874458.256230352679268, 6215378.267378155142069, 890496.957930156029761, 6231464.050266846083105 ], "geometry": { "type": "Polygon", "coordinates": [ [ [ 875388.548654768033884, 6231464.050266846083105 ], [ 890496.957930156029761, 6230516.454581942409277 ], [ 889540.842683681752533, 6215378.267378155142069 ], [ 874458.256230352679268, 6216322.623826860450208 ], [ 875388.548654768033884, 6231464.050266846083105 ] ] ] } },
{ "type": "Feature", "properties": { "id": 1074, "cdep": "67", "dep": "Bas-Rhin", "nb": 0, "nbobserver": 0, "nbesp": 0, "nbrar": 0, "nbesprar": 0, "occsol": "a" }, "bbox": [ 873531.151194822625257, 6200265.768587295897305, 889540.842683681752533, 6216322.623826860450208 ], "geometry": { "type": "Polygon", "coordinates": [ [ [ 874458.256230352679268, 6216322.623826860450208 ], [ 889540.842683681752533, 6215378.267378155142069 ], [ 888588.002600286155939, 6200265.768587295897305 ], [ 873531.151194822625257, 6201206.902397531084716 ], [ 874458.256230352679268, 6216322.623826860450208 ] ] ] } },
{ "type": "Feature", "properties": { "id": 1101, "cdep": "67", "dep": "Bas-Rhin", "nb": 0, "nbobserver": 0, "nbesp": 0, "nbrar": 0, "nbesprar": 0, "occsol": "n" }, "bbox": [ 893385.124157439102419, 6275102.410800068639219, 909563.736683164024726, 6291327.849004435352981 ], "geometry": { "type": "Polygon", "coordinates": [ [ [ 894354.510150703135878, 6291327.849004435352981 ], [ 909563.736683164024726, 6290340.837002711370587 ], [ 908568.189623976126313, 6275102.410800068639219 ], [ 893385.124157439102419, 6276086.026278989389539 ], [ 894354.510150703135878, 6291327.849004435352981 ] ] ] } },
{ "type": "Feature", "properties": { "id": 1102, "cdep": "67", "dep": "Bas-Rhin", "nb": 229, "nbobserver": 7, "nbesp": 33, "nbrar": 4, "nbesprar": 1, "occsol": "a" }, "bbox": [ 892419.081599480472505, 6259890.009146010503173, 908568.189623976126313, 6276086.026278989389539 ], "geometry": { "type": "Polygon", "coordinates": [ [ [ 893385.124157439102419, 6276086.026278989389539 ], [ 908568.189623976126313, 6275102.410800068639219 ], [ 907576.075465397909284, 6259890.009146010503173 ], [ 892419.081599480472505, 6260870.245620410889387 ], [ 893385.124157439102419, 6276086.026278989389539 ] ] ] } },
{ "type": "Feature", "properties": { "id": 1103, "cdep": "67", "dep": "Bas-Rhin", "nb": 252, "nbobserver": 6, "nbesp": 29, "nbrar": 0, "nbesprar": 0, "occsol": "a" }, "bbox": [ 891456.365232439944521, 6244703.543066317215562, 907576.075465397909284, 6260870.245620410889387 ], "geometry": { "type": "Polygon", "coordinates": [ [ [ 892419.081599480472505, 6260870.245620410889387 ], [ 907576.075465397909284, 6259890.009146010503173 ], [ 906587.3765068607172, 6244703.543066317215562 ], [ 891456.365232439944521, 6245680.417934207245708 ], [ 892419.081599480472505, 6260870.245620410889387 ] ] ] } },
{ "type": "Feature", "properties": { "id": 1104, "cdep": "67", "dep": "Bas-Rhin", "nb": 147, "nbobserver": 4, "nbesp": 20, "nbrar": 0, "nbesprar": 0, "occsol": "a" }, "bbox": [ 890496.957930156029761, 6229542.924041787162423, 906587.3765068607172, 6245680.417934207245708 ], "geometry": { "type": "Polygon", "coordinates": [ [ [ 891456.365232439944521, 6245680.417934207245708 ], [ 906587.3765068607172, 6244703.543066317215562 ], [ 905602.075169102870859, 6229542.924041787162423 ], [ 890496.957930156029761, 6230516.454581942409277 ], [ 891456.365232439944521, 6245680.417934207245708 ] ] ] } },
{ "type": "Feature", "properties": { "id": 1134, "cdep": "67", "dep": "Bas-Rhin", "nb": 0, "nbobserver": 0, "nbesp": 0, "nbrar": 0, "nbesprar": 0, "occsol": "a" }, "bbox": [ 907576.075465397909284, 6258883.678015709854662, 923747.822210295242257, 6275102.410800068639219 ], "geometry": { "type": "Polygon", "coordinates": [ [ [ 908568.189623976126313, 6275102.410800068639219 ], [ 923747.822210295242257, 6274092.611499385908246 ], [ 922729.654151492053643, 6258883.678015709854662 ], [ 907576.075465397909284, 6259890.009146010503173 ], [ 908568.189623976126313, 6275102.410800068639219 ] ] ] } },
{ "type": "Feature", "properties": { "id": 1135, "cdep": "67", "dep": "Bas-Rhin", "nb": 0, "nbobserver": 0, "nbesp": 0, "nbrar": 0, "nbesprar": 0, "occsol": "n" }, "bbox": [ 906587.3765068607172, 6243700.662254652008414, 922729.654151492053643, 6259890.009146010503173 ], "geometry": { "type": "Polygon", "coordinates": [ [ [ 907576.075465397909284, 6259890.009146010503173 ], [ 922729.654151492053643, 6258883.678015709854662 ], [ 921714.990180546650663, 6243700.662254652008414 ], [ 906587.3765068607172, 6244703.543066317215562 ], [ 907576.075465397909284, 6259890.009146010503173 ] ] ] } }
]
}
